source_file,dataset_tier,origin_raw,origin_iata,dest_raw,dest_iata,route,airline_raw,airline_standardized,flight_number,travel_date,departure_time,arrival_time,duration_raw,duration_minutes,cabin_class,total_fare_inr,base_fare_inr,taxes_fees_inr,search_timestamp,lead_time_days,is_defunct_carrier
data.csv,2022_real_observations,BOM,BOM,DEL,DEL,BOM-DEL,IndiGo,IndiGo,,2022-02-14,08:30,10:25,1h 55m,115,Economy,6153.0,,,,,False
data.csv,2022_real_observations,BOM,BOM,DEL,DEL,BOM-DEL,IndiGo,IndiGo,,2022-02-14,07:45,09:50,2h 05m,125,Economy,5943.0,,,,,False
data.csv,2022_real_observations,BOM,BOM,DEL,DEL,BOM-DEL,Vistara,Vistara,,2022-02-14,12:25,14:30,2h 05m,125,Economy,6249.0,,,,,False
data.csv,2022_real_observations,BOM,BOM,DEL,DEL,BOM-DEL,IndiGo,IndiGo,,2022-02-14,10:05,12:15,2h 10m,130,Economy,5943.0,,,,,False
data.csv,2022_real_observations,BOM,BOM,DEL,DEL,BOM-DEL,IndiGo,IndiGo,,2022-02-14,13:40,15:50,2h 10m,130,Economy,5943.0,,,,,False
data.csv,2022_real_observations,BOM,BOM,DEL,DEL,BOM-DEL,IndiGo,IndiGo,,2022-02-14,09:20,11:30,2h 10m,130,Economy,5943.0,,,,,False
data.csv,2022_real_observations,BOM,BOM,DEL,DEL,BOM-DEL,Air India,Air India,,2022-02-14,08:00,10:15,2h 15m,135,Economy,5943.0,,,,,False
data.csv,2022_real_observations,BOM,BOM,DEL,DEL,BOM-DEL,Air India,Air India,,2022-02-14,10:00,12:15,2h 15m,135,Economy,5943.0,,,,,False
data.csv,2022_real_observations,BOM,BOM,DEL,DEL,BOM-DEL,Vistara,Vistara,,2022-02-14,11:55,14:05,2h 10m,130,Economy,6249.0,,,,,False
data.csv,2022_real_observations,BOM,BOM,DEL,DEL,BOM-DEL,IndiGo,IndiGo,,2022-02-14,11:45,14:00,2h 15m,135,Economy,5943.0,,,,,False
data.csv,2022_real_observations,BOM,BOM,DEL,DEL,BOM-DEL,SpiceJet,SpiceJet,,2022-02-14,07:20,09:35,2h 15m,135,Economy,6540.0,,,,,False
data.csv,2022_real_observations,BOM,BOM,DEL,DEL,BOM-DEL,SpiceJet,SpiceJet,,2022-02-14,10:15,12:30,2h 15m,135,Economy,6540.0,,,,,False
data.csv,2022_real_observations,BOM,BOM,DEL,DEL,BOM-DEL,Vistara,Vistara,,2022-02-14,10:25,12:40,2h 15m,135,Economy,6249.0,,,,,False
data.csv,2022_real_observations,BOM,BOM,DEL,DEL,BOM-DEL,Vistara,Vistara,,2022-02-14,14:40,16:55,2h 15m,135,Economy,6249.0,,,,,False
data.csv,2022_real_observations,BOM,BOM,DEL,DEL,BOM-DEL,Vistara,Vistara,,2022-02-14,08:45,11:00,2h 15m,135,Economy,6360.0,,,,,False
data.csv,2022_real_observations,BOM,BOM,DEL,DEL,BOM-DEL,IndiGo,IndiGo,,2022-02-14,07:05,09:20,2h 15m,135,Economy,6153.0,,,,,False
data.csv,2022_real_observations,BOM,BOM,DEL,DEL,BOM-DEL,AirAsia India,AirAsia India,,2022-02-14,07:20,09:30,2h 10m,130,Economy,6967.0,,,,,False
data.csv,2022_real_observations,BOM,BOM,DEL,DEL,BOM-DEL,Vistara,Vistara,,2022-02-14,07:00,09:05,2h 05m,125,Economy,8245.0,,,,,False
data.csv,2022_real_observations,DEL,DEL,BOM,BOM,DEL-BOM,Air India,Air India,,2022-02-14,18:00,20:00,2h,120,Economy,5955.0,,,,,False
data.csv,2022_real_observations,DEL,DEL,BOM,BOM,DEL-BOM,Go First,Go First,,2022-02-14,15:30,17:35,2h 05m,125,Economy,5900.0,,,,,True
data.csv,2022_real_observations,DEL,DEL,BOM,BOM,DEL-BOM,Go First,Go First,,2022-02-14,17:00,19:05,2h 05m,125,Economy,5900.0,,,,,True
data.csv,2022_real_observations,DEL,DEL,BOM,BOM,DEL-BOM,Air India,Air India,,2022-02-14,20:00,22:10,2h 10m,130,Economy,5955.0,,,,,False
data.csv,2022_real_observations,DEL,DEL,BOM,BOM,DEL-BOM,Go First,Go First,,2022-02-14,22:30,00:40,2h 10m,130,Economy,5900.0,,,,,True
data.csv,2022_real_observations,DEL,DEL,BOM,BOM,DEL-BOM,IndiGo,IndiGo,,2022-02-14,17:15,19:25,2h 10m,130,Economy,5955.0,,,,,False
data.csv,2022_real_observations,DEL,DEL,BOM,BOM,DEL-BOM,IndiGo,IndiGo,,2022-02-14,18:40,20:50,2h 10m,130,Economy,5955.0,,,,,False
data.csv,2022_real_observations,DEL,DEL,BOM,BOM,DEL-BOM,Air India,Air India,,2022-02-14,19:00,21:15,2h 15m,135,Economy,5955.0,,,,,False
data.csv,2022_real_observations,DEL,DEL,BOM,BOM,DEL-BOM,SpiceJet,SpiceJet,,2022-02-14,18:55,21:05,2h 10m,130,Economy,6543.0,,,,,False
data.csv,2022_real_observations,DEL,DEL,BOM,BOM,DEL-BOM,Vistara,Vistara,,2022-02-14,15:30,17:40,2h 10m,130,Economy,6261.0,,,,,False
data.csv,2022_real_observations,DEL,DEL,BOM,BOM,DEL-BOM,Vistara,Vistara,,2022-02-14,19:50,22:00,2h 10m,130,Economy,6261.0,,,,,False
data.csv,2022_real_observations,DEL,DEL,BOM,BOM,DEL-BOM,Vistara,Vistara,,2022-02-14,20:40,22:50,2h 10m,130,Economy,6261.0,,,,,False
data.csv,2022_real_observations,DEL,DEL,BOM,BOM,DEL-BOM,Go First,Go First,,2022-02-14,15:00,17:15,2h 15m,135,Economy,5900.0,,,,,True
data.csv,2022_real_observations,DEL,DEL,BOM,BOM,DEL-BOM,Go First,Go First,,2022-02-14,19:40,21:55,2h 15m,135,Economy,5900.0,,,,,True
data.csv,2022_real_observations,DEL,DEL,BOM,BOM,DEL-BOM,Go First,Go First,,2022-02-14,21:00,23:15,2h 15m,135,Economy,5900.0,,,,,True
data.csv,2022_real_observations,DEL,DEL,BOM,BOM,DEL-BOM,IndiGo,IndiGo,,2022-02-14,21:15,23:30,2h 15m,135,Economy,5955.0,,,,,False
data.csv,2022_real_observations,DEL,DEL,BOM,BOM,DEL-BOM,Vistara,Vistara,,2022-02-14,19:00,21:15,2h 15m,135,Economy,6261.0,,,,,False
data.csv,2022_real_observations,DEL,DEL,BOM,BOM,DEL-BOM,Go First,Go First,,2022-02-14,18:05,20:25,2h 20m,140,Economy,5900.0,,,,,True
data.csv,2022_real_observations,DEL,DEL,BOM,BOM,DEL-BOM,SpiceJet,SpiceJet,,2022-02-14,19:45,22:05,2h 20m,140,Economy,6543.0,,,,,False
data.csv,2022_real_observations,DEL,DEL,BOM,BOM,DEL-BOM,Vistara,Vistara,,2022-02-14,17:45,20:05,2h 20m,140,Economy,6261.0,,,,,False
data.csv,2022_real_observations,DEL,DEL,BOM,BOM,DEL-BOM,Go First,Go First,,2022-02-14,13:30,15:35,2h 05m,125,Economy,5900.0,,,,,True
data.csv,2022_real_observations,DEL,DEL,BOM,BOM,DEL-BOM,Go First,Go First,,2022-02-14,07:00,09:10,2h 10m,130,Economy,5900.0,,,,,True
data.csv,2022_real_observations,DEL,DEL,BOM,BOM,DEL-BOM,Go First,Go First,,2022-02-14,08:00,10:10,2h 10m,130,Economy,5900.0,,,,,True
data.csv,2022_real_observations,DEL,DEL,BOM,BOM,DEL-BOM,IndiGo,IndiGo,,2022-02-14,12:00,14:10,2h 10m,130,Economy,5955.0,,,,,False
data.csv,2022_real_observations,DEL,DEL,BOM,BOM,DEL-BOM,IndiGo,IndiGo,,2022-02-14,06:30,08:40,2h 10m,130,Economy,5955.0,,,,,False
data.csv,2022_real_observations,DEL,DEL,BOM,BOM,DEL-BOM,IndiGo,IndiGo,,2022-02-14,07:15,09:25,2h 10m,130,Economy,5955.0,,,,,False
data.csv,2022_real_observations,DEL,DEL,BOM,BOM,DEL-BOM,Go First,Go First,,2022-02-14,14:20,16:35,2h 15m,135,Economy,5900.0,,,,,True
data.csv,2022_real_observations,DEL,DEL,BOM,BOM,DEL-BOM,Go First,Go First,,2022-02-14,15:00,17:15,2h 15m,135,Economy,5900.0,,,,,True
data.csv,2022_real_observations,DEL,DEL,BOM,BOM,DEL-BOM,IndiGo,IndiGo,,2022-02-14,14:20,16:35,2h 15m,135,Economy,5955.0,,,,,False
data.csv,2022_real_observations,DEL,DEL,BOM,BOM,DEL-BOM,SpiceJet,SpiceJet,,2022-02-14,07:20,09:35,2h 15m,135,Economy,6543.0,,,,,False
data.csv,2022_real_observations,DEL,DEL,BOM,BOM,DEL-BOM,Go First,Go First,,2022-02-14,10:30,12:50,2h 20m,140,Economy,5900.0,,,,,True
data.csv,2022_real_observations,DEL,DEL,BOM,BOM,DEL-BOM,IndiGo,IndiGo,,2022-02-14,08:45,11:05,2h 20m,140,Economy,5955.0,,,,,False
data.csv,2022_real_observations,DEL,DEL,BOM,BOM,DEL-BOM,IndiGo,IndiGo,,2022-02-14,10:45,13:05,2h 20m,140,Economy,5955.0,,,,,False
data.csv,2022_real_observations,DEL,DEL,BOM,BOM,DEL-BOM,Go First,Go First,,2022-02-14,02:00,04:15,2h 15m,135,Economy,5900.0,,,,,True
data.csv,2022_real_observations,DEL,DEL,BOM,BOM,DEL-BOM,SpiceJet,SpiceJet,,2022-02-14,06:20,08:40,2h 20m,140,Economy,6543.0,,,,,False
data.csv,2022_real_observations,DEL,DEL,BOM,BOM,DEL-BOM,AirAsia India,AirAsia India,,2022-02-14,04:25,06:35,2h 10m,130,Economy,6139.0,,,,,False
data.csv,2022_real_observations,DEL,DEL,BOM,BOM,DEL-BOM,IndiGo,IndiGo,,2022-02-14,09:30,12:00,2h 30m,150,Economy,5955.0,,,,,False
data.csv,2022_real_observations,BOM,BOM,DEL,DEL,BOM-DEL,AirAsia India,AirAsia India,,2022-02-14,22:00,00:10,2h 10m,130,Economy,5000.0,,,,,False
data.csv,2022_real_observations,BOM,BOM,DEL,DEL,BOM-DEL,IndiGo,IndiGo,,2022-02-14,19:35,21:25,1h 50m,110,Economy,5943.0,,,,,False
data.csv,2022_real_observations,BOM,BOM,DEL,DEL,BOM-DEL,Go First,Go First,,2022-02-14,16:30,18:35,2h 05m,125,Economy,5888.0,,,,,True
data.csv,2022_real_observations,BOM,BOM,DEL,DEL,BOM-DEL,IndiGo,IndiGo,,2022-02-14,17:15,19:20,2h 05m,125,Economy,5943.0,,,,,False
data.csv,2022_real_observations,BOM,BOM,DEL,DEL,BOM-DEL,IndiGo,IndiGo,,2022-02-14,18:30,20:35,2h 05m,125,Economy,5943.0,,,,,False
data.csv,2022_real_observations,BOM,BOM,DEL,DEL,BOM-DEL,Go First,Go First,,2022-02-14,18:00,20:10,2h 10m,130,Economy,5888.0,,,,,True
data.csv,2022_real_observations,BOM,BOM,DEL,DEL,BOM-DEL,Go First,Go First,,2022-02-14,20:15,22:25,2h 10m,130,Economy,5888.0,,,,,True
data.csv,2022_real_observations,BOM,BOM,DEL,DEL,BOM-DEL,Go First,Go First,,2022-02-14,22:40,00:50,2h 10m,130,Economy,5888.0,,,,,True
data.csv,2022_real_observations,BOM,BOM,DEL,DEL,BOM-DEL,SpiceJet,SpiceJet,,2022-02-14,21:45,23:55,2h 10m,130,Economy,6540.0,,,,,False
data.csv,2022_real_observations,BOM,BOM,DEL,DEL,BOM-DEL,Go First,Go First,,2022-02-14,21:15,23:30,2h 15m,135,Economy,5888.0,,,,,True
data.csv,2022_real_observations,BOM,BOM,DEL,DEL,BOM-DEL,Go First,Go First,,2022-02-14,23:45,02:00,2h 15m,135,Economy,5888.0,,,,,True
data.csv,2022_real_observations,BOM,BOM,DEL,DEL,BOM-DEL,SpiceJet,SpiceJet,,2022-02-14,19:25,21:50,2h 25m,145,Economy,6540.0,,,,,False
data.csv,2022_real_observations,BOM,BOM,DEL,DEL,BOM-DEL,IndiGo,IndiGo,,2022-02-15,08:30,10:25,1h 55m,115,Economy,6153.0,,,,,False
data.csv,2022_real_observations,BOM,BOM,DEL,DEL,BOM-DEL,Go First,Go First,,2022-02-15,12:30,14:35,2h 05m,125,Economy,5779.0,,,,,True
data.csv,2022_real_observations,BOM,BOM,DEL,DEL,BOM-DEL,Go First,Go First,,2022-02-15,14:30,16:35,2h 05m,125,Economy,5779.0,,,,,True
data.csv,2022_real_observations,BOM,BOM,DEL,DEL,BOM-DEL,IndiGo,IndiGo,,2022-02-15,07:45,09:50,2h 05m,125,Economy,5943.0,,,,,False
data.csv,2022_real_observations,BOM,BOM,DEL,DEL,BOM-DEL,Go First,Go First,,2022-02-15,06:00,08:10,2h 10m,130,Economy,5779.0,,,,,True
data.csv,2022_real_observations,BOM,BOM,DEL,DEL,BOM-DEL,Go First,Go First,,2022-02-15,08:00,10:10,2h 10m,130,Economy,5779.0,,,,,True
data.csv,2022_real_observations,BOM,BOM,DEL,DEL,BOM-DEL,Vistara,Vistara,,2022-02-15,06:00,08:05,2h 05m,125,Economy,6249.0,,,,,False
data.csv,2022_real_observations,BOM,BOM,DEL,DEL,BOM-DEL,Vistara,Vistara,,2022-02-15,06:30,08:35,2h 05m,125,Economy,6249.0,,,,,False
data.csv,2022_real_observations,BOM,BOM,DEL,DEL,BOM-DEL,Vistara,Vistara,,2022-02-15,12:25,14:30,2h 05m,125,Economy,6249.0,,,,,False
data.csv,2022_real_observations,BOM,BOM,DEL,DEL,BOM-DEL,IndiGo,IndiGo,,2022-02-15,09:20,11:30,2h 10m,130,Economy,5943.0,,,,,False
data.csv,2022_real_observations,BOM,BOM,DEL,DEL,BOM-DEL,IndiGo,IndiGo,,2022-02-15,10:05,12:15,2h 10m,130,Economy,5943.0,,,,,False
data.csv,2022_real_observations,BOM,BOM,DEL,DEL,BOM-DEL,Air India,Air India,,2022-02-15,08:00,10:15,2h 15m,135,Economy,5943.0,,,,,False
data.csv,2022_real_observations,BOM,BOM,DEL,DEL,BOM-DEL,Air India,Air India,,2022-02-15,10:00,12:15,2h 15m,135,Economy,5943.0,,,,,False
data.csv,2022_real_observations,BOM,BOM,DEL,DEL,BOM-DEL,Go First,Go First,,2022-02-15,09:55,12:10,2h 15m,135,Economy,5779.0,,,,,True
data.csv,2022_real_observations,BOM,BOM,DEL,DEL,BOM-DEL,Go First,Go First,,2022-02-15,12:15,14:30,2h 15m,135,Economy,5779.0,,,,,True
data.csv,2022_real_observations,BOM,BOM,DEL,DEL,BOM-DEL,Go First,Go First,,2022-02-15,13:30,15:45,2h 15m,135,Economy,5779.0,,,,,True
data.csv,2022_real_observations,BOM,BOM,DEL,DEL,BOM-DEL,Vistara,Vistara,,2022-02-15,07:30,09:40,2h 10m,130,Economy,6249.0,,,,,False
data.csv,2022_real_observations,BOM,BOM,DEL,DEL,BOM-DEL,Vistara,Vistara,,2022-02-15,11:55,14:05,2h 10m,130,Economy,6249.0,,,,,False
data.csv,2022_real_observations,BOM,BOM,DEL,DEL,BOM-DEL,IndiGo,IndiGo,,2022-02-15,07:05,09:20,2h 15m,135,Economy,5943.0,,,,,False
data.csv,2022_real_observations,BOM,BOM,DEL,DEL,BOM-DEL,IndiGo,IndiGo,,2022-02-15,11:45,14:00,2h 15m,135,Economy,5943.0,,,,,False
data.csv,2022_real_observations,BOM,BOM,DEL,DEL,BOM-DEL,IndiGo,IndiGo,,2022-02-15,13:40,15:50,2h 10m,130,Economy,6153.0,,,,,False
data.csv,2022_real_observations,BOM,BOM,DEL,DEL,BOM-DEL,SpiceJet,SpiceJet,,2022-02-15,07:20,09:35,2h 15m,135,Economy,6540.0,,,,,False
data.csv,2022_real_observations,BOM,BOM,DEL,DEL,BOM-DEL,SpiceJet,SpiceJet,,2022-02-15,10:15,12:30,2h 15m,135,Economy,6540.0,,,,,False
data.csv,2022_real_observations,BOM,BOM,DEL,DEL,BOM-DEL,Vistara,Vistara,,2022-02-15,08:45,11:00,2h 15m,135,Economy,6249.0,,,,,False
data.csv,2022_real_observations,BOM,BOM,DEL,DEL,BOM-DEL,Vistara,Vistara,,2022-02-15,10:25,12:40,2h 15m,135,Economy,6249.0,,,,,False
data.csv,2022_real_observations,BOM,BOM,DEL,DEL,BOM-DEL,Vistara,Vistara,,2022-02-15,14:40,16:55,2h 15m,135,Economy,6249.0,,,,,False
data.csv,2022_real_observations,BOM,BOM,DEL,DEL,BOM-DEL,AirAsia India,AirAsia India,,2022-02-15,07:20,09:30,2h 10m,130,Economy,6337.0,,,,,False
data.csv,2022_real_observations,DEL,DEL,BOM,BOM,DEL-BOM,AirAsia India,AirAsia India,,2022-02-15,19:10,21:25,2h 15m,135,Economy,5000.0,,,,,False
data.csv,2022_real_observations,DEL,DEL,BOM,BOM,DEL-BOM,Air India,Air India,,2022-02-15,18:00,20:00,2h,120,Economy,5955.0,,,,,False
data.csv,2022_real_observations,DEL,DEL,BOM,BOM,DEL-BOM,IndiGo,IndiGo,,2022-02-15,17:15,19:25,2h 10m,130,Economy,5955.0,,,,,False
data.csv,2022_real_observations,DEL,DEL,BOM,BOM,DEL-BOM,IndiGo,IndiGo,,2022-02-15,18:40,20:50,2h 10m,130,Economy,5955.0,,,,,False
data.csv,2022_real_observations,DEL,DEL,BOM,BOM,DEL-BOM,Air India,Air India,,2022-02-15,19:00,21:15,2h 15m,135,Economy,5955.0,,,,,False
data.csv,2022_real_observations,DEL,DEL,BOM,BOM,DEL-BOM,SpiceJet,SpiceJet,,2022-02-15,18:55,21:05,2h 10m,130,Economy,6543.0,,,,,False
data.csv,2022_real_observations,DEL,DEL,BOM,BOM,DEL-BOM,Vistara,Vistara,,2022-02-15,15:30,17:40,2h 10m,130,Economy,6261.0,,,,,False
data.csv,2022_real_observations,DEL,DEL,BOM,BOM,DEL-BOM,Vistara,Vistara,,2022-02-15,19:50,22:00,2h 10m,130,Economy,6261.0,,,,,False
data.csv,2022_real_observations,DEL,DEL,BOM,BOM,DEL-BOM,Vistara,Vistara,,2022-02-15,20:40,22:50,2h 10m,130,Economy,6261.0,,,,,False
data.csv,2022_real_observations,DEL,DEL,BOM,BOM,DEL-BOM,Vistara,Vistara,,2022-02-15,21:40,23:50,2h 10m,130,Economy,6261.0,,,,,False
data.csv,2022_real_observations,DEL,DEL,BOM,BOM,DEL-BOM,IndiGo,IndiGo,,2022-02-15,21:15,23:30,2h 15m,135,Economy,5955.0,,,,,False
data.csv,2022_real_observations,DEL,DEL,BOM,BOM,DEL-BOM,Air India,Air India,,2022-02-15,20:00,22:10,2h 10m,130,Economy,6375.0,,,,,False
data.csv,2022_real_observations,DEL,DEL,BOM,BOM,DEL-BOM,Vistara,Vistara,,2022-02-15,19:00,21:15,2h 15m,135,Economy,6261.0,,,,,False
data.csv,2022_real_observations,DEL,DEL,BOM,BOM,DEL-BOM,SpiceJet,SpiceJet,,2022-02-15,19:45,22:05,2h 20m,140,Economy,6543.0,,,,,False
data.csv,2022_real_observations,DEL,DEL,BOM,BOM,DEL-BOM,Vistara,Vistara,,2022-02-15,16:45,19:05,2h 20m,140,Economy,6261.0,,,,,False
data.csv,2022_real_observations,DEL,DEL,BOM,BOM,DEL-BOM,Vistara,Vistara,,2022-02-15,17:45,20:05,2h 20m,140,Economy,6261.0,,,,,False
data.csv,2022_real_observations,DEL,DEL,BOM,BOM,DEL-BOM,AirAsia India,AirAsia India,,2022-02-15,04:25,06:35,2h 10m,130,Economy,5000.0,,,,,False
data.csv,2022_real_observations,DEL,DEL,BOM,BOM,DEL-BOM,Air India,Air India,,2022-02-15,07:00,09:05,2h 05m,125,Economy,5955.0,,,,,False
data.csv,2022_real_observations,DEL,DEL,BOM,BOM,DEL-BOM,Go First,Go First,,2022-02-15,13:30,15:35,2h 05m,125,Economy,5793.0,,,,,True
data.csv,2022_real_observations,DEL,DEL,BOM,BOM,DEL-BOM,Air India,Air India,,2022-02-15,08:00,10:10,2h 10m,130,Economy,5955.0,,,,,False
data.csv,2022_real_observations,DEL,DEL,BOM,BOM,DEL-BOM,Go First,Go First,,2022-02-15,07:00,09:10,2h 10m,130,Economy,5793.0,,,,,True
data.csv,2022_real_observations,DEL,DEL,BOM,BOM,DEL-BOM,Go First,Go First,,2022-02-15,08:00,10:10,2h 10m,130,Economy,5793.0,,,,,True
data.csv,2022_real_observations,DEL,DEL,BOM,BOM,DEL-BOM,Vistara,Vistara,,2022-02-15,09:30,11:35,2h 05m,125,Economy,6261.0,,,,,False
data.csv,2022_real_observations,DEL,DEL,BOM,BOM,DEL-BOM,IndiGo,IndiGo,,2022-02-15,06:30,08:40,2h 10m,130,Economy,5955.0,,,,,False
data.csv,2022_real_observations,DEL,DEL,BOM,BOM,DEL-BOM,IndiGo,IndiGo,,2022-02-15,12:00,14:10,2h 10m,130,Economy,5955.0,,,,,False
data.csv,2022_real_observations,DEL,DEL,BOM,BOM,DEL-BOM,IndiGo,IndiGo,,2022-02-15,07:15,09:25,2h 10m,130,Economy,5955.0,,,,,False
data.csv,2022_real_observations,DEL,DEL,BOM,BOM,DEL-BOM,Air India,Air India,,2022-02-15,09:00,11:15,2h 15m,135,Economy,5955.0,,,,,False
data.csv,2022_real_observations,DEL,DEL,BOM,BOM,DEL-BOM,Go First,Go First,,2022-02-15,14:20,16:35,2h 15m,135,Economy,5793.0,,,,,True
data.csv,2022_real_observations,DEL,DEL,BOM,BOM,DEL-BOM,Go First,Go First,,2022-02-15,15:00,17:15,2h 15m,135,Economy,5793.0,,,,,True
data.csv,2022_real_observations,DEL,DEL,BOM,BOM,DEL-BOM,Vistara,Vistara,,2022-02-15,05:45,07:55,2h 10m,130,Economy,6261.0,,,,,False
data.csv,2022_real_observations,DEL,DEL,BOM,BOM,DEL-BOM,Vistara,Vistara,,2022-02-15,12:50,15:00,2h 10m,130,Economy,6261.0,,,,,False
data.csv,2022_real_observations,DEL,DEL,BOM,BOM,DEL-BOM,Vistara,Vistara,,2022-02-15,14:20,16:30,2h 10m,130,Economy,6261.0,,,,,False
data.csv,2022_real_observations,DEL,DEL,BOM,BOM,DEL-BOM,IndiGo,IndiGo,,2022-02-15,14:20,16:35,2h 15m,135,Economy,5955.0,,,,,False
data.csv,2022_real_observations,DEL,DEL,BOM,BOM,DEL-BOM,Go First,Go First,,2022-02-15,10:30,12:50,2h 20m,140,Economy,5793.0,,,,,True
data.csv,2022_real_observations,DEL,DEL,BOM,BOM,DEL-BOM,Vistara,Vistara,,2022-02-15,07:30,09:45,2h 15m,135,Economy,6261.0,,,,,False
data.csv,2022_real_observations,DEL,DEL,BOM,BOM,DEL-BOM,Vistara,Vistara,,2022-02-15,10:20,12:35,2h 15m,135,Economy,6261.0,,,,,False
data.csv,2022_real_observations,DEL,DEL,BOM,BOM,DEL-BOM,Go First,Go First,,2022-02-15,02:00,04:15,2h 15m,135,Economy,5793.0,,,,,True
data.csv,2022_real_observations,DEL,DEL,BOM,BOM,DEL-BOM,IndiGo,IndiGo,,2022-02-15,10:45,13:05,2h 20m,140,Economy,5955.0,,,,,False
data.csv,2022_real_observations,DEL,DEL,BOM,BOM,DEL-BOM,IndiGo,IndiGo,,2022-02-15,08:45,11:05,2h 20m,140,Economy,5955.0,,,,,False
data.csv,2022_real_observations,DEL,DEL,BOM,BOM,DEL-BOM,Vistara,Vistara,,2022-02-15,08:50,11:10,2h 20m,140,Economy,6261.0,,,,,False
data.csv,2022_real_observations,DEL,DEL,BOM,BOM,DEL-BOM,Vistara,Vistara,,2022-02-15,11:40,14:00,2h 20m,140,Economy,6261.0,,,,,False
data.csv,2022_real_observations,DEL,DEL,BOM,BOM,DEL-BOM,IndiGo,IndiGo,,2022-02-15,09:30,12:00,2h 30m,150,Economy,5955.0,,,,,False
data.csv,2022_real_observations,BOM,BOM,DEL,DEL,BOM-DEL,AirAsia India,AirAsia India,,2022-02-15,22:00,00:10,2h 10m,130,Economy,5000.0,,,,,False
data.csv,2022_real_observations,BOM,BOM,DEL,DEL,BOM-DEL,IndiGo,IndiGo,,2022-02-15,19:35,21:25,1h 50m,110,Economy,5943.0,,,,,False
data.csv,2022_real_observations,BOM,BOM,DEL,DEL,BOM-DEL,Go First,Go First,,2022-02-15,16:30,18:35,2h 05m,125,Economy,5779.0,,,,,True
data.csv,2022_real_observations,BOM,BOM,DEL,DEL,BOM-DEL,IndiGo,IndiGo,,2022-02-15,18:30,20:35,2h 05m,125,Economy,5943.0,,,,,False
data.csv,2022_real_observations,BOM,BOM,DEL,DEL,BOM-DEL,IndiGo,IndiGo,,2022-02-15,17:15,19:20,2h 05m,125,Economy,5943.0,,,,,False
data.csv,2022_real_observations,BOM,BOM,DEL,DEL,BOM-DEL,Go First,Go First,,2022-02-15,18:00,20:10,2h 10m,130,Economy,5779.0,,,,,True
data.csv,2022_real_observations,BOM,BOM,DEL,DEL,BOM-DEL,Go First,Go First,,2022-02-15,20:15,22:25,2h 10m,130,Economy,5779.0,,,,,True
data.csv,2022_real_observations,BOM,BOM,DEL,DEL,BOM-DEL,Go First,Go First,,2022-02-15,22:40,00:50,2h 10m,130,Economy,5779.0,,,,,True
data.csv,2022_real_observations,BOM,BOM,DEL,DEL,BOM-DEL,Vistara,Vistara,,2022-02-15,20:55,23:00,2h 05m,125,Economy,6249.0,,,,,False
data.csv,2022_real_observations,BOM,BOM,DEL,DEL,BOM-DEL,Air India,Air India,,2022-02-15,21:30,23:45,2h 15m,135,Economy,5943.0,,,,,False
data.csv,2022_real_observations,BOM,BOM,DEL,DEL,BOM-DEL,Air India,Air India,,2022-02-15,16:00,18:15,2h 15m,135,Economy,5943.0,,,,,False
data.csv,2022_real_observations,BOM,BOM,DEL,DEL,BOM-DEL,Air India,Air India,,2022-02-15,19:00,21:15,2h 15m,135,Economy,5943.0,,,,,False
data.csv,2022_real_observations,BOM,BOM,DEL,DEL,BOM-DEL,SpiceJet,SpiceJet,,2022-02-15,21:45,23:55,2h 10m,130,Economy,6540.0,,,,,False
data.csv,2022_real_observations,BOM,BOM,DEL,DEL,BOM-DEL,Go First,Go First,,2022-02-15,21:15,23:30,2h 15m,135,Economy,5779.0,,,,,True
data.csv,2022_real_observations,BOM,BOM,DEL,DEL,BOM-DEL,Go First,Go First,,2022-02-15,23:45,02:00,2h 15m,135,Economy,5779.0,,,,,True
data.csv,2022_real_observations,BOM,BOM,DEL,DEL,BOM-DEL,Vistara,Vistara,,2022-02-15,17:35,19:45,2h 10m,130,Economy,6249.0,,,,,False
data.csv,2022_real_observations,BOM,BOM,DEL,DEL,BOM-DEL,Vistara,Vistara,,2022-02-15,18:30,20:40,2h 10m,130,Economy,6249.0,,,,,False
data.csv,2022_real_observations,BOM,BOM,DEL,DEL,BOM-DEL,Vistara,Vistara,,2022-02-15,19:45,21:55,2h 10m,130,Economy,6249.0,,,,,False
data.csv,2022_real_observations,BOM,BOM,DEL,DEL,BOM-DEL,Vistara,Vistara,,2022-02-15,22:45,00:55,2h 10m,130,Economy,6249.0,,,,,False
data.csv,2022_real_observations,BOM,BOM,DEL,DEL,BOM-DEL,Vistara,Vistara,,2022-02-15,21:55,00:10,2h 15m,135,Economy,6249.0,,,,,False
data.csv,2022_real_observations,BOM,BOM,DEL,DEL,BOM-DEL,Air India,Air India,,2022-02-15,18:00,20:25,2h 25m,145,Economy,5943.0,,,,,False
data.csv,2022_real_observations,BOM,BOM,DEL,DEL,BOM-DEL,Vistara,Vistara,,2022-02-15,15:45,18:05,2h 20m,140,Economy,6249.0,,,,,False
data.csv,2022_real_observations,BOM,BOM,DEL,DEL,BOM-DEL,SpiceJet,SpiceJet,,2022-02-15,19:25,21:50,2h 25m,145,Economy,6540.0,,,,,False
data.csv,2022_real_observations,BOM,BOM,DEL,DEL,BOM-DEL,IndiGo,IndiGo,,2022-02-16,08:30,10:25,1h 55m,115,Economy,6153.0,,,,,False
data.csv,2022_real_observations,BOM,BOM,DEL,DEL,BOM-DEL,IndiGo,IndiGo,,2022-02-16,07:45,09:50,2h 05m,125,Economy,5943.0,,,,,False
data.csv,2022_real_observations,BOM,BOM,DEL,DEL,BOM-DEL,Vistara,Vistara,,2022-02-16,06:00,08:05,2h 05m,125,Economy,6249.0,,,,,False
data.csv,2022_real_observations,BOM,BOM,DEL,DEL,BOM-DEL,Vistara,Vistara,,2022-02-16,06:30,08:35,2h 05m,125,Economy,6249.0,,,,,False
data.csv,2022_real_observations,BOM,BOM,DEL,DEL,BOM-DEL,Vistara,Vistara,,2022-02-16,12:25,14:30,2h 05m,125,Economy,6249.0,,,,,False
data.csv,2022_real_observations,BOM,BOM,DEL,DEL,BOM-DEL,IndiGo,IndiGo,,2022-02-16,13:40,15:50,2h 10m,130,Economy,5943.0,,,,,False
data.csv,2022_real_observations,BOM,BOM,DEL,DEL,BOM-DEL,IndiGo,IndiGo,,2022-02-16,09:20,11:30,2h 10m,130,Economy,5943.0,,,,,False
data.csv,2022_real_observations,BOM,BOM,DEL,DEL,BOM-DEL,IndiGo,IndiGo,,2022-02-16,10:05,12:15,2h 10m,130,Economy,5943.0,,,,,False
data.csv,2022_real_observations,BOM,BOM,DEL,DEL,BOM-DEL,Air India,Air India,,2022-02-16,08:00,10:15,2h 15m,135,Economy,5943.0,,,,,False
data.csv,2022_real_observations,BOM,BOM,DEL,DEL,BOM-DEL,Vistara,Vistara,,2022-02-16,07:30,09:40,2h 10m,130,Economy,6249.0,,,,,False
data.csv,2022_real_observations,BOM,BOM,DEL,DEL,BOM-DEL,Vistara,Vistara,,2022-02-16,11:55,14:05,2h 10m,130,Economy,6249.0,,,,,False
data.csv,2022_real_observations,BOM,BOM,DEL,DEL,BOM-DEL,IndiGo,IndiGo,,2022-02-16,11:45,14:00,2h 15m,135,Economy,5943.0,,,,,False
data.csv,2022_real_observations,BOM,BOM,DEL,DEL,BOM-DEL,IndiGo,IndiGo,,2022-02-16,07:05,09:20,2h 15m,135,Economy,5943.0,,,,,False
data.csv,2022_real_observations,BOM,BOM,DEL,DEL,BOM-DEL,Vistara,Vistara,,2022-02-16,08:45,11:00,2h 15m,135,Economy,6249.0,,,,,False
data.csv,2022_real_observations,BOM,BOM,DEL,DEL,BOM-DEL,Vistara,Vistara,,2022-02-16,10:25,12:40,2h 15m,135,Economy,6249.0,,,,,False
data.csv,2022_real_observations,BOM,BOM,DEL,DEL,BOM-DEL,Vistara,Vistara,,2022-02-16,14:40,16:55,2h 15m,135,Economy,6249.0,,,,,False
data.csv,2022_real_observations,BOM,BOM,DEL,DEL,BOM-DEL,Air India,Air India,,2022-02-16,10:00,12:15,2h 15m,135,Economy,6363.0,,,,,False
data.csv,2022_real_observations,DEL,DEL,BOM,BOM,DEL-BOM,Air India,Air India,,2022-02-16,18:00,20:00,2h,120,Economy,5955.0,,,,,False
data.csv,2022_real_observations,DEL,DEL,BOM,BOM,DEL-BOM,Air India,Air India,,2022-02-16,20:00,22:10,2h 10m,130,Economy,5955.0,,,,,False
data.csv,2022_real_observations,DEL,DEL,BOM,BOM,DEL-BOM,IndiGo,IndiGo,,2022-02-16,23:35,01:45,2h 10m,130,Economy,5955.0,,,,,False
data.csv,2022_real_observations,DEL,DEL,BOM,BOM,DEL-BOM,IndiGo,IndiGo,,2022-02-16,18:40,20:50,2h 10m,130,Economy,5955.0,,,,,False
data.csv,2022_real_observations,DEL,DEL,BOM,BOM,DEL-BOM,Air India,Air India,,2022-02-16,19:00,21:15,2h 15m,135,Economy,5955.0,,,,,False
data.csv,2022_real_observations,DEL,DEL,BOM,BOM,DEL-BOM,Vistara,Vistara,,2022-02-16,15:30,17:40,2h 10m,130,Economy,6261.0,,,,,False
data.csv,2022_real_observations,DEL,DEL,BOM,BOM,DEL-BOM,Vistara,Vistara,,2022-02-16,19:50,22:00,2h 10m,130,Economy,6261.0,,,,,False
data.csv,2022_real_observations,DEL,DEL,BOM,BOM,DEL-BOM,Vistara,Vistara,,2022-02-16,20:40,22:50,2h 10m,130,Economy,6261.0,,,,,False
data.csv,2022_real_observations,DEL,DEL,BOM,BOM,DEL-BOM,Vistara,Vistara,,2022-02-16,21:40,23:50,2h 10m,130,Economy,6372.0,,,,,False
data.csv,2022_real_observations,DEL,DEL,BOM,BOM,DEL-BOM,IndiGo,IndiGo,,2022-02-16,17:15,19:25,2h 10m,130,Economy,6165.0,,,,,False
data.csv,2022_real_observations,DEL,DEL,BOM,BOM,DEL-BOM,IndiGo,IndiGo,,2022-02-16,21:15,23:30,2h 15m,135,Economy,5955.0,,,,,False
data.csv,2022_real_observations,DEL,DEL,BOM,BOM,DEL-BOM,Vistara,Vistara,,2022-02-16,19:00,21:15,2h 15m,135,Economy,6261.0,,,,,False
data.csv,2022_real_observations,DEL,DEL,BOM,BOM,DEL-BOM,Vistara,Vistara,,2022-02-16,16:45,19:05,2h 20m,140,Economy,6261.0,,,,,False
data.csv,2022_real_observations,DEL,DEL,BOM,BOM,DEL-BOM,Vistara,Vistara,,2022-02-16,17:45,20:05,2h 20m,140,Economy,6261.0,,,,,False
data.csv,2022_real_observations,DEL,DEL,BOM,BOM,DEL-BOM,AirAsia India,AirAsia India,,2022-02-16,04:25,06:35,2h 10m,130,Economy,5000.0,,,,,False
data.csv,2022_real_observations,DEL,DEL,BOM,BOM,DEL-BOM,Air India,Air India,,2022-02-16,07:00,09:05,2h 05m,125,Economy,5955.0,,,,,False
data.csv,2022_real_observations,DEL,DEL,BOM,BOM,DEL-BOM,Go First,Go First,,2022-02-16,13:30,15:35,2h 05m,125,Economy,5900.0,,,,,True
data.csv,2022_real_observations,DEL,DEL,BOM,BOM,DEL-BOM,Air India,Air India,,2022-02-16,08:00,10:10,2h 10m,130,Economy,5955.0,,,,,False
data.csv,2022_real_observations,DEL,DEL,BOM,BOM,DEL-BOM,Vistara,Vistara,,2022-02-16,09:30,11:35,2h 05m,125,Economy,6261.0,,,,,False
data.csv,2022_real_observations,DEL,DEL,BOM,BOM,DEL-BOM,Go First,Go First,,2022-02-16,07:00,09:10,2h 10m,130,Economy,5900.0,,,,,True
data.csv,2022_real_observations,DEL,DEL,BOM,BOM,DEL-BOM,Go First,Go First,,2022-02-16,08:00,10:10,2h 10m,130,Economy,5900.0,,,,,True
data.csv,2022_real_observations,DEL,DEL,BOM,BOM,DEL-BOM,IndiGo,IndiGo,,2022-02-16,06:30,08:40,2h 10m,130,Economy,5955.0,,,,,False
data.csv,2022_real_observations,DEL,DEL,BOM,BOM,DEL-BOM,IndiGo,IndiGo,,2022-02-16,12:00,14:10,2h 10m,130,Economy,5955.0,,,,,False
data.csv,2022_real_observations,DEL,DEL,BOM,BOM,DEL-BOM,IndiGo,IndiGo,,2022-02-16,07:15,09:25,2h 10m,130,Economy,5955.0,,,,,False
data.csv,2022_real_observations,DEL,DEL,BOM,BOM,DEL-BOM,Air India,Air India,,2022-02-16,09:00,11:15,2h 15m,135,Economy,5955.0,,,,,False
data.csv,2022_real_observations,DEL,DEL,BOM,BOM,DEL-BOM,Vistara,Vistara,,2022-02-16,05:45,07:55,2h 10m,130,Economy,6261.0,,,,,False
data.csv,2022_real_observations,DEL,DEL,BOM,BOM,DEL-BOM,Vistara,Vistara,,2022-02-16,12:50,15:00,2h 10m,130,Economy,6261.0,,,,,False
data.csv,2022_real_observations,DEL,DEL,BOM,BOM,DEL-BOM,Vistara,Vistara,,2022-02-16,14:20,16:30,2h 10m,130,Economy,6261.0,,,,,False
data.csv,2022_real_observations,DEL,DEL,BOM,BOM,DEL-BOM,Go First,Go First,,2022-02-16,14:20,16:35,2h 15m,135,Economy,5900.0,,,,,True
data.csv,2022_real_observations,DEL,DEL,BOM,BOM,DEL-BOM,Go First,Go First,,2022-02-16,15:00,17:15,2h 15m,135,Economy,5900.0,,,,,True
data.csv,2022_real_observations,DEL,DEL,BOM,BOM,DEL-BOM,Vistara,Vistara,,2022-02-16,07:30,09:45,2h 15m,135,Economy,6261.0,,,,,False
data.csv,2022_real_observations,DEL,DEL,BOM,BOM,DEL-BOM,Vistara,Vistara,,2022-02-16,10:20,12:35,2h 15m,135,Economy,6261.0,,,,,False
data.csv,2022_real_observations,DEL,DEL,BOM,BOM,DEL-BOM,Go First,Go First,,2022-02-16,10:30,12:50,2h 20m,140,Economy,5900.0,,,,,True
data.csv,2022_real_observations,DEL,DEL,BOM,BOM,DEL-BOM,IndiGo,IndiGo,,2022-02-16,08:45,11:05,2h 20m,140,Economy,5955.0,,,,,False
data.csv,2022_real_observations,DEL,DEL,BOM,BOM,DEL-BOM,IndiGo,IndiGo,,2022-02-16,10:45,13:05,2h 20m,140,Economy,5955.0,,,,,False
data.csv,2022_real_observations,DEL,DEL,BOM,BOM,DEL-BOM,Go First,Go First,,2022-02-16,02:00,04:15,2h 15m,135,Economy,5900.0,,,,,True
data.csv,2022_real_observations,DEL,DEL,BOM,BOM,DEL-BOM,IndiGo,IndiGo,,2022-02-16,14:20,16:35,2h 15m,135,Economy,6165.0,,,,,False
data.csv,2022_real_observations,DEL,DEL,BOM,BOM,DEL-BOM,Vistara,Vistara,,2022-02-16,08:50,11:10,2h 20m,140,Economy,6261.0,,,,,False
data.csv,2022_real_observations,DEL,DEL,BOM,BOM,DEL-BOM,Vistara,Vistara,,2022-02-16,11:40,14:00,2h 20m,140,Economy,6261.0,,,,,False
data.csv,2022_real_observations,DEL,DEL,BOM,BOM,DEL-BOM,IndiGo,IndiGo,,2022-02-16,09:30,12:00,2h 30m,150,Economy,5955.0,,,,,False
data.csv,2022_real_observations,BOM,BOM,DEL,DEL,BOM-DEL,AirAsia India,AirAsia India,,2022-02-16,22:55,01:00,2h 05m,125,Economy,5000.0,,,,,False
data.csv,2022_real_observations,BOM,BOM,DEL,DEL,BOM-DEL,IndiGo,IndiGo,,2022-02-16,19:35,21:25,1h 50m,110,Economy,5943.0,,,,,False
data.csv,2022_real_observations,BOM,BOM,DEL,DEL,BOM-DEL,Go First,Go First,,2022-02-16,16:30,18:35,2h 05m,125,Economy,5888.0,,,,,True
data.csv,2022_real_observations,BOM,BOM,DEL,DEL,BOM-DEL,IndiGo,IndiGo,,2022-02-16,20:30,22:35,2h 05m,125,Economy,5943.0,,,,,False
data.csv,2022_real_observations,BOM,BOM,DEL,DEL,BOM-DEL,IndiGo,IndiGo,,2022-02-16,17:15,19:20,2h 05m,125,Economy,5943.0,,,,,False
data.csv,2022_real_observations,BOM,BOM,DEL,DEL,BOM-DEL,IndiGo,IndiGo,,2022-02-16,18:30,20:35,2h 05m,125,Economy,5943.0,,,,,False
data.csv,2022_real_observations,BOM,BOM,DEL,DEL,BOM-DEL,Vistara,Vistara,,2022-02-16,20:55,23:00,2h 05m,125,Economy,6249.0,,,,,False
data.csv,2022_real_observations,BOM,BOM,DEL,DEL,BOM-DEL,Air India,Air India,,2022-02-16,21:30,23:45,2h 15m,135,Economy,5943.0,,,,,False
data.csv,2022_real_observations,BOM,BOM,DEL,DEL,BOM-DEL,Go First,Go First,,2022-02-16,18:00,20:10,2h 10m,130,Economy,5888.0,,,,,True
data.csv,2022_real_observations,BOM,BOM,DEL,DEL,BOM-DEL,Go First,Go First,,2022-02-16,22:40,00:50,2h 10m,130,Economy,5888.0,,,,,True
data.csv,2022_real_observations,BOM,BOM,DEL,DEL,BOM-DEL,Air India,Air India,,2022-02-16,16:00,18:15,2h 15m,135,Economy,5943.0,,,,,False
data.csv,2022_real_observations,BOM,BOM,DEL,DEL,BOM-DEL,Air India,Air India,,2022-02-16,19:00,21:15,2h 15m,135,Economy,5943.0,,,,,False
data.csv,2022_real_observations,BOM,BOM,DEL,DEL,BOM-DEL,Vistara,Vistara,,2022-02-16,17:35,19:45,2h 10m,130,Economy,6249.0,,,,,False
data.csv,2022_real_observations,BOM,BOM,DEL,DEL,BOM-DEL,Vistara,Vistara,,2022-02-16,18:30,20:40,2h 10m,130,Economy,6249.0,,,,,False
data.csv,2022_real_observations,BOM,BOM,DEL,DEL,BOM-DEL,Vistara,Vistara,,2022-02-16,19:45,21:55,2h 10m,130,Economy,6249.0,,,,,False
data.csv,2022_real_observations,BOM,BOM,DEL,DEL,BOM-DEL,Vistara,Vistara,,2022-02-16,22:45,00:55,2h 10m,130,Economy,6249.0,,,,,False
data.csv,2022_real_observations,BOM,BOM,DEL,DEL,BOM-DEL,Go First,Go First,,2022-02-16,21:15,23:30,2h 15m,135,Economy,5888.0,,,,,True
data.csv,2022_real_observations,BOM,BOM,DEL,DEL,BOM-DEL,Go First,Go First,,2022-02-16,23:45,02:00,2h 15m,135,Economy,5888.0,,,,,True
data.csv,2022_real_observations,BOM,BOM,DEL,DEL,BOM-DEL,Vistara,Vistara,,2022-02-16,21:55,00:10,2h 15m,135,Economy,6249.0,,,,,False
data.csv,2022_real_observations,BOM,BOM,DEL,DEL,BOM-DEL,Air India,Air India,,2022-02-16,18:00,20:25,2h 25m,145,Economy,5943.0,,,,,False
data.csv,2022_real_observations,BOM,BOM,DEL,DEL,BOM-DEL,Vistara,Vistara,,2022-02-16,15:45,18:05,2h 20m,140,Economy,6249.0,,,,,False
data.csv,2022_real_observations,BOM,BOM,DEL,DEL,BOM-DEL,IndiGo,IndiGo,,2022-02-17,08:30,10:25,1h 55m,115,Economy,5943.0,,,,,False
data.csv,2022_real_observations,BOM,BOM,DEL,DEL,BOM-DEL,Air India,Air India,,2022-02-17,07:00,09:10,2h 10m,130,Economy,5943.0,,,,,False
data.csv,2022_real_observations,BOM,BOM,DEL,DEL,BOM-DEL,Go First,Go First,,2022-02-17,12:30,14:35,2h 05m,125,Economy,5942.0,,,,,True
data.csv,2022_real_observations,BOM,BOM,DEL,DEL,BOM-DEL,Go First,Go First,,2022-02-17,14:30,16:35,2h 05m,125,Economy,5942.0,,,,,True
data.csv,2022_real_observations,BOM,BOM,DEL,DEL,BOM-DEL,Vistara,Vistara,,2022-02-17,06:00,08:05,2h 05m,125,Economy,6249.0,,,,,False
data.csv,2022_real_observations,BOM,BOM,DEL,DEL,BOM-DEL,Vistara,Vistara,,2022-02-17,12:25,14:30,2h 05m,125,Economy,6249.0,,,,,False
data.csv,2022_real_observations,BOM,BOM,DEL,DEL,BOM-DEL,IndiGo,IndiGo,,2022-02-17,13:40,15:50,2h 10m,130,Economy,5943.0,,,,,False
data.csv,2022_real_observations,BOM,BOM,DEL,DEL,BOM-DEL,IndiGo,IndiGo,,2022-02-17,09:20,11:30,2h 10m,130,Economy,5943.0,,,,,False
data.csv,2022_real_observations,BOM,BOM,DEL,DEL,BOM-DEL,IndiGo,IndiGo,,2022-02-17,10:05,12:15,2h 10m,130,Economy,5943.0,,,,,False
data.csv,2022_real_observations,BOM,BOM,DEL,DEL,BOM-DEL,IndiGo,IndiGo,,2022-02-17,07:45,09:50,2h 05m,125,Economy,6153.0,,,,,False
data.csv,2022_real_observations,BOM,BOM,DEL,DEL,BOM-DEL,Air India,Air India,,2022-02-17,08:00,10:15,2h 15m,135,Economy,5943.0,,,,,False
data.csv,2022_real_observations,BOM,BOM,DEL,DEL,BOM-DEL,Air India,Air India,,2022-02-17,10:00,12:15,2h 15m,135,Economy,5943.0,,,,,False
data.csv,2022_real_observations,BOM,BOM,DEL,DEL,BOM-DEL,Go First,Go First,,2022-02-17,06:00,08:10,2h 10m,130,Economy,5942.0,,,,,True
data.csv,2022_real_observations,BOM,BOM,DEL,DEL,BOM-DEL,Go First,Go First,,2022-02-17,08:00,10:10,2h 10m,130,Economy,5942.0,,,,,True
data.csv,2022_real_observations,BOM,BOM,DEL,DEL,BOM-DEL,Vistara,Vistara,,2022-02-17,07:30,09:40,2h 10m,130,Economy,6249.0,,,,,False
data.csv,2022_real_observations,BOM,BOM,DEL,DEL,BOM-DEL,Vistara,Vistara,,2022-02-17,11:55,14:05,2h 10m,130,Economy,6249.0,,,,,False
data.csv,2022_real_observations,BOM,BOM,DEL,DEL,BOM-DEL,Go First,Go First,,2022-02-17,09:55,12:10,2h 15m,135,Economy,5942.0,,,,,True
data.csv,2022_real_observations,BOM,BOM,DEL,DEL,BOM-DEL,Go First,Go First,,2022-02-17,12:15,14:30,2h 15m,135,Economy,5942.0,,,,,True
data.csv,2022_real_observations,BOM,BOM,DEL,DEL,BOM-DEL,Go First,Go First,,2022-02-17,13:30,15:45,2h 15m,135,Economy,5942.0,,,,,True
data.csv,2022_real_observations,BOM,BOM,DEL,DEL,BOM-DEL,SpiceJet,SpiceJet,,2022-02-17,07:20,09:35,2h 15m,135,Economy,6540.0,,,,,False
data.csv,2022_real_observations,BOM,BOM,DEL,DEL,BOM-DEL,SpiceJet,SpiceJet,,2022-02-17,10:15,12:30,2h 15m,135,Economy,6540.0,,,,,False
data.csv,2022_real_observations,BOM,BOM,DEL,DEL,BOM-DEL,Vistara,Vistara,,2022-02-17,08:45,11:00,2h 15m,135,Economy,6249.0,,,,,False
data.csv,2022_real_observations,BOM,BOM,DEL,DEL,BOM-DEL,Vistara,Vistara,,2022-02-17,14:40,16:55,2h 15m,135,Economy,6249.0,,,,,False
data.csv,2022_real_observations,BOM,BOM,DEL,DEL,BOM-DEL,Vistara,Vistara,,2022-02-17,06:30,08:35,2h 05m,125,Economy,6693.0,,,,,False
data.csv,2022_real_observations,BOM,BOM,DEL,DEL,BOM-DEL,Vistara,Vistara,,2022-02-17,10:25,12:40,2h 15m,135,Economy,6360.0,,,,,False
data.csv,2022_real_observations,BOM,BOM,DEL,DEL,BOM-DEL,IndiGo,IndiGo,,2022-02-17,07:05,09:20,2h 15m,135,Economy,6153.0,,,,,False
data.csv,2022_real_observations,BOM,BOM,DEL,DEL,BOM-DEL,IndiGo,IndiGo,,2022-02-17,11:45,14:00,2h 15m,135,Economy,6153.0,,,,,False
data.csv,2022_real_observations,BOM,BOM,DEL,DEL,BOM-DEL,AirAsia India,AirAsia India,,2022-02-17,07:20,09:30,2h 10m,130,Economy,6337.0,,,,,False
data.csv,2022_real_observations,DEL,DEL,BOM,BOM,DEL-BOM,AirAsia India,AirAsia India,,2022-02-17,20:00,22:15,2h 15m,135,Economy,5000.0,,,,,False
data.csv,2022_real_observations,DEL,DEL,BOM,BOM,DEL-BOM,Go First,Go First,,2022-02-17,15:30,17:35,2h 05m,125,Economy,5954.0,,,,,True
data.csv,2022_real_observations,DEL,DEL,BOM,BOM,DEL-BOM,Go First,Go First,,2022-02-17,17:00,19:05,2h 05m,125,Economy,5954.0,,,,,True
data.csv,2022_real_observations,DEL,DEL,BOM,BOM,DEL-BOM,IndiGo,IndiGo,,2022-02-17,18:40,20:50,2h 10m,130,Economy,5955.0,,,,,False
data.csv,2022_real_observations,DEL,DEL,BOM,BOM,DEL-BOM,IndiGo,IndiGo,,2022-02-17,23:35,01:45,2h 10m,130,Economy,5955.0,,,,,False
data.csv,2022_real_observations,DEL,DEL,BOM,BOM,DEL-BOM,SpiceJet,SpiceJet,,2022-02-17,18:55,21:05,2h 10m,130,Economy,6543.0,,,,,False
data.csv,2022_real_observations,DEL,DEL,BOM,BOM,DEL-BOM,IndiGo,IndiGo,,2022-02-17,21:15,23:30,2h 15m,135,Economy,5955.0,,,,,False
data.csv,2022_real_observations,DEL,DEL,BOM,BOM,DEL-BOM,Go First,Go First,,2022-02-17,15:00,17:15,2h 15m,135,Economy,5954.0,,,,,True
data.csv,2022_real_observations,DEL,DEL,BOM,BOM,DEL-BOM,Go First,Go First,,2022-02-17,19:40,21:55,2h 15m,135,Economy,5954.0,,,,,True
data.csv,2022_real_observations,DEL,DEL,BOM,BOM,DEL-BOM,Go First,Go First,,2022-02-17,21:00,23:15,2h 15m,135,Economy,5954.0,,,,,True
data.csv,2022_real_observations,DEL,DEL,BOM,BOM,DEL-BOM,IndiGo,IndiGo,,2022-02-17,17:15,19:25,2h 10m,130,Economy,6165.0,,,,,False
data.csv,2022_real_observations,DEL,DEL,BOM,BOM,DEL-BOM,Go First,Go First,,2022-02-17,18:05,20:25,2h 20m,140,Economy,5954.0,,,,,True
data.csv,2022_real_observations,DEL,DEL,BOM,BOM,DEL-BOM,SpiceJet,SpiceJet,,2022-02-17,19:45,22:05,2h 20m,140,Economy,6543.0,,,,,False
data.csv,2022_real_observations,DEL,DEL,BOM,BOM,DEL-BOM,Go First,Go First,,2022-02-17,13:30,15:35,2h 05m,125,Economy,5954.0,,,,,True
data.csv,2022_real_observations,DEL,DEL,BOM,BOM,DEL-BOM,IndiGo,IndiGo,,2022-02-17,07:15,09:25,2h 10m,130,Economy,5955.0,,,,,False
data.csv,2022_real_observations,DEL,DEL,BOM,BOM,DEL-BOM,IndiGo,IndiGo,,2022-02-17,06:30,08:40,2h 10m,130,Economy,5955.0,,,,,False
data.csv,2022_real_observations,DEL,DEL,BOM,BOM,DEL-BOM,Go First,Go First,,2022-02-17,07:00,09:10,2h 10m,130,Economy,5954.0,,,,,True
data.csv,2022_real_observations,DEL,DEL,BOM,BOM,DEL-BOM,Go First,Go First,,2022-02-17,08:00,10:10,2h 10m,130,Economy,5954.0,,,,,True
data.csv,2022_real_observations,DEL,DEL,BOM,BOM,DEL-BOM,IndiGo,IndiGo,,2022-02-17,14:20,16:35,2h 15m,135,Economy,5955.0,,,,,False
data.csv,2022_real_observations,DEL,DEL,BOM,BOM,DEL-BOM,Go First,Go First,,2022-02-17,14:20,16:35,2h 15m,135,Economy,5954.0,,,,,True
data.csv,2022_real_observations,DEL,DEL,BOM,BOM,DEL-BOM,Go First,Go First,,2022-02-17,15:00,17:15,2h 15m,135,Economy,5954.0,,,,,True
data.csv,2022_real_observations,DEL,DEL,BOM,BOM,DEL-BOM,SpiceJet,SpiceJet,,2022-02-17,07:20,09:35,2h 15m,135,Economy,6543.0,,,,,False
data.csv,2022_real_observations,DEL,DEL,BOM,BOM,DEL-BOM,IndiGo,IndiGo,,2022-02-17,12:00,14:10,2h 10m,130,Economy,6165.0,,,,,False
data.csv,2022_real_observations,DEL,DEL,BOM,BOM,DEL-BOM,IndiGo,IndiGo,,2022-02-17,10:45,13:05,2h 20m,140,Economy,5955.0,,,,,False
data.csv,2022_real_observations,DEL,DEL,BOM,BOM,DEL-BOM,Go First,Go First,,2022-02-17,10:30,12:50,2h 20m,140,Economy,5954.0,,,,,True
data.csv,2022_real_observations,DEL,DEL,BOM,BOM,DEL-BOM,SpiceJet,SpiceJet,,2022-02-17,06:20,08:40,2h 20m,140,Economy,6543.0,,,,,False
data.csv,2022_real_observations,DEL,DEL,BOM,BOM,DEL-BOM,Go First,Go First,,2022-02-17,02:00,04:15,2h 15m,135,Economy,5954.0,,,,,True
data.csv,2022_real_observations,DEL,DEL,BOM,BOM,DEL-BOM,IndiGo,IndiGo,,2022-02-17,08:45,11:05,2h 20m,140,Economy,6165.0,,,,,False
data.csv,2022_real_observations,DEL,DEL,BOM,BOM,DEL-BOM,IndiGo,IndiGo,,2022-02-17,09:30,12:00,2h 30m,150,Economy,5955.0,,,,,False
data.csv,2022_real_observations,BOM,BOM,DEL,DEL,BOM-DEL,AirAsia India,AirAsia India,,2022-02-17,22:55,01:00,2h 05m,125,Economy,5000.0,,,,,False
data.csv,2022_real_observations,BOM,BOM,DEL,DEL,BOM-DEL,Go First,Go First,,2022-02-17,16:30,18:35,2h 05m,125,Economy,5942.0,,,,,True
data.csv,2022_real_observations,BOM,BOM,DEL,DEL,BOM-DEL,Air India,Air India,,2022-02-17,21:30,23:45,2h 15m,135,Economy,5943.0,,,,,False
data.csv,2022_real_observations,BOM,BOM,DEL,DEL,BOM-DEL,Air India,Air India,,2022-02-17,16:00,18:15,2h 15m,135,Economy,5943.0,,,,,False
data.csv,2022_real_observations,BOM,BOM,DEL,DEL,BOM-DEL,Air India,Air India,,2022-02-17,19:00,21:15,2h 15m,135,Economy,5943.0,,,,,False
data.csv,2022_real_observations,BOM,BOM,DEL,DEL,BOM-DEL,Go First,Go First,,2022-02-17,18:00,20:10,2h 10m,130,Economy,5942.0,,,,,True
data.csv,2022_real_observations,BOM,BOM,DEL,DEL,BOM-DEL,Go First,Go First,,2022-02-17,22:40,00:50,2h 10m,130,Economy,5942.0,,,,,True
data.csv,2022_real_observations,BOM,BOM,DEL,DEL,BOM-DEL,SpiceJet,SpiceJet,,2022-02-17,21:45,23:55,2h 10m,130,Economy,6540.0,,,,,False
data.csv,2022_real_observations,BOM,BOM,DEL,DEL,BOM-DEL,Vistara,Vistara,,2022-02-17,17:35,19:45,2h 10m,130,Economy,6249.0,,,,,False
data.csv,2022_real_observations,BOM,BOM,DEL,DEL,BOM-DEL,Vistara,Vistara,,2022-02-17,18:30,20:40,2h 10m,130,Economy,6249.0,,,,,False
data.csv,2022_real_observations,BOM,BOM,DEL,DEL,BOM-DEL,Vistara,Vistara,,2022-02-17,22:45,00:55,2h 10m,130,Economy,6249.0,,,,,False
data.csv,2022_real_observations,BOM,BOM,DEL,DEL,BOM-DEL,Go First,Go First,,2022-02-17,21:15,23:30,2h 15m,135,Economy,5942.0,,,,,True
data.csv,2022_real_observations,BOM,BOM,DEL,DEL,BOM-DEL,Go First,Go First,,2022-02-17,23:45,02:00,2h 15m,135,Economy,5942.0,,,,,True
data.csv,2022_real_observations,BOM,BOM,DEL,DEL,BOM-DEL,Vistara,Vistara,,2022-02-17,21:55,00:10,2h 15m,135,Economy,6249.0,,,,,False
data.csv,2022_real_observations,BOM,BOM,DEL,DEL,BOM-DEL,Vistara,Vistara,,2022-02-17,20:55,23:00,2h 05m,125,Economy,6693.0,,,,,False
data.csv,2022_real_observations,BOM,BOM,DEL,DEL,BOM-DEL,Air India,Air India,,2022-02-17,18:00,20:25,2h 25m,145,Economy,5943.0,,,,,False
data.csv,2022_real_observations,BOM,BOM,DEL,DEL,BOM-DEL,Vistara,Vistara,,2022-02-17,15:45,18:05,2h 20m,140,Economy,6249.0,,,,,False
data.csv,2022_real_observations,BOM,BOM,DEL,DEL,BOM-DEL,Vistara,Vistara,,2022-02-17,19:45,21:55,2h 10m,130,Economy,6693.0,,,,,False
data.csv,2022_real_observations,BOM,BOM,DEL,DEL,BOM-DEL,SpiceJet,SpiceJet,,2022-02-17,19:25,21:50,2h 25m,145,Economy,6540.0,,,,,False
data.csv,2022_real_observations,BOM,BOM,DEL,DEL,BOM-DEL,IndiGo,IndiGo,,2022-02-18,08:30,10:25,1h 55m,115,Economy,5943.0,,,,,False
data.csv,2022_real_observations,BOM,BOM,DEL,DEL,BOM-DEL,Air India,Air India,,2022-02-18,07:00,09:10,2h 10m,130,Economy,5943.0,,,,,False
data.csv,2022_real_observations,BOM,BOM,DEL,DEL,BOM-DEL,IndiGo,IndiGo,,2022-02-18,07:45,09:50,2h 05m,125,Economy,5943.0,,,,,False
data.csv,2022_real_observations,BOM,BOM,DEL,DEL,BOM-DEL,Go First,Go First,,2022-02-18,12:30,14:35,2h 05m,125,Economy,5942.0,,,,,True
data.csv,2022_real_observations,BOM,BOM,DEL,DEL,BOM-DEL,Go First,Go First,,2022-02-18,14:30,16:35,2h 05m,125,Economy,5942.0,,,,,True
data.csv,2022_real_observations,BOM,BOM,DEL,DEL,BOM-DEL,Vistara,Vistara,,2022-02-18,06:00,08:05,2h 05m,125,Economy,6249.0,,,,,False
data.csv,2022_real_observations,BOM,BOM,DEL,DEL,BOM-DEL,Vistara,Vistara,,2022-02-18,06:30,08:35,2h 05m,125,Economy,6249.0,,,,,False
data.csv,2022_real_observations,BOM,BOM,DEL,DEL,BOM-DEL,Vistara,Vistara,,2022-02-18,12:25,14:30,2h 05m,125,Economy,6249.0,,,,,False
data.csv,2022_real_observations,BOM,BOM,DEL,DEL,BOM-DEL,IndiGo,IndiGo,,2022-02-18,09:20,11:30,2h 10m,130,Economy,5943.0,,,,,False
data.csv,2022_real_observations,BOM,BOM,DEL,DEL,BOM-DEL,Air India,Air India,,2022-02-18,08:00,10:15,2h 15m,135,Economy,5943.0,,,,,False
data.csv,2022_real_observations,BOM,BOM,DEL,DEL,BOM-DEL,Go First,Go First,,2022-02-18,06:00,08:10,2h 10m,130,Economy,5942.0,,,,,True
data.csv,2022_real_observations,BOM,BOM,DEL,DEL,BOM-DEL,Go First,Go First,,2022-02-18,08:00,10:10,2h 10m,130,Economy,5942.0,,,,,True
data.csv,2022_real_observations,BOM,BOM,DEL,DEL,BOM-DEL,Vistara,Vistara,,2022-02-18,07:30,09:40,2h 10m,130,Economy,6249.0,,,,,False
data.csv,2022_real_observations,BOM,BOM,DEL,DEL,BOM-DEL,Vistara,Vistara,,2022-02-18,11:55,14:05,2h 10m,130,Economy,6249.0,,,,,False
data.csv,2022_real_observations,BOM,BOM,DEL,DEL,BOM-DEL,IndiGo,IndiGo,,2022-02-18,11:45,14:00,2h 15m,135,Economy,5943.0,,,,,False
data.csv,2022_real_observations,BOM,BOM,DEL,DEL,BOM-DEL,IndiGo,IndiGo,,2022-02-18,07:05,09:20,2h 15m,135,Economy,5943.0,,,,,False
data.csv,2022_real_observations,BOM,BOM,DEL,DEL,BOM-DEL,IndiGo,IndiGo,,2022-02-18,10:05,12:15,2h 10m,130,Economy,6153.0,,,,,False
data.csv,2022_real_observations,BOM,BOM,DEL,DEL,BOM-DEL,IndiGo,IndiGo,,2022-02-18,13:40,15:50,2h 10m,130,Economy,6153.0,,,,,False
data.csv,2022_real_observations,BOM,BOM,DEL,DEL,BOM-DEL,Go First,Go First,,2022-02-18,09:55,12:10,2h 15m,135,Economy,5942.0,,,,,True
data.csv,2022_real_observations,BOM,BOM,DEL,DEL,BOM-DEL,Go First,Go First,,2022-02-18,12:15,14:30,2h 15m,135,Economy,5942.0,,,,,True
data.csv,2022_real_observations,DEL,DEL,BOM,BOM,DEL-BOM,Air India,Air India,,2022-02-18,18:00,20:00,2h,120,Economy,5955.0,,,,,False
data.csv,2022_real_observations,DEL,DEL,BOM,BOM,DEL-BOM,Go First,Go First,,2022-02-18,15:30,17:35,2h 05m,125,Economy,5954.0,,,,,True
data.csv,2022_real_observations,DEL,DEL,BOM,BOM,DEL-BOM,Go First,Go First,,2022-02-18,17:00,19:05,2h 05m,125,Economy,5954.0,,,,,True
data.csv,2022_real_observations,DEL,DEL,BOM,BOM,DEL-BOM,IndiGo,IndiGo,,2022-02-18,17:15,19:25,2h 10m,130,Economy,5955.0,,,,,False
data.csv,2022_real_observations,DEL,DEL,BOM,BOM,DEL-BOM,IndiGo,IndiGo,,2022-02-18,23:35,01:45,2h 10m,130,Economy,5955.0,,,,,False
data.csv,2022_real_observations,DEL,DEL,BOM,BOM,DEL-BOM,Air India,Air India,,2022-02-18,19:00,21:15,2h 15m,135,Economy,5955.0,,,,,False
data.csv,2022_real_observations,DEL,DEL,BOM,BOM,DEL-BOM,Go First,Go First,,2022-02-18,22:30,00:40,2h 10m,130,Economy,5954.0,,,,,True
data.csv,2022_real_observations,DEL,DEL,BOM,BOM,DEL-BOM,SpiceJet,SpiceJet,,2022-02-18,18:55,21:05,2h 10m,130,Economy,6543.0,,,,,False
data.csv,2022_real_observations,DEL,DEL,BOM,BOM,DEL-BOM,Vistara,Vistara,,2022-02-18,15:30,17:40,2h 10m,130,Economy,6261.0,,,,,False
data.csv,2022_real_observations,DEL,DEL,BOM,BOM,DEL-BOM,Vistara,Vistara,,2022-02-18,20:40,22:50,2h 10m,130,Economy,6261.0,,,,,False
data.csv,2022_real_observations,DEL,DEL,BOM,BOM,DEL-BOM,Vistara,Vistara,,2022-02-18,21:40,23:50,2h 10m,130,Economy,6261.0,,,,,False
data.csv,2022_real_observations,DEL,DEL,BOM,BOM,DEL-BOM,Go First,Go First,,2022-02-18,15:00,17:15,2h 15m,135,Economy,5954.0,,,,,True
data.csv,2022_real_observations,DEL,DEL,BOM,BOM,DEL-BOM,Go First,Go First,,2022-02-18,19:40,21:55,2h 15m,135,Economy,5954.0,,,,,True
data.csv,2022_real_observations,DEL,DEL,BOM,BOM,DEL-BOM,Go First,Go First,,2022-02-18,21:00,23:15,2h 15m,135,Economy,5954.0,,,,,True
data.csv,2022_real_observations,DEL,DEL,BOM,BOM,DEL-BOM,AirAsia India,AirAsia India,,2022-02-18,20:00,22:15,2h 15m,135,Economy,5956.0,,,,,False
data.csv,2022_real_observations,DEL,DEL,BOM,BOM,DEL-BOM,IndiGo,IndiGo,,2022-02-18,18:40,20:50,2h 10m,130,Economy,6165.0,,,,,False
data.csv,2022_real_observations,DEL,DEL,BOM,BOM,DEL-BOM,Air India,Air India,,2022-02-18,20:00,22:10,2h 10m,130,Economy,6375.0,,,,,False
data.csv,2022_real_observations,DEL,DEL,BOM,BOM,DEL-BOM,Vistara,Vistara,,2022-02-18,19:00,21:15,2h 15m,135,Economy,6372.0,,,,,False
data.csv,2022_real_observations,DEL,DEL,BOM,BOM,DEL-BOM,Go First,Go First,,2022-02-18,18:05,20:25,2h 20m,140,Economy,5954.0,,,,,True
data.csv,2022_real_observations,DEL,DEL,BOM,BOM,DEL-BOM,SpiceJet,SpiceJet,,2022-02-18,19:45,22:05,2h 20m,140,Economy,6543.0,,,,,False
data.csv,2022_real_observations,DEL,DEL,BOM,BOM,DEL-BOM,Air India,Air India,,2022-02-18,07:00,09:05,2h 05m,125,Economy,5955.0,,,,,False
data.csv,2022_real_observations,DEL,DEL,BOM,BOM,DEL-BOM,Air India,Air India,,2022-02-18,10:40,12:50,2h 10m,130,Economy,5955.0,,,,,False
data.csv,2022_real_observations,DEL,DEL,BOM,BOM,DEL-BOM,Air India,Air India,,2022-02-18,08:00,10:10,2h 10m,130,Economy,5955.0,,,,,False
data.csv,2022_real_observations,DEL,DEL,BOM,BOM,DEL-BOM,Go First,Go First,,2022-02-18,13:30,15:35,2h 05m,125,Economy,5954.0,,,,,True
data.csv,2022_real_observations,DEL,DEL,BOM,BOM,DEL-BOM,Vistara,Vistara,,2022-02-18,09:30,11:35,2h 05m,125,Economy,6261.0,,,,,False
data.csv,2022_real_observations,DEL,DEL,BOM,BOM,DEL-BOM,IndiGo,IndiGo,,2022-02-18,07:15,09:25,2h 10m,130,Economy,5955.0,,,,,False
data.csv,2022_real_observations,DEL,DEL,BOM,BOM,DEL-BOM,IndiGo,IndiGo,,2022-02-18,06:30,08:40,2h 10m,130,Economy,5955.0,,,,,False
data.csv,2022_real_observations,DEL,DEL,BOM,BOM,DEL-BOM,IndiGo,IndiGo,,2022-02-18,12:00,14:10,2h 10m,130,Economy,5955.0,,,,,False
data.csv,2022_real_observations,DEL,DEL,BOM,BOM,DEL-BOM,Air India,Air India,,2022-02-18,09:00,11:15,2h 15m,135,Economy,5955.0,,,,,False
data.csv,2022_real_observations,DEL,DEL,BOM,BOM,DEL-BOM,Go First,Go First,,2022-02-18,07:00,09:10,2h 10m,130,Economy,5954.0,,,,,True
data.csv,2022_real_observations,DEL,DEL,BOM,BOM,DEL-BOM,Go First,Go First,,2022-02-18,08:00,10:10,2h 10m,130,Economy,5954.0,,,,,True
data.csv,2022_real_observations,DEL,DEL,BOM,BOM,DEL-BOM,Vistara,Vistara,,2022-02-18,05:45,07:55,2h 10m,130,Economy,6261.0,,,,,False
data.csv,2022_real_observations,DEL,DEL,BOM,BOM,DEL-BOM,Vistara,Vistara,,2022-02-18,12:50,15:00,2h 10m,130,Economy,6261.0,,,,,False
data.csv,2022_real_observations,DEL,DEL,BOM,BOM,DEL-BOM,Vistara,Vistara,,2022-02-18,14:20,16:30,2h 10m,130,Economy,6261.0,,,,,False
data.csv,2022_real_observations,DEL,DEL,BOM,BOM,DEL-BOM,Go First,Go First,,2022-02-18,14:20,16:35,2h 15m,135,Economy,5954.0,,,,,True
data.csv,2022_real_observations,DEL,DEL,BOM,BOM,DEL-BOM,Go First,Go First,,2022-02-18,15:00,17:15,2h 15m,135,Economy,5954.0,,,,,True
data.csv,2022_real_observations,DEL,DEL,BOM,BOM,DEL-BOM,Vistara,Vistara,,2022-02-18,07:30,09:45,2h 15m,135,Economy,6261.0,,,,,False
data.csv,2022_real_observations,DEL,DEL,BOM,BOM,DEL-BOM,Vistara,Vistara,,2022-02-18,10:20,12:35,2h 15m,135,Economy,6261.0,,,,,False
data.csv,2022_real_observations,DEL,DEL,BOM,BOM,DEL-BOM,IndiGo,IndiGo,,2022-02-18,08:45,11:05,2h 20m,140,Economy,5955.0,,,,,False
data.csv,2022_real_observations,DEL,DEL,BOM,BOM,DEL-BOM,IndiGo,IndiGo,,2022-02-18,10:45,13:05,2h 20m,140,Economy,5955.0,,,,,False
data.csv,2022_real_observations,DEL,DEL,BOM,BOM,DEL-BOM,Go First,Go First,,2022-02-18,10:30,12:50,2h 20m,140,Economy,5954.0,,,,,True
data.csv,2022_real_observations,DEL,DEL,BOM,BOM,DEL-BOM,IndiGo,IndiGo,,2022-02-18,14:20,16:35,2h 15m,135,Economy,6165.0,,,,,False
data.csv,2022_real_observations,DEL,DEL,BOM,BOM,DEL-BOM,Go First,Go First,,2022-02-18,02:00,04:15,2h 15m,135,Economy,5954.0,,,,,True
data.csv,2022_real_observations,DEL,DEL,BOM,BOM,DEL-BOM,Vistara,Vistara,,2022-02-18,08:50,11:10,2h 20m,140,Economy,6261.0,,,,,False
data.csv,2022_real_observations,DEL,DEL,BOM,BOM,DEL-BOM,Vistara,Vistara,,2022-02-18,11:40,14:00,2h 20m,140,Economy,6261.0,,,,,False
data.csv,2022_real_observations,DEL,DEL,BOM,BOM,DEL-BOM,IndiGo,IndiGo,,2022-02-18,09:30,12:00,2h 30m,150,Economy,5955.0,,,,,False
data.csv,2022_real_observations,BOM,BOM,DEL,DEL,BOM-DEL,IndiGo,IndiGo,,2022-02-18,17:15,19:20,2h 05m,125,Economy,5943.0,,,,,False
data.csv,2022_real_observations,BOM,BOM,DEL,DEL,BOM-DEL,IndiGo,IndiGo,,2022-02-18,20:30,22:35,2h 05m,125,Economy,5943.0,,,,,False
data.csv,2022_real_observations,BOM,BOM,DEL,DEL,BOM-DEL,IndiGo,IndiGo,,2022-02-18,18:30,20:35,2h 05m,125,Economy,5943.0,,,,,False
data.csv,2022_real_observations,BOM,BOM,DEL,DEL,BOM-DEL,Vistara,Vistara,,2022-02-18,20:55,23:00,2h 05m,125,Economy,6249.0,,,,,False
data.csv,2022_real_observations,BOM,BOM,DEL,DEL,BOM-DEL,Air India,Air India,,2022-02-18,21:30,23:45,2h 15m,135,Economy,5943.0,,,,,False
data.csv,2022_real_observations,BOM,BOM,DEL,DEL,BOM-DEL,Air India,Air India,,2022-02-18,16:00,18:15,2h 15m,135,Economy,5943.0,,,,,False
data.csv,2022_real_observations,BOM,BOM,DEL,DEL,BOM-DEL,Air India,Air India,,2022-02-18,19:00,21:15,2h 15m,135,Economy,5943.0,,,,,False
data.csv,2022_real_observations,BOM,BOM,DEL,DEL,BOM-DEL,SpiceJet,SpiceJet,,2022-02-18,21:45,23:55,2h 10m,130,Economy,6540.0,,,,,False
data.csv,2022_real_observations,BOM,BOM,DEL,DEL,BOM-DEL,Vistara,Vistara,,2022-02-18,17:35,19:45,2h 10m,130,Economy,6249.0,,,,,False
data.csv,2022_real_observations,BOM,BOM,DEL,DEL,BOM-DEL,Vistara,Vistara,,2022-02-18,19:45,21:55,2h 10m,130,Economy,6249.0,,,,,False
data.csv,2022_real_observations,BOM,BOM,DEL,DEL,BOM-DEL,Vistara,Vistara,,2022-02-18,22:45,00:55,2h 10m,130,Economy,6249.0,,,,,False
data.csv,2022_real_observations,BOM,BOM,DEL,DEL,BOM-DEL,Vistara,Vistara,,2022-02-18,18:30,20:40,2h 10m,130,Economy,6360.0,,,,,False
data.csv,2022_real_observations,BOM,BOM,DEL,DEL,BOM-DEL,Vistara,Vistara,,2022-02-18,21:55,00:10,2h 15m,135,Economy,6249.0,,,,,False
data.csv,2022_real_observations,BOM,BOM,DEL,DEL,BOM-DEL,Air India,Air India,,2022-02-18,18:00,20:25,2h 25m,145,Economy,5943.0,,,,,False
data.csv,2022_real_observations,BOM,BOM,DEL,DEL,BOM-DEL,Vistara,Vistara,,2022-02-18,15:45,18:05,2h 20m,140,Economy,6249.0,,,,,False
data.csv,2022_real_observations,BOM,BOM,DEL,DEL,BOM-DEL,SpiceJet,SpiceJet,,2022-02-18,19:25,21:50,2h 25m,145,Economy,6540.0,,,,,False
data.csv,2022_real_observations,BOM,BOM,DEL,DEL,BOM-DEL,IndiGo,IndiGo,,2022-02-19,08:30,10:25,1h 55m,115,Economy,6153.0,,,,,False
data.csv,2022_real_observations,BOM,BOM,DEL,DEL,BOM-DEL,Go First,Go First,,2022-02-19,12:30,14:35,2h 05m,125,Economy,5835.0,,,,,True
data.csv,2022_real_observations,BOM,BOM,DEL,DEL,BOM-DEL,Go First,Go First,,2022-02-19,14:30,16:35,2h 05m,125,Economy,5835.0,,,,,True
data.csv,2022_real_observations,BOM,BOM,DEL,DEL,BOM-DEL,Air India,Air India,,2022-02-19,07:00,09:10,2h 10m,130,Economy,5943.0,,,,,False
data.csv,2022_real_observations,BOM,BOM,DEL,DEL,BOM-DEL,IndiGo,IndiGo,,2022-02-19,07:45,09:50,2h 05m,125,Economy,5943.0,,,,,False
data.csv,2022_real_observations,BOM,BOM,DEL,DEL,BOM-DEL,Vistara,Vistara,,2022-02-19,06:00,08:05,2h 05m,125,Economy,6249.0,,,,,False
data.csv,2022_real_observations,BOM,BOM,DEL,DEL,BOM-DEL,Vistara,Vistara,,2022-02-19,12:25,14:30,2h 05m,125,Economy,6249.0,,,,,False
data.csv,2022_real_observations,BOM,BOM,DEL,DEL,BOM-DEL,Go First,Go First,,2022-02-19,06:00,08:10,2h 10m,130,Economy,5835.0,,,,,True
data.csv,2022_real_observations,BOM,BOM,DEL,DEL,BOM-DEL,Go First,Go First,,2022-02-19,08:00,10:10,2h 10m,130,Economy,5835.0,,,,,True
data.csv,2022_real_observations,BOM,BOM,DEL,DEL,BOM-DEL,IndiGo,IndiGo,,2022-02-19,09:20,11:30,2h 10m,130,Economy,5943.0,,,,,False
data.csv,2022_real_observations,BOM,BOM,DEL,DEL,BOM-DEL,Vistara,Vistara,,2022-02-19,06:30,08:35,2h 05m,125,Economy,6360.0,,,,,False
data.csv,2022_real_observations,BOM,BOM,DEL,DEL,BOM-DEL,Vistara,Vistara,,2022-02-19,07:30,09:40,2h 10m,130,Economy,6249.0,,,,,False
data.csv,2022_real_observations,BOM,BOM,DEL,DEL,BOM-DEL,Vistara,Vistara,,2022-02-19,11:55,14:05,2h 10m,130,Economy,6249.0,,,,,False
data.csv,2022_real_observations,BOM,BOM,DEL,DEL,BOM-DEL,Go First,Go First,,2022-02-19,09:55,12:10,2h 15m,135,Economy,5835.0,,,,,True
data.csv,2022_real_observations,BOM,BOM,DEL,DEL,BOM-DEL,Go First,Go First,,2022-02-19,12:15,14:30,2h 15m,135,Economy,5835.0,,,,,True
data.csv,2022_real_observations,BOM,BOM,DEL,DEL,BOM-DEL,Go First,Go First,,2022-02-19,13:30,15:45,2h 15m,135,Economy,5835.0,,,,,True
data.csv,2022_real_observations,BOM,BOM,DEL,DEL,BOM-DEL,IndiGo,IndiGo,,2022-02-19,11:45,14:00,2h 15m,135,Economy,5943.0,,,,,False
data.csv,2022_real_observations,BOM,BOM,DEL,DEL,BOM-DEL,IndiGo,IndiGo,,2022-02-19,13:40,15:50,2h 10m,130,Economy,6153.0,,,,,False
data.csv,2022_real_observations,BOM,BOM,DEL,DEL,BOM-DEL,IndiGo,IndiGo,,2022-02-19,10:05,12:15,2h 10m,130,Economy,6153.0,,,,,False
data.csv,2022_real_observations,BOM,BOM,DEL,DEL,BOM-DEL,SpiceJet,SpiceJet,,2022-02-19,07:20,09:35,2h 15m,135,Economy,6540.0,,,,,False
data.csv,2022_real_observations,DEL,DEL,BOM,BOM,DEL-BOM,Air India,Air India,,2022-02-19,18:00,20:00,2h,120,Economy,5955.0,,,,,False
data.csv,2022_real_observations,DEL,DEL,BOM,BOM,DEL-BOM,Go First,Go First,,2022-02-19,15:30,17:35,2h 05m,125,Economy,5846.0,,,,,True
data.csv,2022_real_observations,DEL,DEL,BOM,BOM,DEL-BOM,Go First,Go First,,2022-02-19,17:00,19:05,2h 05m,125,Economy,5846.0,,,,,True
data.csv,2022_real_observations,DEL,DEL,BOM,BOM,DEL-BOM,Go First,Go First,,2022-02-19,22:30,00:40,2h 10m,130,Economy,5846.0,,,,,True
data.csv,2022_real_observations,DEL,DEL,BOM,BOM,DEL-BOM,IndiGo,IndiGo,,2022-02-19,18:40,20:50,2h 10m,130,Economy,5955.0,,,,,False
data.csv,2022_real_observations,DEL,DEL,BOM,BOM,DEL-BOM,IndiGo,IndiGo,,2022-02-19,23:35,01:45,2h 10m,130,Economy,5955.0,,,,,False
data.csv,2022_real_observations,DEL,DEL,BOM,BOM,DEL-BOM,Air India,Air India,,2022-02-19,19:00,21:15,2h 15m,135,Economy,5955.0,,,,,False
data.csv,2022_real_observations,DEL,DEL,BOM,BOM,DEL-BOM,SpiceJet,SpiceJet,,2022-02-19,18:55,21:05,2h 10m,130,Economy,6543.0,,,,,False
data.csv,2022_real_observations,DEL,DEL,BOM,BOM,DEL-BOM,Vistara,Vistara,,2022-02-19,15:30,17:40,2h 10m,130,Economy,6261.0,,,,,False
data.csv,2022_real_observations,DEL,DEL,BOM,BOM,DEL-BOM,Vistara,Vistara,,2022-02-19,19:50,22:00,2h 10m,130,Economy,6261.0,,,,,False
data.csv,2022_real_observations,DEL,DEL,BOM,BOM,DEL-BOM,Vistara,Vistara,,2022-02-19,20:40,22:50,2h 10m,130,Economy,6261.0,,,,,False
data.csv,2022_real_observations,DEL,DEL,BOM,BOM,DEL-BOM,Vistara,Vistara,,2022-02-19,21:40,23:50,2h 10m,130,Economy,6261.0,,,,,False
data.csv,2022_real_observations,DEL,DEL,BOM,BOM,DEL-BOM,Go First,Go First,,2022-02-19,15:00,17:15,2h 15m,135,Economy,5846.0,,,,,True
data.csv,2022_real_observations,DEL,DEL,BOM,BOM,DEL-BOM,Go First,Go First,,2022-02-19,19:40,21:55,2h 15m,135,Economy,5846.0,,,,,True
data.csv,2022_real_observations,DEL,DEL,BOM,BOM,DEL-BOM,Go First,Go First,,2022-02-19,21:00,23:15,2h 15m,135,Economy,5846.0,,,,,True
data.csv,2022_real_observations,DEL,DEL,BOM,BOM,DEL-BOM,IndiGo,IndiGo,,2022-02-19,21:15,23:30,2h 15m,135,Economy,5955.0,,,,,False
data.csv,2022_real_observations,DEL,DEL,BOM,BOM,DEL-BOM,AirAsia India,AirAsia India,,2022-02-19,20:00,22:15,2h 15m,135,Economy,5956.0,,,,,False
data.csv,2022_real_observations,DEL,DEL,BOM,BOM,DEL-BOM,IndiGo,IndiGo,,2022-02-19,17:15,19:25,2h 10m,130,Economy,6165.0,,,,,False
data.csv,2022_real_observations,DEL,DEL,BOM,BOM,DEL-BOM,Air India,Air India,,2022-02-19,20:00,22:10,2h 10m,130,Economy,6375.0,,,,,False
data.csv,2022_real_observations,DEL,DEL,BOM,BOM,DEL-BOM,Vistara,Vistara,,2022-02-19,19:00,21:15,2h 15m,135,Economy,6261.0,,,,,False
data.csv,2022_real_observations,DEL,DEL,BOM,BOM,DEL-BOM,AirAsia India,AirAsia India,,2022-02-19,04:25,06:35,2h 10m,130,Economy,5000.0,,,,,False
data.csv,2022_real_observations,DEL,DEL,BOM,BOM,DEL-BOM,Air India,Air India,,2022-02-19,07:00,09:05,2h 05m,125,Economy,5955.0,,,,,False
data.csv,2022_real_observations,DEL,DEL,BOM,BOM,DEL-BOM,Go First,Go First,,2022-02-19,13:30,15:35,2h 05m,125,Economy,5846.0,,,,,True
data.csv,2022_real_observations,DEL,DEL,BOM,BOM,DEL-BOM,Air India,Air India,,2022-02-19,10:40,12:50,2h 10m,130,Economy,5955.0,,,,,False
data.csv,2022_real_observations,DEL,DEL,BOM,BOM,DEL-BOM,Air India,Air India,,2022-02-19,08:00,10:10,2h 10m,130,Economy,5955.0,,,,,False
data.csv,2022_real_observations,DEL,DEL,BOM,BOM,DEL-BOM,Vistara,Vistara,,2022-02-19,09:30,11:35,2h 05m,125,Economy,6261.0,,,,,False
data.csv,2022_real_observations,DEL,DEL,BOM,BOM,DEL-BOM,Go First,Go First,,2022-02-19,07:00,09:10,2h 10m,130,Economy,5846.0,,,,,True
data.csv,2022_real_observations,DEL,DEL,BOM,BOM,DEL-BOM,Go First,Go First,,2022-02-19,08:00,10:10,2h 10m,130,Economy,5846.0,,,,,True
data.csv,2022_real_observations,DEL,DEL,BOM,BOM,DEL-BOM,Air India,Air India,,2022-02-19,09:00,11:15,2h 15m,135,Economy,5955.0,,,,,False
data.csv,2022_real_observations,DEL,DEL,BOM,BOM,DEL-BOM,Vistara,Vistara,,2022-02-19,05:45,07:55,2h 10m,130,Economy,6261.0,,,,,False
data.csv,2022_real_observations,DEL,DEL,BOM,BOM,DEL-BOM,Vistara,Vistara,,2022-02-19,12:50,15:00,2h 10m,130,Economy,6261.0,,,,,False
data.csv,2022_real_observations,DEL,DEL,BOM,BOM,DEL-BOM,Vistara,Vistara,,2022-02-19,14:20,16:30,2h 10m,130,Economy,6261.0,,,,,False
data.csv,2022_real_observations,DEL,DEL,BOM,BOM,DEL-BOM,Go First,Go First,,2022-02-19,14:20,16:35,2h 15m,135,Economy,5846.0,,,,,True
data.csv,2022_real_observations,DEL,DEL,BOM,BOM,DEL-BOM,Go First,Go First,,2022-02-19,15:00,17:15,2h 15m,135,Economy,5846.0,,,,,True
data.csv,2022_real_observations,DEL,DEL,BOM,BOM,DEL-BOM,Vistara,Vistara,,2022-02-19,07:30,09:45,2h 15m,135,Economy,6261.0,,,,,False
data.csv,2022_real_observations,DEL,DEL,BOM,BOM,DEL-BOM,Vistara,Vistara,,2022-02-19,10:20,12:35,2h 15m,135,Economy,6261.0,,,,,False
data.csv,2022_real_observations,DEL,DEL,BOM,BOM,DEL-BOM,Go First,Go First,,2022-02-19,10:30,12:50,2h 20m,140,Economy,5846.0,,,,,True
data.csv,2022_real_observations,DEL,DEL,BOM,BOM,DEL-BOM,Go First,Go First,,2022-02-19,02:00,04:15,2h 15m,135,Economy,5846.0,,,,,True
data.csv,2022_real_observations,DEL,DEL,BOM,BOM,DEL-BOM,Vistara,Vistara,,2022-02-19,08:50,11:10,2h 20m,140,Economy,6261.0,,,,,False
data.csv,2022_real_observations,DEL,DEL,BOM,BOM,DEL-BOM,Vistara,Vistara,,2022-02-19,11:40,14:00,2h 20m,140,Economy,6261.0,,,,,False
data.csv,2022_real_observations,BOM,BOM,DEL,DEL,BOM-DEL,IndiGo,IndiGo,,2022-02-19,17:15,19:20,2h 05m,125,Economy,5943.0,,,,,False
data.csv,2022_real_observations,BOM,BOM,DEL,DEL,BOM-DEL,IndiGo,IndiGo,,2022-02-19,18:30,20:35,2h 05m,125,Economy,5943.0,,,,,False
data.csv,2022_real_observations,BOM,BOM,DEL,DEL,BOM-DEL,IndiGo,IndiGo,,2022-02-19,20:30,22:35,2h 05m,125,Economy,5943.0,,,,,False
data.csv,2022_real_observations,BOM,BOM,DEL,DEL,BOM-DEL,Vistara,Vistara,,2022-02-19,20:55,23:00,2h 05m,125,Economy,6249.0,,,,,False
data.csv,2022_real_observations,BOM,BOM,DEL,DEL,BOM-DEL,Air India,Air India,,2022-02-19,21:30,23:45,2h 15m,135,Economy,5943.0,,,,,False
data.csv,2022_real_observations,BOM,BOM,DEL,DEL,BOM-DEL,Air India,Air India,,2022-02-19,16:00,18:15,2h 15m,135,Economy,5943.0,,,,,False
data.csv,2022_real_observations,BOM,BOM,DEL,DEL,BOM-DEL,Air India,Air India,,2022-02-19,19:00,21:15,2h 15m,135,Economy,5943.0,,,,,False
data.csv,2022_real_observations,BOM,BOM,DEL,DEL,BOM-DEL,SpiceJet,SpiceJet,,2022-02-19,21:45,23:55,2h 10m,130,Economy,6540.0,,,,,False
data.csv,2022_real_observations,BOM,BOM,DEL,DEL,BOM-DEL,Vistara,Vistara,,2022-02-19,17:35,19:45,2h 10m,130,Economy,6249.0,,,,,False
data.csv,2022_real_observations,BOM,BOM,DEL,DEL,BOM-DEL,Vistara,Vistara,,2022-02-19,18:30,20:40,2h 10m,130,Economy,6249.0,,,,,False
data.csv,2022_real_observations,BOM,BOM,DEL,DEL,BOM-DEL,Vistara,Vistara,,2022-02-19,19:45,21:55,2h 10m,130,Economy,6249.0,,,,,False
data.csv,2022_real_observations,BOM,BOM,DEL,DEL,BOM-DEL,Vistara,Vistara,,2022-02-19,22:45,00:55,2h 10m,130,Economy,6249.0,,,,,False
data.csv,2022_real_observations,BOM,BOM,DEL,DEL,BOM-DEL,Vistara,Vistara,,2022-02-19,21:55,00:10,2h 15m,135,Economy,6249.0,,,,,False
data.csv,2022_real_observations,BOM,BOM,DEL,DEL,BOM-DEL,Air India,Air India,,2022-02-19,18:00,20:25,2h 25m,145,Economy,5943.0,,,,,False
data.csv,2022_real_observations,BOM,BOM,DEL,DEL,BOM-DEL,Vistara,Vistara,,2022-02-19,15:45,18:05,2h 20m,140,Economy,6249.0,,,,,False
data.csv,2022_real_observations,BOM,BOM,DEL,DEL,BOM-DEL,SpiceJet,SpiceJet,,2022-02-19,19:25,21:50,2h 25m,145,Economy,6540.0,,,,,False
data.csv,2022_real_observations,BOM,BOM,DEL,DEL,BOM-DEL,IndiGo,IndiGo,,2022-02-20,07:45,09:50,2h 05m,125,Economy,2235.0,,,,,False
data.csv,2022_real_observations,BOM,BOM,DEL,DEL,BOM-DEL,Vistara,Vistara,,2022-02-20,06:30,08:35,2h 05m,125,Economy,2496.0,,,,,False
data.csv,2022_real_observations,BOM,BOM,DEL,DEL,BOM-DEL,AirAsia India,AirAsia India,,2022-02-20,07:20,09:30,2h 10m,130,Economy,2211.0,,,,,False
data.csv,2022_real_observations,BOM,BOM,DEL,DEL,BOM-DEL,IndiGo,IndiGo,,2022-02-20,09:20,11:30,2h 10m,130,Economy,2235.0,,,,,False
data.csv,2022_real_observations,BOM,BOM,DEL,DEL,BOM-DEL,Air India,Air India,,2022-02-20,07:00,09:10,2h 10m,130,Economy,2464.0,,,,,False
data.csv,2022_real_observations,BOM,BOM,DEL,DEL,BOM-DEL,Go First,Go First,,2022-02-20,12:30,14:35,2h 05m,125,Economy,2339.0,,,,,True
data.csv,2022_real_observations,BOM,BOM,DEL,DEL,BOM-DEL,Go First,Go First,,2022-02-20,14:30,16:35,2h 05m,125,Economy,2339.0,,,,,True
data.csv,2022_real_observations,BOM,BOM,DEL,DEL,BOM-DEL,IndiGo,IndiGo,,2022-02-20,07:05,09:20,2h 15m,135,Economy,2235.0,,,,,False
data.csv,2022_real_observations,BOM,BOM,DEL,DEL,BOM-DEL,IndiGo,IndiGo,,2022-02-20,10:05,12:15,2h 10m,130,Economy,2339.0,,,,,False
data.csv,2022_real_observations,BOM,BOM,DEL,DEL,BOM-DEL,Go First,Go First,,2022-02-20,08:00,10:10,2h 10m,130,Economy,2339.0,,,,,True
data.csv,2022_real_observations,BOM,BOM,DEL,DEL,BOM-DEL,Air India,Air India,,2022-02-20,08:00,10:15,2h 15m,135,Economy,2464.0,,,,,False
data.csv,2022_real_observations,BOM,BOM,DEL,DEL,BOM-DEL,Air India,Air India,,2022-02-20,10:00,12:15,2h 15m,135,Economy,2464.0,,,,,False
data.csv,2022_real_observations,BOM,BOM,DEL,DEL,BOM-DEL,Go First,Go First,,2022-02-20,12:15,14:30,2h 15m,135,Economy,2339.0,,,,,True
data.csv,2022_real_observations,BOM,BOM,DEL,DEL,BOM-DEL,Go First,Go First,,2022-02-20,13:30,15:45,2h 15m,135,Economy,2339.0,,,,,True
data.csv,2022_real_observations,BOM,BOM,DEL,DEL,BOM-DEL,Vistara,Vistara,,2022-02-20,12:25,14:30,2h 05m,125,Economy,2744.0,,,,,False
data.csv,2022_real_observations,BOM,BOM,DEL,DEL,BOM-DEL,IndiGo,IndiGo,,2022-02-20,08:30,10:25,1h 55m,115,Economy,2738.0,,,,,False
data.csv,2022_real_observations,BOM,BOM,DEL,DEL,BOM-DEL,Vistara,Vistara,,2022-02-20,11:55,14:05,2h 10m,130,Economy,2744.0,,,,,False
data.csv,2022_real_observations,BOM,BOM,DEL,DEL,BOM-DEL,Vistara,Vistara,,2022-02-20,10:25,12:40,2h 15m,135,Economy,2744.0,,,,,False
data.csv,2022_real_observations,BOM,BOM,DEL,DEL,BOM-DEL,SpiceJet,SpiceJet,,2022-02-20,07:20,09:35,2h 15m,135,Economy,2614.0,,,,,False
data.csv,2022_real_observations,BOM,BOM,DEL,DEL,BOM-DEL,SpiceJet,SpiceJet,,2022-02-20,10:15,12:30,2h 15m,135,Economy,2614.0,,,,,False
data.csv,2022_real_observations,BOM,BOM,DEL,DEL,BOM-DEL,IndiGo,IndiGo,,2022-02-20,13:40,15:50,2h 10m,130,Economy,2738.0,,,,,False
data.csv,2022_real_observations,BOM,BOM,DEL,DEL,BOM-DEL,Go First,Go First,,2022-02-20,06:00,08:10,2h 10m,130,Economy,2748.0,,,,,True
data.csv,2022_real_observations,BOM,BOM,DEL,DEL,BOM-DEL,IndiGo,IndiGo,,2022-02-20,11:45,14:00,2h 15m,135,Economy,2738.0,,,,,False
data.csv,2022_real_observations,BOM,BOM,DEL,DEL,BOM-DEL,Vistara,Vistara,,2022-02-20,14:40,16:55,2h 15m,135,Economy,2965.0,,,,,False
data.csv,2022_real_observations,BOM,BOM,DEL,DEL,BOM-DEL,Vistara,Vistara,,2022-02-20,07:30,09:40,2h 10m,130,Economy,3166.0,,,,,False
data.csv,2022_real_observations,BOM,BOM,DEL,DEL,BOM-DEL,Vistara,Vistara,,2022-02-20,08:45,11:00,2h 15m,135,Economy,3166.0,,,,,False
data.csv,2022_real_observations,BOM,BOM,DEL,DEL,BOM-DEL,Go First,Go First,,2022-02-20,09:55,12:10,2h 15m,135,Economy,4627.0,,,,,True
data.csv,2022_real_observations,DEL,DEL,BOM,BOM,DEL-BOM,IndiGo,IndiGo,,2022-02-20,23:35,01:45,2h 10m,130,Economy,2410.0,,,,,False
data.csv,2022_real_observations,DEL,DEL,BOM,BOM,DEL-BOM,Go First,Go First,,2022-02-20,17:00,19:05,2h 05m,125,Economy,2790.0,,,,,True
data.csv,2022_real_observations,DEL,DEL,BOM,BOM,DEL-BOM,Vistara,Vistara,,2022-02-20,15:30,17:40,2h 10m,130,Economy,3045.0,,,,,False
data.csv,2022_real_observations,DEL,DEL,BOM,BOM,DEL-BOM,Air India,Air India,,2022-02-20,18:00,20:00,2h,120,Economy,3211.0,,,,,False
data.csv,2022_real_observations,DEL,DEL,BOM,BOM,DEL-BOM,Go First,Go First,,2022-02-20,15:00,17:15,2h 15m,135,Economy,2790.0,,,,,True
data.csv,2022_real_observations,DEL,DEL,BOM,BOM,DEL-BOM,Go First,Go First,,2022-02-20,19:40,21:55,2h 15m,135,Economy,2790.0,,,,,True
data.csv,2022_real_observations,DEL,DEL,BOM,BOM,DEL-BOM,Vistara,Vistara,,2022-02-20,20:40,22:50,2h 10m,130,Economy,3141.0,,,,,False
data.csv,2022_real_observations,DEL,DEL,BOM,BOM,DEL-BOM,Go First,Go First,,2022-02-20,18:05,20:25,2h 20m,140,Economy,2790.0,,,,,True
data.csv,2022_real_observations,DEL,DEL,BOM,BOM,DEL-BOM,IndiGo,IndiGo,,2022-02-20,17:15,19:25,2h 10m,130,Economy,3001.0,,,,,False
data.csv,2022_real_observations,DEL,DEL,BOM,BOM,DEL-BOM,Go First,Go First,,2022-02-20,15:30,17:35,2h 05m,125,Economy,3088.0,,,,,True
data.csv,2022_real_observations,DEL,DEL,BOM,BOM,DEL-BOM,Go First,Go First,,2022-02-20,22:30,00:40,2h 10m,130,Economy,3088.0,,,,,True
data.csv,2022_real_observations,DEL,DEL,BOM,BOM,DEL-BOM,Vistara,Vistara,,2022-02-20,19:00,21:15,2h 15m,135,Economy,3246.0,,,,,False
data.csv,2022_real_observations,DEL,DEL,BOM,BOM,DEL-BOM,AirAsia India,AirAsia India,,2022-02-20,20:00,22:15,2h 15m,135,Economy,3051.0,,,,,False
data.csv,2022_real_observations,DEL,DEL,BOM,BOM,DEL-BOM,Vistara,Vistara,,2022-02-20,19:50,22:00,2h 10m,130,Economy,3378.0,,,,,False
data.csv,2022_real_observations,DEL,DEL,BOM,BOM,DEL-BOM,Go First,Go First,,2022-02-20,21:00,23:15,2h 15m,135,Economy,3088.0,,,,,True
data.csv,2022_real_observations,DEL,DEL,BOM,BOM,DEL-BOM,Vistara,Vistara,,2022-02-20,16:45,19:05,2h 20m,140,Economy,3246.0,,,,,False
data.csv,2022_real_observations,DEL,DEL,BOM,BOM,DEL-BOM,Vistara,Vistara,,2022-02-20,17:45,20:05,2h 20m,140,Economy,3246.0,,,,,False
data.csv,2022_real_observations,DEL,DEL,BOM,BOM,DEL-BOM,IndiGo,IndiGo,,2022-02-20,18:40,20:50,2h 10m,130,Economy,3570.0,,,,,False
data.csv,2022_real_observations,DEL,DEL,BOM,BOM,DEL-BOM,Air India,Air India,,2022-02-20,19:00,21:15,2h 15m,135,Economy,3736.0,,,,,False
data.csv,2022_real_observations,DEL,DEL,BOM,BOM,DEL-BOM,IndiGo,IndiGo,,2022-02-20,21:15,23:30,2h 15m,135,Economy,3570.0,,,,,False
data.csv,2022_real_observations,DEL,DEL,BOM,BOM,DEL-BOM,Air India,Air India,,2022-02-20,20:00,22:10,2h 10m,130,Economy,4156.0,,,,,False
data.csv,2022_real_observations,DEL,DEL,BOM,BOM,DEL-BOM,IndiGo,IndiGo,,2022-02-20,06:30,08:40,2h 10m,130,Economy,2170.0,,,,,False
data.csv,2022_real_observations,DEL,DEL,BOM,BOM,DEL-BOM,IndiGo,IndiGo,,2022-02-20,07:15,09:25,2h 10m,130,Economy,2170.0,,,,,False
data.csv,2022_real_observations,DEL,DEL,BOM,BOM,DEL-BOM,Air India,Air India,,2022-02-20,07:00,09:05,2h 05m,125,Economy,2476.0,,,,,False
data.csv,2022_real_observations,DEL,DEL,BOM,BOM,DEL-BOM,Air India,Air India,,2022-02-20,10:40,12:50,2h 10m,130,Economy,2476.0,,,,,False
data.csv,2022_real_observations,DEL,DEL,BOM,BOM,DEL-BOM,AirAsia India,AirAsia India,,2022-02-20,04:25,06:35,2h 10m,130,Economy,2155.0,,,,,False
data.csv,2022_real_observations,DEL,DEL,BOM,BOM,DEL-BOM,Air India,Air India,,2022-02-20,08:00,10:10,2h 10m,130,Economy,2476.0,,,,,False
data.csv,2022_real_observations,DEL,DEL,BOM,BOM,DEL-BOM,IndiGo,IndiGo,,2022-02-20,08:45,11:05,2h 20m,140,Economy,2170.0,,,,,False
data.csv,2022_real_observations,DEL,DEL,BOM,BOM,DEL-BOM,Air India,Air India,,2022-02-20,09:00,11:15,2h 15m,135,Economy,2476.0,,,,,False
data.csv,2022_real_observations,DEL,DEL,BOM,BOM,DEL-BOM,Go First,Go First,,2022-02-20,07:00,09:10,2h 10m,130,Economy,2410.0,,,,,True
data.csv,2022_real_observations,DEL,DEL,BOM,BOM,DEL-BOM,Go First,Go First,,2022-02-20,08:00,10:10,2h 10m,130,Economy,2410.0,,,,,True
data.csv,2022_real_observations,DEL,DEL,BOM,BOM,DEL-BOM,Vistara,Vistara,,2022-02-20,09:30,11:35,2h 05m,125,Economy,2823.0,,,,,False
data.csv,2022_real_observations,DEL,DEL,BOM,BOM,DEL-BOM,Go First,Go First,,2022-02-20,10:30,12:50,2h 20m,140,Economy,2410.0,,,,,True
data.csv,2022_real_observations,DEL,DEL,BOM,BOM,DEL-BOM,Go First,Go First,,2022-02-20,02:00,04:15,2h 15m,135,Economy,2410.0,,,,,True
data.csv,2022_real_observations,DEL,DEL,BOM,BOM,DEL-BOM,Vistara,Vistara,,2022-02-20,12:50,15:00,2h 10m,130,Economy,2823.0,,,,,False
data.csv,2022_real_observations,DEL,DEL,BOM,BOM,DEL-BOM,Vistara,Vistara,,2022-02-20,10:20,12:35,2h 15m,135,Economy,2823.0,,,,,False
data.csv,2022_real_observations,DEL,DEL,BOM,BOM,DEL-BOM,SpiceJet,SpiceJet,,2022-02-20,07:20,09:35,2h 15m,135,Economy,2621.0,,,,,False
data.csv,2022_real_observations,DEL,DEL,BOM,BOM,DEL-BOM,Go First,Go First,,2022-02-20,13:30,15:35,2h 05m,125,Economy,2790.0,,,,,True
data.csv,2022_real_observations,DEL,DEL,BOM,BOM,DEL-BOM,IndiGo,IndiGo,,2022-02-20,09:30,12:00,2h 30m,150,Economy,2410.0,,,,,False
data.csv,2022_real_observations,DEL,DEL,BOM,BOM,DEL-BOM,Vistara,Vistara,,2022-02-20,11:40,14:00,2h 20m,140,Economy,2823.0,,,,,False
data.csv,2022_real_observations,DEL,DEL,BOM,BOM,DEL-BOM,IndiGo,IndiGo,,2022-02-20,12:00,14:10,2h 10m,130,Economy,2791.0,,,,,False
data.csv,2022_real_observations,DEL,DEL,BOM,BOM,DEL-BOM,SpiceJet,SpiceJet,,2022-02-20,06:20,08:40,2h 20m,140,Economy,2621.0,,,,,False
data.csv,2022_real_observations,DEL,DEL,BOM,BOM,DEL-BOM,Vistara,Vistara,,2022-02-20,14:20,16:30,2h 10m,130,Economy,3045.0,,,,,False
data.csv,2022_real_observations,DEL,DEL,BOM,BOM,DEL-BOM,Go First,Go First,,2022-02-20,14:20,16:35,2h 15m,135,Economy,2790.0,,,,,True
data.csv,2022_real_observations,DEL,DEL,BOM,BOM,DEL-BOM,Go First,Go First,,2022-02-20,15:00,17:15,2h 15m,135,Economy,2790.0,,,,,True
data.csv,2022_real_observations,DEL,DEL,BOM,BOM,DEL-BOM,IndiGo,IndiGo,,2022-02-20,10:45,13:05,2h 20m,140,Economy,2791.0,,,,,False
data.csv,2022_real_observations,DEL,DEL,BOM,BOM,DEL-BOM,Vistara,Vistara,,2022-02-20,07:30,09:45,2h 15m,135,Economy,3246.0,,,,,False
data.csv,2022_real_observations,DEL,DEL,BOM,BOM,DEL-BOM,Vistara,Vistara,,2022-02-20,08:50,11:10,2h 20m,140,Economy,3246.0,,,,,False
data.csv,2022_real_observations,DEL,DEL,BOM,BOM,DEL-BOM,IndiGo,IndiGo,,2022-02-20,14:20,16:35,2h 15m,135,Economy,3570.0,,,,,False
data.csv,2022_real_observations,BOM,BOM,DEL,DEL,BOM-DEL,Vistara,Vistara,,2022-02-20,20:55,23:00,2h 05m,125,Economy,2496.0,,,,,False
data.csv,2022_real_observations,BOM,BOM,DEL,DEL,BOM-DEL,Go First,Go First,,2022-02-20,16:30,18:35,2h 05m,125,Economy,2339.0,,,,,True
data.csv,2022_real_observations,BOM,BOM,DEL,DEL,BOM-DEL,Vistara,Vistara,,2022-02-20,22:45,00:55,2h 10m,130,Economy,2496.0,,,,,False
data.csv,2022_real_observations,BOM,BOM,DEL,DEL,BOM-DEL,Air India,Air India,,2022-02-20,21:30,23:45,2h 15m,135,Economy,2464.0,,,,,False
data.csv,2022_real_observations,BOM,BOM,DEL,DEL,BOM-DEL,Go First,Go First,,2022-02-20,18:00,20:10,2h 10m,130,Economy,2339.0,,,,,True
data.csv,2022_real_observations,BOM,BOM,DEL,DEL,BOM-DEL,Go First,Go First,,2022-02-20,20:15,22:25,2h 10m,130,Economy,2339.0,,,,,True
data.csv,2022_real_observations,BOM,BOM,DEL,DEL,BOM-DEL,Go First,Go First,,2022-02-20,22:40,00:50,2h 10m,130,Economy,2339.0,,,,,True
data.csv,2022_real_observations,BOM,BOM,DEL,DEL,BOM-DEL,Air India,Air India,,2022-02-20,19:00,21:15,2h 15m,135,Economy,2464.0,,,,,False
data.csv,2022_real_observations,BOM,BOM,DEL,DEL,BOM-DEL,Vistara,Vistara,,2022-02-20,21:55,00:10,2h 15m,135,Economy,2496.0,,,,,False
data.csv,2022_real_observations,BOM,BOM,DEL,DEL,BOM-DEL,Go First,Go First,,2022-02-20,21:15,23:30,2h 15m,135,Economy,2339.0,,,,,True
data.csv,2022_real_observations,BOM,BOM,DEL,DEL,BOM-DEL,Go First,Go First,,2022-02-20,23:45,02:00,2h 15m,135,Economy,2339.0,,,,,True
data.csv,2022_real_observations,BOM,BOM,DEL,DEL,BOM-DEL,Air India,Air India,,2022-02-20,18:00,20:25,2h 25m,145,Economy,2464.0,,,,,False
data.csv,2022_real_observations,BOM,BOM,DEL,DEL,BOM-DEL,IndiGo,IndiGo,,2022-02-20,17:15,19:20,2h 05m,125,Economy,2738.0,,,,,False
data.csv,2022_real_observations,BOM,BOM,DEL,DEL,BOM-DEL,Air India,Air India,,2022-02-20,16:00,18:15,2h 15m,135,Economy,2779.0,,,,,False
data.csv,2022_real_observations,BOM,BOM,DEL,DEL,BOM-DEL,Vistara,Vistara,,2022-02-20,15:45,18:05,2h 20m,140,Economy,2744.0,,,,,False
data.csv,2022_real_observations,BOM,BOM,DEL,DEL,BOM-DEL,Vistara,Vistara,,2022-02-20,18:30,20:40,2h 10m,130,Economy,3050.0,,,,,False
data.csv,2022_real_observations,BOM,BOM,DEL,DEL,BOM-DEL,Vistara,Vistara,,2022-02-20,17:35,19:45,2h 10m,130,Economy,3166.0,,,,,False
data.csv,2022_real_observations,BOM,BOM,DEL,DEL,BOM-DEL,Vistara,Vistara,,2022-02-20,19:45,21:55,2h 10m,130,Economy,3166.0,,,,,False
data.csv,2022_real_observations,BOM,BOM,DEL,DEL,BOM-DEL,IndiGo,IndiGo,,2022-02-21,07:45,09:50,2h 05m,125,Economy,2235.0,,,,,False
data.csv,2022_real_observations,BOM,BOM,DEL,DEL,BOM-DEL,IndiGo,IndiGo,,2022-02-21,09:20,11:30,2h 10m,130,Economy,2235.0,,,,,False
data.csv,2022_real_observations,BOM,BOM,DEL,DEL,BOM-DEL,Go First,Go First,,2022-02-21,12:30,14:35,2h 05m,125,Economy,2322.0,,,,,True
data.csv,2022_real_observations,BOM,BOM,DEL,DEL,BOM-DEL,Go First,Go First,,2022-02-21,14:30,16:35,2h 05m,125,Economy,2322.0,,,,,True
data.csv,2022_real_observations,BOM,BOM,DEL,DEL,BOM-DEL,Air India,Air India,,2022-02-21,07:00,09:10,2h 10m,130,Economy,2464.0,,,,,False
data.csv,2022_real_observations,BOM,BOM,DEL,DEL,BOM-DEL,Go First,Go First,,2022-02-21,06:00,08:10,2h 10m,130,Economy,2322.0,,,,,True
data.csv,2022_real_observations,BOM,BOM,DEL,DEL,BOM-DEL,Go First,Go First,,2022-02-21,08:00,10:10,2h 10m,130,Economy,2322.0,,,,,True
data.csv,2022_real_observations,BOM,BOM,DEL,DEL,BOM-DEL,IndiGo,IndiGo,,2022-02-21,10:05,12:15,2h 10m,130,Economy,2339.0,,,,,False
data.csv,2022_real_observations,BOM,BOM,DEL,DEL,BOM-DEL,AirAsia India,AirAsia India,,2022-02-21,07:20,09:30,2h 10m,130,Economy,2339.0,,,,,False
data.csv,2022_real_observations,BOM,BOM,DEL,DEL,BOM-DEL,Air India,Air India,,2022-02-21,08:00,10:15,2h 15m,135,Economy,2464.0,,,,,False
data.csv,2022_real_observations,BOM,BOM,DEL,DEL,BOM-DEL,Air India,Air India,,2022-02-21,10:00,12:15,2h 15m,135,Economy,2464.0,,,,,False
data.csv,2022_real_observations,BOM,BOM,DEL,DEL,BOM-DEL,Go First,Go First,,2022-02-21,09:55,12:10,2h 15m,135,Economy,2322.0,,,,,True
data.csv,2022_real_observations,BOM,BOM,DEL,DEL,BOM-DEL,Go First,Go First,,2022-02-21,12:15,14:30,2h 15m,135,Economy,2322.0,,,,,True
data.csv,2022_real_observations,BOM,BOM,DEL,DEL,BOM-DEL,Go First,Go First,,2022-02-21,13:30,15:45,2h 15m,135,Economy,2322.0,,,,,True
data.csv,2022_real_observations,BOM,BOM,DEL,DEL,BOM-DEL,Vistara,Vistara,,2022-02-21,06:00,08:05,2h 05m,125,Economy,2717.0,,,,,False
data.csv,2022_real_observations,BOM,BOM,DEL,DEL,BOM-DEL,Vistara,Vistara,,2022-02-21,06:30,08:35,2h 05m,125,Economy,2717.0,,,,,False
data.csv,2022_real_observations,BOM,BOM,DEL,DEL,BOM-DEL,IndiGo,IndiGo,,2022-02-21,11:45,14:00,2h 15m,135,Economy,2339.0,,,,,False
data.csv,2022_real_observations,BOM,BOM,DEL,DEL,BOM-DEL,Vistara,Vistara,,2022-02-21,12:25,14:30,2h 05m,125,Economy,2744.0,,,,,False
data.csv,2022_real_observations,BOM,BOM,DEL,DEL,BOM-DEL,IndiGo,IndiGo,,2022-02-21,08:30,10:25,1h 55m,115,Economy,2738.0,,,,,False
data.csv,2022_real_observations,BOM,BOM,DEL,DEL,BOM-DEL,Vistara,Vistara,,2022-02-21,11:55,14:05,2h 10m,130,Economy,2744.0,,,,,False
data.csv,2022_real_observations,DEL,DEL,BOM,BOM,DEL-BOM,Air India,Air India,,2022-02-21,18:00,20:00,2h,120,Economy,2476.0,,,,,False
data.csv,2022_real_observations,DEL,DEL,BOM,BOM,DEL-BOM,IndiGo,IndiGo,,2022-02-21,23:35,01:45,2h 10m,130,Economy,2170.0,,,,,False
data.csv,2022_real_observations,DEL,DEL,BOM,BOM,DEL-BOM,Go First,Go First,,2022-02-21,15:30,17:35,2h 05m,125,Economy,2392.0,,,,,True
data.csv,2022_real_observations,DEL,DEL,BOM,BOM,DEL-BOM,Go First,Go First,,2022-02-21,17:00,19:05,2h 05m,125,Economy,2392.0,,,,,True
data.csv,2022_real_observations,DEL,DEL,BOM,BOM,DEL-BOM,Air India,Air India,,2022-02-21,19:00,21:15,2h 15m,135,Economy,2476.0,,,,,False
data.csv,2022_real_observations,DEL,DEL,BOM,BOM,DEL-BOM,Vistara,Vistara,,2022-02-21,20:40,22:50,2h 10m,130,Economy,2586.0,,,,,False
data.csv,2022_real_observations,DEL,DEL,BOM,BOM,DEL-BOM,Vistara,Vistara,,2022-02-21,21:40,23:50,2h 10m,130,Economy,2586.0,,,,,False
data.csv,2022_real_observations,DEL,DEL,BOM,BOM,DEL-BOM,Go First,Go First,,2022-02-21,22:30,00:40,2h 10m,130,Economy,2392.0,,,,,True
data.csv,2022_real_observations,DEL,DEL,BOM,BOM,DEL-BOM,Go First,Go First,,2022-02-21,15:00,17:15,2h 15m,135,Economy,2392.0,,,,,True
data.csv,2022_real_observations,DEL,DEL,BOM,BOM,DEL-BOM,Go First,Go First,,2022-02-21,21:00,23:15,2h 15m,135,Economy,2392.0,,,,,True
data.csv,2022_real_observations,DEL,DEL,BOM,BOM,DEL-BOM,IndiGo,IndiGo,,2022-02-21,21:15,23:30,2h 15m,135,Economy,2410.0,,,,,False
data.csv,2022_real_observations,DEL,DEL,BOM,BOM,DEL-BOM,Go First,Go First,,2022-02-21,19:40,21:55,2h 15m,135,Economy,2410.0,,,,,True
data.csv,2022_real_observations,DEL,DEL,BOM,BOM,DEL-BOM,Go First,Go First,,2022-02-21,18:05,20:25,2h 20m,140,Economy,2410.0,,,,,True
data.csv,2022_real_observations,DEL,DEL,BOM,BOM,DEL-BOM,Air India,Air India,,2022-02-21,20:00,22:10,2h 10m,130,Economy,2791.0,,,,,False
data.csv,2022_real_observations,DEL,DEL,BOM,BOM,DEL-BOM,Vistara,Vistara,,2022-02-21,15:30,17:40,2h 10m,130,Economy,2823.0,,,,,False
data.csv,2022_real_observations,DEL,DEL,BOM,BOM,DEL-BOM,Vistara,Vistara,,2022-02-21,19:50,22:00,2h 10m,130,Economy,2823.0,,,,,False
data.csv,2022_real_observations,DEL,DEL,BOM,BOM,DEL-BOM,SpiceJet,SpiceJet,,2022-02-21,18:55,21:05,2h 10m,130,Economy,2621.0,,,,,False
data.csv,2022_real_observations,DEL,DEL,BOM,BOM,DEL-BOM,IndiGo,IndiGo,,2022-02-21,18:40,20:50,2h 10m,130,Economy,2791.0,,,,,False
data.csv,2022_real_observations,DEL,DEL,BOM,BOM,DEL-BOM,IndiGo,IndiGo,,2022-02-21,17:15,19:25,2h 10m,130,Economy,2791.0,,,,,False
data.csv,2022_real_observations,DEL,DEL,BOM,BOM,DEL-BOM,SpiceJet,SpiceJet,,2022-02-21,19:45,22:05,2h 20m,140,Economy,2621.0,,,,,False
data.csv,2022_real_observations,DEL,DEL,BOM,BOM,DEL-BOM,IndiGo,IndiGo,,2022-02-21,06:30,08:40,2h 10m,130,Economy,2170.0,,,,,False
data.csv,2022_real_observations,DEL,DEL,BOM,BOM,DEL-BOM,Air India,Air India,,2022-02-21,07:00,09:05,2h 05m,125,Economy,2476.0,,,,,False
data.csv,2022_real_observations,DEL,DEL,BOM,BOM,DEL-BOM,Air India,Air India,,2022-02-21,10:40,12:50,2h 10m,130,Economy,2476.0,,,,,False
data.csv,2022_real_observations,DEL,DEL,BOM,BOM,DEL-BOM,Air India,Air India,,2022-02-21,08:00,10:10,2h 10m,130,Economy,2476.0,,,,,False
data.csv,2022_real_observations,DEL,DEL,BOM,BOM,DEL-BOM,Go First,Go First,,2022-02-21,13:30,15:35,2h 05m,125,Economy,2392.0,,,,,True
data.csv,2022_real_observations,DEL,DEL,BOM,BOM,DEL-BOM,IndiGo,IndiGo,,2022-02-21,10:45,13:05,2h 20m,140,Economy,2170.0,,,,,False
data.csv,2022_real_observations,DEL,DEL,BOM,BOM,DEL-BOM,IndiGo,IndiGo,,2022-02-21,08:45,11:05,2h 20m,140,Economy,2170.0,,,,,False
data.csv,2022_real_observations,DEL,DEL,BOM,BOM,DEL-BOM,Air India,Air India,,2022-02-21,09:00,11:15,2h 15m,135,Economy,2476.0,,,,,False
data.csv,2022_real_observations,DEL,DEL,BOM,BOM,DEL-BOM,Vistara,Vistara,,2022-02-21,05:45,07:55,2h 10m,130,Economy,2586.0,,,,,False
data.csv,2022_real_observations,DEL,DEL,BOM,BOM,DEL-BOM,Go First,Go First,,2022-02-21,07:00,09:10,2h 10m,130,Economy,2392.0,,,,,True
data.csv,2022_real_observations,DEL,DEL,BOM,BOM,DEL-BOM,IndiGo,IndiGo,,2022-02-21,07:15,09:25,2h 10m,130,Economy,2410.0,,,,,False
data.csv,2022_real_observations,DEL,DEL,BOM,BOM,DEL-BOM,Go First,Go First,,2022-02-21,08:00,10:10,2h 10m,130,Economy,2410.0,,,,,True
data.csv,2022_real_observations,DEL,DEL,BOM,BOM,DEL-BOM,Go First,Go First,,2022-02-21,14:20,16:35,2h 15m,135,Economy,2392.0,,,,,True
data.csv,2022_real_observations,DEL,DEL,BOM,BOM,DEL-BOM,Go First,Go First,,2022-02-21,15:00,17:15,2h 15m,135,Economy,2392.0,,,,,True
data.csv,2022_real_observations,DEL,DEL,BOM,BOM,DEL-BOM,IndiGo,IndiGo,,2022-02-21,14:20,16:35,2h 15m,135,Economy,2410.0,,,,,False
data.csv,2022_real_observations,DEL,DEL,BOM,BOM,DEL-BOM,IndiGo,IndiGo,,2022-02-21,09:30,12:00,2h 30m,150,Economy,2170.0,,,,,False
data.csv,2022_real_observations,DEL,DEL,BOM,BOM,DEL-BOM,Vistara,Vistara,,2022-02-21,09:30,11:35,2h 05m,125,Economy,2823.0,,,,,False
data.csv,2022_real_observations,DEL,DEL,BOM,BOM,DEL-BOM,Go First,Go First,,2022-02-21,10:30,12:50,2h 20m,140,Economy,2392.0,,,,,True
data.csv,2022_real_observations,DEL,DEL,BOM,BOM,DEL-BOM,Go First,Go First,,2022-02-21,02:00,04:15,2h 15m,135,Economy,2392.0,,,,,True
data.csv,2022_real_observations,DEL,DEL,BOM,BOM,DEL-BOM,Vistara,Vistara,,2022-02-21,12:50,15:00,2h 10m,130,Economy,2823.0,,,,,False
data.csv,2022_real_observations,BOM,BOM,DEL,DEL,BOM-DEL,AirAsia India,AirAsia India,,2022-02-21,22:55,01:00,2h 05m,125,Economy,2211.0,,,,,False
data.csv,2022_real_observations,BOM,BOM,DEL,DEL,BOM-DEL,IndiGo,IndiGo,,2022-02-21,20:30,22:35,2h 05m,125,Economy,2235.0,,,,,False
data.csv,2022_real_observations,BOM,BOM,DEL,DEL,BOM-DEL,IndiGo,IndiGo,,2022-02-21,18:30,20:35,2h 05m,125,Economy,2235.0,,,,,False
data.csv,2022_real_observations,BOM,BOM,DEL,DEL,BOM-DEL,Go First,Go First,,2022-02-21,16:30,18:35,2h 05m,125,Economy,2322.0,,,,,True
data.csv,2022_real_observations,BOM,BOM,DEL,DEL,BOM-DEL,IndiGo,IndiGo,,2022-02-21,17:15,19:20,2h 05m,125,Economy,2339.0,,,,,False
data.csv,2022_real_observations,BOM,BOM,DEL,DEL,BOM-DEL,Go First,Go First,,2022-02-21,18:00,20:10,2h 10m,130,Economy,2322.0,,,,,True
data.csv,2022_real_observations,BOM,BOM,DEL,DEL,BOM-DEL,Go First,Go First,,2022-02-21,20:15,22:25,2h 10m,130,Economy,2322.0,,,,,True
data.csv,2022_real_observations,BOM,BOM,DEL,DEL,BOM-DEL,Go First,Go First,,2022-02-21,22:40,00:50,2h 10m,130,Economy,2322.0,,,,,True
data.csv,2022_real_observations,BOM,BOM,DEL,DEL,BOM-DEL,Go First,Go First,,2022-02-21,21:15,23:30,2h 15m,135,Economy,2322.0,,,,,True
data.csv,2022_real_observations,BOM,BOM,DEL,DEL,BOM-DEL,Go First,Go First,,2022-02-21,23:45,02:00,2h 15m,135,Economy,2322.0,,,,,True
data.csv,2022_real_observations,BOM,BOM,DEL,DEL,BOM-DEL,SpiceJet,SpiceJet,,2022-02-21,21:45,23:55,2h 10m,130,Economy,2614.0,,,,,False
data.csv,2022_real_observations,BOM,BOM,DEL,DEL,BOM-DEL,SpiceJet,SpiceJet,,2022-02-21,19:25,21:50,2h 25m,145,Economy,2614.0,,,,,False
data.csv,2022_real_observations,BOM,BOM,DEL,DEL,BOM-DEL,IndiGo,IndiGo,,2022-02-22,07:45,09:50,2h 05m,125,Economy,2235.0,,,,,False
data.csv,2022_real_observations,BOM,BOM,DEL,DEL,BOM-DEL,Vistara,Vistara,,2022-02-22,06:00,08:05,2h 05m,125,Economy,2496.0,,,,,False
data.csv,2022_real_observations,BOM,BOM,DEL,DEL,BOM-DEL,Vistara,Vistara,,2022-02-22,06:30,08:35,2h 05m,125,Economy,2496.0,,,,,False
data.csv,2022_real_observations,BOM,BOM,DEL,DEL,BOM-DEL,IndiGo,IndiGo,,2022-02-22,09:20,11:30,2h 10m,130,Economy,2235.0,,,,,False
data.csv,2022_real_observations,BOM,BOM,DEL,DEL,BOM-DEL,Air India,Air India,,2022-02-22,07:00,09:10,2h 10m,130,Economy,2464.0,,,,,False
data.csv,2022_real_observations,BOM,BOM,DEL,DEL,BOM-DEL,IndiGo,IndiGo,,2022-02-22,11:45,14:00,2h 15m,135,Economy,2235.0,,,,,False
data.csv,2022_real_observations,BOM,BOM,DEL,DEL,BOM-DEL,IndiGo,IndiGo,,2022-02-22,13:40,15:50,2h 10m,130,Economy,2339.0,,,,,False
data.csv,2022_real_observations,BOM,BOM,DEL,DEL,BOM-DEL,IndiGo,IndiGo,,2022-02-22,10:05,12:15,2h 10m,130,Economy,2339.0,,,,,False
data.csv,2022_real_observations,BOM,BOM,DEL,DEL,BOM-DEL,Air India,Air India,,2022-02-22,08:00,10:15,2h 15m,135,Economy,2464.0,,,,,False
data.csv,2022_real_observations,BOM,BOM,DEL,DEL,BOM-DEL,Air India,Air India,,2022-02-22,10:00,12:15,2h 15m,135,Economy,2464.0,,,,,False
data.csv,2022_real_observations,BOM,BOM,DEL,DEL,BOM-DEL,IndiGo,IndiGo,,2022-02-22,07:05,09:20,2h 15m,135,Economy,2339.0,,,,,False
data.csv,2022_real_observations,BOM,BOM,DEL,DEL,BOM-DEL,Vistara,Vistara,,2022-02-22,12:25,14:30,2h 05m,125,Economy,2744.0,,,,,False
data.csv,2022_real_observations,BOM,BOM,DEL,DEL,BOM-DEL,IndiGo,IndiGo,,2022-02-22,08:30,10:25,1h 55m,115,Economy,2738.0,,,,,False
data.csv,2022_real_observations,BOM,BOM,DEL,DEL,BOM-DEL,Vistara,Vistara,,2022-02-22,11:55,14:05,2h 10m,130,Economy,2744.0,,,,,False
data.csv,2022_real_observations,BOM,BOM,DEL,DEL,BOM-DEL,Vistara,Vistara,,2022-02-22,10:25,12:40,2h 15m,135,Economy,2744.0,,,,,False
data.csv,2022_real_observations,BOM,BOM,DEL,DEL,BOM-DEL,Vistara,Vistara,,2022-02-22,14:40,16:55,2h 15m,135,Economy,2744.0,,,,,False
data.csv,2022_real_observations,BOM,BOM,DEL,DEL,BOM-DEL,Vistara,Vistara,,2022-02-22,07:30,09:40,2h 10m,130,Economy,3166.0,,,,,False
data.csv,2022_real_observations,BOM,BOM,DEL,DEL,BOM-DEL,Vistara,Vistara,,2022-02-22,08:45,11:00,2h 15m,135,Economy,3166.0,,,,,False
data.csv,2022_real_observations,DEL,DEL,BOM,BOM,DEL-BOM,Air India,Air India,,2022-02-22,18:00,20:00,2h,120,Economy,2476.0,,,,,False
data.csv,2022_real_observations,DEL,DEL,BOM,BOM,DEL-BOM,IndiGo,IndiGo,,2022-02-22,23:35,01:45,2h 10m,130,Economy,2170.0,,,,,False
data.csv,2022_real_observations,DEL,DEL,BOM,BOM,DEL-BOM,Air India,Air India,,2022-02-22,19:00,21:15,2h 15m,135,Economy,2476.0,,,,,False
data.csv,2022_real_observations,DEL,DEL,BOM,BOM,DEL-BOM,Vistara,Vistara,,2022-02-22,20:40,22:50,2h 10m,130,Economy,2586.0,,,,,False
data.csv,2022_real_observations,DEL,DEL,BOM,BOM,DEL-BOM,Vistara,Vistara,,2022-02-22,21:40,23:50,2h 10m,130,Economy,2586.0,,,,,False
data.csv,2022_real_observations,DEL,DEL,BOM,BOM,DEL-BOM,IndiGo,IndiGo,,2022-02-22,18:40,20:50,2h 10m,130,Economy,2410.0,,,,,False
data.csv,2022_real_observations,DEL,DEL,BOM,BOM,DEL-BOM,IndiGo,IndiGo,,2022-02-22,21:15,23:30,2h 15m,135,Economy,2410.0,,,,,False
data.csv,2022_real_observations,DEL,DEL,BOM,BOM,DEL-BOM,Air India,Air India,,2022-02-22,20:00,22:10,2h 10m,130,Economy,2791.0,,,,,False
data.csv,2022_real_observations,DEL,DEL,BOM,BOM,DEL-BOM,Vistara,Vistara,,2022-02-22,15:30,17:40,2h 10m,130,Economy,2823.0,,,,,False
data.csv,2022_real_observations,DEL,DEL,BOM,BOM,DEL-BOM,Vistara,Vistara,,2022-02-22,19:50,22:00,2h 10m,130,Economy,2823.0,,,,,False
data.csv,2022_real_observations,DEL,DEL,BOM,BOM,DEL-BOM,IndiGo,IndiGo,,2022-02-22,17:15,19:25,2h 10m,130,Economy,2791.0,,,,,False
data.csv,2022_real_observations,DEL,DEL,BOM,BOM,DEL-BOM,Vistara,Vistara,,2022-02-22,19:00,21:15,2h 15m,135,Economy,3246.0,,,,,False
data.csv,2022_real_observations,DEL,DEL,BOM,BOM,DEL-BOM,Vistara,Vistara,,2022-02-22,16:45,19:05,2h 20m,140,Economy,3246.0,,,,,False
data.csv,2022_real_observations,DEL,DEL,BOM,BOM,DEL-BOM,Vistara,Vistara,,2022-02-22,17:45,20:05,2h 20m,140,Economy,3246.0,,,,,False
data.csv,2022_real_observations,DEL,DEL,BOM,BOM,DEL-BOM,IndiGo,IndiGo,,2022-02-22,07:15,09:25,2h 10m,130,Economy,2170.0,,,,,False
data.csv,2022_real_observations,DEL,DEL,BOM,BOM,DEL-BOM,IndiGo,IndiGo,,2022-02-22,06:30,08:40,2h 10m,130,Economy,2170.0,,,,,False
data.csv,2022_real_observations,DEL,DEL,BOM,BOM,DEL-BOM,Air India,Air India,,2022-02-22,07:00,09:05,2h 05m,125,Economy,2476.0,,,,,False
data.csv,2022_real_observations,DEL,DEL,BOM,BOM,DEL-BOM,Air India,Air India,,2022-02-22,10:40,12:50,2h 10m,130,Economy,2476.0,,,,,False
data.csv,2022_real_observations,DEL,DEL,BOM,BOM,DEL-BOM,AirAsia India,AirAsia India,,2022-02-22,04:25,06:35,2h 10m,130,Economy,2155.0,,,,,False
data.csv,2022_real_observations,DEL,DEL,BOM,BOM,DEL-BOM,Go First,Go First,,2022-02-22,13:30,15:35,2h 05m,125,Economy,2354.0,,,,,True
data.csv,2022_real_observations,DEL,DEL,BOM,BOM,DEL-BOM,Air India,Air India,,2022-02-22,08:00,10:10,2h 10m,130,Economy,2476.0,,,,,False
data.csv,2022_real_observations,DEL,DEL,BOM,BOM,DEL-BOM,IndiGo,IndiGo,,2022-02-22,08:45,11:05,2h 20m,140,Economy,2170.0,,,,,False
data.csv,2022_real_observations,DEL,DEL,BOM,BOM,DEL-BOM,IndiGo,IndiGo,,2022-02-22,10:45,13:05,2h 20m,140,Economy,2170.0,,,,,False
data.csv,2022_real_observations,DEL,DEL,BOM,BOM,DEL-BOM,Go First,Go First,,2022-02-22,07:00,09:10,2h 10m,130,Economy,2354.0,,,,,True
data.csv,2022_real_observations,DEL,DEL,BOM,BOM,DEL-BOM,Go First,Go First,,2022-02-22,08:00,10:10,2h 10m,130,Economy,2354.0,,,,,True
data.csv,2022_real_observations,DEL,DEL,BOM,BOM,DEL-BOM,Air India,Air India,,2022-02-22,09:00,11:15,2h 15m,135,Economy,2476.0,,,,,False
data.csv,2022_real_observations,DEL,DEL,BOM,BOM,DEL-BOM,Vistara,Vistara,,2022-02-22,05:45,07:55,2h 10m,130,Economy,2586.0,,,,,False
data.csv,2022_real_observations,DEL,DEL,BOM,BOM,DEL-BOM,IndiGo,IndiGo,,2022-02-22,12:00,14:10,2h 10m,130,Economy,2410.0,,,,,False
data.csv,2022_real_observations,DEL,DEL,BOM,BOM,DEL-BOM,Go First,Go First,,2022-02-22,14:20,16:35,2h 15m,135,Economy,2354.0,,,,,True
data.csv,2022_real_observations,DEL,DEL,BOM,BOM,DEL-BOM,Go First,Go First,,2022-02-22,15:00,17:15,2h 15m,135,Economy,2354.0,,,,,True
data.csv,2022_real_observations,DEL,DEL,BOM,BOM,DEL-BOM,IndiGo,IndiGo,,2022-02-22,14:20,16:35,2h 15m,135,Economy,2410.0,,,,,False
data.csv,2022_real_observations,DEL,DEL,BOM,BOM,DEL-BOM,IndiGo,IndiGo,,2022-02-22,09:30,12:00,2h 30m,150,Economy,2170.0,,,,,False
data.csv,2022_real_observations,DEL,DEL,BOM,BOM,DEL-BOM,Go First,Go First,,2022-02-22,10:30,12:50,2h 20m,140,Economy,2354.0,,,,,True
data.csv,2022_real_observations,DEL,DEL,BOM,BOM,DEL-BOM,Vistara,Vistara,,2022-02-22,09:30,11:35,2h 05m,125,Economy,2823.0,,,,,False
data.csv,2022_real_observations,DEL,DEL,BOM,BOM,DEL-BOM,Go First,Go First,,2022-02-22,02:00,04:15,2h 15m,135,Economy,2354.0,,,,,True
data.csv,2022_real_observations,DEL,DEL,BOM,BOM,DEL-BOM,Vistara,Vistara,,2022-02-22,12:50,15:00,2h 10m,130,Economy,2823.0,,,,,False
data.csv,2022_real_observations,DEL,DEL,BOM,BOM,DEL-BOM,Vistara,Vistara,,2022-02-22,14:20,16:30,2h 10m,130,Economy,2823.0,,,,,False
data.csv,2022_real_observations,DEL,DEL,BOM,BOM,DEL-BOM,Vistara,Vistara,,2022-02-22,10:20,12:35,2h 15m,135,Economy,2823.0,,,,,False
data.csv,2022_real_observations,DEL,DEL,BOM,BOM,DEL-BOM,Vistara,Vistara,,2022-02-22,11:40,14:00,2h 20m,140,Economy,2823.0,,,,,False
data.csv,2022_real_observations,DEL,DEL,BOM,BOM,DEL-BOM,Vistara,Vistara,,2022-02-22,07:30,09:45,2h 15m,135,Economy,3246.0,,,,,False
data.csv,2022_real_observations,DEL,DEL,BOM,BOM,DEL-BOM,Vistara,Vistara,,2022-02-22,08:50,11:10,2h 20m,140,Economy,3246.0,,,,,False
data.csv,2022_real_observations,BOM,BOM,DEL,DEL,BOM-DEL,IndiGo,IndiGo,,2022-02-22,19:35,21:25,1h 50m,110,Economy,2339.0,,,,,False
data.csv,2022_real_observations,BOM,BOM,DEL,DEL,BOM-DEL,AirAsia India,AirAsia India,,2022-02-22,22:55,01:00,2h 05m,125,Economy,2211.0,,,,,False
data.csv,2022_real_observations,BOM,BOM,DEL,DEL,BOM-DEL,IndiGo,IndiGo,,2022-02-22,18:30,20:35,2h 05m,125,Economy,2235.0,,,,,False
data.csv,2022_real_observations,BOM,BOM,DEL,DEL,BOM-DEL,IndiGo,IndiGo,,2022-02-22,20:30,22:35,2h 05m,125,Economy,2235.0,,,,,False
data.csv,2022_real_observations,BOM,BOM,DEL,DEL,BOM-DEL,Go First,Go First,,2022-02-22,16:30,18:35,2h 05m,125,Economy,2285.0,,,,,True
data.csv,2022_real_observations,BOM,BOM,DEL,DEL,BOM-DEL,Vistara,Vistara,,2022-02-22,20:55,23:00,2h 05m,125,Economy,2496.0,,,,,False
data.csv,2022_real_observations,BOM,BOM,DEL,DEL,BOM-DEL,IndiGo,IndiGo,,2022-02-22,17:15,19:20,2h 05m,125,Economy,2339.0,,,,,False
data.csv,2022_real_observations,BOM,BOM,DEL,DEL,BOM-DEL,Vistara,Vistara,,2022-02-22,18:30,20:40,2h 10m,130,Economy,2496.0,,,,,False
data.csv,2022_real_observations,BOM,BOM,DEL,DEL,BOM-DEL,Vistara,Vistara,,2022-02-22,22:45,00:55,2h 10m,130,Economy,2496.0,,,,,False
data.csv,2022_real_observations,BOM,BOM,DEL,DEL,BOM-DEL,Go First,Go First,,2022-02-22,18:00,20:10,2h 10m,130,Economy,2285.0,,,,,True
data.csv,2022_real_observations,BOM,BOM,DEL,DEL,BOM-DEL,Go First,Go First,,2022-02-22,20:15,22:25,2h 10m,130,Economy,2285.0,,,,,True
data.csv,2022_real_observations,BOM,BOM,DEL,DEL,BOM-DEL,Go First,Go First,,2022-02-22,22:40,00:50,2h 10m,130,Economy,2285.0,,,,,True
data.csv,2022_real_observations,BOM,BOM,DEL,DEL,BOM-DEL,Air India,Air India,,2022-02-22,21:30,23:45,2h 15m,135,Economy,2464.0,,,,,False
data.csv,2022_real_observations,BOM,BOM,DEL,DEL,BOM-DEL,Air India,Air India,,2022-02-22,16:00,18:15,2h 15m,135,Economy,2464.0,,,,,False
data.csv,2022_real_observations,BOM,BOM,DEL,DEL,BOM-DEL,Air India,Air India,,2022-02-22,19:00,21:15,2h 15m,135,Economy,2464.0,,,,,False
data.csv,2022_real_observations,BOM,BOM,DEL,DEL,BOM-DEL,Vistara,Vistara,,2022-02-22,21:55,00:10,2h 15m,135,Economy,2496.0,,,,,False
data.csv,2022_real_observations,BOM,BOM,DEL,DEL,BOM-DEL,Go First,Go First,,2022-02-22,21:15,23:30,2h 15m,135,Economy,2285.0,,,,,True
data.csv,2022_real_observations,BOM,BOM,DEL,DEL,BOM-DEL,Go First,Go First,,2022-02-22,23:45,02:00,2h 15m,135,Economy,2285.0,,,,,True
data.csv,2022_real_observations,BOM,BOM,DEL,DEL,BOM-DEL,Air India,Air India,,2022-02-22,18:00,20:25,2h 25m,145,Economy,2464.0,,,,,False
data.csv,2022_real_observations,BOM,BOM,DEL,DEL,BOM-DEL,Vistara,Vistara,,2022-02-22,15:45,18:05,2h 20m,140,Economy,2744.0,,,,,False
data.csv,2022_real_observations,BOM,BOM,DEL,DEL,BOM-DEL,Vistara,Vistara,,2022-02-22,17:35,19:45,2h 10m,130,Economy,3166.0,,,,,False
data.csv,2022_real_observations,BOM,BOM,DEL,DEL,BOM-DEL,Vistara,Vistara,,2022-02-22,19:45,21:55,2h 10m,130,Economy,3166.0,,,,,False
data.csv,2022_real_observations,BOM,BOM,DEL,DEL,BOM-DEL,IndiGo,IndiGo,,2022-02-23,08:30,10:25,1h 55m,115,Economy,2339.0,,,,,False
data.csv,2022_real_observations,BOM,BOM,DEL,DEL,BOM-DEL,IndiGo,IndiGo,,2022-02-23,07:45,09:50,2h 05m,125,Economy,2235.0,,,,,False
data.csv,2022_real_observations,BOM,BOM,DEL,DEL,BOM-DEL,Vistara,Vistara,,2022-02-23,06:00,08:05,2h 05m,125,Economy,2496.0,,,,,False
data.csv,2022_real_observations,BOM,BOM,DEL,DEL,BOM-DEL,Vistara,Vistara,,2022-02-23,06:30,08:35,2h 05m,125,Economy,2496.0,,,,,False
data.csv,2022_real_observations,BOM,BOM,DEL,DEL,BOM-DEL,AirAsia India,AirAsia India,,2022-02-23,07:20,09:30,2h 10m,130,Economy,2211.0,,,,,False
data.csv,2022_real_observations,BOM,BOM,DEL,DEL,BOM-DEL,Go First,Go First,,2022-02-23,12:30,14:35,2h 05m,125,Economy,2304.0,,,,,True
data.csv,2022_real_observations,BOM,BOM,DEL,DEL,BOM-DEL,Go First,Go First,,2022-02-23,14:30,16:35,2h 05m,125,Economy,2304.0,,,,,True
data.csv,2022_real_observations,BOM,BOM,DEL,DEL,BOM-DEL,IndiGo,IndiGo,,2022-02-23,09:20,11:30,2h 10m,130,Economy,2235.0,,,,,False
data.csv,2022_real_observations,BOM,BOM,DEL,DEL,BOM-DEL,Go First,Go First,,2022-02-23,06:00,08:10,2h 10m,130,Economy,2304.0,,,,,True
data.csv,2022_real_observations,BOM,BOM,DEL,DEL,BOM-DEL,Go First,Go First,,2022-02-23,08:00,10:10,2h 10m,130,Economy,2304.0,,,,,True
data.csv,2022_real_observations,BOM,BOM,DEL,DEL,BOM-DEL,IndiGo,IndiGo,,2022-02-23,07:05,09:20,2h 15m,135,Economy,2235.0,,,,,False
data.csv,2022_real_observations,BOM,BOM,DEL,DEL,BOM-DEL,IndiGo,IndiGo,,2022-02-23,11:45,14:00,2h 15m,135,Economy,2235.0,,,,,False
data.csv,2022_real_observations,BOM,BOM,DEL,DEL,BOM-DEL,IndiGo,IndiGo,,2022-02-23,10:05,12:15,2h 10m,130,Economy,2339.0,,,,,False
data.csv,2022_real_observations,BOM,BOM,DEL,DEL,BOM-DEL,IndiGo,IndiGo,,2022-02-23,13:40,15:50,2h 10m,130,Economy,2339.0,,,,,False
data.csv,2022_real_observations,BOM,BOM,DEL,DEL,BOM-DEL,Air India,Air India,,2022-02-23,08:00,10:15,2h 15m,135,Economy,2464.0,,,,,False
data.csv,2022_real_observations,BOM,BOM,DEL,DEL,BOM-DEL,Air India,Air India,,2022-02-23,10:00,12:15,2h 15m,135,Economy,2464.0,,,,,False
data.csv,2022_real_observations,BOM,BOM,DEL,DEL,BOM-DEL,Go First,Go First,,2022-02-23,09:55,12:10,2h 15m,135,Economy,2304.0,,,,,True
data.csv,2022_real_observations,BOM,BOM,DEL,DEL,BOM-DEL,Go First,Go First,,2022-02-23,12:15,14:30,2h 15m,135,Economy,2304.0,,,,,True
data.csv,2022_real_observations,BOM,BOM,DEL,DEL,BOM-DEL,Go First,Go First,,2022-02-23,13:30,15:45,2h 15m,135,Economy,2304.0,,,,,True
data.csv,2022_real_observations,BOM,BOM,DEL,DEL,BOM-DEL,SpiceJet,SpiceJet,,2022-02-23,07:20,09:35,2h 15m,135,Economy,2339.0,,,,,False
data.csv,2022_real_observations,DEL,DEL,BOM,BOM,DEL-BOM,Air India,Air India,,2022-02-23,18:00,20:00,2h,120,Economy,2476.0,,,,,False
data.csv,2022_real_observations,DEL,DEL,BOM,BOM,DEL-BOM,IndiGo,IndiGo,,2022-02-23,23:35,01:45,2h 10m,130,Economy,2170.0,,,,,False
data.csv,2022_real_observations,DEL,DEL,BOM,BOM,DEL-BOM,AirAsia India,AirAsia India,,2022-02-23,20:00,22:15,2h 15m,135,Economy,2155.0,,,,,False
data.csv,2022_real_observations,DEL,DEL,BOM,BOM,DEL-BOM,Air India,Air India,,2022-02-23,20:00,22:10,2h 10m,130,Economy,2476.0,,,,,False
data.csv,2022_real_observations,DEL,DEL,BOM,BOM,DEL-BOM,Go First,Go First,,2022-02-23,15:30,17:35,2h 05m,125,Economy,2372.0,,,,,True
data.csv,2022_real_observations,DEL,DEL,BOM,BOM,DEL-BOM,Go First,Go First,,2022-02-23,17:00,19:05,2h 05m,125,Economy,2372.0,,,,,True
data.csv,2022_real_observations,DEL,DEL,BOM,BOM,DEL-BOM,Air India,Air India,,2022-02-23,19:00,21:15,2h 15m,135,Economy,2476.0,,,,,False
data.csv,2022_real_observations,DEL,DEL,BOM,BOM,DEL-BOM,Vistara,Vistara,,2022-02-23,20:40,22:50,2h 10m,130,Economy,2586.0,,,,,False
data.csv,2022_real_observations,DEL,DEL,BOM,BOM,DEL-BOM,Vistara,Vistara,,2022-02-23,21:40,23:50,2h 10m,130,Economy,2586.0,,,,,False
data.csv,2022_real_observations,DEL,DEL,BOM,BOM,DEL-BOM,IndiGo,IndiGo,,2022-02-23,17:15,19:25,2h 10m,130,Economy,2410.0,,,,,False
data.csv,2022_real_observations,DEL,DEL,BOM,BOM,DEL-BOM,IndiGo,IndiGo,,2022-02-23,18:40,20:50,2h 10m,130,Economy,2410.0,,,,,False
data.csv,2022_real_observations,DEL,DEL,BOM,BOM,DEL-BOM,Go First,Go First,,2022-02-23,15:00,17:15,2h 15m,135,Economy,2372.0,,,,,True
data.csv,2022_real_observations,DEL,DEL,BOM,BOM,DEL-BOM,Go First,Go First,,2022-02-23,19:40,21:55,2h 15m,135,Economy,2372.0,,,,,True
data.csv,2022_real_observations,DEL,DEL,BOM,BOM,DEL-BOM,Go First,Go First,,2022-02-23,21:00,23:15,2h 15m,135,Economy,2372.0,,,,,True
data.csv,2022_real_observations,DEL,DEL,BOM,BOM,DEL-BOM,IndiGo,IndiGo,,2022-02-23,21:15,23:30,2h 15m,135,Economy,2410.0,,,,,False
data.csv,2022_real_observations,DEL,DEL,BOM,BOM,DEL-BOM,Go First,Go First,,2022-02-23,18:05,20:25,2h 20m,140,Economy,2372.0,,,,,True
data.csv,2022_real_observations,DEL,DEL,BOM,BOM,DEL-BOM,Vistara,Vistara,,2022-02-23,15:30,17:40,2h 10m,130,Economy,2823.0,,,,,False
data.csv,2022_real_observations,DEL,DEL,BOM,BOM,DEL-BOM,Vistara,Vistara,,2022-02-23,19:50,22:00,2h 10m,130,Economy,2823.0,,,,,False
data.csv,2022_real_observations,DEL,DEL,BOM,BOM,DEL-BOM,SpiceJet,SpiceJet,,2022-02-23,18:55,21:05,2h 10m,130,Economy,2621.0,,,,,False
data.csv,2022_real_observations,DEL,DEL,BOM,BOM,DEL-BOM,SpiceJet,SpiceJet,,2022-02-23,19:45,22:05,2h 20m,140,Economy,2621.0,,,,,False
data.csv,2022_real_observations,DEL,DEL,BOM,BOM,DEL-BOM,Air India,Air India,,2022-02-23,07:00,09:05,2h 05m,125,Economy,2476.0,,,,,False
data.csv,2022_real_observations,DEL,DEL,BOM,BOM,DEL-BOM,Air India,Air India,,2022-02-23,08:00,10:10,2h 10m,130,Economy,2476.0,,,,,False
data.csv,2022_real_observations,DEL,DEL,BOM,BOM,DEL-BOM,Go First,Go First,,2022-02-23,13:30,15:35,2h 05m,125,Economy,2372.0,,,,,True
data.csv,2022_real_observations,DEL,DEL,BOM,BOM,DEL-BOM,Air India,Air India,,2022-02-23,09:00,11:15,2h 15m,135,Economy,2476.0,,,,,False
data.csv,2022_real_observations,DEL,DEL,BOM,BOM,DEL-BOM,Vistara,Vistara,,2022-02-23,05:45,07:55,2h 10m,130,Economy,2586.0,,,,,False
data.csv,2022_real_observations,DEL,DEL,BOM,BOM,DEL-BOM,Go First,Go First,,2022-02-23,07:00,09:10,2h 10m,130,Economy,2372.0,,,,,True
data.csv,2022_real_observations,DEL,DEL,BOM,BOM,DEL-BOM,Go First,Go First,,2022-02-23,08:00,10:10,2h 10m,130,Economy,2372.0,,,,,True
data.csv,2022_real_observations,DEL,DEL,BOM,BOM,DEL-BOM,IndiGo,IndiGo,,2022-02-23,12:00,14:10,2h 10m,130,Economy,2410.0,,,,,False
data.csv,2022_real_observations,DEL,DEL,BOM,BOM,DEL-BOM,Go First,Go First,,2022-02-23,14:20,16:35,2h 15m,135,Economy,2372.0,,,,,True
data.csv,2022_real_observations,DEL,DEL,BOM,BOM,DEL-BOM,Go First,Go First,,2022-02-23,15:00,17:15,2h 15m,135,Economy,2372.0,,,,,True
data.csv,2022_real_observations,DEL,DEL,BOM,BOM,DEL-BOM,Vistara,Vistara,,2022-02-23,09:30,11:35,2h 05m,125,Economy,2823.0,,,,,False
data.csv,2022_real_observations,DEL,DEL,BOM,BOM,DEL-BOM,Go First,Go First,,2022-02-23,10:30,12:50,2h 20m,140,Economy,2372.0,,,,,True
data.csv,2022_real_observations,DEL,DEL,BOM,BOM,DEL-BOM,Go First,Go First,,2022-02-23,02:00,04:15,2h 15m,135,Economy,2372.0,,,,,True
data.csv,2022_real_observations,DEL,DEL,BOM,BOM,DEL-BOM,Vistara,Vistara,,2022-02-23,12:50,15:00,2h 10m,130,Economy,2823.0,,,,,False
data.csv,2022_real_observations,DEL,DEL,BOM,BOM,DEL-BOM,Vistara,Vistara,,2022-02-23,14:20,16:30,2h 10m,130,Economy,2823.0,,,,,False
data.csv,2022_real_observations,DEL,DEL,BOM,BOM,DEL-BOM,Vistara,Vistara,,2022-02-23,10:20,12:35,2h 15m,135,Economy,2823.0,,,,,False
data.csv,2022_real_observations,DEL,DEL,BOM,BOM,DEL-BOM,SpiceJet,SpiceJet,,2022-02-23,07:20,09:35,2h 15m,135,Economy,2621.0,,,,,False
data.csv,2022_real_observations,DEL,DEL,BOM,BOM,DEL-BOM,Vistara,Vistara,,2022-02-23,11:40,14:00,2h 20m,140,Economy,2823.0,,,,,False
data.csv,2022_real_observations,DEL,DEL,BOM,BOM,DEL-BOM,SpiceJet,SpiceJet,,2022-02-23,06:20,08:40,2h 20m,140,Economy,2621.0,,,,,False
data.csv,2022_real_observations,DEL,DEL,BOM,BOM,DEL-BOM,IndiGo,IndiGo,,2022-02-23,14:20,16:35,2h 15m,135,Economy,2791.0,,,,,False
data.csv,2022_real_observations,DEL,DEL,BOM,BOM,DEL-BOM,Vistara,Vistara,,2022-02-23,07:30,09:45,2h 15m,135,Economy,3246.0,,,,,False
data.csv,2022_real_observations,DEL,DEL,BOM,BOM,DEL-BOM,Vistara,Vistara,,2022-02-23,08:50,11:10,2h 20m,140,Economy,3246.0,,,,,False
data.csv,2022_real_observations,BOM,BOM,DEL,DEL,BOM-DEL,Vistara,Vistara,,2022-02-23,20:55,23:00,2h 05m,125,Economy,2496.0,,,,,False
data.csv,2022_real_observations,BOM,BOM,DEL,DEL,BOM-DEL,Vistara,Vistara,,2022-02-23,18:30,20:40,2h 10m,130,Economy,2496.0,,,,,False
data.csv,2022_real_observations,BOM,BOM,DEL,DEL,BOM-DEL,Vistara,Vistara,,2022-02-23,22:45,00:55,2h 10m,130,Economy,2496.0,,,,,False
data.csv,2022_real_observations,BOM,BOM,DEL,DEL,BOM-DEL,Air India,Air India,,2022-02-23,21:30,23:45,2h 15m,135,Economy,2464.0,,,,,False
data.csv,2022_real_observations,BOM,BOM,DEL,DEL,BOM-DEL,Air India,Air India,,2022-02-23,16:00,18:15,2h 15m,135,Economy,2464.0,,,,,False
data.csv,2022_real_observations,BOM,BOM,DEL,DEL,BOM-DEL,Air India,Air India,,2022-02-23,19:00,21:15,2h 15m,135,Economy,2464.0,,,,,False
data.csv,2022_real_observations,BOM,BOM,DEL,DEL,BOM-DEL,Vistara,Vistara,,2022-02-23,21:55,00:10,2h 15m,135,Economy,2496.0,,,,,False
data.csv,2022_real_observations,BOM,BOM,DEL,DEL,BOM-DEL,Air India,Air India,,2022-02-23,18:00,20:25,2h 25m,145,Economy,2464.0,,,,,False
data.csv,2022_real_observations,BOM,BOM,DEL,DEL,BOM-DEL,Vistara,Vistara,,2022-02-23,15:45,18:05,2h 20m,140,Economy,2744.0,,,,,False
data.csv,2022_real_observations,BOM,BOM,DEL,DEL,BOM-DEL,SpiceJet,SpiceJet,,2022-02-23,19:25,21:50,2h 25m,145,Economy,2614.0,,,,,False
data.csv,2022_real_observations,BOM,BOM,DEL,DEL,BOM-DEL,Vistara,Vistara,,2022-02-23,17:35,19:45,2h 10m,130,Economy,3166.0,,,,,False
data.csv,2022_real_observations,BOM,BOM,DEL,DEL,BOM-DEL,Vistara,Vistara,,2022-02-23,19:45,21:55,2h 10m,130,Economy,3166.0,,,,,False
data.csv,2022_real_observations,BOM,BOM,DEL,DEL,BOM-DEL,IndiGo,IndiGo,,2022-02-24,08:30,10:25,1h 55m,115,Economy,2339.0,,,,,False
data.csv,2022_real_observations,BOM,BOM,DEL,DEL,BOM-DEL,IndiGo,IndiGo,,2022-02-24,07:45,09:50,2h 05m,125,Economy,2235.0,,,,,False
data.csv,2022_real_observations,BOM,BOM,DEL,DEL,BOM-DEL,Go First,Go First,,2022-02-24,12:30,14:35,2h 05m,125,Economy,2285.0,,,,,True
data.csv,2022_real_observations,BOM,BOM,DEL,DEL,BOM-DEL,Go First,Go First,,2022-02-24,14:30,16:35,2h 05m,125,Economy,2285.0,,,,,True
data.csv,2022_real_observations,BOM,BOM,DEL,DEL,BOM-DEL,IndiGo,IndiGo,,2022-02-24,09:20,11:30,2h 10m,130,Economy,2235.0,,,,,False
data.csv,2022_real_observations,BOM,BOM,DEL,DEL,BOM-DEL,Go First,Go First,,2022-02-24,06:00,08:10,2h 10m,130,Economy,2285.0,,,,,True
data.csv,2022_real_observations,BOM,BOM,DEL,DEL,BOM-DEL,IndiGo,IndiGo,,2022-02-24,11:45,14:00,2h 15m,135,Economy,2235.0,,,,,False
data.csv,2022_real_observations,BOM,BOM,DEL,DEL,BOM-DEL,IndiGo,IndiGo,,2022-02-24,07:05,09:20,2h 15m,135,Economy,2235.0,,,,,False
data.csv,2022_real_observations,BOM,BOM,DEL,DEL,BOM-DEL,IndiGo,IndiGo,,2022-02-24,13:40,15:50,2h 10m,130,Economy,2339.0,,,,,False
data.csv,2022_real_observations,BOM,BOM,DEL,DEL,BOM-DEL,IndiGo,IndiGo,,2022-02-24,10:05,12:15,2h 10m,130,Economy,2339.0,,,,,False
data.csv,2022_real_observations,BOM,BOM,DEL,DEL,BOM-DEL,AirAsia India,AirAsia India,,2022-02-24,07:20,09:30,2h 10m,130,Economy,2339.0,,,,,False
data.csv,2022_real_observations,BOM,BOM,DEL,DEL,BOM-DEL,Go First,Go First,,2022-02-24,09:55,12:10,2h 15m,135,Economy,2285.0,,,,,True
data.csv,2022_real_observations,BOM,BOM,DEL,DEL,BOM-DEL,Go First,Go First,,2022-02-24,12:15,14:30,2h 15m,135,Economy,2285.0,,,,,True
data.csv,2022_real_observations,BOM,BOM,DEL,DEL,BOM-DEL,Go First,Go First,,2022-02-24,13:30,15:45,2h 15m,135,Economy,2285.0,,,,,True
data.csv,2022_real_observations,BOM,BOM,DEL,DEL,BOM-DEL,Go First,Go First,,2022-02-24,08:00,10:10,2h 10m,130,Economy,2461.0,,,,,True
data.csv,2022_real_observations,BOM,BOM,DEL,DEL,BOM-DEL,SpiceJet,SpiceJet,,2022-02-24,07:20,09:35,2h 15m,135,Economy,2614.0,,,,,False
data.csv,2022_real_observations,BOM,BOM,DEL,DEL,BOM-DEL,SpiceJet,SpiceJet,,2022-02-24,10:15,12:30,2h 15m,135,Economy,2614.0,,,,,False
data.csv,2022_real_observations,DEL,DEL,BOM,BOM,DEL-BOM,Air India,Air India,,2022-02-24,18:00,20:00,2h,120,Economy,2476.0,,,,,False
data.csv,2022_real_observations,DEL,DEL,BOM,BOM,DEL-BOM,IndiGo,IndiGo,,2022-02-24,23:35,01:45,2h 10m,130,Economy,2170.0,,,,,False
data.csv,2022_real_observations,DEL,DEL,BOM,BOM,DEL-BOM,AirAsia India,AirAsia India,,2022-02-24,20:00,22:15,2h 15m,135,Economy,2155.0,,,,,False
data.csv,2022_real_observations,DEL,DEL,BOM,BOM,DEL-BOM,Go First,Go First,,2022-02-24,15:30,17:35,2h 05m,125,Economy,2354.0,,,,,True
data.csv,2022_real_observations,DEL,DEL,BOM,BOM,DEL-BOM,Go First,Go First,,2022-02-24,17:00,19:05,2h 05m,125,Economy,2354.0,,,,,True
data.csv,2022_real_observations,DEL,DEL,BOM,BOM,DEL-BOM,Air India,Air India,,2022-02-24,20:00,22:10,2h 10m,130,Economy,2476.0,,,,,False
data.csv,2022_real_observations,DEL,DEL,BOM,BOM,DEL-BOM,Air India,Air India,,2022-02-24,19:00,21:15,2h 15m,135,Economy,2476.0,,,,,False
data.csv,2022_real_observations,DEL,DEL,BOM,BOM,DEL-BOM,Vistara,Vistara,,2022-02-24,20:40,22:50,2h 10m,130,Economy,2586.0,,,,,False
data.csv,2022_real_observations,DEL,DEL,BOM,BOM,DEL-BOM,Vistara,Vistara,,2022-02-24,21:40,23:50,2h 10m,130,Economy,2586.0,,,,,False
data.csv,2022_real_observations,DEL,DEL,BOM,BOM,DEL-BOM,IndiGo,IndiGo,,2022-02-24,17:15,19:25,2h 10m,130,Economy,2410.0,,,,,False
data.csv,2022_real_observations,DEL,DEL,BOM,BOM,DEL-BOM,IndiGo,IndiGo,,2022-02-24,18:40,20:50,2h 10m,130,Economy,2410.0,,,,,False
data.csv,2022_real_observations,DEL,DEL,BOM,BOM,DEL-BOM,Go First,Go First,,2022-02-24,15:00,17:15,2h 15m,135,Economy,2354.0,,,,,True
data.csv,2022_real_observations,DEL,DEL,BOM,BOM,DEL-BOM,Go First,Go First,,2022-02-24,19:40,21:55,2h 15m,135,Economy,2354.0,,,,,True
data.csv,2022_real_observations,DEL,DEL,BOM,BOM,DEL-BOM,Go First,Go First,,2022-02-24,21:00,23:15,2h 15m,135,Economy,2354.0,,,,,True
data.csv,2022_real_observations,DEL,DEL,BOM,BOM,DEL-BOM,IndiGo,IndiGo,,2022-02-24,21:15,23:30,2h 15m,135,Economy,2410.0,,,,,False
data.csv,2022_real_observations,DEL,DEL,BOM,BOM,DEL-BOM,Go First,Go First,,2022-02-24,18:05,20:25,2h 20m,140,Economy,2354.0,,,,,True
data.csv,2022_real_observations,DEL,DEL,BOM,BOM,DEL-BOM,SpiceJet,SpiceJet,,2022-02-24,19:45,22:05,2h 20m,140,Economy,2409.0,,,,,False
data.csv,2022_real_observations,DEL,DEL,BOM,BOM,DEL-BOM,Vistara,Vistara,,2022-02-24,15:30,17:40,2h 10m,130,Economy,2823.0,,,,,False
data.csv,2022_real_observations,DEL,DEL,BOM,BOM,DEL-BOM,Vistara,Vistara,,2022-02-24,19:50,22:00,2h 10m,130,Economy,2823.0,,,,,False
data.csv,2022_real_observations,DEL,DEL,BOM,BOM,DEL-BOM,SpiceJet,SpiceJet,,2022-02-24,18:55,21:05,2h 10m,130,Economy,2621.0,,,,,False
data.csv,2022_real_observations,DEL,DEL,BOM,BOM,DEL-BOM,Vistara,Vistara,,2022-02-24,19:00,21:15,2h 15m,135,Economy,3246.0,,,,,False
data.csv,2022_real_observations,DEL,DEL,BOM,BOM,DEL-BOM,Vistara,Vistara,,2022-02-24,16:45,19:05,2h 20m,140,Economy,3246.0,,,,,False
data.csv,2022_real_observations,DEL,DEL,BOM,BOM,DEL-BOM,Vistara,Vistara,,2022-02-24,17:45,20:05,2h 20m,140,Economy,3246.0,,,,,False
data.csv,2022_real_observations,DEL,DEL,BOM,BOM,DEL-BOM,IndiGo,IndiGo,,2022-02-24,07:15,09:25,2h 10m,130,Economy,2170.0,,,,,False
data.csv,2022_real_observations,DEL,DEL,BOM,BOM,DEL-BOM,IndiGo,IndiGo,,2022-02-24,06:30,08:40,2h 10m,130,Economy,2170.0,,,,,False
data.csv,2022_real_observations,DEL,DEL,BOM,BOM,DEL-BOM,Air India,Air India,,2022-02-24,07:00,09:05,2h 05m,125,Economy,2476.0,,,,,False
data.csv,2022_real_observations,DEL,DEL,BOM,BOM,DEL-BOM,Air India,Air India,,2022-02-24,10:40,12:50,2h 10m,130,Economy,2476.0,,,,,False
data.csv,2022_real_observations,DEL,DEL,BOM,BOM,DEL-BOM,AirAsia India,AirAsia India,,2022-02-24,04:25,06:35,2h 10m,130,Economy,2155.0,,,,,False
data.csv,2022_real_observations,DEL,DEL,BOM,BOM,DEL-BOM,Go First,Go First,,2022-02-24,13:30,15:35,2h 05m,125,Economy,2354.0,,,,,True
data.csv,2022_real_observations,DEL,DEL,BOM,BOM,DEL-BOM,Air India,Air India,,2022-02-24,08:00,10:10,2h 10m,130,Economy,2476.0,,,,,False
data.csv,2022_real_observations,DEL,DEL,BOM,BOM,DEL-BOM,IndiGo,IndiGo,,2022-02-24,10:45,13:05,2h 20m,140,Economy,2170.0,,,,,False
data.csv,2022_real_observations,DEL,DEL,BOM,BOM,DEL-BOM,IndiGo,IndiGo,,2022-02-24,08:45,11:05,2h 20m,140,Economy,2170.0,,,,,False
data.csv,2022_real_observations,DEL,DEL,BOM,BOM,DEL-BOM,Go First,Go First,,2022-02-24,07:00,09:10,2h 10m,130,Economy,2354.0,,,,,True
data.csv,2022_real_observations,DEL,DEL,BOM,BOM,DEL-BOM,Go First,Go First,,2022-02-24,08:00,10:10,2h 10m,130,Economy,2354.0,,,,,True
data.csv,2022_real_observations,DEL,DEL,BOM,BOM,DEL-BOM,Air India,Air India,,2022-02-24,09:00,11:15,2h 15m,135,Economy,2476.0,,,,,False
data.csv,2022_real_observations,DEL,DEL,BOM,BOM,DEL-BOM,Vistara,Vistara,,2022-02-24,05:45,07:55,2h 10m,130,Economy,2586.0,,,,,False
data.csv,2022_real_observations,DEL,DEL,BOM,BOM,DEL-BOM,IndiGo,IndiGo,,2022-02-24,12:00,14:10,2h 10m,130,Economy,2410.0,,,,,False
data.csv,2022_real_observations,DEL,DEL,BOM,BOM,DEL-BOM,Go First,Go First,,2022-02-24,14:20,16:35,2h 15m,135,Economy,2354.0,,,,,True
data.csv,2022_real_observations,DEL,DEL,BOM,BOM,DEL-BOM,Go First,Go First,,2022-02-24,15:00,17:15,2h 15m,135,Economy,2354.0,,,,,True
data.csv,2022_real_observations,DEL,DEL,BOM,BOM,DEL-BOM,IndiGo,IndiGo,,2022-02-24,14:20,16:35,2h 15m,135,Economy,2410.0,,,,,False
data.csv,2022_real_observations,DEL,DEL,BOM,BOM,DEL-BOM,IndiGo,IndiGo,,2022-02-24,09:30,12:00,2h 30m,150,Economy,2170.0,,,,,False
data.csv,2022_real_observations,DEL,DEL,BOM,BOM,DEL-BOM,Go First,Go First,,2022-02-24,10:30,12:50,2h 20m,140,Economy,2354.0,,,,,True
data.csv,2022_real_observations,DEL,DEL,BOM,BOM,DEL-BOM,Vistara,Vistara,,2022-02-24,09:30,11:35,2h 05m,125,Economy,2823.0,,,,,False
data.csv,2022_real_observations,DEL,DEL,BOM,BOM,DEL-BOM,Go First,Go First,,2022-02-24,02:00,04:15,2h 15m,135,Economy,2354.0,,,,,True
data.csv,2022_real_observations,DEL,DEL,BOM,BOM,DEL-BOM,Vistara,Vistara,,2022-02-24,12:50,15:00,2h 10m,130,Economy,2823.0,,,,,False
data.csv,2022_real_observations,DEL,DEL,BOM,BOM,DEL-BOM,Vistara,Vistara,,2022-02-24,14:20,16:30,2h 10m,130,Economy,2823.0,,,,,False
data.csv,2022_real_observations,DEL,DEL,BOM,BOM,DEL-BOM,Vistara,Vistara,,2022-02-24,10:20,12:35,2h 15m,135,Economy,2823.0,,,,,False
data.csv,2022_real_observations,DEL,DEL,BOM,BOM,DEL-BOM,SpiceJet,SpiceJet,,2022-02-24,07:20,09:35,2h 15m,135,Economy,2621.0,,,,,False
data.csv,2022_real_observations,DEL,DEL,BOM,BOM,DEL-BOM,Vistara,Vistara,,2022-02-24,11:40,14:00,2h 20m,140,Economy,2823.0,,,,,False
data.csv,2022_real_observations,DEL,DEL,BOM,BOM,DEL-BOM,SpiceJet,SpiceJet,,2022-02-24,06:20,08:40,2h 20m,140,Economy,2621.0,,,,,False
data.csv,2022_real_observations,DEL,DEL,BOM,BOM,DEL-BOM,Vistara,Vistara,,2022-02-24,07:30,09:45,2h 15m,135,Economy,3246.0,,,,,False
data.csv,2022_real_observations,DEL,DEL,BOM,BOM,DEL-BOM,Vistara,Vistara,,2022-02-24,08:50,11:10,2h 20m,140,Economy,3246.0,,,,,False
data.csv,2022_real_observations,BOM,BOM,DEL,DEL,BOM-DEL,AirAsia India,AirAsia India,,2022-02-24,22:55,01:00,2h 05m,125,Economy,2211.0,,,,,False
data.csv,2022_real_observations,BOM,BOM,DEL,DEL,BOM-DEL,IndiGo,IndiGo,,2022-02-24,18:30,20:35,2h 05m,125,Economy,2235.0,,,,,False
data.csv,2022_real_observations,BOM,BOM,DEL,DEL,BOM-DEL,IndiGo,IndiGo,,2022-02-24,20:30,22:35,2h 05m,125,Economy,2235.0,,,,,False
data.csv,2022_real_observations,BOM,BOM,DEL,DEL,BOM-DEL,Go First,Go First,,2022-02-24,16:30,18:35,2h 05m,125,Economy,2285.0,,,,,True
data.csv,2022_real_observations,BOM,BOM,DEL,DEL,BOM-DEL,Vistara,Vistara,,2022-02-24,20:55,23:00,2h 05m,125,Economy,2496.0,,,,,False
data.csv,2022_real_observations,BOM,BOM,DEL,DEL,BOM-DEL,IndiGo,IndiGo,,2022-02-24,17:15,19:20,2h 05m,125,Economy,2339.0,,,,,False
data.csv,2022_real_observations,BOM,BOM,DEL,DEL,BOM-DEL,Vistara,Vistara,,2022-02-24,18:30,20:40,2h 10m,130,Economy,2496.0,,,,,False
data.csv,2022_real_observations,BOM,BOM,DEL,DEL,BOM-DEL,Vistara,Vistara,,2022-02-24,22:45,00:55,2h 10m,130,Economy,2496.0,,,,,False
data.csv,2022_real_observations,BOM,BOM,DEL,DEL,BOM-DEL,Go First,Go First,,2022-02-24,18:00,20:10,2h 10m,130,Economy,2285.0,,,,,True
data.csv,2022_real_observations,BOM,BOM,DEL,DEL,BOM-DEL,Go First,Go First,,2022-02-24,22:40,00:50,2h 10m,130,Economy,2285.0,,,,,True
data.csv,2022_real_observations,BOM,BOM,DEL,DEL,BOM-DEL,Air India,Air India,,2022-02-24,21:30,23:45,2h 15m,135,Economy,2464.0,,,,,False
data.csv,2022_real_observations,BOM,BOM,DEL,DEL,BOM-DEL,Air India,Air India,,2022-02-24,16:00,18:15,2h 15m,135,Economy,2464.0,,,,,False
data.csv,2022_real_observations,BOM,BOM,DEL,DEL,BOM-DEL,Air India,Air India,,2022-02-24,19:00,21:15,2h 15m,135,Economy,2464.0,,,,,False
data.csv,2022_real_observations,BOM,BOM,DEL,DEL,BOM-DEL,Vistara,Vistara,,2022-02-24,21:55,00:10,2h 15m,135,Economy,2496.0,,,,,False
data.csv,2022_real_observations,BOM,BOM,DEL,DEL,BOM-DEL,Go First,Go First,,2022-02-24,21:15,23:30,2h 15m,135,Economy,2285.0,,,,,True
data.csv,2022_real_observations,BOM,BOM,DEL,DEL,BOM-DEL,Go First,Go First,,2022-02-24,23:45,02:00,2h 15m,135,Economy,2285.0,,,,,True
data.csv,2022_real_observations,BOM,BOM,DEL,DEL,BOM-DEL,Air India,Air India,,2022-02-24,18:00,20:25,2h 25m,145,Economy,2464.0,,,,,False
data.csv,2022_real_observations,BOM,BOM,DEL,DEL,BOM-DEL,SpiceJet,SpiceJet,,2022-02-24,21:45,23:55,2h 10m,130,Economy,2614.0,,,,,False
data.csv,2022_real_observations,BOM,BOM,DEL,DEL,BOM-DEL,Vistara,Vistara,,2022-02-24,15:45,18:05,2h 20m,140,Economy,2744.0,,,,,False
data.csv,2022_real_observations,BOM,BOM,DEL,DEL,BOM-DEL,SpiceJet,SpiceJet,,2022-02-24,19:25,21:50,2h 25m,145,Economy,2614.0,,,,,False
data.csv,2022_real_observations,BOM,BOM,DEL,DEL,BOM-DEL,Vistara,Vistara,,2022-02-24,17:35,19:45,2h 10m,130,Economy,3166.0,,,,,False
data.csv,2022_real_observations,BOM,BOM,DEL,DEL,BOM-DEL,Vistara,Vistara,,2022-02-24,19:45,21:55,2h 10m,130,Economy,3166.0,,,,,False
data.csv,2022_real_observations,BOM,BOM,DEL,DEL,BOM-DEL,IndiGo,IndiGo,,2022-02-25,08:30,10:25,1h 55m,115,Economy,2339.0,,,,,False
data.csv,2022_real_observations,BOM,BOM,DEL,DEL,BOM-DEL,IndiGo,IndiGo,,2022-02-25,07:45,09:50,2h 05m,125,Economy,2235.0,,,,,False
data.csv,2022_real_observations,BOM,BOM,DEL,DEL,BOM-DEL,Go First,Go First,,2022-02-25,12:30,14:35,2h 05m,125,Economy,2285.0,,,,,True
data.csv,2022_real_observations,BOM,BOM,DEL,DEL,BOM-DEL,Go First,Go First,,2022-02-25,14:30,16:35,2h 05m,125,Economy,2285.0,,,,,True
data.csv,2022_real_observations,BOM,BOM,DEL,DEL,BOM-DEL,Vistara,Vistara,,2022-02-25,06:00,08:05,2h 05m,125,Economy,2496.0,,,,,False
data.csv,2022_real_observations,BOM,BOM,DEL,DEL,BOM-DEL,Vistara,Vistara,,2022-02-25,06:30,08:35,2h 05m,125,Economy,2496.0,,,,,False
data.csv,2022_real_observations,BOM,BOM,DEL,DEL,BOM-DEL,AirAsia India,AirAsia India,,2022-02-25,07:20,09:30,2h 10m,130,Economy,2211.0,,,,,False
data.csv,2022_real_observations,BOM,BOM,DEL,DEL,BOM-DEL,IndiGo,IndiGo,,2022-02-25,09:20,11:30,2h 10m,130,Economy,2235.0,,,,,False
data.csv,2022_real_observations,BOM,BOM,DEL,DEL,BOM-DEL,Air India,Air India,,2022-02-25,07:00,09:10,2h 10m,130,Economy,2464.0,,,,,False
data.csv,2022_real_observations,BOM,BOM,DEL,DEL,BOM-DEL,Go First,Go First,,2022-02-25,06:00,08:10,2h 10m,130,Economy,2285.0,,,,,True
data.csv,2022_real_observations,BOM,BOM,DEL,DEL,BOM-DEL,Go First,Go First,,2022-02-25,08:00,10:10,2h 10m,130,Economy,2285.0,,,,,True
data.csv,2022_real_observations,BOM,BOM,DEL,DEL,BOM-DEL,IndiGo,IndiGo,,2022-02-25,07:05,09:20,2h 15m,135,Economy,2235.0,,,,,False
data.csv,2022_real_observations,BOM,BOM,DEL,DEL,BOM-DEL,IndiGo,IndiGo,,2022-02-25,11:45,14:00,2h 15m,135,Economy,2235.0,,,,,False
data.csv,2022_real_observations,BOM,BOM,DEL,DEL,BOM-DEL,IndiGo,IndiGo,,2022-02-25,10:05,12:15,2h 10m,130,Economy,2339.0,,,,,False
data.csv,2022_real_observations,BOM,BOM,DEL,DEL,BOM-DEL,IndiGo,IndiGo,,2022-02-25,13:40,15:50,2h 10m,130,Economy,2339.0,,,,,False
data.csv,2022_real_observations,BOM,BOM,DEL,DEL,BOM-DEL,Air India,Air India,,2022-02-25,10:00,12:15,2h 15m,135,Economy,2464.0,,,,,False
data.csv,2022_real_observations,BOM,BOM,DEL,DEL,BOM-DEL,Go First,Go First,,2022-02-25,09:55,12:10,2h 15m,135,Economy,2285.0,,,,,True
data.csv,2022_real_observations,BOM,BOM,DEL,DEL,BOM-DEL,Go First,Go First,,2022-02-25,12:15,14:30,2h 15m,135,Economy,2285.0,,,,,True
data.csv,2022_real_observations,BOM,BOM,DEL,DEL,BOM-DEL,Go First,Go First,,2022-02-25,13:30,15:45,2h 15m,135,Economy,2285.0,,,,,True
data.csv,2022_real_observations,BOM,BOM,DEL,DEL,BOM-DEL,SpiceJet,SpiceJet,,2022-02-25,10:15,12:30,2h 15m,135,Economy,2339.0,,,,,False
data.csv,2022_real_observations,BOM,BOM,DEL,DEL,BOM-DEL,Vistara,Vistara,,2022-02-25,12:25,14:30,2h 05m,125,Economy,2744.0,,,,,False
data.csv,2022_real_observations,BOM,BOM,DEL,DEL,BOM-DEL,Vistara,Vistara,,2022-02-25,11:55,14:05,2h 10m,130,Economy,2744.0,,,,,False
data.csv,2022_real_observations,BOM,BOM,DEL,DEL,BOM-DEL,Vistara,Vistara,,2022-02-25,10:25,12:40,2h 15m,135,Economy,2744.0,,,,,False
data.csv,2022_real_observations,BOM,BOM,DEL,DEL,BOM-DEL,Vistara,Vistara,,2022-02-25,14:40,16:55,2h 15m,135,Economy,2744.0,,,,,False
data.csv,2022_real_observations,BOM,BOM,DEL,DEL,BOM-DEL,Air India,Air India,,2022-02-25,08:00,10:15,2h 15m,135,Economy,2779.0,,,,,False
data.csv,2022_real_observations,BOM,BOM,DEL,DEL,BOM-DEL,SpiceJet,SpiceJet,,2022-02-25,07:20,09:35,2h 15m,135,Economy,2614.0,,,,,False
data.csv,2022_real_observations,BOM,BOM,DEL,DEL,BOM-DEL,Vistara,Vistara,,2022-02-25,07:30,09:40,2h 10m,130,Economy,3166.0,,,,,False
data.csv,2022_real_observations,BOM,BOM,DEL,DEL,BOM-DEL,Vistara,Vistara,,2022-02-25,08:45,11:00,2h 15m,135,Economy,3166.0,,,,,False
data.csv,2022_real_observations,DEL,DEL,BOM,BOM,DEL-BOM,Air India,Air India,,2022-02-25,18:00,20:00,2h,120,Economy,2476.0,,,,,False
data.csv,2022_real_observations,DEL,DEL,BOM,BOM,DEL-BOM,IndiGo,IndiGo,,2022-02-25,23:35,01:45,2h 10m,130,Economy,2170.0,,,,,False
data.csv,2022_real_observations,DEL,DEL,BOM,BOM,DEL-BOM,Go First,Go First,,2022-02-25,15:30,17:35,2h 05m,125,Economy,2354.0,,,,,True
data.csv,2022_real_observations,DEL,DEL,BOM,BOM,DEL-BOM,Go First,Go First,,2022-02-25,17:00,19:05,2h 05m,125,Economy,2354.0,,,,,True
data.csv,2022_real_observations,DEL,DEL,BOM,BOM,DEL-BOM,Air India,Air India,,2022-02-25,20:00,22:10,2h 10m,130,Economy,2476.0,,,,,False
data.csv,2022_real_observations,DEL,DEL,BOM,BOM,DEL-BOM,Go First,Go First,,2022-02-25,22:30,00:40,2h 10m,130,Economy,2354.0,,,,,True
data.csv,2022_real_observations,DEL,DEL,BOM,BOM,DEL-BOM,Air India,Air India,,2022-02-25,19:00,21:15,2h 15m,135,Economy,2476.0,,,,,False
data.csv,2022_real_observations,DEL,DEL,BOM,BOM,DEL-BOM,Vistara,Vistara,,2022-02-25,20:40,22:50,2h 10m,130,Economy,2586.0,,,,,False
data.csv,2022_real_observations,DEL,DEL,BOM,BOM,DEL-BOM,Vistara,Vistara,,2022-02-25,21:40,23:50,2h 10m,130,Economy,2586.0,,,,,False
data.csv,2022_real_observations,DEL,DEL,BOM,BOM,DEL-BOM,Go First,Go First,,2022-02-25,15:00,17:15,2h 15m,135,Economy,2354.0,,,,,True
data.csv,2022_real_observations,DEL,DEL,BOM,BOM,DEL-BOM,Go First,Go First,,2022-02-25,19:40,21:55,2h 15m,135,Economy,2354.0,,,,,True
data.csv,2022_real_observations,DEL,DEL,BOM,BOM,DEL-BOM,Go First,Go First,,2022-02-25,21:00,23:15,2h 15m,135,Economy,2354.0,,,,,True
data.csv,2022_real_observations,DEL,DEL,BOM,BOM,DEL-BOM,AirAsia India,AirAsia India,,2022-02-25,20:00,22:15,2h 15m,135,Economy,2410.0,,,,,False
data.csv,2022_real_observations,DEL,DEL,BOM,BOM,DEL-BOM,Go First,Go First,,2022-02-25,18:05,20:25,2h 20m,140,Economy,2354.0,,,,,True
data.csv,2022_real_observations,DEL,DEL,BOM,BOM,DEL-BOM,Vistara,Vistara,,2022-02-25,15:30,17:40,2h 10m,130,Economy,2823.0,,,,,False
data.csv,2022_real_observations,DEL,DEL,BOM,BOM,DEL-BOM,SpiceJet,SpiceJet,,2022-02-25,18:55,21:05,2h 10m,130,Economy,2621.0,,,,,False
data.csv,2022_real_observations,DEL,DEL,BOM,BOM,DEL-BOM,IndiGo,IndiGo,,2022-02-25,18:40,20:50,2h 10m,130,Economy,2791.0,,,,,False
data.csv,2022_real_observations,DEL,DEL,BOM,BOM,DEL-BOM,IndiGo,IndiGo,,2022-02-25,17:15,19:25,2h 10m,130,Economy,2791.0,,,,,False
data.csv,2022_real_observations,DEL,DEL,BOM,BOM,DEL-BOM,SpiceJet,SpiceJet,,2022-02-25,19:45,22:05,2h 20m,140,Economy,2621.0,,,,,False
data.csv,2022_real_observations,DEL,DEL,BOM,BOM,DEL-BOM,IndiGo,IndiGo,,2022-02-25,21:15,23:30,2h 15m,135,Economy,2791.0,,,,,False
data.csv,2022_real_observations,DEL,DEL,BOM,BOM,DEL-BOM,Vistara,Vistara,,2022-02-25,19:50,22:00,2h 10m,130,Economy,3378.0,,,,,False
data.csv,2022_real_observations,DEL,DEL,BOM,BOM,DEL-BOM,Vistara,Vistara,,2022-02-25,16:45,19:05,2h 20m,140,Economy,3246.0,,,,,False
data.csv,2022_real_observations,DEL,DEL,BOM,BOM,DEL-BOM,Vistara,Vistara,,2022-02-25,17:45,20:05,2h 20m,140,Economy,3246.0,,,,,False
data.csv,2022_real_observations,DEL,DEL,BOM,BOM,DEL-BOM,Vistara,Vistara,,2022-02-25,19:00,21:15,2h 15m,135,Economy,3800.0,,,,,False
data.csv,2022_real_observations,DEL,DEL,BOM,BOM,DEL-BOM,IndiGo,IndiGo,,2022-02-25,06:30,08:40,2h 10m,130,Economy,2170.0,,,,,False
data.csv,2022_real_observations,DEL,DEL,BOM,BOM,DEL-BOM,IndiGo,IndiGo,,2022-02-25,07:15,09:25,2h 10m,130,Economy,2170.0,,,,,False
data.csv,2022_real_observations,DEL,DEL,BOM,BOM,DEL-BOM,Air India,Air India,,2022-02-25,07:00,09:05,2h 05m,125,Economy,2476.0,,,,,False
data.csv,2022_real_observations,DEL,DEL,BOM,BOM,DEL-BOM,Air India,Air India,,2022-02-25,10:40,12:50,2h 10m,130,Economy,2476.0,,,,,False
data.csv,2022_real_observations,DEL,DEL,BOM,BOM,DEL-BOM,AirAsia India,AirAsia India,,2022-02-25,04:25,06:35,2h 10m,130,Economy,2155.0,,,,,False
data.csv,2022_real_observations,DEL,DEL,BOM,BOM,DEL-BOM,Go First,Go First,,2022-02-25,13:30,15:35,2h 05m,125,Economy,2354.0,,,,,True
data.csv,2022_real_observations,DEL,DEL,BOM,BOM,DEL-BOM,Air India,Air India,,2022-02-25,08:00,10:10,2h 10m,130,Economy,2476.0,,,,,False
data.csv,2022_real_observations,DEL,DEL,BOM,BOM,DEL-BOM,IndiGo,IndiGo,,2022-02-25,10:45,13:05,2h 20m,140,Economy,2170.0,,,,,False
data.csv,2022_real_observations,DEL,DEL,BOM,BOM,DEL-BOM,Go First,Go First,,2022-02-25,07:00,09:10,2h 10m,130,Economy,2354.0,,,,,True
data.csv,2022_real_observations,DEL,DEL,BOM,BOM,DEL-BOM,Go First,Go First,,2022-02-25,08:00,10:10,2h 10m,130,Economy,2354.0,,,,,True
data.csv,2022_real_observations,DEL,DEL,BOM,BOM,DEL-BOM,Air India,Air India,,2022-02-25,09:00,11:15,2h 15m,135,Economy,2476.0,,,,,False
data.csv,2022_real_observations,DEL,DEL,BOM,BOM,DEL-BOM,Vistara,Vistara,,2022-02-25,05:45,07:55,2h 10m,130,Economy,2586.0,,,,,False
data.csv,2022_real_observations,DEL,DEL,BOM,BOM,DEL-BOM,IndiGo,IndiGo,,2022-02-25,12:00,14:10,2h 10m,130,Economy,2410.0,,,,,False
data.csv,2022_real_observations,DEL,DEL,BOM,BOM,DEL-BOM,Go First,Go First,,2022-02-25,14:20,16:35,2h 15m,135,Economy,2354.0,,,,,True
data.csv,2022_real_observations,DEL,DEL,BOM,BOM,DEL-BOM,Go First,Go First,,2022-02-25,15:00,17:15,2h 15m,135,Economy,2354.0,,,,,True
data.csv,2022_real_observations,DEL,DEL,BOM,BOM,DEL-BOM,IndiGo,IndiGo,,2022-02-25,14:20,16:35,2h 15m,135,Economy,2410.0,,,,,False
data.csv,2022_real_observations,DEL,DEL,BOM,BOM,DEL-BOM,IndiGo,IndiGo,,2022-02-25,09:30,12:00,2h 30m,150,Economy,2170.0,,,,,False
data.csv,2022_real_observations,DEL,DEL,BOM,BOM,DEL-BOM,Go First,Go First,,2022-02-25,10:30,12:50,2h 20m,140,Economy,2354.0,,,,,True
data.csv,2022_real_observations,DEL,DEL,BOM,BOM,DEL-BOM,Vistara,Vistara,,2022-02-25,09:30,11:35,2h 05m,125,Economy,2823.0,,,,,False
data.csv,2022_real_observations,DEL,DEL,BOM,BOM,DEL-BOM,Go First,Go First,,2022-02-25,02:00,04:15,2h 15m,135,Economy,2354.0,,,,,True
data.csv,2022_real_observations,DEL,DEL,BOM,BOM,DEL-BOM,Vistara,Vistara,,2022-02-25,12:50,15:00,2h 10m,130,Economy,2823.0,,,,,False
data.csv,2022_real_observations,DEL,DEL,BOM,BOM,DEL-BOM,Vistara,Vistara,,2022-02-25,14:20,16:30,2h 10m,130,Economy,2823.0,,,,,False
data.csv,2022_real_observations,DEL,DEL,BOM,BOM,DEL-BOM,Vistara,Vistara,,2022-02-25,10:20,12:35,2h 15m,135,Economy,2823.0,,,,,False
data.csv,2022_real_observations,DEL,DEL,BOM,BOM,DEL-BOM,Vistara,Vistara,,2022-02-25,11:40,14:00,2h 20m,140,Economy,2823.0,,,,,False
data.csv,2022_real_observations,DEL,DEL,BOM,BOM,DEL-BOM,IndiGo,IndiGo,,2022-02-25,08:45,11:05,2h 20m,140,Economy,2791.0,,,,,False
data.csv,2022_real_observations,DEL,DEL,BOM,BOM,DEL-BOM,Vistara,Vistara,,2022-02-25,07:30,09:45,2h 15m,135,Economy,3246.0,,,,,False
data.csv,2022_real_observations,DEL,DEL,BOM,BOM,DEL-BOM,Vistara,Vistara,,2022-02-25,08:50,11:10,2h 20m,140,Economy,3246.0,,,,,False
data.csv,2022_real_observations,BOM,BOM,DEL,DEL,BOM-DEL,Vistara,Vistara,,2022-02-25,20:55,23:00,2h 05m,125,Economy,2496.0,,,,,False
data.csv,2022_real_observations,BOM,BOM,DEL,DEL,BOM-DEL,Vistara,Vistara,,2022-02-25,18:30,20:40,2h 10m,130,Economy,2496.0,,,,,False
data.csv,2022_real_observations,BOM,BOM,DEL,DEL,BOM-DEL,Vistara,Vistara,,2022-02-25,22:45,00:55,2h 10m,130,Economy,2496.0,,,,,False
data.csv,2022_real_observations,BOM,BOM,DEL,DEL,BOM-DEL,Air India,Air India,,2022-02-25,21:30,23:45,2h 15m,135,Economy,2464.0,,,,,False
data.csv,2022_real_observations,BOM,BOM,DEL,DEL,BOM-DEL,Air India,Air India,,2022-02-25,16:00,18:15,2h 15m,135,Economy,2464.0,,,,,False
data.csv,2022_real_observations,BOM,BOM,DEL,DEL,BOM-DEL,Air India,Air India,,2022-02-25,19:00,21:15,2h 15m,135,Economy,2464.0,,,,,False
data.csv,2022_real_observations,BOM,BOM,DEL,DEL,BOM-DEL,Vistara,Vistara,,2022-02-25,21:55,00:10,2h 15m,135,Economy,2496.0,,,,,False
data.csv,2022_real_observations,BOM,BOM,DEL,DEL,BOM-DEL,Air India,Air India,,2022-02-25,18:00,20:25,2h 25m,145,Economy,2464.0,,,,,False
data.csv,2022_real_observations,BOM,BOM,DEL,DEL,BOM-DEL,SpiceJet,SpiceJet,,2022-02-25,21:45,23:55,2h 10m,130,Economy,2614.0,,,,,False
data.csv,2022_real_observations,BOM,BOM,DEL,DEL,BOM-DEL,Vistara,Vistara,,2022-02-25,15:45,18:05,2h 20m,140,Economy,2744.0,,,,,False
data.csv,2022_real_observations,BOM,BOM,DEL,DEL,BOM-DEL,SpiceJet,SpiceJet,,2022-02-25,19:25,21:50,2h 25m,145,Economy,2614.0,,,,,False
data.csv,2022_real_observations,BOM,BOM,DEL,DEL,BOM-DEL,Vistara,Vistara,,2022-02-25,17:35,19:45,2h 10m,130,Economy,3166.0,,,,,False
data.csv,2022_real_observations,BOM,BOM,DEL,DEL,BOM-DEL,Vistara,Vistara,,2022-02-25,19:45,21:55,2h 10m,130,Economy,3166.0,,,,,False
data.csv,2022_real_observations,BOM,BOM,DEL,DEL,BOM-DEL,IndiGo,IndiGo,,2022-02-26,08:30,10:25,1h 55m,115,Economy,2339.0,,,,,False
data.csv,2022_real_observations,BOM,BOM,DEL,DEL,BOM-DEL,IndiGo,IndiGo,,2022-02-26,07:45,09:50,2h 05m,125,Economy,2235.0,,,,,False
data.csv,2022_real_observations,BOM,BOM,DEL,DEL,BOM-DEL,Vistara,Vistara,,2022-02-26,06:00,08:05,2h 05m,125,Economy,2496.0,,,,,False
data.csv,2022_real_observations,BOM,BOM,DEL,DEL,BOM-DEL,Vistara,Vistara,,2022-02-26,06:30,08:35,2h 05m,125,Economy,2496.0,,,,,False
data.csv,2022_real_observations,BOM,BOM,DEL,DEL,BOM-DEL,IndiGo,IndiGo,,2022-02-26,09:20,11:30,2h 10m,130,Economy,2235.0,,,,,False
data.csv,2022_real_observations,BOM,BOM,DEL,DEL,BOM-DEL,Go First,Go First,,2022-02-26,12:30,14:35,2h 05m,125,Economy,2322.0,,,,,True
data.csv,2022_real_observations,BOM,BOM,DEL,DEL,BOM-DEL,Go First,Go First,,2022-02-26,14:30,16:35,2h 05m,125,Economy,2322.0,,,,,True
data.csv,2022_real_observations,BOM,BOM,DEL,DEL,BOM-DEL,Go First,Go First,,2022-02-26,06:00,08:10,2h 10m,130,Economy,2322.0,,,,,True
data.csv,2022_real_observations,BOM,BOM,DEL,DEL,BOM-DEL,Go First,Go First,,2022-02-26,08:00,10:10,2h 10m,130,Economy,2322.0,,,,,True
data.csv,2022_real_observations,BOM,BOM,DEL,DEL,BOM-DEL,Go First,Go First,,2022-02-26,09:55,12:10,2h 15m,135,Economy,2322.0,,,,,True
data.csv,2022_real_observations,BOM,BOM,DEL,DEL,BOM-DEL,Go First,Go First,,2022-02-26,12:15,14:30,2h 15m,135,Economy,2322.0,,,,,True
data.csv,2022_real_observations,BOM,BOM,DEL,DEL,BOM-DEL,Go First,Go First,,2022-02-26,13:30,15:45,2h 15m,135,Economy,2322.0,,,,,True
data.csv,2022_real_observations,BOM,BOM,DEL,DEL,BOM-DEL,IndiGo,IndiGo,,2022-02-26,11:45,14:00,2h 15m,135,Economy,2339.0,,,,,False
data.csv,2022_real_observations,BOM,BOM,DEL,DEL,BOM-DEL,Vistara,Vistara,,2022-02-26,12:25,14:30,2h 05m,125,Economy,2744.0,,,,,False
data.csv,2022_real_observations,BOM,BOM,DEL,DEL,BOM-DEL,Vistara,Vistara,,2022-02-26,11:55,14:05,2h 10m,130,Economy,2744.0,,,,,False
data.csv,2022_real_observations,BOM,BOM,DEL,DEL,BOM-DEL,Air India,Air India,,2022-02-26,07:00,09:10,2h 10m,130,Economy,2779.0,,,,,False
data.csv,2022_real_observations,BOM,BOM,DEL,DEL,BOM-DEL,Vistara,Vistara,,2022-02-26,10:25,12:40,2h 15m,135,Economy,2744.0,,,,,False
data.csv,2022_real_observations,BOM,BOM,DEL,DEL,BOM-DEL,Vistara,Vistara,,2022-02-26,14:40,16:55,2h 15m,135,Economy,2744.0,,,,,False
data.csv,2022_real_observations,BOM,BOM,DEL,DEL,BOM-DEL,Air India,Air India,,2022-02-26,08:00,10:15,2h 15m,135,Economy,2779.0,,,,,False
data.csv,2022_real_observations,BOM,BOM,DEL,DEL,BOM-DEL,Air India,Air India,,2022-02-26,10:00,12:15,2h 15m,135,Economy,2779.0,,,,,False
data.csv,2022_real_observations,DEL,DEL,BOM,BOM,DEL-BOM,Air India,Air India,,2022-02-26,18:00,20:00,2h,120,Economy,2476.0,,,,,False
data.csv,2022_real_observations,DEL,DEL,BOM,BOM,DEL-BOM,IndiGo,IndiGo,,2022-02-26,23:35,01:45,2h 10m,130,Economy,2170.0,,,,,False
data.csv,2022_real_observations,DEL,DEL,BOM,BOM,DEL-BOM,Go First,Go First,,2022-02-26,15:30,17:35,2h 05m,125,Economy,2392.0,,,,,True
data.csv,2022_real_observations,DEL,DEL,BOM,BOM,DEL-BOM,Go First,Go First,,2022-02-26,17:00,19:05,2h 05m,125,Economy,2392.0,,,,,True
data.csv,2022_real_observations,DEL,DEL,BOM,BOM,DEL-BOM,Air India,Air India,,2022-02-26,19:00,21:15,2h 15m,135,Economy,2476.0,,,,,False
data.csv,2022_real_observations,DEL,DEL,BOM,BOM,DEL-BOM,Vistara,Vistara,,2022-02-26,20:40,22:50,2h 10m,130,Economy,2586.0,,,,,False
data.csv,2022_real_observations,DEL,DEL,BOM,BOM,DEL-BOM,Vistara,Vistara,,2022-02-26,21:40,23:50,2h 10m,130,Economy,2586.0,,,,,False
data.csv,2022_real_observations,DEL,DEL,BOM,BOM,DEL-BOM,Go First,Go First,,2022-02-26,22:30,00:40,2h 10m,130,Economy,2392.0,,,,,True
data.csv,2022_real_observations,DEL,DEL,BOM,BOM,DEL-BOM,IndiGo,IndiGo,,2022-02-26,18:40,20:50,2h 10m,130,Economy,2410.0,,,,,False
data.csv,2022_real_observations,DEL,DEL,BOM,BOM,DEL-BOM,IndiGo,IndiGo,,2022-02-26,17:15,19:25,2h 10m,130,Economy,2410.0,,,,,False
data.csv,2022_real_observations,DEL,DEL,BOM,BOM,DEL-BOM,Go First,Go First,,2022-02-26,15:00,17:15,2h 15m,135,Economy,2392.0,,,,,True
data.csv,2022_real_observations,DEL,DEL,BOM,BOM,DEL-BOM,Go First,Go First,,2022-02-26,19:40,21:55,2h 15m,135,Economy,2392.0,,,,,True
data.csv,2022_real_observations,DEL,DEL,BOM,BOM,DEL-BOM,Go First,Go First,,2022-02-26,21:00,23:15,2h 15m,135,Economy,2392.0,,,,,True
data.csv,2022_real_observations,DEL,DEL,BOM,BOM,DEL-BOM,IndiGo,IndiGo,,2022-02-26,21:15,23:30,2h 15m,135,Economy,2410.0,,,,,False
data.csv,2022_real_observations,DEL,DEL,BOM,BOM,DEL-BOM,Go First,Go First,,2022-02-26,18:05,20:25,2h 20m,140,Economy,2392.0,,,,,True
data.csv,2022_real_observations,DEL,DEL,BOM,BOM,DEL-BOM,Air India,Air India,,2022-02-26,20:00,22:10,2h 10m,130,Economy,2791.0,,,,,False
data.csv,2022_real_observations,DEL,DEL,BOM,BOM,DEL-BOM,Vistara,Vistara,,2022-02-26,15:30,17:40,2h 10m,130,Economy,2823.0,,,,,False
data.csv,2022_real_observations,DEL,DEL,BOM,BOM,DEL-BOM,Vistara,Vistara,,2022-02-26,19:50,22:00,2h 10m,130,Economy,2823.0,,,,,False
data.csv,2022_real_observations,DEL,DEL,BOM,BOM,DEL-BOM,SpiceJet,SpiceJet,,2022-02-26,18:55,21:05,2h 10m,130,Economy,2621.0,,,,,False
data.csv,2022_real_observations,DEL,DEL,BOM,BOM,DEL-BOM,SpiceJet,SpiceJet,,2022-02-26,19:45,22:05,2h 20m,140,Economy,2621.0,,,,,False
data.csv,2022_real_observations,DEL,DEL,BOM,BOM,DEL-BOM,Air India,Air India,,2022-02-26,07:00,09:05,2h 05m,125,Economy,2476.0,,,,,False
data.csv,2022_real_observations,DEL,DEL,BOM,BOM,DEL-BOM,Air India,Air India,,2022-02-26,10:40,12:50,2h 10m,130,Economy,2476.0,,,,,False
data.csv,2022_real_observations,DEL,DEL,BOM,BOM,DEL-BOM,Air India,Air India,,2022-02-26,08:00,10:10,2h 10m,130,Economy,2476.0,,,,,False
data.csv,2022_real_observations,DEL,DEL,BOM,BOM,DEL-BOM,Go First,Go First,,2022-02-26,13:30,15:35,2h 05m,125,Economy,2392.0,,,,,True
data.csv,2022_real_observations,DEL,DEL,BOM,BOM,DEL-BOM,Air India,Air India,,2022-02-26,09:00,11:15,2h 15m,135,Economy,2476.0,,,,,False
data.csv,2022_real_observations,DEL,DEL,BOM,BOM,DEL-BOM,Vistara,Vistara,,2022-02-26,05:45,07:55,2h 10m,130,Economy,2586.0,,,,,False
data.csv,2022_real_observations,DEL,DEL,BOM,BOM,DEL-BOM,Go First,Go First,,2022-02-26,07:00,09:10,2h 10m,130,Economy,2392.0,,,,,True
data.csv,2022_real_observations,DEL,DEL,BOM,BOM,DEL-BOM,Go First,Go First,,2022-02-26,08:00,10:10,2h 10m,130,Economy,2392.0,,,,,True
data.csv,2022_real_observations,DEL,DEL,BOM,BOM,DEL-BOM,IndiGo,IndiGo,,2022-02-26,12:00,14:10,2h 10m,130,Economy,2410.0,,,,,False
data.csv,2022_real_observations,DEL,DEL,BOM,BOM,DEL-BOM,Go First,Go First,,2022-02-26,14:20,16:35,2h 15m,135,Economy,2392.0,,,,,True
data.csv,2022_real_observations,DEL,DEL,BOM,BOM,DEL-BOM,Go First,Go First,,2022-02-26,15:00,17:15,2h 15m,135,Economy,2392.0,,,,,True
data.csv,2022_real_observations,DEL,DEL,BOM,BOM,DEL-BOM,IndiGo,IndiGo,,2022-02-26,14:20,16:35,2h 15m,135,Economy,2410.0,,,,,False
data.csv,2022_real_observations,DEL,DEL,BOM,BOM,DEL-BOM,Vistara,Vistara,,2022-02-26,09:30,11:35,2h 05m,125,Economy,2823.0,,,,,False
data.csv,2022_real_observations,DEL,DEL,BOM,BOM,DEL-BOM,Go First,Go First,,2022-02-26,10:30,12:50,2h 20m,140,Economy,2392.0,,,,,True
data.csv,2022_real_observations,DEL,DEL,BOM,BOM,DEL-BOM,Go First,Go First,,2022-02-26,02:00,04:15,2h 15m,135,Economy,2392.0,,,,,True
data.csv,2022_real_observations,DEL,DEL,BOM,BOM,DEL-BOM,Vistara,Vistara,,2022-02-26,12:50,15:00,2h 10m,130,Economy,2823.0,,,,,False
data.csv,2022_real_observations,DEL,DEL,BOM,BOM,DEL-BOM,Vistara,Vistara,,2022-02-26,14:20,16:30,2h 10m,130,Economy,2823.0,,,,,False
data.csv,2022_real_observations,DEL,DEL,BOM,BOM,DEL-BOM,Vistara,Vistara,,2022-02-26,10:20,12:35,2h 15m,135,Economy,2823.0,,,,,False
data.csv,2022_real_observations,DEL,DEL,BOM,BOM,DEL-BOM,Vistara,Vistara,,2022-02-26,11:40,14:00,2h 20m,140,Economy,2823.0,,,,,False
data.csv,2022_real_observations,DEL,DEL,BOM,BOM,DEL-BOM,Vistara,Vistara,,2022-02-26,07:30,09:45,2h 15m,135,Economy,3246.0,,,,,False
data.csv,2022_real_observations,DEL,DEL,BOM,BOM,DEL-BOM,Vistara,Vistara,,2022-02-26,08:50,11:10,2h 20m,140,Economy,3246.0,,,,,False
data.csv,2022_real_observations,BOM,BOM,DEL,DEL,BOM-DEL,Vistara,Vistara,,2022-02-26,20:55,23:00,2h 05m,125,Economy,2496.0,,,,,False
data.csv,2022_real_observations,BOM,BOM,DEL,DEL,BOM-DEL,Vistara,Vistara,,2022-02-26,18:30,20:40,2h 10m,130,Economy,2496.0,,,,,False
data.csv,2022_real_observations,BOM,BOM,DEL,DEL,BOM-DEL,Vistara,Vistara,,2022-02-26,22:45,00:55,2h 10m,130,Economy,2496.0,,,,,False
data.csv,2022_real_observations,BOM,BOM,DEL,DEL,BOM-DEL,Air India,Air India,,2022-02-26,21:30,23:45,2h 15m,135,Economy,2464.0,,,,,False
data.csv,2022_real_observations,BOM,BOM,DEL,DEL,BOM-DEL,Air India,Air India,,2022-02-26,16:00,18:15,2h 15m,135,Economy,2464.0,,,,,False
data.csv,2022_real_observations,BOM,BOM,DEL,DEL,BOM-DEL,Air India,Air India,,2022-02-26,19:00,21:15,2h 15m,135,Economy,2464.0,,,,,False
data.csv,2022_real_observations,BOM,BOM,DEL,DEL,BOM-DEL,Vistara,Vistara,,2022-02-26,21:55,00:10,2h 15m,135,Economy,2496.0,,,,,False
data.csv,2022_real_observations,BOM,BOM,DEL,DEL,BOM-DEL,Air India,Air India,,2022-02-26,18:00,20:25,2h 25m,145,Economy,2464.0,,,,,False
data.csv,2022_real_observations,BOM,BOM,DEL,DEL,BOM-DEL,SpiceJet,SpiceJet,,2022-02-26,21:45,23:55,2h 10m,130,Economy,2614.0,,,,,False
data.csv,2022_real_observations,BOM,BOM,DEL,DEL,BOM-DEL,Vistara,Vistara,,2022-02-26,15:45,18:05,2h 20m,140,Economy,2744.0,,,,,False
data.csv,2022_real_observations,BOM,BOM,DEL,DEL,BOM-DEL,SpiceJet,SpiceJet,,2022-02-26,19:25,21:50,2h 25m,145,Economy,2614.0,,,,,False
data.csv,2022_real_observations,BOM,BOM,DEL,DEL,BOM-DEL,Vistara,Vistara,,2022-02-26,17:35,19:45,2h 10m,130,Economy,3166.0,,,,,False
data.csv,2022_real_observations,BOM,BOM,DEL,DEL,BOM-DEL,Vistara,Vistara,,2022-02-26,19:45,21:55,2h 10m,130,Economy,3166.0,,,,,False
data.csv,2022_real_observations,BOM,BOM,DEL,DEL,BOM-DEL,Vistara,Vistara,,2022-02-27,06:30,08:35,2h 05m,125,Economy,2496.0,,,,,False
data.csv,2022_real_observations,BOM,BOM,DEL,DEL,BOM-DEL,AirAsia India,AirAsia India,,2022-02-27,07:20,09:30,2h 10m,130,Economy,2211.0,,,,,False
data.csv,2022_real_observations,BOM,BOM,DEL,DEL,BOM-DEL,Air India,Air India,,2022-02-27,07:00,09:10,2h 10m,130,Economy,2464.0,,,,,False
data.csv,2022_real_observations,BOM,BOM,DEL,DEL,BOM-DEL,Air India,Air India,,2022-02-27,08:00,10:15,2h 15m,135,Economy,2464.0,,,,,False
data.csv,2022_real_observations,BOM,BOM,DEL,DEL,BOM-DEL,Air India,Air India,,2022-02-27,10:00,12:15,2h 15m,135,Economy,2464.0,,,,,False
data.csv,2022_real_observations,BOM,BOM,DEL,DEL,BOM-DEL,SpiceJet,SpiceJet,,2022-02-27,07:20,09:35,2h 15m,135,Economy,2339.0,,,,,False
data.csv,2022_real_observations,BOM,BOM,DEL,DEL,BOM-DEL,SpiceJet,SpiceJet,,2022-02-27,10:15,12:30,2h 15m,135,Economy,2339.0,,,,,False
data.csv,2022_real_observations,BOM,BOM,DEL,DEL,BOM-DEL,Vistara,Vistara,,2022-02-27,12:25,14:30,2h 05m,125,Economy,2744.0,,,,,False
data.csv,2022_real_observations,BOM,BOM,DEL,DEL,BOM-DEL,Vistara,Vistara,,2022-02-27,11:55,14:05,2h 10m,130,Economy,2744.0,,,,,False
data.csv,2022_real_observations,BOM,BOM,DEL,DEL,BOM-DEL,Vistara,Vistara,,2022-02-27,10:25,12:40,2h 15m,135,Economy,2744.0,,,,,False
data.csv,2022_real_observations,BOM,BOM,DEL,DEL,BOM-DEL,Vistara,Vistara,,2022-02-27,14:40,16:55,2h 15m,135,Economy,2744.0,,,,,False
data.csv,2022_real_observations,BOM,BOM,DEL,DEL,BOM-DEL,Vistara,Vistara,,2022-02-27,07:30,09:40,2h 10m,130,Economy,3166.0,,,,,False
data.csv,2022_real_observations,BOM,BOM,DEL,DEL,BOM-DEL,Vistara,Vistara,,2022-02-27,08:45,11:00,2h 15m,135,Economy,3166.0,,,,,False
data.csv,2022_real_observations,DEL,DEL,BOM,BOM,DEL-BOM,Air India,Air India,,2022-02-27,18:00,20:00,2h,120,Economy,2476.0,,,,,False
data.csv,2022_real_observations,DEL,DEL,BOM,BOM,DEL-BOM,Vistara,Vistara,,2022-02-27,20:40,22:50,2h 10m,130,Economy,2586.0,,,,,False
data.csv,2022_real_observations,DEL,DEL,BOM,BOM,DEL-BOM,Vistara,Vistara,,2022-02-27,21:40,23:50,2h 10m,130,Economy,2586.0,,,,,False
data.csv,2022_real_observations,DEL,DEL,BOM,BOM,DEL-BOM,IndiGo,IndiGo,,2022-02-27,23:35,01:45,2h 10m,130,Economy,2410.0,,,,,False
data.csv,2022_real_observations,DEL,DEL,BOM,BOM,DEL-BOM,IndiGo,IndiGo,,2022-02-27,21:15,23:30,2h 15m,135,Economy,2410.0,,,,,False
data.csv,2022_real_observations,DEL,DEL,BOM,BOM,DEL-BOM,Air India,Air India,,2022-02-27,20:00,22:10,2h 10m,130,Economy,2791.0,,,,,False
data.csv,2022_real_observations,DEL,DEL,BOM,BOM,DEL-BOM,Vistara,Vistara,,2022-02-27,15:30,17:40,2h 10m,130,Economy,2823.0,,,,,False
data.csv,2022_real_observations,DEL,DEL,BOM,BOM,DEL-BOM,Vistara,Vistara,,2022-02-27,19:50,22:00,2h 10m,130,Economy,2823.0,,,,,False
data.csv,2022_real_observations,DEL,DEL,BOM,BOM,DEL-BOM,SpiceJet,SpiceJet,,2022-02-27,18:55,21:05,2h 10m,130,Economy,2621.0,,,,,False
data.csv,2022_real_observations,DEL,DEL,BOM,BOM,DEL-BOM,Air India,Air India,,2022-02-27,19:00,21:15,2h 15m,135,Economy,2791.0,,,,,False
data.csv,2022_real_observations,DEL,DEL,BOM,BOM,DEL-BOM,IndiGo,IndiGo,,2022-02-27,17:15,19:25,2h 10m,130,Economy,2791.0,,,,,False
data.csv,2022_real_observations,DEL,DEL,BOM,BOM,DEL-BOM,IndiGo,IndiGo,,2022-02-27,18:40,20:50,2h 10m,130,Economy,2791.0,,,,,False
data.csv,2022_real_observations,DEL,DEL,BOM,BOM,DEL-BOM,SpiceJet,SpiceJet,,2022-02-27,19:45,22:05,2h 20m,140,Economy,2621.0,,,,,False
data.csv,2022_real_observations,DEL,DEL,BOM,BOM,DEL-BOM,Vistara,Vistara,,2022-02-27,19:00,21:15,2h 15m,135,Economy,3246.0,,,,,False
data.csv,2022_real_observations,DEL,DEL,BOM,BOM,DEL-BOM,Vistara,Vistara,,2022-02-27,16:45,19:05,2h 20m,140,Economy,3246.0,,,,,False
data.csv,2022_real_observations,DEL,DEL,BOM,BOM,DEL-BOM,Vistara,Vistara,,2022-02-27,17:45,20:05,2h 20m,140,Economy,3246.0,,,,,False
data.csv,2022_real_observations,DEL,DEL,BOM,BOM,DEL-BOM,AirAsia India,AirAsia India,,2022-02-27,20:00,22:15,2h 15m,135,Economy,3733.0,,,,,False
data.csv,2022_real_observations,DEL,DEL,BOM,BOM,DEL-BOM,Air India,Air India,,2022-02-27,07:00,09:05,2h 05m,125,Economy,2476.0,,,,,False
data.csv,2022_real_observations,DEL,DEL,BOM,BOM,DEL-BOM,AirAsia India,AirAsia India,,2022-02-27,04:25,06:35,2h 10m,130,Economy,2155.0,,,,,False
data.csv,2022_real_observations,DEL,DEL,BOM,BOM,DEL-BOM,Air India,Air India,,2022-02-27,08:00,10:10,2h 10m,130,Economy,2476.0,,,,,False
data.csv,2022_real_observations,DEL,DEL,BOM,BOM,DEL-BOM,Air India,Air India,,2022-02-27,09:00,11:15,2h 15m,135,Economy,2476.0,,,,,False
data.csv,2022_real_observations,DEL,DEL,BOM,BOM,DEL-BOM,Vistara,Vistara,,2022-02-27,09:30,11:35,2h 05m,125,Economy,2823.0,,,,,False
data.csv,2022_real_observations,DEL,DEL,BOM,BOM,DEL-BOM,Air India,Air India,,2022-02-27,10:40,12:50,2h 10m,130,Economy,2791.0,,,,,False
data.csv,2022_real_observations,DEL,DEL,BOM,BOM,DEL-BOM,Vistara,Vistara,,2022-02-27,12:50,15:00,2h 10m,130,Economy,2823.0,,,,,False
data.csv,2022_real_observations,DEL,DEL,BOM,BOM,DEL-BOM,Vistara,Vistara,,2022-02-27,14:20,16:30,2h 10m,130,Economy,2823.0,,,,,False
data.csv,2022_real_observations,DEL,DEL,BOM,BOM,DEL-BOM,Vistara,Vistara,,2022-02-27,10:20,12:35,2h 15m,135,Economy,2823.0,,,,,False
data.csv,2022_real_observations,DEL,DEL,BOM,BOM,DEL-BOM,Vistara,Vistara,,2022-02-27,11:40,14:00,2h 20m,140,Economy,2823.0,,,,,False
data.csv,2022_real_observations,DEL,DEL,BOM,BOM,DEL-BOM,Vistara,Vistara,,2022-02-27,07:30,09:45,2h 15m,135,Economy,3246.0,,,,,False
data.csv,2022_real_observations,DEL,DEL,BOM,BOM,DEL-BOM,Vistara,Vistara,,2022-02-27,08:50,11:10,2h 20m,140,Economy,3246.0,,,,,False
data.csv,2022_real_observations,BOM,BOM,DEL,DEL,BOM-DEL,AirAsia India,AirAsia India,,2022-02-27,22:55,01:00,2h 05m,125,Economy,2211.0,,,,,False
data.csv,2022_real_observations,BOM,BOM,DEL,DEL,BOM-DEL,Vistara,Vistara,,2022-02-27,20:55,23:00,2h 05m,125,Economy,2496.0,,,,,False
data.csv,2022_real_observations,BOM,BOM,DEL,DEL,BOM-DEL,Vistara,Vistara,,2022-02-27,18:30,20:40,2h 10m,130,Economy,2496.0,,,,,False
data.csv,2022_real_observations,BOM,BOM,DEL,DEL,BOM-DEL,Vistara,Vistara,,2022-02-27,22:45,00:55,2h 10m,130,Economy,2496.0,,,,,False
data.csv,2022_real_observations,BOM,BOM,DEL,DEL,BOM-DEL,Air India,Air India,,2022-02-27,21:30,23:45,2h 15m,135,Economy,2464.0,,,,,False
data.csv,2022_real_observations,BOM,BOM,DEL,DEL,BOM-DEL,Air India,Air India,,2022-02-27,19:00,21:15,2h 15m,135,Economy,2464.0,,,,,False
data.csv,2022_real_observations,BOM,BOM,DEL,DEL,BOM-DEL,Vistara,Vistara,,2022-02-27,21:55,00:10,2h 15m,135,Economy,2496.0,,,,,False
data.csv,2022_real_observations,BOM,BOM,DEL,DEL,BOM-DEL,Air India,Air India,,2022-02-27,18:00,20:25,2h 25m,145,Economy,2464.0,,,,,False
data.csv,2022_real_observations,BOM,BOM,DEL,DEL,BOM-DEL,Air India,Air India,,2022-02-27,16:00,18:15,2h 15m,135,Economy,2779.0,,,,,False
data.csv,2022_real_observations,BOM,BOM,DEL,DEL,BOM-DEL,Vistara,Vistara,,2022-02-27,15:45,18:05,2h 20m,140,Economy,2744.0,,,,,False
data.csv,2022_real_observations,BOM,BOM,DEL,DEL,BOM-DEL,Vistara,Vistara,,2022-02-27,17:35,19:45,2h 10m,130,Economy,3166.0,,,,,False
data.csv,2022_real_observations,BOM,BOM,DEL,DEL,BOM-DEL,Vistara,Vistara,,2022-02-27,19:45,21:55,2h 10m,130,Economy,3166.0,,,,,False
data.csv,2022_real_observations,BOM,BOM,DEL,DEL,BOM-DEL,IndiGo,IndiGo,,2022-02-28,08:30,10:25,1h 55m,115,Economy,2339.0,,,,,False
data.csv,2022_real_observations,BOM,BOM,DEL,DEL,BOM-DEL,IndiGo,IndiGo,,2022-02-28,07:45,09:50,2h 05m,125,Economy,2235.0,,,,,False
data.csv,2022_real_observations,BOM,BOM,DEL,DEL,BOM-DEL,Vistara,Vistara,,2022-02-28,06:00,08:05,2h 05m,125,Economy,2496.0,,,,,False
data.csv,2022_real_observations,BOM,BOM,DEL,DEL,BOM-DEL,Vistara,Vistara,,2022-02-28,06:30,08:35,2h 05m,125,Economy,2496.0,,,,,False
data.csv,2022_real_observations,BOM,BOM,DEL,DEL,BOM-DEL,AirAsia India,AirAsia India,,2022-02-28,07:20,09:30,2h 10m,130,Economy,2211.0,,,,,False
data.csv,2022_real_observations,BOM,BOM,DEL,DEL,BOM-DEL,IndiGo,IndiGo,,2022-02-28,09:20,11:30,2h 10m,130,Economy,2235.0,,,,,False
data.csv,2022_real_observations,BOM,BOM,DEL,DEL,BOM-DEL,Air India,Air India,,2022-02-28,07:00,09:10,2h 10m,130,Economy,2464.0,,,,,False
data.csv,2022_real_observations,BOM,BOM,DEL,DEL,BOM-DEL,IndiGo,IndiGo,,2022-02-28,11:45,14:00,2h 15m,135,Economy,2235.0,,,,,False
data.csv,2022_real_observations,BOM,BOM,DEL,DEL,BOM-DEL,IndiGo,IndiGo,,2022-02-28,13:40,15:50,2h 10m,130,Economy,2339.0,,,,,False
data.csv,2022_real_observations,BOM,BOM,DEL,DEL,BOM-DEL,IndiGo,IndiGo,,2022-02-28,10:05,12:15,2h 10m,130,Economy,2339.0,,,,,False
data.csv,2022_real_observations,BOM,BOM,DEL,DEL,BOM-DEL,Air India,Air India,,2022-02-28,10:00,12:15,2h 15m,135,Economy,2464.0,,,,,False
data.csv,2022_real_observations,BOM,BOM,DEL,DEL,BOM-DEL,IndiGo,IndiGo,,2022-02-28,07:05,09:20,2h 15m,135,Economy,2339.0,,,,,False
data.csv,2022_real_observations,BOM,BOM,DEL,DEL,BOM-DEL,Vistara,Vistara,,2022-02-28,12:25,14:30,2h 05m,125,Economy,2744.0,,,,,False
data.csv,2022_real_observations,BOM,BOM,DEL,DEL,BOM-DEL,Vistara,Vistara,,2022-02-28,11:55,14:05,2h 10m,130,Economy,2744.0,,,,,False
data.csv,2022_real_observations,BOM,BOM,DEL,DEL,BOM-DEL,Vistara,Vistara,,2022-02-28,10:25,12:40,2h 15m,135,Economy,2744.0,,,,,False
data.csv,2022_real_observations,BOM,BOM,DEL,DEL,BOM-DEL,Vistara,Vistara,,2022-02-28,14:40,16:55,2h 15m,135,Economy,2744.0,,,,,False
data.csv,2022_real_observations,BOM,BOM,DEL,DEL,BOM-DEL,Air India,Air India,,2022-02-28,08:00,10:15,2h 15m,135,Economy,2779.0,,,,,False
data.csv,2022_real_observations,BOM,BOM,DEL,DEL,BOM-DEL,SpiceJet,SpiceJet,,2022-02-28,07:20,09:35,2h 15m,135,Economy,2614.0,,,,,False
data.csv,2022_real_observations,BOM,BOM,DEL,DEL,BOM-DEL,SpiceJet,SpiceJet,,2022-02-28,10:15,12:30,2h 15m,135,Economy,2614.0,,,,,False
data.csv,2022_real_observations,BOM,BOM,DEL,DEL,BOM-DEL,Vistara,Vistara,,2022-02-28,08:45,11:00,2h 15m,135,Economy,3166.0,,,,,False
data.csv,2022_real_observations,BOM,BOM,DEL,DEL,BOM-DEL,Vistara,Vistara,,2022-02-28,07:30,09:40,2h 10m,130,Economy,3721.0,,,,,False
data.csv,2022_real_observations,DEL,DEL,BOM,BOM,DEL-BOM,Air India,Air India,,2022-02-28,18:00,20:00,2h,120,Economy,2476.0,,,,,False
data.csv,2022_real_observations,DEL,DEL,BOM,BOM,DEL-BOM,IndiGo,IndiGo,,2022-02-28,23:35,01:45,2h 10m,130,Economy,2170.0,,,,,False
data.csv,2022_real_observations,DEL,DEL,BOM,BOM,DEL-BOM,Air India,Air India,,2022-02-28,19:00,21:15,2h 15m,135,Economy,2476.0,,,,,False
data.csv,2022_real_observations,DEL,DEL,BOM,BOM,DEL-BOM,Vistara,Vistara,,2022-02-28,20:40,22:50,2h 10m,130,Economy,2586.0,,,,,False
data.csv,2022_real_observations,DEL,DEL,BOM,BOM,DEL-BOM,Vistara,Vistara,,2022-02-28,21:40,23:50,2h 10m,130,Economy,2586.0,,,,,False
data.csv,2022_real_observations,DEL,DEL,BOM,BOM,DEL-BOM,IndiGo,IndiGo,,2022-02-28,18:40,20:50,2h 10m,130,Economy,2410.0,,,,,False
data.csv,2022_real_observations,DEL,DEL,BOM,BOM,DEL-BOM,IndiGo,IndiGo,,2022-02-28,21:15,23:30,2h 15m,135,Economy,2410.0,,,,,False
data.csv,2022_real_observations,DEL,DEL,BOM,BOM,DEL-BOM,AirAsia India,AirAsia India,,2022-02-28,20:00,22:15,2h 15m,135,Economy,2410.0,,,,,False
data.csv,2022_real_observations,DEL,DEL,BOM,BOM,DEL-BOM,Air India,Air India,,2022-02-28,20:00,22:10,2h 10m,130,Economy,2791.0,,,,,False
data.csv,2022_real_observations,DEL,DEL,BOM,BOM,DEL-BOM,Vistara,Vistara,,2022-02-28,15:30,17:40,2h 10m,130,Economy,2823.0,,,,,False
data.csv,2022_real_observations,DEL,DEL,BOM,BOM,DEL-BOM,Vistara,Vistara,,2022-02-28,19:50,22:00,2h 10m,130,Economy,2823.0,,,,,False
data.csv,2022_real_observations,DEL,DEL,BOM,BOM,DEL-BOM,SpiceJet,SpiceJet,,2022-02-28,18:55,21:05,2h 10m,130,Economy,2621.0,,,,,False
data.csv,2022_real_observations,DEL,DEL,BOM,BOM,DEL-BOM,IndiGo,IndiGo,,2022-02-28,17:15,19:25,2h 10m,130,Economy,2791.0,,,,,False
data.csv,2022_real_observations,DEL,DEL,BOM,BOM,DEL-BOM,SpiceJet,SpiceJet,,2022-02-28,19:45,22:05,2h 20m,140,Economy,2621.0,,,,,False
data.csv,2022_real_observations,DEL,DEL,BOM,BOM,DEL-BOM,Vistara,Vistara,,2022-02-28,19:00,21:15,2h 15m,135,Economy,3246.0,,,,,False
data.csv,2022_real_observations,DEL,DEL,BOM,BOM,DEL-BOM,Vistara,Vistara,,2022-02-28,16:45,19:05,2h 20m,140,Economy,3246.0,,,,,False
data.csv,2022_real_observations,DEL,DEL,BOM,BOM,DEL-BOM,Vistara,Vistara,,2022-02-28,17:45,20:05,2h 20m,140,Economy,3246.0,,,,,False
data.csv,2022_real_observations,DEL,DEL,BOM,BOM,DEL-BOM,IndiGo,IndiGo,,2022-02-28,07:15,09:25,2h 10m,130,Economy,2170.0,,,,,False
data.csv,2022_real_observations,DEL,DEL,BOM,BOM,DEL-BOM,IndiGo,IndiGo,,2022-02-28,06:30,08:40,2h 10m,130,Economy,2170.0,,,,,False
data.csv,2022_real_observations,DEL,DEL,BOM,BOM,DEL-BOM,AirAsia India,AirAsia India,,2022-02-28,04:25,06:35,2h 10m,130,Economy,2155.0,,,,,False
data.csv,2022_real_observations,DEL,DEL,BOM,BOM,DEL-BOM,IndiGo,IndiGo,,2022-02-28,08:45,11:05,2h 20m,140,Economy,2170.0,,,,,False
data.csv,2022_real_observations,DEL,DEL,BOM,BOM,DEL-BOM,IndiGo,IndiGo,,2022-02-28,10:45,13:05,2h 20m,140,Economy,2170.0,,,,,False
data.csv,2022_real_observations,DEL,DEL,BOM,BOM,DEL-BOM,IndiGo,IndiGo,,2022-02-28,12:00,14:10,2h 10m,130,Economy,2410.0,,,,,False
data.csv,2022_real_observations,DEL,DEL,BOM,BOM,DEL-BOM,IndiGo,IndiGo,,2022-02-28,14:20,16:35,2h 15m,135,Economy,2410.0,,,,,False
data.csv,2022_real_observations,DEL,DEL,BOM,BOM,DEL-BOM,IndiGo,IndiGo,,2022-02-28,09:30,12:00,2h 30m,150,Economy,2170.0,,,,,False
data.csv,2022_real_observations,DEL,DEL,BOM,BOM,DEL-BOM,SpiceJet,SpiceJet,,2022-02-28,07:20,09:35,2h 15m,135,Economy,2409.0,,,,,False
data.csv,2022_real_observations,DEL,DEL,BOM,BOM,DEL-BOM,SpiceJet,SpiceJet,,2022-02-28,06:20,08:40,2h 20m,140,Economy,2621.0,,,,,False
data.csv,2022_real_observations,BOM,BOM,DEL,DEL,BOM-DEL,Vistara,Vistara,,2022-02-28,20:55,23:00,2h 05m,125,Economy,2496.0,,,,,False
data.csv,2022_real_observations,BOM,BOM,DEL,DEL,BOM-DEL,IndiGo,IndiGo,,2022-02-28,17:15,19:20,2h 05m,125,Economy,2339.0,,,,,False
data.csv,2022_real_observations,BOM,BOM,DEL,DEL,BOM-DEL,Vistara,Vistara,,2022-02-28,18:30,20:40,2h 10m,130,Economy,2496.0,,,,,False
data.csv,2022_real_observations,BOM,BOM,DEL,DEL,BOM-DEL,Vistara,Vistara,,2022-02-28,22:45,00:55,2h 10m,130,Economy,2496.0,,,,,False
data.csv,2022_real_observations,BOM,BOM,DEL,DEL,BOM-DEL,Air India,Air India,,2022-02-28,21:30,23:45,2h 15m,135,Economy,2464.0,,,,,False
data.csv,2022_real_observations,BOM,BOM,DEL,DEL,BOM-DEL,SpiceJet,SpiceJet,,2022-02-28,21:45,23:55,2h 10m,130,Economy,2339.0,,,,,False
data.csv,2022_real_observations,BOM,BOM,DEL,DEL,BOM-DEL,Air India,Air India,,2022-02-28,16:00,18:15,2h 15m,135,Economy,2464.0,,,,,False
data.csv,2022_real_observations,BOM,BOM,DEL,DEL,BOM-DEL,Air India,Air India,,2022-02-28,19:00,21:15,2h 15m,135,Economy,2464.0,,,,,False
data.csv,2022_real_observations,BOM,BOM,DEL,DEL,BOM-DEL,Vistara,Vistara,,2022-02-28,21:55,00:10,2h 15m,135,Economy,2496.0,,,,,False
data.csv,2022_real_observations,BOM,BOM,DEL,DEL,BOM-DEL,Air India,Air India,,2022-02-28,18:00,20:25,2h 25m,145,Economy,2464.0,,,,,False
data.csv,2022_real_observations,BOM,BOM,DEL,DEL,BOM-DEL,Vistara,Vistara,,2022-02-28,15:45,18:05,2h 20m,140,Economy,2744.0,,,,,False
data.csv,2022_real_observations,BOM,BOM,DEL,DEL,BOM-DEL,SpiceJet,SpiceJet,,2022-02-28,19:25,21:50,2h 25m,145,Economy,2614.0,,,,,False
data.csv,2022_real_observations,BOM,BOM,DEL,DEL,BOM-DEL,Vistara,Vistara,,2022-02-28,17:35,19:45,2h 10m,130,Economy,3166.0,,,,,False
data.csv,2022_real_observations,BOM,BOM,DEL,DEL,BOM-DEL,Vistara,Vistara,,2022-02-28,19:45,21:55,2h 10m,130,Economy,3166.0,,,,,False
data.csv,2022_real_observations,BOM,BOM,BLR,BLR,BOM-BLR,Go First,Go First,,2022-02-14,06:05,07:40,1h 35m,95,Economy,5011.0,,,,,True
data.csv,2022_real_observations,BOM,BOM,BLR,BLR,BOM-BLR,Go First,Go First,,2022-02-14,14:35,16:10,1h 35m,95,Economy,5011.0,,,,,True
data.csv,2022_real_observations,BOM,BOM,BLR,BLR,BOM-BLR,IndiGo,IndiGo,,2022-02-14,08:30,10:05,1h 35m,95,Economy,5103.0,,,,,False
data.csv,2022_real_observations,BOM,BOM,BLR,BLR,BOM-BLR,Air India,Air India,,2022-02-14,09:30,11:10,1h 40m,100,Economy,5103.0,,,,,False
data.csv,2022_real_observations,BOM,BOM,BLR,BLR,BOM-BLR,Go First,Go First,,2022-02-14,12:30,14:10,1h 40m,100,Economy,5011.0,,,,,True
data.csv,2022_real_observations,BOM,BOM,BLR,BLR,BOM-BLR,AirAsia India,AirAsia India,,2022-02-14,13:05,14:45,1h 40m,100,Economy,5104.0,,,,,False
data.csv,2022_real_observations,BOM,BOM,BLR,BLR,BOM-BLR,Vistara,Vistara,,2022-02-14,09:05,10:45,1h 40m,100,Economy,5362.0,,,,,False
data.csv,2022_real_observations,BOM,BOM,BLR,BLR,BOM-BLR,IndiGo,IndiGo,,2022-02-14,14:20,16:05,1h 45m,105,Economy,5103.0,,,,,False
data.csv,2022_real_observations,BOM,BOM,BLR,BLR,BOM-BLR,IndiGo,IndiGo,,2022-02-14,09:30,11:20,1h 50m,110,Economy,5103.0,,,,,False
data.csv,2022_real_observations,BOM,BOM,BLR,BLR,BOM-BLR,Vistara,Vistara,,2022-02-14,07:00,08:50,1h 50m,110,Economy,5362.0,,,,,False
data.csv,2022_real_observations,BOM,BOM,BLR,BLR,BOM-BLR,IndiGo,IndiGo,,2022-02-14,06:55,08:30,1h 35m,95,Economy,6783.0,,,,,False
data.csv,2022_real_observations,BLR,BLR,BOM,BOM,BLR-BOM,Go First,Go First,,2022-02-14,19:00,20:40,1h 40m,100,Economy,5085.0,,,,,True
data.csv,2022_real_observations,BLR,BLR,BOM,BOM,BLR-BOM,AirAsia India,AirAsia India,,2022-02-14,22:45,00:35,1h 50m,110,Economy,4700.0,,,,,False
data.csv,2022_real_observations,BLR,BLR,BOM,BOM,BLR-BOM,IndiGo,IndiGo,,2022-02-14,16:50,18:35,1h 45m,105,Economy,5178.0,,,,,False
data.csv,2022_real_observations,BLR,BLR,BOM,BOM,BLR-BOM,AirAsia India,AirAsia India,,2022-02-14,18:50,20:35,1h 45m,105,Economy,5179.0,,,,,False
data.csv,2022_real_observations,BLR,BLR,BOM,BOM,BLR-BOM,Go First,Go First,,2022-02-14,20:00,21:50,1h 50m,110,Economy,5085.0,,,,,True
data.csv,2022_real_observations,BLR,BLR,BOM,BOM,BLR-BOM,IndiGo,IndiGo,,2022-02-14,18:00,19:50,1h 50m,110,Economy,5178.0,,,,,False
data.csv,2022_real_observations,BLR,BLR,BOM,BOM,BLR-BOM,Air India,Air India,,2022-02-14,19:10,21:05,1h 55m,115,Economy,5179.0,,,,,False
data.csv,2022_real_observations,BLR,BLR,BOM,BOM,BLR-BOM,Vistara,Vistara,,2022-02-14,18:25,20:15,1h 50m,110,Economy,5438.0,,,,,False
data.csv,2022_real_observations,BLR,BLR,BOM,BOM,BLR-BOM,Go First,Go First,,2022-02-14,22:00,23:55,1h 55m,115,Economy,5085.0,,,,,True
data.csv,2022_real_observations,BLR,BLR,BOM,BOM,BLR-BOM,Vistara,Vistara,,2022-02-14,19:55,21:50,1h 55m,115,Economy,5438.0,,,,,False
data.csv,2022_real_observations,BLR,BLR,BOM,BOM,BLR-BOM,IndiGo,IndiGo,,2022-02-14,19:35,21:35,2h,120,Economy,5178.0,,,,,False
data.csv,2022_real_observations,BLR,BLR,BOM,BOM,BLR-BOM,Vistara,Vistara,,2022-02-14,06:40,08:15,1h 35m,95,Economy,5438.0,,,,,False
data.csv,2022_real_observations,BLR,BLR,BOM,BOM,BLR-BOM,Air India,Air India,,2022-02-14,06:45,08:35,1h 50m,110,Economy,5179.0,,,,,False
data.csv,2022_real_observations,BLR,BLR,BOM,BOM,BLR-BOM,Vistara,Vistara,,2022-02-14,09:30,11:25,1h 55m,115,Economy,5438.0,,,,,False
data.csv,2022_real_observations,BLR,BLR,BOM,BOM,BLR-BOM,IndiGo,IndiGo,,2022-02-14,12:40,14:30,1h 50m,110,Economy,8538.0,,,,,False
data.csv,2022_real_observations,BOM,BOM,BLR,BLR,BOM-BLR,Go First,Go First,,2022-02-14,18:00,19:40,1h 40m,100,Economy,5011.0,,,,,True
data.csv,2022_real_observations,BOM,BOM,BLR,BLR,BOM-BLR,Air India,Air India,,2022-02-14,16:45,18:30,1h 45m,105,Economy,5103.0,,,,,False
data.csv,2022_real_observations,BOM,BOM,BLR,BLR,BOM-BLR,Go First,Go First,,2022-02-14,21:00,22:45,1h 45m,105,Economy,5011.0,,,,,True
data.csv,2022_real_observations,BOM,BOM,BLR,BLR,BOM-BLR,Go First,Go First,,2022-02-14,22:50,00:35,1h 45m,105,Economy,5011.0,,,,,True
data.csv,2022_real_observations,BOM,BOM,BLR,BLR,BOM-BLR,AirAsia India,AirAsia India,,2022-02-14,20:10,22:05,1h 55m,115,Economy,4639.0,,,,,False
data.csv,2022_real_observations,BOM,BOM,BLR,BLR,BOM-BLR,AirAsia India,AirAsia India,,2022-02-14,21:20,23:15,1h 55m,115,Economy,4639.0,,,,,False
data.csv,2022_real_observations,BOM,BOM,BLR,BLR,BOM-BLR,IndiGo,IndiGo,,2022-02-14,17:10,18:55,1h 45m,105,Economy,5103.0,,,,,False
data.csv,2022_real_observations,BOM,BOM,BLR,BLR,BOM-BLR,Vistara,Vistara,,2022-02-14,16:00,17:45,1h 45m,105,Economy,5362.0,,,,,False
data.csv,2022_real_observations,BOM,BOM,BLR,BLR,BOM-BLR,Vistara,Vistara,,2022-02-14,19:10,20:55,1h 45m,105,Economy,5362.0,,,,,False
data.csv,2022_real_observations,BOM,BOM,BLR,BLR,BOM-BLR,IndiGo,IndiGo,,2022-02-14,20:30,22:15,1h 45m,105,Economy,5313.0,,,,,False
data.csv,2022_real_observations,BOM,BOM,BLR,BLR,BOM-BLR,IndiGo,IndiGo,,2022-02-15,08:30,10:05,1h 35m,95,Economy,5103.0,,,,,False
data.csv,2022_real_observations,BOM,BOM,BLR,BLR,BOM-BLR,Go First,Go First,,2022-02-15,06:05,07:40,1h 35m,95,Economy,5102.0,,,,,True
data.csv,2022_real_observations,BOM,BOM,BLR,BLR,BOM-BLR,Go First,Go First,,2022-02-15,14:35,16:10,1h 35m,95,Economy,5102.0,,,,,True
data.csv,2022_real_observations,BOM,BOM,BLR,BLR,BOM-BLR,Air India,Air India,,2022-02-15,09:30,11:10,1h 40m,100,Economy,5103.0,,,,,False
data.csv,2022_real_observations,BOM,BOM,BLR,BLR,BOM-BLR,IndiGo,IndiGo,,2022-02-15,10:15,11:55,1h 40m,100,Economy,5103.0,,,,,False
data.csv,2022_real_observations,BOM,BOM,BLR,BLR,BOM-BLR,Go First,Go First,,2022-02-15,12:30,14:10,1h 40m,100,Economy,5102.0,,,,,True
data.csv,2022_real_observations,BOM,BOM,BLR,BLR,BOM-BLR,AirAsia India,AirAsia India,,2022-02-15,13:05,14:45,1h 40m,100,Economy,5104.0,,,,,False
data.csv,2022_real_observations,BOM,BOM,BLR,BLR,BOM-BLR,Vistara,Vistara,,2022-02-15,09:05,10:45,1h 40m,100,Economy,5362.0,,,,,False
data.csv,2022_real_observations,BOM,BOM,BLR,BLR,BOM-BLR,IndiGo,IndiGo,,2022-02-15,09:30,11:20,1h 50m,110,Economy,5103.0,,,,,False
data.csv,2022_real_observations,BOM,BOM,BLR,BLR,BOM-BLR,Vistara,Vistara,,2022-02-15,06:00,07:50,1h 50m,110,Economy,5362.0,,,,,False
data.csv,2022_real_observations,BOM,BOM,BLR,BLR,BOM-BLR,Vistara,Vistara,,2022-02-15,07:00,08:50,1h 50m,110,Economy,5362.0,,,,,False
data.csv,2022_real_observations,BOM,BOM,BLR,BLR,BOM-BLR,IndiGo,IndiGo,,2022-02-15,06:55,08:30,1h 35m,95,Economy,6468.0,,,,,False
data.csv,2022_real_observations,BOM,BOM,BLR,BLR,BOM-BLR,IndiGo,IndiGo,,2022-02-15,14:20,16:05,1h 45m,105,Economy,9093.0,,,,,False
data.csv,2022_real_observations,BLR,BLR,BOM,BOM,BLR-BOM,Go First,Go First,,2022-02-15,19:00,20:40,1h 40m,100,Economy,5177.0,,,,,True
data.csv,2022_real_observations,BLR,BLR,BOM,BOM,BLR-BOM,AirAsia India,AirAsia India,,2022-02-15,22:45,00:35,1h 50m,110,Economy,4700.0,,,,,False
data.csv,2022_real_observations,BLR,BLR,BOM,BOM,BLR-BOM,AirAsia India,AirAsia India,,2022-02-15,18:50,20:35,1h 45m,105,Economy,5179.0,,,,,False
data.csv,2022_real_observations,BLR,BLR,BOM,BOM,BLR-BOM,Vistara,Vistara,,2022-02-15,19:00,20:45,1h 45m,105,Economy,5438.0,,,,,False
data.csv,2022_real_observations,BLR,BLR,BOM,BOM,BLR-BOM,Vistara,Vistara,,2022-02-15,21:40,23:25,1h 45m,105,Economy,5438.0,,,,,False
data.csv,2022_real_observations,BLR,BLR,BOM,BOM,BLR-BOM,IndiGo,IndiGo,,2022-02-15,18:00,19:50,1h 50m,110,Economy,5178.0,,,,,False
data.csv,2022_real_observations,BLR,BLR,BOM,BOM,BLR-BOM,Go First,Go First,,2022-02-15,20:00,21:50,1h 50m,110,Economy,5177.0,,,,,True
data.csv,2022_real_observations,BLR,BLR,BOM,BOM,BLR-BOM,Vistara,Vistara,,2022-02-15,18:25,20:15,1h 50m,110,Economy,5438.0,,,,,False
data.csv,2022_real_observations,BLR,BLR,BOM,BOM,BLR-BOM,Air India,Air India,,2022-02-15,19:10,21:05,1h 55m,115,Economy,5179.0,,,,,False
data.csv,2022_real_observations,BLR,BLR,BOM,BOM,BLR-BOM,IndiGo,IndiGo,,2022-02-15,16:50,18:35,1h 45m,105,Economy,5546.0,,,,,False
data.csv,2022_real_observations,BLR,BLR,BOM,BOM,BLR-BOM,Go First,Go First,,2022-02-15,22:00,23:55,1h 55m,115,Economy,5177.0,,,,,True
data.csv,2022_real_observations,BLR,BLR,BOM,BOM,BLR-BOM,Vistara,Vistara,,2022-02-15,19:55,21:50,1h 55m,115,Economy,5438.0,,,,,False
data.csv,2022_real_observations,BLR,BLR,BOM,BOM,BLR-BOM,IndiGo,IndiGo,,2022-02-15,19:35,21:35,2h,120,Economy,5178.0,,,,,False
data.csv,2022_real_observations,BLR,BLR,BOM,BOM,BLR-BOM,SpiceJet,SpiceJet,,2022-02-15,05:55,07:15,1h 20m,80,Economy,5177.0,,,,,False
data.csv,2022_real_observations,BLR,BLR,BOM,BOM,BLR-BOM,Go First,Go First,,2022-02-15,05:45,07:20,1h 35m,95,Economy,5177.0,,,,,True
data.csv,2022_real_observations,BLR,BLR,BOM,BOM,BLR-BOM,Go First,Go First,,2022-02-15,08:10,09:50,1h 40m,100,Economy,5177.0,,,,,True
data.csv,2022_real_observations,BLR,BLR,BOM,BOM,BLR-BOM,Go First,Go First,,2022-02-15,10:00,11:40,1h 40m,100,Economy,5177.0,,,,,True
data.csv,2022_real_observations,BLR,BLR,BOM,BOM,BLR-BOM,IndiGo,IndiGo,,2022-02-15,12:40,14:30,1h 50m,110,Economy,6543.0,,,,,False
data.csv,2022_real_observations,BLR,BLR,BOM,BOM,BLR-BOM,IndiGo,IndiGo,,2022-02-15,07:00,08:50,1h 50m,110,Economy,6858.0,,,,,False
data.csv,2022_real_observations,BLR,BLR,BOM,BOM,BLR-BOM,IndiGo,IndiGo,,2022-02-15,08:05,09:55,1h 50m,110,Economy,8538.0,,,,,False
data.csv,2022_real_observations,BOM,BOM,BLR,BLR,BOM-BLR,Go First,Go First,,2022-02-15,18:00,19:40,1h 40m,100,Economy,5102.0,,,,,True
data.csv,2022_real_observations,BOM,BOM,BLR,BLR,BOM-BLR,Air India,Air India,,2022-02-15,16:45,18:30,1h 45m,105,Economy,5103.0,,,,,False
data.csv,2022_real_observations,BOM,BOM,BLR,BLR,BOM-BLR,AirAsia India,AirAsia India,,2022-02-15,20:10,22:05,1h 55m,115,Economy,4639.0,,,,,False
data.csv,2022_real_observations,BOM,BOM,BLR,BLR,BOM-BLR,AirAsia India,AirAsia India,,2022-02-15,21:20,23:15,1h 55m,115,Economy,4639.0,,,,,False
data.csv,2022_real_observations,BOM,BOM,BLR,BLR,BOM-BLR,IndiGo,IndiGo,,2022-02-15,17:10,18:55,1h 45m,105,Economy,5103.0,,,,,False
data.csv,2022_real_observations,BOM,BOM,BLR,BLR,BOM-BLR,Go First,Go First,,2022-02-15,21:00,22:45,1h 45m,105,Economy,5102.0,,,,,True
data.csv,2022_real_observations,BOM,BOM,BLR,BLR,BOM-BLR,Go First,Go First,,2022-02-15,22:50,00:35,1h 45m,105,Economy,5102.0,,,,,True
data.csv,2022_real_observations,BOM,BOM,BLR,BLR,BOM-BLR,Vistara,Vistara,,2022-02-15,16:00,17:45,1h 45m,105,Economy,5362.0,,,,,False
data.csv,2022_real_observations,BOM,BOM,BLR,BLR,BOM-BLR,Vistara,Vistara,,2022-02-15,17:30,19:15,1h 45m,105,Economy,5362.0,,,,,False
data.csv,2022_real_observations,BOM,BOM,BLR,BLR,BOM-BLR,Vistara,Vistara,,2022-02-15,19:10,20:55,1h 45m,105,Economy,5362.0,,,,,False
data.csv,2022_real_observations,BOM,BOM,BLR,BLR,BOM-BLR,Vistara,Vistara,,2022-02-15,21:00,22:50,1h 50m,110,Economy,5362.0,,,,,False
data.csv,2022_real_observations,BOM,BOM,BLR,BLR,BOM-BLR,IndiGo,IndiGo,,2022-02-15,20:30,22:15,1h 45m,105,Economy,5471.0,,,,,False
data.csv,2022_real_observations,BOM,BOM,BLR,BLR,BOM-BLR,Go First,Go First,,2022-02-16,06:05,07:40,1h 35m,95,Economy,5011.0,,,,,True
data.csv,2022_real_observations,BOM,BOM,BLR,BLR,BOM-BLR,Go First,Go First,,2022-02-16,14:35,16:10,1h 35m,95,Economy,5011.0,,,,,True
data.csv,2022_real_observations,BOM,BOM,BLR,BLR,BOM-BLR,IndiGo,IndiGo,,2022-02-16,08:30,10:05,1h 35m,95,Economy,5103.0,,,,,False
data.csv,2022_real_observations,BOM,BOM,BLR,BLR,BOM-BLR,Air India,Air India,,2022-02-16,09:30,11:10,1h 40m,100,Economy,5103.0,,,,,False
data.csv,2022_real_observations,BOM,BOM,BLR,BLR,BOM-BLR,Go First,Go First,,2022-02-16,12:30,14:10,1h 40m,100,Economy,5011.0,,,,,True
data.csv,2022_real_observations,BOM,BOM,BLR,BLR,BOM-BLR,AirAsia India,AirAsia India,,2022-02-16,13:05,14:45,1h 40m,100,Economy,5104.0,,,,,False
data.csv,2022_real_observations,BOM,BOM,BLR,BLR,BOM-BLR,Vistara,Vistara,,2022-02-16,09:05,10:45,1h 40m,100,Economy,5362.0,,,,,False
data.csv,2022_real_observations,BOM,BOM,BLR,BLR,BOM-BLR,IndiGo,IndiGo,,2022-02-16,14:20,16:05,1h 45m,105,Economy,5103.0,,,,,False
data.csv,2022_real_observations,BOM,BOM,BLR,BLR,BOM-BLR,IndiGo,IndiGo,,2022-02-16,09:30,11:20,1h 50m,110,Economy,5103.0,,,,,False
data.csv,2022_real_observations,BOM,BOM,BLR,BLR,BOM-BLR,Vistara,Vistara,,2022-02-16,06:00,07:50,1h 50m,110,Economy,5362.0,,,,,False
data.csv,2022_real_observations,BOM,BOM,BLR,BLR,BOM-BLR,Vistara,Vistara,,2022-02-16,07:00,08:50,1h 50m,110,Economy,5362.0,,,,,False
data.csv,2022_real_observations,BOM,BOM,BLR,BLR,BOM-BLR,IndiGo,IndiGo,,2022-02-16,06:55,08:30,1h 35m,95,Economy,6258.0,,,,,False
data.csv,2022_real_observations,BLR,BLR,BOM,BOM,BLR-BOM,Go First,Go First,,2022-02-16,19:00,20:40,1h 40m,100,Economy,5085.0,,,,,True
data.csv,2022_real_observations,BLR,BLR,BOM,BOM,BLR-BOM,AirAsia India,AirAsia India,,2022-02-16,22:45,00:35,1h 50m,110,Economy,4700.0,,,,,False
data.csv,2022_real_observations,BLR,BLR,BOM,BOM,BLR-BOM,AirAsia India,AirAsia India,,2022-02-16,18:50,20:35,1h 45m,105,Economy,5179.0,,,,,False
data.csv,2022_real_observations,BLR,BLR,BOM,BOM,BLR-BOM,Vistara,Vistara,,2022-02-16,19:00,20:45,1h 45m,105,Economy,5438.0,,,,,False
data.csv,2022_real_observations,BLR,BLR,BOM,BOM,BLR-BOM,Vistara,Vistara,,2022-02-16,21:40,23:25,1h 45m,105,Economy,5438.0,,,,,False
data.csv,2022_real_observations,BLR,BLR,BOM,BOM,BLR-BOM,Go First,Go First,,2022-02-16,20:00,21:50,1h 50m,110,Economy,5085.0,,,,,True
data.csv,2022_real_observations,BLR,BLR,BOM,BOM,BLR-BOM,IndiGo,IndiGo,,2022-02-16,18:00,19:50,1h 50m,110,Economy,5178.0,,,,,False
data.csv,2022_real_observations,BLR,BLR,BOM,BOM,BLR-BOM,Air India,Air India,,2022-02-16,19:10,21:05,1h 55m,115,Economy,5179.0,,,,,False
data.csv,2022_real_observations,BLR,BLR,BOM,BOM,BLR-BOM,Vistara,Vistara,,2022-02-16,18:25,20:15,1h 50m,110,Economy,5438.0,,,,,False
data.csv,2022_real_observations,BLR,BLR,BOM,BOM,BLR-BOM,Go First,Go First,,2022-02-16,22:00,23:55,1h 55m,115,Economy,5085.0,,,,,True
data.csv,2022_real_observations,BLR,BLR,BOM,BOM,BLR-BOM,Vistara,Vistara,,2022-02-16,19:55,21:50,1h 55m,115,Economy,5438.0,,,,,False
data.csv,2022_real_observations,BLR,BLR,BOM,BOM,BLR-BOM,IndiGo,IndiGo,,2022-02-16,19:35,21:35,2h,120,Economy,5178.0,,,,,False
data.csv,2022_real_observations,BLR,BLR,BOM,BOM,BLR-BOM,IndiGo,IndiGo,,2022-02-16,16:50,18:35,1h 45m,105,Economy,6123.0,,,,,False
data.csv,2022_real_observations,BLR,BLR,BOM,BOM,BLR-BOM,IndiGo,IndiGo,,2022-02-16,21:15,23:15,2h,120,Economy,5913.0,,,,,False
data.csv,2022_real_observations,BLR,BLR,BOM,BOM,BLR-BOM,AirAsia India,AirAsia India,,2022-02-16,05:35,07:15,1h 40m,100,Economy,4700.0,,,,,False
data.csv,2022_real_observations,BLR,BLR,BOM,BOM,BLR-BOM,Go First,Go First,,2022-02-16,05:45,07:20,1h 35m,95,Economy,5085.0,,,,,True
data.csv,2022_real_observations,BLR,BLR,BOM,BOM,BLR-BOM,Vistara,Vistara,,2022-02-16,06:40,08:15,1h 35m,95,Economy,5438.0,,,,,False
data.csv,2022_real_observations,BLR,BLR,BOM,BOM,BLR-BOM,Go First,Go First,,2022-02-16,08:10,09:50,1h 40m,100,Economy,5085.0,,,,,True
data.csv,2022_real_observations,BLR,BLR,BOM,BOM,BLR-BOM,Go First,Go First,,2022-02-16,10:00,11:40,1h 40m,100,Economy,5085.0,,,,,True
data.csv,2022_real_observations,BLR,BLR,BOM,BOM,BLR-BOM,Air India,Air India,,2022-02-16,06:45,08:35,1h 50m,110,Economy,5179.0,,,,,False
data.csv,2022_real_observations,BLR,BLR,BOM,BOM,BLR-BOM,Vistara,Vistara,,2022-02-16,08:30,10:15,1h 45m,105,Economy,5438.0,,,,,False
data.csv,2022_real_observations,BLR,BLR,BOM,BOM,BLR-BOM,IndiGo,IndiGo,,2022-02-16,07:00,08:50,1h 50m,110,Economy,5178.0,,,,,False
data.csv,2022_real_observations,BLR,BLR,BOM,BOM,BLR-BOM,Vistara,Vistara,,2022-02-16,09:30,11:25,1h 55m,115,Economy,5438.0,,,,,False
data.csv,2022_real_observations,BLR,BLR,BOM,BOM,BLR-BOM,IndiGo,IndiGo,,2022-02-16,12:40,14:30,1h 50m,110,Economy,5546.0,,,,,False
data.csv,2022_real_observations,BLR,BLR,BOM,BOM,BLR-BOM,IndiGo,IndiGo,,2022-02-16,08:05,09:55,1h 50m,110,Economy,10743.0,,,,,False
data.csv,2022_real_observations,BOM,BOM,BLR,BLR,BOM-BLR,Go First,Go First,,2022-02-16,18:00,19:40,1h 40m,100,Economy,5011.0,,,,,True
data.csv,2022_real_observations,BOM,BOM,BLR,BLR,BOM-BLR,Air India,Air India,,2022-02-16,16:45,18:30,1h 45m,105,Economy,5103.0,,,,,False
data.csv,2022_real_observations,BOM,BOM,BLR,BLR,BOM-BLR,Go First,Go First,,2022-02-16,21:00,22:45,1h 45m,105,Economy,5011.0,,,,,True
data.csv,2022_real_observations,BOM,BOM,BLR,BLR,BOM-BLR,Go First,Go First,,2022-02-16,22:50,00:35,1h 45m,105,Economy,5011.0,,,,,True
data.csv,2022_real_observations,BOM,BOM,BLR,BLR,BOM-BLR,IndiGo,IndiGo,,2022-02-16,17:10,18:55,1h 45m,105,Economy,5103.0,,,,,False
data.csv,2022_real_observations,BOM,BOM,BLR,BLR,BOM-BLR,IndiGo,IndiGo,,2022-02-16,18:50,20:35,1h 45m,105,Economy,5103.0,,,,,False
data.csv,2022_real_observations,BOM,BOM,BLR,BLR,BOM-BLR,Vistara,Vistara,,2022-02-16,16:00,17:45,1h 45m,105,Economy,5362.0,,,,,False
data.csv,2022_real_observations,BOM,BOM,BLR,BLR,BOM-BLR,Vistara,Vistara,,2022-02-16,17:30,19:15,1h 45m,105,Economy,5362.0,,,,,False
data.csv,2022_real_observations,BOM,BOM,BLR,BLR,BOM-BLR,Vistara,Vistara,,2022-02-16,19:10,20:55,1h 45m,105,Economy,5362.0,,,,,False
data.csv,2022_real_observations,BOM,BOM,BLR,BLR,BOM-BLR,Vistara,Vistara,,2022-02-16,21:00,22:50,1h 50m,110,Economy,5362.0,,,,,False
data.csv,2022_real_observations,BOM,BOM,BLR,BLR,BOM-BLR,IndiGo,IndiGo,,2022-02-16,20:30,22:15,1h 45m,105,Economy,6048.0,,,,,False
data.csv,2022_real_observations,BOM,BOM,BLR,BLR,BOM-BLR,Go First,Go First,,2022-02-17,06:05,07:40,1h 35m,95,Economy,5056.0,,,,,True
data.csv,2022_real_observations,BOM,BOM,BLR,BLR,BOM-BLR,Go First,Go First,,2022-02-17,14:35,16:10,1h 35m,95,Economy,5056.0,,,,,True
data.csv,2022_real_observations,BOM,BOM,BLR,BLR,BOM-BLR,Air India,Air India,,2022-02-17,09:30,11:10,1h 40m,100,Economy,5103.0,,,,,False
data.csv,2022_real_observations,BOM,BOM,BLR,BLR,BOM-BLR,Go First,Go First,,2022-02-17,12:30,14:10,1h 40m,100,Economy,5056.0,,,,,True
data.csv,2022_real_observations,BOM,BOM,BLR,BLR,BOM-BLR,IndiGo,IndiGo,,2022-02-17,10:15,11:55,1h 40m,100,Economy,5103.0,,,,,False
data.csv,2022_real_observations,BOM,BOM,BLR,BLR,BOM-BLR,AirAsia India,AirAsia India,,2022-02-17,13:05,14:45,1h 40m,100,Economy,5104.0,,,,,False
data.csv,2022_real_observations,BOM,BOM,BLR,BLR,BOM-BLR,Vistara,Vistara,,2022-02-17,09:05,10:45,1h 40m,100,Economy,5362.0,,,,,False
data.csv,2022_real_observations,BOM,BOM,BLR,BLR,BOM-BLR,IndiGo,IndiGo,,2022-02-17,14:20,16:05,1h 45m,105,Economy,5103.0,,,,,False
data.csv,2022_real_observations,BOM,BOM,BLR,BLR,BOM-BLR,IndiGo,IndiGo,,2022-02-17,09:30,11:20,1h 50m,110,Economy,5103.0,,,,,False
data.csv,2022_real_observations,BOM,BOM,BLR,BLR,BOM-BLR,Vistara,Vistara,,2022-02-17,06:00,07:50,1h 50m,110,Economy,5362.0,,,,,False
data.csv,2022_real_observations,BOM,BOM,BLR,BLR,BOM-BLR,Vistara,Vistara,,2022-02-17,07:00,08:50,1h 50m,110,Economy,5362.0,,,,,False
data.csv,2022_real_observations,BOM,BOM,BLR,BLR,BOM-BLR,IndiGo,IndiGo,,2022-02-17,06:55,08:30,1h 35m,95,Economy,6048.0,,,,,False
data.csv,2022_real_observations,BOM,BOM,BLR,BLR,BOM-BLR,IndiGo,IndiGo,,2022-02-17,08:30,10:05,1h 35m,95,Economy,7518.0,,,,,False
data.csv,2022_real_observations,BLR,BLR,BOM,BOM,BLR-BOM,Go First,Go First,,2022-02-17,19:00,20:40,1h 40m,100,Economy,5131.0,,,,,True
data.csv,2022_real_observations,BLR,BLR,BOM,BOM,BLR-BOM,AirAsia India,AirAsia India,,2022-02-17,22:45,00:35,1h 50m,110,Economy,4700.0,,,,,False
data.csv,2022_real_observations,BLR,BLR,BOM,BOM,BLR-BOM,AirAsia India,AirAsia India,,2022-02-17,18:50,20:35,1h 45m,105,Economy,5179.0,,,,,False
data.csv,2022_real_observations,BLR,BLR,BOM,BOM,BLR-BOM,Vistara,Vistara,,2022-02-17,19:00,20:45,1h 45m,105,Economy,5438.0,,,,,False
data.csv,2022_real_observations,BLR,BLR,BOM,BOM,BLR-BOM,Vistara,Vistara,,2022-02-17,21:40,23:25,1h 45m,105,Economy,5438.0,,,,,False
data.csv,2022_real_observations,BLR,BLR,BOM,BOM,BLR-BOM,Go First,Go First,,2022-02-17,20:00,21:50,1h 50m,110,Economy,5131.0,,,,,True
data.csv,2022_real_observations,BLR,BLR,BOM,BOM,BLR-BOM,IndiGo,IndiGo,,2022-02-17,18:00,19:50,1h 50m,110,Economy,5178.0,,,,,False
data.csv,2022_real_observations,BLR,BLR,BOM,BOM,BLR-BOM,Vistara,Vistara,,2022-02-17,18:25,20:15,1h 50m,110,Economy,5438.0,,,,,False
data.csv,2022_real_observations,BLR,BLR,BOM,BOM,BLR-BOM,IndiGo,IndiGo,,2022-02-17,16:50,18:35,1h 45m,105,Economy,5546.0,,,,,False
data.csv,2022_real_observations,BLR,BLR,BOM,BOM,BLR-BOM,Go First,Go First,,2022-02-17,22:00,23:55,1h 55m,115,Economy,5131.0,,,,,True
data.csv,2022_real_observations,BLR,BLR,BOM,BOM,BLR-BOM,Vistara,Vistara,,2022-02-17,19:55,21:50,1h 55m,115,Economy,5438.0,,,,,False
data.csv,2022_real_observations,BLR,BLR,BOM,BOM,BLR-BOM,IndiGo,IndiGo,,2022-02-17,19:35,21:35,2h,120,Economy,5178.0,,,,,False
data.csv,2022_real_observations,BLR,BLR,BOM,BOM,BLR-BOM,IndiGo,IndiGo,,2022-02-17,21:15,23:15,2h,120,Economy,5283.0,,,,,False
data.csv,2022_real_observations,BLR,BLR,BOM,BOM,BLR-BOM,SpiceJet,SpiceJet,,2022-02-17,05:00,06:20,1h 20m,80,Economy,5177.0,,,,,False
data.csv,2022_real_observations,BLR,BLR,BOM,BOM,BLR-BOM,AirAsia India,AirAsia India,,2022-02-17,05:35,07:15,1h 40m,100,Economy,4700.0,,,,,False
data.csv,2022_real_observations,BLR,BLR,BOM,BOM,BLR-BOM,Go First,Go First,,2022-02-17,05:45,07:20,1h 35m,95,Economy,5131.0,,,,,True
data.csv,2022_real_observations,BLR,BLR,BOM,BOM,BLR-BOM,Vistara,Vistara,,2022-02-17,06:40,08:15,1h 35m,95,Economy,5438.0,,,,,False
data.csv,2022_real_observations,BLR,BLR,BOM,BOM,BLR-BOM,Go First,Go First,,2022-02-17,08:10,09:50,1h 40m,100,Economy,5131.0,,,,,True
data.csv,2022_real_observations,BLR,BLR,BOM,BOM,BLR-BOM,Go First,Go First,,2022-02-17,10:00,11:40,1h 40m,100,Economy,5131.0,,,,,True
data.csv,2022_real_observations,BLR,BLR,BOM,BOM,BLR-BOM,Vistara,Vistara,,2022-02-17,08:30,10:15,1h 45m,105,Economy,5438.0,,,,,False
data.csv,2022_real_observations,BLR,BLR,BOM,BOM,BLR-BOM,Air India,Air India,,2022-02-17,06:45,08:35,1h 50m,110,Economy,5179.0,,,,,False
data.csv,2022_real_observations,BLR,BLR,BOM,BOM,BLR-BOM,IndiGo,IndiGo,,2022-02-17,07:00,08:50,1h 50m,110,Economy,5178.0,,,,,False
data.csv,2022_real_observations,BLR,BLR,BOM,BOM,BLR-BOM,Vistara,Vistara,,2022-02-17,09:30,11:25,1h 55m,115,Economy,5438.0,,,,,False
data.csv,2022_real_observations,BLR,BLR,BOM,BOM,BLR-BOM,IndiGo,IndiGo,,2022-02-17,12:40,14:30,1h 50m,110,Economy,6123.0,,,,,False
data.csv,2022_real_observations,BLR,BLR,BOM,BOM,BLR-BOM,IndiGo,IndiGo,,2022-02-17,08:05,09:55,1h 50m,110,Economy,9168.0,,,,,False
data.csv,2022_real_observations,BOM,BOM,BLR,BLR,BOM-BLR,Go First,Go First,,2022-02-17,18:00,19:40,1h 40m,100,Economy,5056.0,,,,,True
data.csv,2022_real_observations,BOM,BOM,BLR,BLR,BOM-BLR,Go First,Go First,,2022-02-17,21:00,22:45,1h 45m,105,Economy,5056.0,,,,,True
data.csv,2022_real_observations,BOM,BOM,BLR,BLR,BOM-BLR,Go First,Go First,,2022-02-17,22:50,00:35,1h 45m,105,Economy,5056.0,,,,,True
data.csv,2022_real_observations,BOM,BOM,BLR,BLR,BOM-BLR,AirAsia India,AirAsia India,,2022-02-17,20:10,22:05,1h 55m,115,Economy,4639.0,,,,,False
data.csv,2022_real_observations,BOM,BOM,BLR,BLR,BOM-BLR,AirAsia India,AirAsia India,,2022-02-17,21:20,23:15,1h 55m,115,Economy,4639.0,,,,,False
data.csv,2022_real_observations,BOM,BOM,BLR,BLR,BOM-BLR,IndiGo,IndiGo,,2022-02-17,17:10,18:55,1h 45m,105,Economy,5103.0,,,,,False
data.csv,2022_real_observations,BOM,BOM,BLR,BLR,BOM-BLR,IndiGo,IndiGo,,2022-02-17,20:30,22:15,1h 45m,105,Economy,5103.0,,,,,False
data.csv,2022_real_observations,BOM,BOM,BLR,BLR,BOM-BLR,IndiGo,IndiGo,,2022-02-17,18:50,20:35,1h 45m,105,Economy,5103.0,,,,,False
data.csv,2022_real_observations,BOM,BOM,BLR,BLR,BOM-BLR,Vistara,Vistara,,2022-02-17,16:00,17:45,1h 45m,105,Economy,5362.0,,,,,False
data.csv,2022_real_observations,BOM,BOM,BLR,BLR,BOM-BLR,Vistara,Vistara,,2022-02-17,17:30,19:15,1h 45m,105,Economy,5362.0,,,,,False
data.csv,2022_real_observations,BOM,BOM,BLR,BLR,BOM-BLR,Vistara,Vistara,,2022-02-17,19:10,20:55,1h 45m,105,Economy,5362.0,,,,,False
data.csv,2022_real_observations,BOM,BOM,BLR,BLR,BOM-BLR,Vistara,Vistara,,2022-02-17,21:00,22:50,1h 50m,110,Economy,5362.0,,,,,False
data.csv,2022_real_observations,BOM,BOM,BLR,BLR,BOM-BLR,IndiGo,IndiGo,,2022-02-18,08:30,10:05,1h 35m,95,Economy,5103.0,,,,,False
data.csv,2022_real_observations,BOM,BOM,BLR,BLR,BOM-BLR,Go First,Go First,,2022-02-18,06:05,07:40,1h 35m,95,Economy,5102.0,,,,,True
data.csv,2022_real_observations,BOM,BOM,BLR,BLR,BOM-BLR,Go First,Go First,,2022-02-18,14:35,16:10,1h 35m,95,Economy,5102.0,,,,,True
data.csv,2022_real_observations,BOM,BOM,BLR,BLR,BOM-BLR,Air India,Air India,,2022-02-18,09:30,11:10,1h 40m,100,Economy,5103.0,,,,,False
data.csv,2022_real_observations,BOM,BOM,BLR,BLR,BOM-BLR,Go First,Go First,,2022-02-18,12:30,14:10,1h 40m,100,Economy,5102.0,,,,,True
data.csv,2022_real_observations,BOM,BOM,BLR,BLR,BOM-BLR,AirAsia India,AirAsia India,,2022-02-18,13:05,14:45,1h 40m,100,Economy,5104.0,,,,,False
data.csv,2022_real_observations,BOM,BOM,BLR,BLR,BOM-BLR,Vistara,Vistara,,2022-02-18,09:05,10:45,1h 40m,100,Economy,5362.0,,,,,False
data.csv,2022_real_observations,BOM,BOM,BLR,BLR,BOM-BLR,IndiGo,IndiGo,,2022-02-18,09:30,11:20,1h 50m,110,Economy,5103.0,,,,,False
data.csv,2022_real_observations,BOM,BOM,BLR,BLR,BOM-BLR,Vistara,Vistara,,2022-02-18,06:00,07:50,1h 50m,110,Economy,5362.0,,,,,False
data.csv,2022_real_observations,BOM,BOM,BLR,BLR,BOM-BLR,Vistara,Vistara,,2022-02-18,07:00,08:50,1h 50m,110,Economy,5362.0,,,,,False
data.csv,2022_real_observations,BOM,BOM,BLR,BLR,BOM-BLR,IndiGo,IndiGo,,2022-02-18,14:20,16:05,1h 45m,105,Economy,5471.0,,,,,False
data.csv,2022_real_observations,BOM,BOM,BLR,BLR,BOM-BLR,IndiGo,IndiGo,,2022-02-18,06:55,08:30,1h 35m,95,Economy,7938.0,,,,,False
data.csv,2022_real_observations,BLR,BLR,BOM,BOM,BLR-BOM,AirAsia India,AirAsia India,,2022-02-18,22:45,00:35,1h 50m,110,Economy,4700.0,,,,,False
data.csv,2022_real_observations,BLR,BLR,BOM,BOM,BLR-BOM,Go First,Go First,,2022-02-18,19:00,20:40,1h 40m,100,Economy,5177.0,,,,,True
data.csv,2022_real_observations,BLR,BLR,BOM,BOM,BLR-BOM,AirAsia India,AirAsia India,,2022-02-18,18:50,20:35,1h 45m,105,Economy,5179.0,,,,,False
data.csv,2022_real_observations,BLR,BLR,BOM,BOM,BLR-BOM,Vistara,Vistara,,2022-02-18,19:00,20:45,1h 45m,105,Economy,5438.0,,,,,False
data.csv,2022_real_observations,BLR,BLR,BOM,BOM,BLR-BOM,Vistara,Vistara,,2022-02-18,21:40,23:25,1h 45m,105,Economy,5438.0,,,,,False
data.csv,2022_real_observations,BLR,BLR,BOM,BOM,BLR-BOM,Go First,Go First,,2022-02-18,20:00,21:50,1h 50m,110,Economy,5177.0,,,,,True
data.csv,2022_real_observations,BLR,BLR,BOM,BOM,BLR-BOM,Air India,Air India,,2022-02-18,19:10,21:05,1h 55m,115,Economy,5179.0,,,,,False
data.csv,2022_real_observations,BLR,BLR,BOM,BOM,BLR-BOM,Vistara,Vistara,,2022-02-18,18:25,20:15,1h 50m,110,Economy,5438.0,,,,,False
data.csv,2022_real_observations,BLR,BLR,BOM,BOM,BLR-BOM,Go First,Go First,,2022-02-18,22:00,23:55,1h 55m,115,Economy,5177.0,,,,,True
data.csv,2022_real_observations,BLR,BLR,BOM,BOM,BLR-BOM,Vistara,Vistara,,2022-02-18,19:55,21:50,1h 55m,115,Economy,5438.0,,,,,False
data.csv,2022_real_observations,BLR,BLR,BOM,BOM,BLR-BOM,IndiGo,IndiGo,,2022-02-18,18:00,19:50,1h 50m,110,Economy,5546.0,,,,,False
data.csv,2022_real_observations,BLR,BLR,BOM,BOM,BLR-BOM,IndiGo,IndiGo,,2022-02-18,19:35,21:35,2h,120,Economy,5283.0,,,,,False
data.csv,2022_real_observations,BLR,BLR,BOM,BOM,BLR-BOM,IndiGo,IndiGo,,2022-02-18,16:50,18:35,1h 45m,105,Economy,6333.0,,,,,False
data.csv,2022_real_observations,BLR,BLR,BOM,BOM,BLR-BOM,IndiGo,IndiGo,,2022-02-18,21:15,23:15,2h,120,Economy,5703.0,,,,,False
data.csv,2022_real_observations,BLR,BLR,BOM,BOM,BLR-BOM,Go First,Go First,,2022-02-18,05:45,07:20,1h 35m,95,Economy,5177.0,,,,,True
data.csv,2022_real_observations,BLR,BLR,BOM,BOM,BLR-BOM,Go First,Go First,,2022-02-18,08:10,09:50,1h 40m,100,Economy,5177.0,,,,,True
data.csv,2022_real_observations,BLR,BLR,BOM,BOM,BLR-BOM,Go First,Go First,,2022-02-18,10:00,11:40,1h 40m,100,Economy,5177.0,,,,,True
data.csv,2022_real_observations,BOM,BOM,BLR,BLR,BOM-BLR,Air India,Air India,,2022-02-18,16:45,18:30,1h 45m,105,Economy,5103.0,,,,,False
data.csv,2022_real_observations,BOM,BOM,BLR,BLR,BOM-BLR,IndiGo,IndiGo,,2022-02-18,18:50,20:35,1h 45m,105,Economy,5103.0,,,,,False
data.csv,2022_real_observations,BOM,BOM,BLR,BLR,BOM-BLR,IndiGo,IndiGo,,2022-02-18,17:10,18:55,1h 45m,105,Economy,5103.0,,,,,False
data.csv,2022_real_observations,BOM,BOM,BLR,BLR,BOM-BLR,Vistara,Vistara,,2022-02-18,16:00,17:45,1h 45m,105,Economy,5362.0,,,,,False
data.csv,2022_real_observations,BOM,BOM,BLR,BLR,BOM-BLR,Vistara,Vistara,,2022-02-18,17:30,19:15,1h 45m,105,Economy,5362.0,,,,,False
data.csv,2022_real_observations,BOM,BOM,BLR,BLR,BOM-BLR,Vistara,Vistara,,2022-02-18,19:10,20:55,1h 45m,105,Economy,5362.0,,,,,False
data.csv,2022_real_observations,BOM,BOM,BLR,BLR,BOM-BLR,Vistara,Vistara,,2022-02-18,21:00,22:50,1h 50m,110,Economy,5362.0,,,,,False
data.csv,2022_real_observations,BOM,BOM,BLR,BLR,BOM-BLR,IndiGo,IndiGo,,2022-02-18,20:30,22:15,1h 45m,105,Economy,6783.0,,,,,False
data.csv,2022_real_observations,BOM,BOM,BLR,BLR,BOM-BLR,IndiGo,IndiGo,,2022-02-19,08:30,10:05,1h 35m,95,Economy,5103.0,,,,,False
data.csv,2022_real_observations,BOM,BOM,BLR,BLR,BOM-BLR,Air India,Air India,,2022-02-19,09:30,11:10,1h 40m,100,Economy,5103.0,,,,,False
data.csv,2022_real_observations,BOM,BOM,BLR,BLR,BOM-BLR,IndiGo,IndiGo,,2022-02-19,10:15,11:55,1h 40m,100,Economy,5103.0,,,,,False
data.csv,2022_real_observations,BOM,BOM,BLR,BLR,BOM-BLR,AirAsia India,AirAsia India,,2022-02-19,13:05,14:45,1h 40m,100,Economy,5104.0,,,,,False
data.csv,2022_real_observations,BOM,BOM,BLR,BLR,BOM-BLR,Vistara,Vistara,,2022-02-19,09:05,10:45,1h 40m,100,Economy,5362.0,,,,,False
data.csv,2022_real_observations,BOM,BOM,BLR,BLR,BOM-BLR,IndiGo,IndiGo,,2022-02-19,09:30,11:20,1h 50m,110,Economy,5103.0,,,,,False
data.csv,2022_real_observations,BOM,BOM,BLR,BLR,BOM-BLR,Vistara,Vistara,,2022-02-19,06:00,07:50,1h 50m,110,Economy,5362.0,,,,,False
data.csv,2022_real_observations,BOM,BOM,BLR,BLR,BOM-BLR,Vistara,Vistara,,2022-02-19,07:00,08:50,1h 50m,110,Economy,5362.0,,,,,False
data.csv,2022_real_observations,BOM,BOM,BLR,BLR,BOM-BLR,IndiGo,IndiGo,,2022-02-19,06:55,08:30,1h 35m,95,Economy,5838.0,,,,,False
data.csv,2022_real_observations,BOM,BOM,BLR,BLR,BOM-BLR,IndiGo,IndiGo,,2022-02-19,14:20,16:05,1h 45m,105,Economy,6783.0,,,,,False
data.csv,2022_real_observations,BLR,BLR,BOM,BOM,BLR-BOM,Go First,Go First,,2022-02-19,19:00,20:40,1h 40m,100,Economy,5039.0,,,,,True
data.csv,2022_real_observations,BLR,BLR,BOM,BOM,BLR-BOM,AirAsia India,AirAsia India,,2022-02-19,22:45,00:35,1h 50m,110,Economy,4700.0,,,,,False
data.csv,2022_real_observations,BLR,BLR,BOM,BOM,BLR-BOM,AirAsia India,AirAsia India,,2022-02-19,18:50,20:35,1h 45m,105,Economy,5179.0,,,,,False
data.csv,2022_real_observations,BLR,BLR,BOM,BOM,BLR-BOM,Vistara,Vistara,,2022-02-19,19:00,20:45,1h 45m,105,Economy,5438.0,,,,,False
data.csv,2022_real_observations,BLR,BLR,BOM,BOM,BLR-BOM,Vistara,Vistara,,2022-02-19,21:40,23:25,1h 45m,105,Economy,5438.0,,,,,False
data.csv,2022_real_observations,BLR,BLR,BOM,BOM,BLR-BOM,Go First,Go First,,2022-02-19,20:00,21:50,1h 50m,110,Economy,5039.0,,,,,True
data.csv,2022_real_observations,BLR,BLR,BOM,BOM,BLR-BOM,Vistara,Vistara,,2022-02-19,18:25,20:15,1h 50m,110,Economy,5438.0,,,,,False
data.csv,2022_real_observations,BLR,BLR,BOM,BOM,BLR-BOM,Go First,Go First,,2022-02-19,22:00,23:55,1h 55m,115,Economy,5039.0,,,,,True
data.csv,2022_real_observations,BLR,BLR,BOM,BOM,BLR-BOM,Vistara,Vistara,,2022-02-19,19:55,21:50,1h 55m,115,Economy,5438.0,,,,,False
data.csv,2022_real_observations,BLR,BLR,BOM,BOM,BLR-BOM,IndiGo,IndiGo,,2022-02-19,19:35,21:35,2h,120,Economy,5178.0,,,,,False
data.csv,2022_real_observations,BLR,BLR,BOM,BOM,BLR-BOM,IndiGo,IndiGo,,2022-02-19,21:15,23:15,2h,120,Economy,6858.0,,,,,False
data.csv,2022_real_observations,BLR,BLR,BOM,BOM,BLR-BOM,IndiGo,IndiGo,,2022-02-19,18:00,19:50,1h 50m,110,Economy,8013.0,,,,,False
data.csv,2022_real_observations,BLR,BLR,BOM,BOM,BLR-BOM,AirAsia India,AirAsia India,,2022-02-19,05:35,07:15,1h 40m,100,Economy,4700.0,,,,,False
data.csv,2022_real_observations,BLR,BLR,BOM,BOM,BLR-BOM,Go First,Go First,,2022-02-19,05:45,07:20,1h 35m,95,Economy,5039.0,,,,,True
data.csv,2022_real_observations,BLR,BLR,BOM,BOM,BLR-BOM,Vistara,Vistara,,2022-02-19,06:40,08:15,1h 35m,95,Economy,5438.0,,,,,False
data.csv,2022_real_observations,BLR,BLR,BOM,BOM,BLR-BOM,Go First,Go First,,2022-02-19,08:10,09:50,1h 40m,100,Economy,5039.0,,,,,True
data.csv,2022_real_observations,BLR,BLR,BOM,BOM,BLR-BOM,Go First,Go First,,2022-02-19,10:00,11:40,1h 40m,100,Economy,5039.0,,,,,True
data.csv,2022_real_observations,BLR,BLR,BOM,BOM,BLR-BOM,Vistara,Vistara,,2022-02-19,08:30,10:15,1h 45m,105,Economy,5438.0,,,,,False
data.csv,2022_real_observations,BLR,BLR,BOM,BOM,BLR-BOM,Air India,Air India,,2022-02-19,06:45,08:35,1h 50m,110,Economy,5179.0,,,,,False
data.csv,2022_real_observations,BLR,BLR,BOM,BOM,BLR-BOM,IndiGo,IndiGo,,2022-02-19,07:00,08:50,1h 50m,110,Economy,5178.0,,,,,False
data.csv,2022_real_observations,BLR,BLR,BOM,BOM,BLR-BOM,Vistara,Vistara,,2022-02-19,09:30,11:25,1h 55m,115,Economy,6048.0,,,,,False
data.csv,2022_real_observations,BLR,BLR,BOM,BOM,BLR-BOM,IndiGo,IndiGo,,2022-02-19,08:05,09:55,1h 50m,110,Economy,9168.0,,,,,False
data.csv,2022_real_observations,BLR,BLR,BOM,BOM,BLR-BOM,IndiGo,IndiGo,,2022-02-19,12:40,14:30,1h 50m,110,Economy,10743.0,,,,,False
data.csv,2022_real_observations,BOM,BOM,BLR,BLR,BOM-BLR,Go First,Go First,,2022-02-19,18:00,19:40,1h 40m,100,Economy,4965.0,,,,,True
data.csv,2022_real_observations,BOM,BOM,BLR,BLR,BOM-BLR,Go First,Go First,,2022-02-19,21:00,22:45,1h 45m,105,Economy,4965.0,,,,,True
data.csv,2022_real_observations,BOM,BOM,BLR,BLR,BOM-BLR,Go First,Go First,,2022-02-19,22:50,00:35,1h 45m,105,Economy,4965.0,,,,,True
data.csv,2022_real_observations,BOM,BOM,BLR,BLR,BOM-BLR,AirAsia India,AirAsia India,,2022-02-19,20:10,22:05,1h 55m,115,Economy,4639.0,,,,,False
data.csv,2022_real_observations,BOM,BOM,BLR,BLR,BOM-BLR,AirAsia India,AirAsia India,,2022-02-19,21:20,23:15,1h 55m,115,Economy,4639.0,,,,,False
data.csv,2022_real_observations,BOM,BOM,BLR,BLR,BOM-BLR,IndiGo,IndiGo,,2022-02-19,20:30,22:15,1h 45m,105,Economy,5103.0,,,,,False
data.csv,2022_real_observations,BOM,BOM,BLR,BLR,BOM-BLR,IndiGo,IndiGo,,2022-02-19,17:10,18:55,1h 45m,105,Economy,5103.0,,,,,False
data.csv,2022_real_observations,BOM,BOM,BLR,BLR,BOM-BLR,IndiGo,IndiGo,,2022-02-19,18:50,20:35,1h 45m,105,Economy,5103.0,,,,,False
data.csv,2022_real_observations,BOM,BOM,BLR,BLR,BOM-BLR,Vistara,Vistara,,2022-02-19,17:30,19:15,1h 45m,105,Economy,5362.0,,,,,False
data.csv,2022_real_observations,BOM,BOM,BLR,BLR,BOM-BLR,Vistara,Vistara,,2022-02-19,19:10,20:55,1h 45m,105,Economy,5362.0,,,,,False
data.csv,2022_real_observations,BOM,BOM,BLR,BLR,BOM-BLR,Vistara,Vistara,,2022-02-19,16:00,17:45,1h 45m,105,Economy,5473.0,,,,,False
data.csv,2022_real_observations,BOM,BOM,BLR,BLR,BOM-BLR,Vistara,Vistara,,2022-02-19,21:00,22:50,1h 50m,110,Economy,5362.0,,,,,False
data.csv,2022_real_observations,BOM,BOM,BLR,BLR,BOM-BLR,Go First,Go First,,2022-02-20,06:05,07:40,1h 35m,95,Economy,5011.0,,,,,True
data.csv,2022_real_observations,BOM,BOM,BLR,BLR,BOM-BLR,Go First,Go First,,2022-02-20,14:35,16:10,1h 35m,95,Economy,5011.0,,,,,True
data.csv,2022_real_observations,BOM,BOM,BLR,BLR,BOM-BLR,IndiGo,IndiGo,,2022-02-20,08:30,10:05,1h 35m,95,Economy,5103.0,,,,,False
data.csv,2022_real_observations,BOM,BOM,BLR,BLR,BOM-BLR,Go First,Go First,,2022-02-20,12:30,14:10,1h 40m,100,Economy,5011.0,,,,,True
data.csv,2022_real_observations,BOM,BOM,BLR,BLR,BOM-BLR,IndiGo,IndiGo,,2022-02-20,10:15,11:55,1h 40m,100,Economy,5103.0,,,,,False
data.csv,2022_real_observations,BOM,BOM,BLR,BLR,BOM-BLR,AirAsia India,AirAsia India,,2022-02-20,13:05,14:45,1h 40m,100,Economy,5104.0,,,,,False
data.csv,2022_real_observations,BOM,BOM,BLR,BLR,BOM-BLR,Vistara,Vistara,,2022-02-20,09:05,10:45,1h 40m,100,Economy,5362.0,,,,,False
data.csv,2022_real_observations,BOM,BOM,BLR,BLR,BOM-BLR,IndiGo,IndiGo,,2022-02-20,09:30,11:20,1h 50m,110,Economy,5103.0,,,,,False
data.csv,2022_real_observations,BOM,BOM,BLR,BLR,BOM-BLR,Vistara,Vistara,,2022-02-20,07:00,08:50,1h 50m,110,Economy,5362.0,,,,,False
data.csv,2022_real_observations,BOM,BOM,BLR,BLR,BOM-BLR,IndiGo,IndiGo,,2022-02-20,06:55,08:30,1h 35m,95,Economy,6048.0,,,,,False
data.csv,2022_real_observations,BOM,BOM,BLR,BLR,BOM-BLR,IndiGo,IndiGo,,2022-02-20,14:20,16:05,1h 45m,105,Economy,8463.0,,,,,False
data.csv,2022_real_observations,BLR,BLR,BOM,BOM,BLR-BOM,Go First,Go First,,2022-02-20,19:00,20:40,1h 40m,100,Economy,5085.0,,,,,True
data.csv,2022_real_observations,BLR,BLR,BOM,BOM,BLR-BOM,AirAsia India,AirAsia India,,2022-02-20,22:45,00:35,1h 50m,110,Economy,4700.0,,,,,False
data.csv,2022_real_observations,BLR,BLR,BOM,BOM,BLR-BOM,AirAsia India,AirAsia India,,2022-02-20,18:50,20:35,1h 45m,105,Economy,5179.0,,,,,False
data.csv,2022_real_observations,BLR,BLR,BOM,BOM,BLR-BOM,Vistara,Vistara,,2022-02-20,19:00,20:45,1h 45m,105,Economy,5438.0,,,,,False
data.csv,2022_real_observations,BLR,BLR,BOM,BOM,BLR-BOM,Vistara,Vistara,,2022-02-20,21:40,23:25,1h 45m,105,Economy,5438.0,,,,,False
data.csv,2022_real_observations,BLR,BLR,BOM,BOM,BLR-BOM,Go First,Go First,,2022-02-20,20:00,21:50,1h 50m,110,Economy,5085.0,,,,,True
data.csv,2022_real_observations,BLR,BLR,BOM,BOM,BLR-BOM,Vistara,Vistara,,2022-02-20,18:25,20:15,1h 50m,110,Economy,5438.0,,,,,False
data.csv,2022_real_observations,BLR,BLR,BOM,BOM,BLR-BOM,IndiGo,IndiGo,,2022-02-20,18:00,19:50,1h 50m,110,Economy,5283.0,,,,,False
data.csv,2022_real_observations,BLR,BLR,BOM,BOM,BLR-BOM,Go First,Go First,,2022-02-20,22:00,23:55,1h 55m,115,Economy,5085.0,,,,,True
data.csv,2022_real_observations,BLR,BLR,BOM,BOM,BLR-BOM,Vistara,Vistara,,2022-02-20,19:55,21:50,1h 55m,115,Economy,5438.0,,,,,False
data.csv,2022_real_observations,BLR,BLR,BOM,BOM,BLR-BOM,Air India,Air India,,2022-02-20,19:10,21:05,1h 55m,115,Economy,5494.0,,,,,False
data.csv,2022_real_observations,BLR,BLR,BOM,BOM,BLR-BOM,IndiGo,IndiGo,,2022-02-20,19:35,21:35,2h,120,Economy,5178.0,,,,,False
data.csv,2022_real_observations,BLR,BLR,BOM,BOM,BLR-BOM,IndiGo,IndiGo,,2022-02-20,21:15,23:15,2h,120,Economy,5703.0,,,,,False
data.csv,2022_real_observations,BLR,BLR,BOM,BOM,BLR-BOM,IndiGo,IndiGo,,2022-02-20,16:50,18:35,1h 45m,105,Economy,6858.0,,,,,False
data.csv,2022_real_observations,BLR,BLR,BOM,BOM,BLR-BOM,SpiceJet,SpiceJet,,2022-02-20,05:55,07:15,1h 20m,80,Economy,5177.0,,,,,False
data.csv,2022_real_observations,BLR,BLR,BOM,BOM,BLR-BOM,AirAsia India,AirAsia India,,2022-02-20,05:35,07:15,1h 40m,100,Economy,4700.0,,,,,False
data.csv,2022_real_observations,BLR,BLR,BOM,BOM,BLR-BOM,Vistara,Vistara,,2022-02-20,06:40,08:15,1h 35m,95,Economy,5438.0,,,,,False
data.csv,2022_real_observations,BLR,BLR,BOM,BOM,BLR-BOM,Vistara,Vistara,,2022-02-20,09:30,11:25,1h 55m,115,Economy,5549.0,,,,,False
data.csv,2022_real_observations,BOM,BOM,BLR,BLR,BOM-BLR,Go First,Go First,,2022-02-20,18:00,19:40,1h 40m,100,Economy,5011.0,,,,,True
data.csv,2022_real_observations,BOM,BOM,BLR,BLR,BOM-BLR,Go First,Go First,,2022-02-20,21:00,22:45,1h 45m,105,Economy,5011.0,,,,,True
data.csv,2022_real_observations,BOM,BOM,BLR,BLR,BOM-BLR,Go First,Go First,,2022-02-20,22:50,00:35,1h 45m,105,Economy,5011.0,,,,,True
data.csv,2022_real_observations,BOM,BOM,BLR,BLR,BOM-BLR,AirAsia India,AirAsia India,,2022-02-20,20:10,22:05,1h 55m,115,Economy,4639.0,,,,,False
data.csv,2022_real_observations,BOM,BOM,BLR,BLR,BOM-BLR,AirAsia India,AirAsia India,,2022-02-20,21:20,23:15,1h 55m,115,Economy,4639.0,,,,,False
data.csv,2022_real_observations,BOM,BOM,BLR,BLR,BOM-BLR,IndiGo,IndiGo,,2022-02-20,17:10,18:55,1h 45m,105,Economy,7518.0,,,,,False
data.csv,2022_real_observations,BOM,BOM,BLR,BLR,BOM-BLR,IndiGo,IndiGo,,2022-02-20,20:30,22:15,1h 45m,105,Economy,8463.0,,,,,False
data.csv,2022_real_observations,BOM,BOM,BLR,BLR,BOM-BLR,IndiGo,IndiGo,,2022-02-20,18:50,20:35,1h 45m,105,Economy,9093.0,,,,,False
data.csv,2022_real_observations,BOM,BOM,BLR,BLR,BOM-BLR,Air India,Air India,,2022-02-21,09:30,11:10,1h 40m,100,Economy,2132.0,,,,,False
data.csv,2022_real_observations,BOM,BOM,BLR,BLR,BOM-BLR,Go First,Go First,,2022-02-21,14:35,16:10,1h 35m,95,Economy,2122.0,,,,,True
data.csv,2022_real_observations,BOM,BOM,BLR,BLR,BOM-BLR,Vistara,Vistara,,2022-02-21,09:05,10:45,1h 40m,100,Economy,2268.0,,,,,False
data.csv,2022_real_observations,BOM,BOM,BLR,BLR,BOM-BLR,Go First,Go First,,2022-02-21,12:30,14:10,1h 40m,100,Economy,2122.0,,,,,True
data.csv,2022_real_observations,BOM,BOM,BLR,BLR,BOM-BLR,AirAsia India,AirAsia India,,2022-02-21,13:05,14:45,1h 40m,100,Economy,2124.0,,,,,False
data.csv,2022_real_observations,BOM,BOM,BLR,BLR,BOM-BLR,IndiGo,IndiGo,,2022-02-21,14:20,16:05,1h 45m,105,Economy,2124.0,,,,,False
data.csv,2022_real_observations,BOM,BOM,BLR,BLR,BOM-BLR,IndiGo,IndiGo,,2022-02-21,08:30,10:05,1h 35m,95,Economy,2335.0,,,,,False
data.csv,2022_real_observations,BOM,BOM,BLR,BLR,BOM-BLR,Vistara,Vistara,,2022-02-21,06:00,07:50,1h 50m,110,Economy,2268.0,,,,,False
data.csv,2022_real_observations,BOM,BOM,BLR,BLR,BOM-BLR,Vistara,Vistara,,2022-02-21,07:00,08:50,1h 50m,110,Economy,2268.0,,,,,False
data.csv,2022_real_observations,BOM,BOM,BLR,BLR,BOM-BLR,IndiGo,IndiGo,,2022-02-21,09:30,11:20,1h 50m,110,Economy,2124.0,,,,,False
data.csv,2022_real_observations,BOM,BOM,BLR,BLR,BOM-BLR,IndiGo,IndiGo,,2022-02-21,06:55,08:30,1h 35m,95,Economy,3490.0,,,,,False
data.csv,2022_real_observations,BOM,BOM,BLR,BLR,BOM-BLR,Go First,Go First,,2022-02-21,06:05,07:40,1h 35m,95,Economy,3690.0,,,,,True
data.csv,2022_real_observations,BLR,BLR,BOM,BOM,BLR-BOM,Go First,Go First,,2022-02-21,19:00,20:40,1h 40m,100,Economy,2199.0,,,,,True
data.csv,2022_real_observations,BLR,BLR,BOM,BOM,BLR-BOM,Vistara,Vistara,,2022-02-21,19:00,20:45,1h 45m,105,Economy,2288.0,,,,,False
data.csv,2022_real_observations,BLR,BLR,BOM,BOM,BLR-BOM,Vistara,Vistara,,2022-02-21,21:40,23:25,1h 45m,105,Economy,2288.0,,,,,False
data.csv,2022_real_observations,BLR,BLR,BOM,BOM,BLR-BOM,AirAsia India,AirAsia India,,2022-02-21,22:45,00:35,1h 50m,110,Economy,2085.0,,,,,False
data.csv,2022_real_observations,BLR,BLR,BOM,BOM,BLR-BOM,AirAsia India,AirAsia India,,2022-02-21,18:50,20:35,1h 45m,105,Economy,2201.0,,,,,False
data.csv,2022_real_observations,BLR,BLR,BOM,BOM,BLR-BOM,Vistara,Vistara,,2022-02-21,18:25,20:15,1h 50m,110,Economy,2288.0,,,,,False
data.csv,2022_real_observations,BLR,BLR,BOM,BOM,BLR-BOM,Air India,Air India,,2022-02-21,19:10,21:05,1h 55m,115,Economy,2208.0,,,,,False
data.csv,2022_real_observations,BLR,BLR,BOM,BOM,BLR-BOM,IndiGo,IndiGo,,2022-02-21,18:00,19:50,1h 50m,110,Economy,2201.0,,,,,False
data.csv,2022_real_observations,BLR,BLR,BOM,BOM,BLR-BOM,Vistara,Vistara,,2022-02-21,19:55,21:50,1h 55m,115,Economy,2288.0,,,,,False
data.csv,2022_real_observations,BLR,BLR,BOM,BOM,BLR-BOM,Go First,Go First,,2022-02-21,20:00,21:50,1h 50m,110,Economy,2199.0,,,,,True
data.csv,2022_real_observations,BLR,BLR,BOM,BOM,BLR-BOM,IndiGo,IndiGo,,2022-02-21,16:50,18:35,1h 45m,105,Economy,2309.0,,,,,False
data.csv,2022_real_observations,BLR,BLR,BOM,BOM,BLR-BOM,Go First,Go First,,2022-02-21,22:00,23:55,1h 55m,115,Economy,2199.0,,,,,True
data.csv,2022_real_observations,BLR,BLR,BOM,BOM,BLR-BOM,IndiGo,IndiGo,,2022-02-21,21:15,23:15,2h,120,Economy,2201.0,,,,,False
data.csv,2022_real_observations,BLR,BLR,BOM,BOM,BLR-BOM,IndiGo,IndiGo,,2022-02-21,19:35,21:35,2h,120,Economy,2201.0,,,,,False
data.csv,2022_real_observations,BLR,BLR,BOM,BOM,BLR-BOM,Vistara,Vistara,,2022-02-21,06:40,08:15,1h 35m,95,Economy,2288.0,,,,,False
data.csv,2022_real_observations,BLR,BLR,BOM,BOM,BLR-BOM,AirAsia India,AirAsia India,,2022-02-21,05:35,07:15,1h 40m,100,Economy,2085.0,,,,,False
data.csv,2022_real_observations,BLR,BLR,BOM,BOM,BLR-BOM,Vistara,Vistara,,2022-02-21,08:30,10:15,1h 45m,105,Economy,2288.0,,,,,False
data.csv,2022_real_observations,BLR,BLR,BOM,BOM,BLR-BOM,Air India,Air India,,2022-02-21,06:45,08:35,1h 50m,110,Economy,2208.0,,,,,False
data.csv,2022_real_observations,BLR,BLR,BOM,BOM,BLR-BOM,IndiGo,IndiGo,,2022-02-21,07:00,08:50,1h 50m,110,Economy,2201.0,,,,,False
data.csv,2022_real_observations,BLR,BLR,BOM,BOM,BLR-BOM,Vistara,Vistara,,2022-02-21,09:30,11:25,1h 55m,115,Economy,2288.0,,,,,False
data.csv,2022_real_observations,BLR,BLR,BOM,BOM,BLR-BOM,IndiGo,IndiGo,,2022-02-21,08:05,09:55,1h 50m,110,Economy,2414.0,,,,,False
data.csv,2022_real_observations,BLR,BLR,BOM,BOM,BLR-BOM,IndiGo,IndiGo,,2022-02-21,12:40,14:30,1h 50m,110,Economy,2729.0,,,,,False
data.csv,2022_real_observations,BOM,BOM,BLR,BLR,BOM-BLR,Air India,Air India,,2022-02-21,16:45,18:30,1h 45m,105,Economy,2132.0,,,,,False
data.csv,2022_real_observations,BOM,BOM,BLR,BLR,BOM-BLR,Go First,Go First,,2022-02-21,18:00,19:40,1h 40m,100,Economy,2122.0,,,,,True
data.csv,2022_real_observations,BOM,BOM,BLR,BLR,BOM-BLR,Vistara,Vistara,,2022-02-21,16:00,17:45,1h 45m,105,Economy,2268.0,,,,,False
data.csv,2022_real_observations,BOM,BOM,BLR,BLR,BOM-BLR,Vistara,Vistara,,2022-02-21,17:30,19:15,1h 45m,105,Economy,2268.0,,,,,False
data.csv,2022_real_observations,BOM,BOM,BLR,BLR,BOM-BLR,Vistara,Vistara,,2022-02-21,19:10,20:55,1h 45m,105,Economy,2268.0,,,,,False
data.csv,2022_real_observations,BOM,BOM,BLR,BLR,BOM-BLR,IndiGo,IndiGo,,2022-02-21,18:50,20:35,1h 45m,105,Economy,2124.0,,,,,False
data.csv,2022_real_observations,BOM,BOM,BLR,BLR,BOM-BLR,IndiGo,IndiGo,,2022-02-21,17:10,18:55,1h 45m,105,Economy,2124.0,,,,,False
data.csv,2022_real_observations,BOM,BOM,BLR,BLR,BOM-BLR,Go First,Go First,,2022-02-21,21:00,22:45,1h 45m,105,Economy,2122.0,,,,,True
data.csv,2022_real_observations,BOM,BOM,BLR,BLR,BOM-BLR,Vistara,Vistara,,2022-02-21,21:00,22:50,1h 50m,110,Economy,2268.0,,,,,False
data.csv,2022_real_observations,BOM,BOM,BLR,BLR,BOM-BLR,IndiGo,IndiGo,,2022-02-21,20:30,22:15,1h 45m,105,Economy,3070.0,,,,,False
data.csv,2022_real_observations,BOM,BOM,BLR,BLR,BOM-BLR,Go First,Go First,,2022-02-21,22:50,00:35,1h 45m,105,Economy,3690.0,,,,,True
data.csv,2022_real_observations,BOM,BOM,BLR,BLR,BOM-BLR,Air India,Air India,,2022-02-22,09:30,11:10,1h 40m,100,Economy,2132.0,,,,,False
data.csv,2022_real_observations,BOM,BOM,BLR,BLR,BOM-BLR,IndiGo,IndiGo,,2022-02-22,08:30,10:05,1h 35m,95,Economy,2124.0,,,,,False
data.csv,2022_real_observations,BOM,BOM,BLR,BLR,BOM-BLR,Go First,Go First,,2022-02-22,06:05,07:40,1h 35m,95,Economy,2124.0,,,,,True
data.csv,2022_real_observations,BOM,BOM,BLR,BLR,BOM-BLR,Go First,Go First,,2022-02-22,14:35,16:10,1h 35m,95,Economy,2124.0,,,,,True
data.csv,2022_real_observations,BOM,BOM,BLR,BLR,BOM-BLR,Vistara,Vistara,,2022-02-22,09:05,10:45,1h 40m,100,Economy,2268.0,,,,,False
data.csv,2022_real_observations,BOM,BOM,BLR,BLR,BOM-BLR,IndiGo,IndiGo,,2022-02-22,10:15,11:55,1h 40m,100,Economy,2124.0,,,,,False
data.csv,2022_real_observations,BOM,BOM,BLR,BLR,BOM-BLR,Go First,Go First,,2022-02-22,12:30,14:10,1h 40m,100,Economy,2124.0,,,,,True
data.csv,2022_real_observations,BOM,BOM,BLR,BLR,BOM-BLR,AirAsia India,AirAsia India,,2022-02-22,13:05,14:45,1h 40m,100,Economy,2124.0,,,,,False
data.csv,2022_real_observations,BOM,BOM,BLR,BLR,BOM-BLR,IndiGo,IndiGo,,2022-02-22,06:55,08:30,1h 35m,95,Economy,2230.0,,,,,False
data.csv,2022_real_observations,BOM,BOM,BLR,BLR,BOM-BLR,IndiGo,IndiGo,,2022-02-22,14:20,16:05,1h 45m,105,Economy,2124.0,,,,,False
data.csv,2022_real_observations,BOM,BOM,BLR,BLR,BOM-BLR,Vistara,Vistara,,2022-02-22,06:00,07:50,1h 50m,110,Economy,2268.0,,,,,False
data.csv,2022_real_observations,BOM,BOM,BLR,BLR,BOM-BLR,Vistara,Vistara,,2022-02-22,07:00,08:50,1h 50m,110,Economy,2268.0,,,,,False
data.csv,2022_real_observations,BOM,BOM,BLR,BLR,BOM-BLR,IndiGo,IndiGo,,2022-02-22,09:30,11:20,1h 50m,110,Economy,2124.0,,,,,False
data.csv,2022_real_observations,BLR,BLR,BOM,BOM,BLR-BOM,Go First,Go First,,2022-02-22,19:00,20:40,1h 40m,100,Economy,2199.0,,,,,True
data.csv,2022_real_observations,BLR,BLR,BOM,BOM,BLR-BOM,Vistara,Vistara,,2022-02-22,19:00,20:45,1h 45m,105,Economy,2288.0,,,,,False
data.csv,2022_real_observations,BLR,BLR,BOM,BOM,BLR-BOM,Vistara,Vistara,,2022-02-22,21:40,23:25,1h 45m,105,Economy,2288.0,,,,,False
data.csv,2022_real_observations,BLR,BLR,BOM,BOM,BLR-BOM,AirAsia India,AirAsia India,,2022-02-22,18:50,20:35,1h 45m,105,Economy,2201.0,,,,,False
data.csv,2022_real_observations,BLR,BLR,BOM,BOM,BLR-BOM,AirAsia India,AirAsia India,,2022-02-22,22:45,00:35,1h 50m,110,Economy,2085.0,,,,,False
data.csv,2022_real_observations,BLR,BLR,BOM,BOM,BLR-BOM,Vistara,Vistara,,2022-02-22,18:25,20:15,1h 50m,110,Economy,2288.0,,,,,False
data.csv,2022_real_observations,BLR,BLR,BOM,BOM,BLR-BOM,Air India,Air India,,2022-02-22,19:10,21:05,1h 55m,115,Economy,2208.0,,,,,False
data.csv,2022_real_observations,BLR,BLR,BOM,BOM,BLR-BOM,Go First,Go First,,2022-02-22,20:00,21:50,1h 50m,110,Economy,2199.0,,,,,True
data.csv,2022_real_observations,BLR,BLR,BOM,BOM,BLR-BOM,Vistara,Vistara,,2022-02-22,19:55,21:50,1h 55m,115,Economy,2288.0,,,,,False
data.csv,2022_real_observations,BLR,BLR,BOM,BOM,BLR-BOM,IndiGo,IndiGo,,2022-02-22,16:50,18:35,1h 45m,105,Economy,2414.0,,,,,False
data.csv,2022_real_observations,BLR,BLR,BOM,BOM,BLR-BOM,IndiGo,IndiGo,,2022-02-22,18:00,19:50,1h 50m,110,Economy,2309.0,,,,,False
data.csv,2022_real_observations,BLR,BLR,BOM,BOM,BLR-BOM,Go First,Go First,,2022-02-22,22:00,23:55,1h 55m,115,Economy,2199.0,,,,,True
data.csv,2022_real_observations,BLR,BLR,BOM,BOM,BLR-BOM,IndiGo,IndiGo,,2022-02-22,19:35,21:35,2h,120,Economy,2201.0,,,,,False
data.csv,2022_real_observations,BLR,BLR,BOM,BOM,BLR-BOM,IndiGo,IndiGo,,2022-02-22,21:15,23:15,2h,120,Economy,2201.0,,,,,False
data.csv,2022_real_observations,BLR,BLR,BOM,BOM,BLR-BOM,Vistara,Vistara,,2022-02-22,06:40,08:15,1h 35m,95,Economy,2288.0,,,,,False
data.csv,2022_real_observations,BLR,BLR,BOM,BOM,BLR-BOM,Go First,Go First,,2022-02-22,05:45,07:20,1h 35m,95,Economy,2199.0,,,,,True
data.csv,2022_real_observations,BLR,BLR,BOM,BOM,BLR-BOM,AirAsia India,AirAsia India,,2022-02-22,05:35,07:15,1h 40m,100,Economy,2085.0,,,,,False
data.csv,2022_real_observations,BLR,BLR,BOM,BOM,BLR-BOM,Go First,Go First,,2022-02-22,08:10,09:50,1h 40m,100,Economy,2199.0,,,,,True
data.csv,2022_real_observations,BLR,BLR,BOM,BOM,BLR-BOM,Go First,Go First,,2022-02-22,10:00,11:40,1h 40m,100,Economy,2199.0,,,,,True
data.csv,2022_real_observations,BLR,BLR,BOM,BOM,BLR-BOM,Vistara,Vistara,,2022-02-22,08:30,10:15,1h 45m,105,Economy,2288.0,,,,,False
data.csv,2022_real_observations,BLR,BLR,BOM,BOM,BLR-BOM,Air India,Air India,,2022-02-22,06:45,08:35,1h 50m,110,Economy,2208.0,,,,,False
data.csv,2022_real_observations,BLR,BLR,BOM,BOM,BLR-BOM,IndiGo,IndiGo,,2022-02-22,08:05,09:55,1h 50m,110,Economy,2201.0,,,,,False
data.csv,2022_real_observations,BLR,BLR,BOM,BOM,BLR-BOM,IndiGo,IndiGo,,2022-02-22,07:00,08:50,1h 50m,110,Economy,2201.0,,,,,False
data.csv,2022_real_observations,BLR,BLR,BOM,BOM,BLR-BOM,Vistara,Vistara,,2022-02-22,09:30,11:25,1h 55m,115,Economy,2288.0,,,,,False
data.csv,2022_real_observations,BLR,BLR,BOM,BOM,BLR-BOM,IndiGo,IndiGo,,2022-02-22,12:40,14:30,1h 50m,110,Economy,2309.0,,,,,False
data.csv,2022_real_observations,BLR,BLR,BOM,BOM,BLR-BOM,SpiceJet,SpiceJet,,2022-02-22,05:55,07:15,1h 20m,80,Economy,5177.0,,,,,False
data.csv,2022_real_observations,BOM,BOM,BLR,BLR,BOM-BLR,Air India,Air India,,2022-02-22,16:45,18:30,1h 45m,105,Economy,2132.0,,,,,False
data.csv,2022_real_observations,BOM,BOM,BLR,BLR,BOM-BLR,Go First,Go First,,2022-02-22,18:00,19:40,1h 40m,100,Economy,2124.0,,,,,True
data.csv,2022_real_observations,BOM,BOM,BLR,BLR,BOM-BLR,Vistara,Vistara,,2022-02-22,16:00,17:45,1h 45m,105,Economy,2268.0,,,,,False
data.csv,2022_real_observations,BOM,BOM,BLR,BLR,BOM-BLR,Vistara,Vistara,,2022-02-22,17:30,19:15,1h 45m,105,Economy,2268.0,,,,,False
data.csv,2022_real_observations,BOM,BOM,BLR,BLR,BOM-BLR,Vistara,Vistara,,2022-02-22,19:10,20:55,1h 45m,105,Economy,2268.0,,,,,False
data.csv,2022_real_observations,BOM,BOM,BLR,BLR,BOM-BLR,Go First,Go First,,2022-02-22,21:00,22:45,1h 45m,105,Economy,2124.0,,,,,True
data.csv,2022_real_observations,BOM,BOM,BLR,BLR,BOM-BLR,Go First,Go First,,2022-02-22,22:50,00:35,1h 45m,105,Economy,2124.0,,,,,True
data.csv,2022_real_observations,BOM,BOM,BLR,BLR,BOM-BLR,Vistara,Vistara,,2022-02-22,21:00,22:50,1h 50m,110,Economy,2268.0,,,,,False
data.csv,2022_real_observations,BOM,BOM,BLR,BLR,BOM-BLR,Air India,Air India,,2022-02-23,09:30,11:10,1h 40m,100,Economy,2132.0,,,,,False
data.csv,2022_real_observations,BOM,BOM,BLR,BLR,BOM-BLR,IndiGo,IndiGo,,2022-02-23,06:55,08:30,1h 35m,95,Economy,2124.0,,,,,False
data.csv,2022_real_observations,BOM,BOM,BLR,BLR,BOM-BLR,IndiGo,IndiGo,,2022-02-23,08:30,10:05,1h 35m,95,Economy,2124.0,,,,,False
data.csv,2022_real_observations,BOM,BOM,BLR,BLR,BOM-BLR,Go First,Go First,,2022-02-23,06:05,07:40,1h 35m,95,Economy,2124.0,,,,,True
data.csv,2022_real_observations,BOM,BOM,BLR,BLR,BOM-BLR,Go First,Go First,,2022-02-23,14:35,16:10,1h 35m,95,Economy,2124.0,,,,,True
data.csv,2022_real_observations,BOM,BOM,BLR,BLR,BOM-BLR,Vistara,Vistara,,2022-02-23,09:05,10:45,1h 40m,100,Economy,2268.0,,,,,False
data.csv,2022_real_observations,BOM,BOM,BLR,BLR,BOM-BLR,AirAsia India,AirAsia India,,2022-02-23,13:05,14:45,1h 40m,100,Economy,2124.0,,,,,False
data.csv,2022_real_observations,BOM,BOM,BLR,BLR,BOM-BLR,Go First,Go First,,2022-02-23,12:30,14:10,1h 40m,100,Economy,2124.0,,,,,True
data.csv,2022_real_observations,BOM,BOM,BLR,BLR,BOM-BLR,IndiGo,IndiGo,,2022-02-23,14:20,16:05,1h 45m,105,Economy,2124.0,,,,,False
data.csv,2022_real_observations,BOM,BOM,BLR,BLR,BOM-BLR,Vistara,Vistara,,2022-02-23,06:00,07:50,1h 50m,110,Economy,2268.0,,,,,False
data.csv,2022_real_observations,BOM,BOM,BLR,BLR,BOM-BLR,Vistara,Vistara,,2022-02-23,07:00,08:50,1h 50m,110,Economy,2268.0,,,,,False
data.csv,2022_real_observations,BOM,BOM,BLR,BLR,BOM-BLR,IndiGo,IndiGo,,2022-02-23,09:30,11:20,1h 50m,110,Economy,2124.0,,,,,False
data.csv,2022_real_observations,BLR,BLR,BOM,BOM,BLR-BOM,Go First,Go First,,2022-02-23,19:00,20:40,1h 40m,100,Economy,2199.0,,,,,True
data.csv,2022_real_observations,BLR,BLR,BOM,BOM,BLR-BOM,Vistara,Vistara,,2022-02-23,19:00,20:45,1h 45m,105,Economy,2288.0,,,,,False
data.csv,2022_real_observations,BLR,BLR,BOM,BOM,BLR-BOM,Vistara,Vistara,,2022-02-23,21:40,23:25,1h 45m,105,Economy,2288.0,,,,,False
data.csv,2022_real_observations,BLR,BLR,BOM,BOM,BLR-BOM,Vistara,Vistara,,2022-02-23,18:25,20:15,1h 50m,110,Economy,2288.0,,,,,False
data.csv,2022_real_observations,BLR,BLR,BOM,BOM,BLR-BOM,Air India,Air India,,2022-02-23,19:10,21:05,1h 55m,115,Economy,2208.0,,,,,False
data.csv,2022_real_observations,BLR,BLR,BOM,BOM,BLR-BOM,IndiGo,IndiGo,,2022-02-23,18:00,19:50,1h 50m,110,Economy,2201.0,,,,,False
data.csv,2022_real_observations,BLR,BLR,BOM,BOM,BLR-BOM,Vistara,Vistara,,2022-02-23,19:55,21:50,1h 55m,115,Economy,2288.0,,,,,False
data.csv,2022_real_observations,BLR,BLR,BOM,BOM,BLR-BOM,Go First,Go First,,2022-02-23,20:00,21:50,1h 50m,110,Economy,2199.0,,,,,True
data.csv,2022_real_observations,BLR,BLR,BOM,BOM,BLR-BOM,IndiGo,IndiGo,,2022-02-23,16:50,18:35,1h 45m,105,Economy,2414.0,,,,,False
data.csv,2022_real_observations,BLR,BLR,BOM,BOM,BLR-BOM,Go First,Go First,,2022-02-23,22:00,23:55,1h 55m,115,Economy,2199.0,,,,,True
data.csv,2022_real_observations,BLR,BLR,BOM,BOM,BLR-BOM,IndiGo,IndiGo,,2022-02-23,19:35,21:35,2h,120,Economy,2201.0,,,,,False
data.csv,2022_real_observations,BLR,BLR,BOM,BOM,BLR-BOM,IndiGo,IndiGo,,2022-02-23,21:15,23:15,2h,120,Economy,2201.0,,,,,False
data.csv,2022_real_observations,BLR,BLR,BOM,BOM,BLR-BOM,Vistara,Vistara,,2022-02-23,06:40,08:15,1h 35m,95,Economy,2288.0,,,,,False
data.csv,2022_real_observations,BLR,BLR,BOM,BOM,BLR-BOM,AirAsia India,AirAsia India,,2022-02-23,05:35,07:15,1h 40m,100,Economy,2085.0,,,,,False
data.csv,2022_real_observations,BLR,BLR,BOM,BOM,BLR-BOM,Go First,Go First,,2022-02-23,05:45,07:20,1h 35m,95,Economy,2199.0,,,,,True
data.csv,2022_real_observations,BLR,BLR,BOM,BOM,BLR-BOM,Go First,Go First,,2022-02-23,08:10,09:50,1h 40m,100,Economy,2199.0,,,,,True
data.csv,2022_real_observations,BLR,BLR,BOM,BOM,BLR-BOM,Go First,Go First,,2022-02-23,10:00,11:40,1h 40m,100,Economy,2199.0,,,,,True
data.csv,2022_real_observations,BLR,BLR,BOM,BOM,BLR-BOM,Vistara,Vistara,,2022-02-23,08:30,10:15,1h 45m,105,Economy,2288.0,,,,,False
data.csv,2022_real_observations,BLR,BLR,BOM,BOM,BLR-BOM,Air India,Air India,,2022-02-23,06:45,08:35,1h 50m,110,Economy,2208.0,,,,,False
data.csv,2022_real_observations,BLR,BLR,BOM,BOM,BLR-BOM,IndiGo,IndiGo,,2022-02-23,07:00,08:50,1h 50m,110,Economy,2201.0,,,,,False
data.csv,2022_real_observations,BLR,BLR,BOM,BOM,BLR-BOM,Vistara,Vistara,,2022-02-23,09:30,11:25,1h 55m,115,Economy,2288.0,,,,,False
data.csv,2022_real_observations,BLR,BLR,BOM,BOM,BLR-BOM,IndiGo,IndiGo,,2022-02-23,12:40,14:30,1h 50m,110,Economy,2309.0,,,,,False
data.csv,2022_real_observations,BLR,BLR,BOM,BOM,BLR-BOM,IndiGo,IndiGo,,2022-02-23,08:05,09:55,1h 50m,110,Economy,2309.0,,,,,False
data.csv,2022_real_observations,BOM,BOM,BLR,BLR,BOM-BLR,Air India,Air India,,2022-02-23,16:45,18:30,1h 45m,105,Economy,2132.0,,,,,False
data.csv,2022_real_observations,BOM,BOM,BLR,BLR,BOM-BLR,Go First,Go First,,2022-02-23,18:00,19:40,1h 40m,100,Economy,2124.0,,,,,True
data.csv,2022_real_observations,BOM,BOM,BLR,BLR,BOM-BLR,Vistara,Vistara,,2022-02-23,16:00,17:45,1h 45m,105,Economy,2268.0,,,,,False
data.csv,2022_real_observations,BOM,BOM,BLR,BLR,BOM-BLR,Vistara,Vistara,,2022-02-23,17:30,19:15,1h 45m,105,Economy,2268.0,,,,,False
data.csv,2022_real_observations,BOM,BOM,BLR,BLR,BOM-BLR,Vistara,Vistara,,2022-02-23,19:10,20:55,1h 45m,105,Economy,2268.0,,,,,False
data.csv,2022_real_observations,BOM,BOM,BLR,BLR,BOM-BLR,IndiGo,IndiGo,,2022-02-23,17:10,18:55,1h 45m,105,Economy,2124.0,,,,,False
data.csv,2022_real_observations,BOM,BOM,BLR,BLR,BOM-BLR,IndiGo,IndiGo,,2022-02-23,18:50,20:35,1h 45m,105,Economy,2124.0,,,,,False
data.csv,2022_real_observations,BOM,BOM,BLR,BLR,BOM-BLR,IndiGo,IndiGo,,2022-02-23,20:30,22:15,1h 45m,105,Economy,2124.0,,,,,False
data.csv,2022_real_observations,BOM,BOM,BLR,BLR,BOM-BLR,Go First,Go First,,2022-02-23,21:00,22:45,1h 45m,105,Economy,2124.0,,,,,True
data.csv,2022_real_observations,BOM,BOM,BLR,BLR,BOM-BLR,Go First,Go First,,2022-02-23,22:50,00:35,1h 45m,105,Economy,2124.0,,,,,True
data.csv,2022_real_observations,BOM,BOM,BLR,BLR,BOM-BLR,Vistara,Vistara,,2022-02-23,21:00,22:50,1h 50m,110,Economy,2268.0,,,,,False
data.csv,2022_real_observations,BOM,BOM,BLR,BLR,BOM-BLR,AirAsia India,AirAsia India,,2022-02-23,20:10,22:05,1h 55m,115,Economy,2010.0,,,,,False
data.csv,2022_real_observations,BOM,BOM,BLR,BLR,BOM-BLR,AirAsia India,AirAsia India,,2022-02-23,21:20,23:15,1h 55m,115,Economy,2010.0,,,,,False
data.csv,2022_real_observations,BOM,BOM,BLR,BLR,BOM-BLR,Air India,Air India,,2022-02-24,09:30,11:10,1h 40m,100,Economy,2132.0,,,,,False
data.csv,2022_real_observations,BOM,BOM,BLR,BLR,BOM-BLR,IndiGo,IndiGo,,2022-02-24,08:30,10:05,1h 35m,95,Economy,2124.0,,,,,False
data.csv,2022_real_observations,BOM,BOM,BLR,BLR,BOM-BLR,IndiGo,IndiGo,,2022-02-24,06:55,08:30,1h 35m,95,Economy,2124.0,,,,,False
data.csv,2022_real_observations,BOM,BOM,BLR,BLR,BOM-BLR,Go First,Go First,,2022-02-24,06:05,07:40,1h 35m,95,Economy,2124.0,,,,,True
data.csv,2022_real_observations,BOM,BOM,BLR,BLR,BOM-BLR,Go First,Go First,,2022-02-24,14:35,16:10,1h 35m,95,Economy,2124.0,,,,,True
data.csv,2022_real_observations,BOM,BOM,BLR,BLR,BOM-BLR,Vistara,Vistara,,2022-02-24,09:05,10:45,1h 40m,100,Economy,2268.0,,,,,False
data.csv,2022_real_observations,BOM,BOM,BLR,BLR,BOM-BLR,IndiGo,IndiGo,,2022-02-24,10:15,11:55,1h 40m,100,Economy,2124.0,,,,,False
data.csv,2022_real_observations,BOM,BOM,BLR,BLR,BOM-BLR,AirAsia India,AirAsia India,,2022-02-24,13:05,14:45,1h 40m,100,Economy,2124.0,,,,,False
data.csv,2022_real_observations,BOM,BOM,BLR,BLR,BOM-BLR,Go First,Go First,,2022-02-24,12:30,14:10,1h 40m,100,Economy,2124.0,,,,,True
data.csv,2022_real_observations,BOM,BOM,BLR,BLR,BOM-BLR,Vistara,Vistara,,2022-02-24,06:00,07:50,1h 50m,110,Economy,2268.0,,,,,False
data.csv,2022_real_observations,BOM,BOM,BLR,BLR,BOM-BLR,Vistara,Vistara,,2022-02-24,07:00,08:50,1h 50m,110,Economy,2268.0,,,,,False
data.csv,2022_real_observations,BOM,BOM,BLR,BLR,BOM-BLR,IndiGo,IndiGo,,2022-02-24,09:30,11:20,1h 50m,110,Economy,2124.0,,,,,False
data.csv,2022_real_observations,BOM,BOM,BLR,BLR,BOM-BLR,IndiGo,IndiGo,,2022-02-24,14:20,16:05,1h 45m,105,Economy,2230.0,,,,,False
data.csv,2022_real_observations,BLR,BLR,BOM,BOM,BLR-BOM,Go First,Go First,,2022-02-24,19:00,20:40,1h 40m,100,Economy,2201.0,,,,,True
data.csv,2022_real_observations,BLR,BLR,BOM,BOM,BLR-BOM,Vistara,Vistara,,2022-02-24,19:00,20:45,1h 45m,105,Economy,2288.0,,,,,False
data.csv,2022_real_observations,BLR,BLR,BOM,BOM,BLR-BOM,Vistara,Vistara,,2022-02-24,21:40,23:25,1h 45m,105,Economy,2288.0,,,,,False
data.csv,2022_real_observations,BLR,BLR,BOM,BOM,BLR-BOM,AirAsia India,AirAsia India,,2022-02-24,18:50,20:35,1h 45m,105,Economy,2201.0,,,,,False
data.csv,2022_real_observations,BLR,BLR,BOM,BOM,BLR-BOM,AirAsia India,AirAsia India,,2022-02-24,22:45,00:35,1h 50m,110,Economy,2085.0,,,,,False
data.csv,2022_real_observations,BLR,BLR,BOM,BOM,BLR-BOM,Vistara,Vistara,,2022-02-24,18:25,20:15,1h 50m,110,Economy,2288.0,,,,,False
data.csv,2022_real_observations,BLR,BLR,BOM,BOM,BLR-BOM,IndiGo,IndiGo,,2022-02-24,16:50,18:35,1h 45m,105,Economy,2309.0,,,,,False
data.csv,2022_real_observations,BLR,BLR,BOM,BOM,BLR-BOM,IndiGo,IndiGo,,2022-02-24,18:00,19:50,1h 50m,110,Economy,2201.0,,,,,False
data.csv,2022_real_observations,BLR,BLR,BOM,BOM,BLR-BOM,Go First,Go First,,2022-02-24,20:00,21:50,1h 50m,110,Economy,2201.0,,,,,True
data.csv,2022_real_observations,BLR,BLR,BOM,BOM,BLR-BOM,Vistara,Vistara,,2022-02-24,19:55,21:50,1h 55m,115,Economy,2288.0,,,,,False
data.csv,2022_real_observations,BLR,BLR,BOM,BOM,BLR-BOM,Go First,Go First,,2022-02-24,22:00,23:55,1h 55m,115,Economy,2201.0,,,,,True
data.csv,2022_real_observations,BLR,BLR,BOM,BOM,BLR-BOM,IndiGo,IndiGo,,2022-02-24,19:35,21:35,2h,120,Economy,2201.0,,,,,False
data.csv,2022_real_observations,BLR,BLR,BOM,BOM,BLR-BOM,IndiGo,IndiGo,,2022-02-24,21:15,23:15,2h,120,Economy,2201.0,,,,,False
data.csv,2022_real_observations,BLR,BLR,BOM,BOM,BLR-BOM,Vistara,Vistara,,2022-02-24,06:40,08:15,1h 35m,95,Economy,2288.0,,,,,False
data.csv,2022_real_observations,BLR,BLR,BOM,BOM,BLR-BOM,Go First,Go First,,2022-02-24,05:45,07:20,1h 35m,95,Economy,2201.0,,,,,True
data.csv,2022_real_observations,BLR,BLR,BOM,BOM,BLR-BOM,AirAsia India,AirAsia India,,2022-02-24,05:35,07:15,1h 40m,100,Economy,2085.0,,,,,False
data.csv,2022_real_observations,BLR,BLR,BOM,BOM,BLR-BOM,Go First,Go First,,2022-02-24,08:10,09:50,1h 40m,100,Economy,2201.0,,,,,True
data.csv,2022_real_observations,BLR,BLR,BOM,BOM,BLR-BOM,Go First,Go First,,2022-02-24,10:00,11:40,1h 40m,100,Economy,2201.0,,,,,True
data.csv,2022_real_observations,BLR,BLR,BOM,BOM,BLR-BOM,Vistara,Vistara,,2022-02-24,08:30,10:15,1h 45m,105,Economy,2288.0,,,,,False
data.csv,2022_real_observations,BLR,BLR,BOM,BOM,BLR-BOM,Air India,Air India,,2022-02-24,06:45,08:35,1h 50m,110,Economy,2208.0,,,,,False
data.csv,2022_real_observations,BLR,BLR,BOM,BOM,BLR-BOM,IndiGo,IndiGo,,2022-02-24,07:00,08:50,1h 50m,110,Economy,2201.0,,,,,False
data.csv,2022_real_observations,BLR,BLR,BOM,BOM,BLR-BOM,Vistara,Vistara,,2022-02-24,09:30,11:25,1h 55m,115,Economy,2288.0,,,,,False
data.csv,2022_real_observations,BLR,BLR,BOM,BOM,BLR-BOM,IndiGo,IndiGo,,2022-02-24,12:40,14:30,1h 50m,110,Economy,2309.0,,,,,False
data.csv,2022_real_observations,BLR,BLR,BOM,BOM,BLR-BOM,IndiGo,IndiGo,,2022-02-24,08:05,09:55,1h 50m,110,Economy,2309.0,,,,,False
data.csv,2022_real_observations,BLR,BLR,BOM,BOM,BLR-BOM,SpiceJet,SpiceJet,,2022-02-24,05:00,06:20,1h 20m,80,Economy,5177.0,,,,,False
data.csv,2022_real_observations,BOM,BOM,BLR,BLR,BOM-BLR,Vistara,Vistara,,2022-02-24,16:00,17:45,1h 45m,105,Economy,2268.0,,,,,False
data.csv,2022_real_observations,BOM,BOM,BLR,BLR,BOM-BLR,Vistara,Vistara,,2022-02-24,17:30,19:15,1h 45m,105,Economy,2268.0,,,,,False
data.csv,2022_real_observations,BOM,BOM,BLR,BLR,BOM-BLR,Vistara,Vistara,,2022-02-24,19:10,20:55,1h 45m,105,Economy,2268.0,,,,,False
data.csv,2022_real_observations,BOM,BOM,BLR,BLR,BOM-BLR,Vistara,Vistara,,2022-02-24,21:00,22:50,1h 50m,110,Economy,2268.0,,,,,False
data.csv,2022_real_observations,BOM,BOM,BLR,BLR,BOM-BLR,IndiGo,IndiGo,,2022-02-24,20:30,22:15,1h 45m,105,Economy,2230.0,,,,,False
data.csv,2022_real_observations,BOM,BOM,BLR,BLR,BOM-BLR,Air India,Air India,,2022-02-25,09:30,11:10,1h 40m,100,Economy,2132.0,,,,,False
data.csv,2022_real_observations,BOM,BOM,BLR,BLR,BOM-BLR,IndiGo,IndiGo,,2022-02-25,08:30,10:05,1h 35m,95,Economy,2124.0,,,,,False
data.csv,2022_real_observations,BOM,BOM,BLR,BLR,BOM-BLR,Go First,Go First,,2022-02-25,06:05,07:40,1h 35m,95,Economy,2124.0,,,,,True
data.csv,2022_real_observations,BOM,BOM,BLR,BLR,BOM-BLR,Go First,Go First,,2022-02-25,14:35,16:10,1h 35m,95,Economy,2124.0,,,,,True
data.csv,2022_real_observations,BOM,BOM,BLR,BLR,BOM-BLR,Vistara,Vistara,,2022-02-25,09:05,10:45,1h 40m,100,Economy,2268.0,,,,,False
data.csv,2022_real_observations,BOM,BOM,BLR,BLR,BOM-BLR,AirAsia India,AirAsia India,,2022-02-25,13:05,14:45,1h 40m,100,Economy,2124.0,,,,,False
data.csv,2022_real_observations,BOM,BOM,BLR,BLR,BOM-BLR,Go First,Go First,,2022-02-25,12:30,14:10,1h 40m,100,Economy,2124.0,,,,,True
data.csv,2022_real_observations,BOM,BOM,BLR,BLR,BOM-BLR,IndiGo,IndiGo,,2022-02-25,06:55,08:30,1h 35m,95,Economy,2230.0,,,,,False
data.csv,2022_real_observations,BOM,BOM,BLR,BLR,BOM-BLR,Vistara,Vistara,,2022-02-25,06:00,07:50,1h 50m,110,Economy,2268.0,,,,,False
data.csv,2022_real_observations,BOM,BOM,BLR,BLR,BOM-BLR,Vistara,Vistara,,2022-02-25,07:00,08:50,1h 50m,110,Economy,2268.0,,,,,False
data.csv,2022_real_observations,BOM,BOM,BLR,BLR,BOM-BLR,IndiGo,IndiGo,,2022-02-25,09:30,11:20,1h 50m,110,Economy,2124.0,,,,,False
data.csv,2022_real_observations,BOM,BOM,BLR,BLR,BOM-BLR,IndiGo,IndiGo,,2022-02-25,14:20,16:05,1h 45m,105,Economy,2230.0,,,,,False
data.csv,2022_real_observations,BLR,BLR,BOM,BOM,BLR-BOM,Go First,Go First,,2022-02-25,19:00,20:40,1h 40m,100,Economy,2199.0,,,,,True
data.csv,2022_real_observations,BLR,BLR,BOM,BOM,BLR-BOM,Vistara,Vistara,,2022-02-25,19:00,20:45,1h 45m,105,Economy,2288.0,,,,,False
data.csv,2022_real_observations,BLR,BLR,BOM,BOM,BLR-BOM,Vistara,Vistara,,2022-02-25,21:40,23:25,1h 45m,105,Economy,2288.0,,,,,False
data.csv,2022_real_observations,BLR,BLR,BOM,BOM,BLR-BOM,AirAsia India,AirAsia India,,2022-02-25,22:45,00:35,1h 50m,110,Economy,2085.0,,,,,False
data.csv,2022_real_observations,BLR,BLR,BOM,BOM,BLR-BOM,AirAsia India,AirAsia India,,2022-02-25,18:50,20:35,1h 45m,105,Economy,2201.0,,,,,False
data.csv,2022_real_observations,BLR,BLR,BOM,BOM,BLR-BOM,Vistara,Vistara,,2022-02-25,18:25,20:15,1h 50m,110,Economy,2288.0,,,,,False
data.csv,2022_real_observations,BLR,BLR,BOM,BOM,BLR-BOM,Air India,Air India,,2022-02-25,19:10,21:05,1h 55m,115,Economy,2208.0,,,,,False
data.csv,2022_real_observations,BLR,BLR,BOM,BOM,BLR-BOM,IndiGo,IndiGo,,2022-02-25,18:00,19:50,1h 50m,110,Economy,2201.0,,,,,False
data.csv,2022_real_observations,BLR,BLR,BOM,BOM,BLR-BOM,Vistara,Vistara,,2022-02-25,19:55,21:50,1h 55m,115,Economy,2288.0,,,,,False
data.csv,2022_real_observations,BLR,BLR,BOM,BOM,BLR-BOM,Go First,Go First,,2022-02-25,20:00,21:50,1h 50m,110,Economy,2199.0,,,,,True
data.csv,2022_real_observations,BLR,BLR,BOM,BOM,BLR-BOM,IndiGo,IndiGo,,2022-02-25,16:50,18:35,1h 45m,105,Economy,2309.0,,,,,False
data.csv,2022_real_observations,BLR,BLR,BOM,BOM,BLR-BOM,Go First,Go First,,2022-02-25,22:00,23:55,1h 55m,115,Economy,2199.0,,,,,True
data.csv,2022_real_observations,BLR,BLR,BOM,BOM,BLR-BOM,IndiGo,IndiGo,,2022-02-25,21:15,23:15,2h,120,Economy,2201.0,,,,,False
data.csv,2022_real_observations,BLR,BLR,BOM,BOM,BLR-BOM,IndiGo,IndiGo,,2022-02-25,19:35,21:35,2h,120,Economy,2309.0,,,,,False
data.csv,2022_real_observations,BLR,BLR,BOM,BOM,BLR-BOM,Vistara,Vistara,,2022-02-25,06:40,08:15,1h 35m,95,Economy,2288.0,,,,,False
data.csv,2022_real_observations,BLR,BLR,BOM,BOM,BLR-BOM,Go First,Go First,,2022-02-25,05:45,07:20,1h 35m,95,Economy,2199.0,,,,,True
data.csv,2022_real_observations,BLR,BLR,BOM,BOM,BLR-BOM,Go First,Go First,,2022-02-25,08:10,09:50,1h 40m,100,Economy,2199.0,,,,,True
data.csv,2022_real_observations,BLR,BLR,BOM,BOM,BLR-BOM,Go First,Go First,,2022-02-25,10:00,11:40,1h 40m,100,Economy,2199.0,,,,,True
data.csv,2022_real_observations,BLR,BLR,BOM,BOM,BLR-BOM,Vistara,Vistara,,2022-02-25,08:30,10:15,1h 45m,105,Economy,2288.0,,,,,False
data.csv,2022_real_observations,BLR,BLR,BOM,BOM,BLR-BOM,Air India,Air India,,2022-02-25,06:45,08:35,1h 50m,110,Economy,2208.0,,,,,False
data.csv,2022_real_observations,BLR,BLR,BOM,BOM,BLR-BOM,IndiGo,IndiGo,,2022-02-25,07:00,08:50,1h 50m,110,Economy,2201.0,,,,,False
data.csv,2022_real_observations,BLR,BLR,BOM,BOM,BLR-BOM,Vistara,Vistara,,2022-02-25,09:30,11:25,1h 55m,115,Economy,2288.0,,,,,False
data.csv,2022_real_observations,BLR,BLR,BOM,BOM,BLR-BOM,IndiGo,IndiGo,,2022-02-25,12:40,14:30,1h 50m,110,Economy,2309.0,,,,,False
data.csv,2022_real_observations,BLR,BLR,BOM,BOM,BLR-BOM,IndiGo,IndiGo,,2022-02-25,08:05,09:55,1h 50m,110,Economy,2572.0,,,,,False
data.csv,2022_real_observations,BOM,BOM,BLR,BLR,BOM-BLR,Air India,Air India,,2022-02-25,16:45,18:30,1h 45m,105,Economy,2132.0,,,,,False
data.csv,2022_real_observations,BOM,BOM,BLR,BLR,BOM-BLR,Go First,Go First,,2022-02-25,18:00,19:40,1h 40m,100,Economy,2124.0,,,,,True
data.csv,2022_real_observations,BOM,BOM,BLR,BLR,BOM-BLR,Vistara,Vistara,,2022-02-25,16:00,17:45,1h 45m,105,Economy,2268.0,,,,,False
data.csv,2022_real_observations,BOM,BOM,BLR,BLR,BOM-BLR,Vistara,Vistara,,2022-02-25,17:30,19:15,1h 45m,105,Economy,2268.0,,,,,False
data.csv,2022_real_observations,BOM,BOM,BLR,BLR,BOM-BLR,Vistara,Vistara,,2022-02-25,19:10,20:55,1h 45m,105,Economy,2268.0,,,,,False
data.csv,2022_real_observations,BOM,BOM,BLR,BLR,BOM-BLR,IndiGo,IndiGo,,2022-02-25,17:10,18:55,1h 45m,105,Economy,2124.0,,,,,False
data.csv,2022_real_observations,BOM,BOM,BLR,BLR,BOM-BLR,IndiGo,IndiGo,,2022-02-25,18:50,20:35,1h 45m,105,Economy,2124.0,,,,,False
data.csv,2022_real_observations,BOM,BOM,BLR,BLR,BOM-BLR,IndiGo,IndiGo,,2022-02-25,20:30,22:15,1h 45m,105,Economy,2124.0,,,,,False
data.csv,2022_real_observations,BOM,BOM,BLR,BLR,BOM-BLR,Go First,Go First,,2022-02-25,21:00,22:45,1h 45m,105,Economy,2124.0,,,,,True
data.csv,2022_real_observations,BOM,BOM,BLR,BLR,BOM-BLR,Go First,Go First,,2022-02-25,22:50,00:35,1h 45m,105,Economy,2124.0,,,,,True
data.csv,2022_real_observations,BOM,BOM,BLR,BLR,BOM-BLR,Vistara,Vistara,,2022-02-25,21:00,22:50,1h 50m,110,Economy,2268.0,,,,,False
data.csv,2022_real_observations,BOM,BOM,BLR,BLR,BOM-BLR,Air India,Air India,,2022-02-26,09:30,11:10,1h 40m,100,Economy,2132.0,,,,,False
data.csv,2022_real_observations,BOM,BOM,BLR,BLR,BOM-BLR,IndiGo,IndiGo,,2022-02-26,08:30,10:05,1h 35m,95,Economy,2124.0,,,,,False
data.csv,2022_real_observations,BOM,BOM,BLR,BLR,BOM-BLR,Go First,Go First,,2022-02-26,06:05,07:40,1h 35m,95,Economy,2124.0,,,,,True
data.csv,2022_real_observations,BOM,BOM,BLR,BLR,BOM-BLR,Go First,Go First,,2022-02-26,14:35,16:10,1h 35m,95,Economy,2124.0,,,,,True
data.csv,2022_real_observations,BOM,BOM,BLR,BLR,BOM-BLR,Vistara,Vistara,,2022-02-26,09:05,10:45,1h 40m,100,Economy,2268.0,,,,,False
data.csv,2022_real_observations,BOM,BOM,BLR,BLR,BOM-BLR,IndiGo,IndiGo,,2022-02-26,10:15,11:55,1h 40m,100,Economy,2124.0,,,,,False
data.csv,2022_real_observations,BOM,BOM,BLR,BLR,BOM-BLR,Go First,Go First,,2022-02-26,12:30,14:10,1h 40m,100,Economy,2124.0,,,,,True
data.csv,2022_real_observations,BOM,BOM,BLR,BLR,BOM-BLR,AirAsia India,AirAsia India,,2022-02-26,13:05,14:45,1h 40m,100,Economy,2124.0,,,,,False
data.csv,2022_real_observations,BOM,BOM,BLR,BLR,BOM-BLR,Vistara,Vistara,,2022-02-26,06:00,07:50,1h 50m,110,Economy,2268.0,,,,,False
data.csv,2022_real_observations,BOM,BOM,BLR,BLR,BOM-BLR,Vistara,Vistara,,2022-02-26,07:00,08:50,1h 50m,110,Economy,2268.0,,,,,False
data.csv,2022_real_observations,BOM,BOM,BLR,BLR,BOM-BLR,IndiGo,IndiGo,,2022-02-26,09:30,11:20,1h 50m,110,Economy,2124.0,,,,,False
data.csv,2022_real_observations,BOM,BOM,BLR,BLR,BOM-BLR,IndiGo,IndiGo,,2022-02-26,14:20,16:05,1h 45m,105,Economy,2335.0,,,,,False
data.csv,2022_real_observations,BOM,BOM,BLR,BLR,BOM-BLR,IndiGo,IndiGo,,2022-02-26,06:55,08:30,1h 35m,95,Economy,3280.0,,,,,False
data.csv,2022_real_observations,BLR,BLR,BOM,BOM,BLR-BOM,Go First,Go First,,2022-02-26,19:00,20:40,1h 40m,100,Economy,2201.0,,,,,True
data.csv,2022_real_observations,BLR,BLR,BOM,BOM,BLR-BOM,Vistara,Vistara,,2022-02-26,19:00,20:45,1h 45m,105,Economy,2288.0,,,,,False
data.csv,2022_real_observations,BLR,BLR,BOM,BOM,BLR-BOM,Vistara,Vistara,,2022-02-26,21:40,23:25,1h 45m,105,Economy,2288.0,,,,,False
data.csv,2022_real_observations,BLR,BLR,BOM,BOM,BLR-BOM,AirAsia India,AirAsia India,,2022-02-26,18:50,20:35,1h 45m,105,Economy,2201.0,,,,,False
data.csv,2022_real_observations,BLR,BLR,BOM,BOM,BLR-BOM,AirAsia India,AirAsia India,,2022-02-26,22:45,00:35,1h 50m,110,Economy,2085.0,,,,,False
data.csv,2022_real_observations,BLR,BLR,BOM,BOM,BLR-BOM,Vistara,Vistara,,2022-02-26,18:25,20:15,1h 50m,110,Economy,2288.0,,,,,False
data.csv,2022_real_observations,BLR,BLR,BOM,BOM,BLR-BOM,IndiGo,IndiGo,,2022-02-26,16:50,18:35,1h 45m,105,Economy,2309.0,,,,,False
data.csv,2022_real_observations,BLR,BLR,BOM,BOM,BLR-BOM,IndiGo,IndiGo,,2022-02-26,18:00,19:50,1h 50m,110,Economy,2201.0,,,,,False
data.csv,2022_real_observations,BLR,BLR,BOM,BOM,BLR-BOM,Go First,Go First,,2022-02-26,20:00,21:50,1h 50m,110,Economy,2201.0,,,,,True
data.csv,2022_real_observations,BLR,BLR,BOM,BOM,BLR-BOM,Vistara,Vistara,,2022-02-26,19:55,21:50,1h 55m,115,Economy,2288.0,,,,,False
data.csv,2022_real_observations,BLR,BLR,BOM,BOM,BLR-BOM,Go First,Go First,,2022-02-26,22:00,23:55,1h 55m,115,Economy,2201.0,,,,,True
data.csv,2022_real_observations,BLR,BLR,BOM,BOM,BLR-BOM,IndiGo,IndiGo,,2022-02-26,21:15,23:15,2h,120,Economy,2201.0,,,,,False
data.csv,2022_real_observations,BLR,BLR,BOM,BOM,BLR-BOM,IndiGo,IndiGo,,2022-02-26,19:35,21:35,2h,120,Economy,2201.0,,,,,False
data.csv,2022_real_observations,BLR,BLR,BOM,BOM,BLR-BOM,Go First,Go First,,2022-02-26,05:45,07:20,1h 35m,95,Economy,2201.0,,,,,True
data.csv,2022_real_observations,BLR,BLR,BOM,BOM,BLR-BOM,AirAsia India,AirAsia India,,2022-02-26,05:35,07:15,1h 40m,100,Economy,2085.0,,,,,False
data.csv,2022_real_observations,BLR,BLR,BOM,BOM,BLR-BOM,Go First,Go First,,2022-02-26,08:10,09:50,1h 40m,100,Economy,2201.0,,,,,True
data.csv,2022_real_observations,BLR,BLR,BOM,BOM,BLR-BOM,Go First,Go First,,2022-02-26,10:00,11:40,1h 40m,100,Economy,2201.0,,,,,True
data.csv,2022_real_observations,BLR,BLR,BOM,BOM,BLR-BOM,IndiGo,IndiGo,,2022-02-26,07:00,08:50,1h 50m,110,Economy,2201.0,,,,,False
data.csv,2022_real_observations,BLR,BLR,BOM,BOM,BLR-BOM,IndiGo,IndiGo,,2022-02-26,12:40,14:30,1h 50m,110,Economy,2414.0,,,,,False
data.csv,2022_real_observations,BLR,BLR,BOM,BOM,BLR-BOM,IndiGo,IndiGo,,2022-02-26,08:05,09:55,1h 50m,110,Economy,2572.0,,,,,False
data.csv,2022_real_observations,BLR,BLR,BOM,BOM,BLR-BOM,SpiceJet,SpiceJet,,2022-02-26,05:55,07:15,1h 20m,80,Economy,5177.0,,,,,False
data.csv,2022_real_observations,BOM,BOM,BLR,BLR,BOM-BLR,Vistara,Vistara,,2022-02-26,16:00,17:45,1h 45m,105,Economy,2268.0,,,,,False
data.csv,2022_real_observations,BOM,BOM,BLR,BLR,BOM-BLR,Vistara,Vistara,,2022-02-26,17:30,19:15,1h 45m,105,Economy,2268.0,,,,,False
data.csv,2022_real_observations,BOM,BOM,BLR,BLR,BOM-BLR,Vistara,Vistara,,2022-02-26,19:10,20:55,1h 45m,105,Economy,2268.0,,,,,False
data.csv,2022_real_observations,BOM,BOM,BLR,BLR,BOM-BLR,IndiGo,IndiGo,,2022-02-26,20:30,22:15,1h 45m,105,Economy,2124.0,,,,,False
data.csv,2022_real_observations,BOM,BOM,BLR,BLR,BOM-BLR,IndiGo,IndiGo,,2022-02-26,17:10,18:55,1h 45m,105,Economy,2124.0,,,,,False
data.csv,2022_real_observations,BOM,BOM,BLR,BLR,BOM-BLR,IndiGo,IndiGo,,2022-02-26,18:50,20:35,1h 45m,105,Economy,2124.0,,,,,False
data.csv,2022_real_observations,BOM,BOM,BLR,BLR,BOM-BLR,Vistara,Vistara,,2022-02-26,21:00,22:50,1h 50m,110,Economy,2268.0,,,,,False
data.csv,2022_real_observations,BOM,BOM,BLR,BLR,BOM-BLR,AirAsia India,AirAsia India,,2022-02-26,20:10,22:05,1h 55m,115,Economy,2010.0,,,,,False
data.csv,2022_real_observations,BOM,BOM,BLR,BLR,BOM-BLR,AirAsia India,AirAsia India,,2022-02-26,21:20,23:15,1h 55m,115,Economy,2010.0,,,,,False
data.csv,2022_real_observations,BOM,BOM,BLR,BLR,BOM-BLR,IndiGo,IndiGo,,2022-02-27,06:55,08:30,1h 35m,95,Economy,2124.0,,,,,False
data.csv,2022_real_observations,BOM,BOM,BLR,BLR,BOM-BLR,IndiGo,IndiGo,,2022-02-27,08:30,10:05,1h 35m,95,Economy,2124.0,,,,,False
data.csv,2022_real_observations,BOM,BOM,BLR,BLR,BOM-BLR,Go First,Go First,,2022-02-27,06:05,07:40,1h 35m,95,Economy,2124.0,,,,,True
data.csv,2022_real_observations,BOM,BOM,BLR,BLR,BOM-BLR,Go First,Go First,,2022-02-27,14:35,16:10,1h 35m,95,Economy,2124.0,,,,,True
data.csv,2022_real_observations,BOM,BOM,BLR,BLR,BOM-BLR,Vistara,Vistara,,2022-02-27,09:05,10:45,1h 40m,100,Economy,2268.0,,,,,False
data.csv,2022_real_observations,BOM,BOM,BLR,BLR,BOM-BLR,IndiGo,IndiGo,,2022-02-27,10:15,11:55,1h 40m,100,Economy,2124.0,,,,,False
data.csv,2022_real_observations,BOM,BOM,BLR,BLR,BOM-BLR,Go First,Go First,,2022-02-27,12:30,14:10,1h 40m,100,Economy,2124.0,,,,,True
data.csv,2022_real_observations,BOM,BOM,BLR,BLR,BOM-BLR,AirAsia India,AirAsia India,,2022-02-27,13:05,14:45,1h 40m,100,Economy,2124.0,,,,,False
data.csv,2022_real_observations,BOM,BOM,BLR,BLR,BOM-BLR,Vistara,Vistara,,2022-02-27,07:00,08:50,1h 50m,110,Economy,2268.0,,,,,False
data.csv,2022_real_observations,BOM,BOM,BLR,BLR,BOM-BLR,IndiGo,IndiGo,,2022-02-27,09:30,11:20,1h 50m,110,Economy,2124.0,,,,,False
data.csv,2022_real_observations,BOM,BOM,BLR,BLR,BOM-BLR,IndiGo,IndiGo,,2022-02-27,14:20,16:05,1h 45m,105,Economy,2335.0,,,,,False
data.csv,2022_real_observations,BLR,BLR,BOM,BOM,BLR-BOM,Go First,Go First,,2022-02-27,19:00,20:40,1h 40m,100,Economy,2201.0,,,,,True
data.csv,2022_real_observations,BLR,BLR,BOM,BOM,BLR-BOM,Vistara,Vistara,,2022-02-27,19:00,20:45,1h 45m,105,Economy,2288.0,,,,,False
data.csv,2022_real_observations,BLR,BLR,BOM,BOM,BLR-BOM,Vistara,Vistara,,2022-02-27,21:40,23:25,1h 45m,105,Economy,2288.0,,,,,False
data.csv,2022_real_observations,BLR,BLR,BOM,BOM,BLR-BOM,AirAsia India,AirAsia India,,2022-02-27,18:50,20:35,1h 45m,105,Economy,2201.0,,,,,False
data.csv,2022_real_observations,BLR,BLR,BOM,BOM,BLR-BOM,AirAsia India,AirAsia India,,2022-02-27,22:45,00:35,1h 50m,110,Economy,2085.0,,,,,False
data.csv,2022_real_observations,BLR,BLR,BOM,BOM,BLR-BOM,Vistara,Vistara,,2022-02-27,18:25,20:15,1h 50m,110,Economy,2288.0,,,,,False
data.csv,2022_real_observations,BLR,BLR,BOM,BOM,BLR-BOM,Air India,Air India,,2022-02-27,19:10,21:05,1h 55m,115,Economy,2208.0,,,,,False
data.csv,2022_real_observations,BLR,BLR,BOM,BOM,BLR-BOM,IndiGo,IndiGo,,2022-02-27,18:00,19:50,1h 50m,110,Economy,2201.0,,,,,False
data.csv,2022_real_observations,BLR,BLR,BOM,BOM,BLR-BOM,Go First,Go First,,2022-02-27,20:00,21:50,1h 50m,110,Economy,2201.0,,,,,True
data.csv,2022_real_observations,BLR,BLR,BOM,BOM,BLR-BOM,Vistara,Vistara,,2022-02-27,19:55,21:50,1h 55m,115,Economy,2288.0,,,,,False
data.csv,2022_real_observations,BLR,BLR,BOM,BOM,BLR-BOM,IndiGo,IndiGo,,2022-02-27,16:50,18:35,1h 45m,105,Economy,2414.0,,,,,False
data.csv,2022_real_observations,BLR,BLR,BOM,BOM,BLR-BOM,Go First,Go First,,2022-02-27,22:00,23:55,1h 55m,115,Economy,2201.0,,,,,True
data.csv,2022_real_observations,BLR,BLR,BOM,BOM,BLR-BOM,IndiGo,IndiGo,,2022-02-27,19:35,21:35,2h,120,Economy,2201.0,,,,,False
data.csv,2022_real_observations,BLR,BLR,BOM,BOM,BLR-BOM,IndiGo,IndiGo,,2022-02-27,21:15,23:15,2h,120,Economy,2309.0,,,,,False
data.csv,2022_real_observations,BLR,BLR,BOM,BOM,BLR-BOM,Vistara,Vistara,,2022-02-27,06:40,08:15,1h 35m,95,Economy,2288.0,,,,,False
data.csv,2022_real_observations,BLR,BLR,BOM,BOM,BLR-BOM,IndiGo,IndiGo,,2022-02-27,07:00,08:50,1h 50m,110,Economy,2201.0,,,,,False
data.csv,2022_real_observations,BLR,BLR,BOM,BOM,BLR-BOM,Vistara,Vistara,,2022-02-27,09:30,11:25,1h 55m,115,Economy,2288.0,,,,,False
data.csv,2022_real_observations,BLR,BLR,BOM,BOM,BLR-BOM,IndiGo,IndiGo,,2022-02-27,08:05,09:55,1h 50m,110,Economy,2309.0,,,,,False
data.csv,2022_real_observations,BLR,BLR,BOM,BOM,BLR-BOM,IndiGo,IndiGo,,2022-02-27,12:40,14:30,1h 50m,110,Economy,2309.0,,,,,False
data.csv,2022_real_observations,BLR,BLR,BOM,BOM,BLR-BOM,SpiceJet,SpiceJet,,2022-02-27,05:55,07:15,1h 20m,80,Economy,5177.0,,,,,False
data.csv,2022_real_observations,BOM,BOM,BLR,BLR,BOM-BLR,Air India,Air India,,2022-02-28,09:30,11:10,1h 40m,100,Economy,2132.0,,,,,False
data.csv,2022_real_observations,BOM,BOM,BLR,BLR,BOM-BLR,IndiGo,IndiGo,,2022-02-28,08:30,10:05,1h 35m,95,Economy,2124.0,,,,,False
data.csv,2022_real_observations,BOM,BOM,BLR,BLR,BOM-BLR,Go First,Go First,,2022-02-28,06:05,07:40,1h 35m,95,Economy,2122.0,,,,,True
data.csv,2022_real_observations,BOM,BOM,BLR,BLR,BOM-BLR,Go First,Go First,,2022-02-28,14:35,16:10,1h 35m,95,Economy,2122.0,,,,,True
data.csv,2022_real_observations,BOM,BOM,BLR,BLR,BOM-BLR,Vistara,Vistara,,2022-02-28,09:05,10:45,1h 40m,100,Economy,2268.0,,,,,False
data.csv,2022_real_observations,BOM,BOM,BLR,BLR,BOM-BLR,Go First,Go First,,2022-02-28,12:30,14:10,1h 40m,100,Economy,2122.0,,,,,True
data.csv,2022_real_observations,BOM,BOM,BLR,BLR,BOM-BLR,AirAsia India,AirAsia India,,2022-02-28,13:05,14:45,1h 40m,100,Economy,2124.0,,,,,False
data.csv,2022_real_observations,BOM,BOM,BLR,BLR,BOM-BLR,IndiGo,IndiGo,,2022-02-28,06:55,08:30,1h 35m,95,Economy,2230.0,,,,,False
data.csv,2022_real_observations,BOM,BOM,BLR,BLR,BOM-BLR,IndiGo,IndiGo,,2022-02-28,14:20,16:05,1h 45m,105,Economy,2124.0,,,,,False
data.csv,2022_real_observations,BOM,BOM,BLR,BLR,BOM-BLR,Vistara,Vistara,,2022-02-28,06:00,07:50,1h 50m,110,Economy,2268.0,,,,,False
data.csv,2022_real_observations,BOM,BOM,BLR,BLR,BOM-BLR,Vistara,Vistara,,2022-02-28,07:00,08:50,1h 50m,110,Economy,2268.0,,,,,False
data.csv,2022_real_observations,BOM,BOM,BLR,BLR,BOM-BLR,IndiGo,IndiGo,,2022-02-28,09:30,11:20,1h 50m,110,Economy,2124.0,,,,,False
data.csv,2022_real_observations,BLR,BLR,BOM,BOM,BLR-BOM,Go First,Go First,,2022-02-28,19:00,20:40,1h 40m,100,Economy,2199.0,,,,,True
data.csv,2022_real_observations,BLR,BLR,BOM,BOM,BLR-BOM,Vistara,Vistara,,2022-02-28,19:00,20:45,1h 45m,105,Economy,2288.0,,,,,False
data.csv,2022_real_observations,BLR,BLR,BOM,BOM,BLR-BOM,Vistara,Vistara,,2022-02-28,21:40,23:25,1h 45m,105,Economy,2288.0,,,,,False
data.csv,2022_real_observations,BLR,BLR,BOM,BOM,BLR-BOM,AirAsia India,AirAsia India,,2022-02-28,22:45,00:35,1h 50m,110,Economy,2085.0,,,,,False
data.csv,2022_real_observations,BLR,BLR,BOM,BOM,BLR-BOM,IndiGo,IndiGo,,2022-02-28,16:50,18:35,1h 45m,105,Economy,2201.0,,,,,False
data.csv,2022_real_observations,BLR,BLR,BOM,BOM,BLR-BOM,AirAsia India,AirAsia India,,2022-02-28,18:50,20:35,1h 45m,105,Economy,2201.0,,,,,False
data.csv,2022_real_observations,BLR,BLR,BOM,BOM,BLR-BOM,Vistara,Vistara,,2022-02-28,18:25,20:15,1h 50m,110,Economy,2288.0,,,,,False
data.csv,2022_real_observations,BLR,BLR,BOM,BOM,BLR-BOM,Air India,Air India,,2022-02-28,19:10,21:05,1h 55m,115,Economy,2208.0,,,,,False
data.csv,2022_real_observations,BLR,BLR,BOM,BOM,BLR-BOM,IndiGo,IndiGo,,2022-02-28,18:00,19:50,1h 50m,110,Economy,2201.0,,,,,False
data.csv,2022_real_observations,BLR,BLR,BOM,BOM,BLR-BOM,Vistara,Vistara,,2022-02-28,19:55,21:50,1h 55m,115,Economy,2288.0,,,,,False
data.csv,2022_real_observations,BLR,BLR,BOM,BOM,BLR-BOM,Go First,Go First,,2022-02-28,20:00,21:50,1h 50m,110,Economy,2199.0,,,,,True
data.csv,2022_real_observations,BLR,BLR,BOM,BOM,BLR-BOM,Go First,Go First,,2022-02-28,22:00,23:55,1h 55m,115,Economy,2199.0,,,,,True
data.csv,2022_real_observations,BLR,BLR,BOM,BOM,BLR-BOM,IndiGo,IndiGo,,2022-02-28,19:35,21:35,2h,120,Economy,2201.0,,,,,False
data.csv,2022_real_observations,BLR,BLR,BOM,BOM,BLR-BOM,IndiGo,IndiGo,,2022-02-28,21:15,23:15,2h,120,Economy,2201.0,,,,,False
data.csv,2022_real_observations,BLR,BLR,BOM,BOM,BLR-BOM,Vistara,Vistara,,2022-02-28,06:40,08:15,1h 35m,95,Economy,2288.0,,,,,False
data.csv,2022_real_observations,BLR,BLR,BOM,BOM,BLR-BOM,Go First,Go First,,2022-02-28,05:45,07:20,1h 35m,95,Economy,2199.0,,,,,True
data.csv,2022_real_observations,BLR,BLR,BOM,BOM,BLR-BOM,Go First,Go First,,2022-02-28,08:10,09:50,1h 40m,100,Economy,2199.0,,,,,True
data.csv,2022_real_observations,BLR,BLR,BOM,BOM,BLR-BOM,Go First,Go First,,2022-02-28,10:00,11:40,1h 40m,100,Economy,2199.0,,,,,True
data.csv,2022_real_observations,BLR,BLR,BOM,BOM,BLR-BOM,Vistara,Vistara,,2022-02-28,08:30,10:15,1h 45m,105,Economy,2288.0,,,,,False
data.csv,2022_real_observations,BLR,BLR,BOM,BOM,BLR-BOM,Air India,Air India,,2022-02-28,06:45,08:35,1h 50m,110,Economy,2208.0,,,,,False
data.csv,2022_real_observations,BLR,BLR,BOM,BOM,BLR-BOM,IndiGo,IndiGo,,2022-02-28,08:05,09:55,1h 50m,110,Economy,2201.0,,,,,False
data.csv,2022_real_observations,BLR,BLR,BOM,BOM,BLR-BOM,IndiGo,IndiGo,,2022-02-28,07:00,08:50,1h 50m,110,Economy,2201.0,,,,,False
data.csv,2022_real_observations,BLR,BLR,BOM,BOM,BLR-BOM,Vistara,Vistara,,2022-02-28,09:30,11:25,1h 55m,115,Economy,2288.0,,,,,False
data.csv,2022_real_observations,BLR,BLR,BOM,BOM,BLR-BOM,IndiGo,IndiGo,,2022-02-28,12:40,14:30,1h 50m,110,Economy,2309.0,,,,,False
data.csv,2022_real_observations,BOM,BOM,BLR,BLR,BOM-BLR,Air India,Air India,,2022-02-28,16:45,18:30,1h 45m,105,Economy,2132.0,,,,,False
data.csv,2022_real_observations,BOM,BOM,BLR,BLR,BOM-BLR,Vistara,Vistara,,2022-02-28,16:00,17:45,1h 45m,105,Economy,2268.0,,,,,False
data.csv,2022_real_observations,BOM,BOM,BLR,BLR,BOM-BLR,Vistara,Vistara,,2022-02-28,17:30,19:15,1h 45m,105,Economy,2268.0,,,,,False
data.csv,2022_real_observations,BOM,BOM,BLR,BLR,BOM-BLR,Vistara,Vistara,,2022-02-28,19:10,20:55,1h 45m,105,Economy,2268.0,,,,,False
data.csv,2022_real_observations,BOM,BOM,BLR,BLR,BOM-BLR,Vistara,Vistara,,2022-02-28,21:00,22:50,1h 50m,110,Economy,2268.0,,,,,False
data.csv,2022_real_observations,BOM,BOM,HYD,HYD,BOM-HYD,IndiGo,IndiGo,,2022-02-14,06:15,07:35,1h 20m,80,Economy,4263.0,,,,,False
data.csv,2022_real_observations,BOM,BOM,HYD,HYD,BOM-HYD,IndiGo,IndiGo,,2022-02-14,12:45,14:05,1h 20m,80,Economy,4263.0,,,,,False
data.csv,2022_real_observations,BOM,BOM,HYD,HYD,BOM-HYD,IndiGo,IndiGo,,2022-02-14,10:45,12:05,1h 20m,80,Economy,4736.0,,,,,False
data.csv,2022_real_observations,BOM,BOM,HYD,HYD,BOM-HYD,Vistara,Vistara,,2022-02-14,10:45,12:15,1h 30m,90,Economy,4530.0,,,,,False
data.csv,2022_real_observations,BOM,BOM,HYD,HYD,BOM-HYD,IndiGo,IndiGo,,2022-02-14,06:50,08:30,1h 40m,100,Economy,4263.0,,,,,False
data.csv,2022_real_observations,HYD,HYD,BOM,BOM,HYD-BOM,Vistara,Vistara,,2022-02-14,21:35,23:00,1h 25m,85,Economy,4665.0,,,,,False
data.csv,2022_real_observations,HYD,HYD,BOM,BOM,HYD-BOM,IndiGo,IndiGo,,2022-02-14,19:15,20:45,1h 30m,90,Economy,4453.0,,,,,False
data.csv,2022_real_observations,HYD,HYD,BOM,BOM,HYD-BOM,IndiGo,IndiGo,,2022-02-14,17:45,19:15,1h 30m,90,Economy,4453.0,,,,,False
data.csv,2022_real_observations,HYD,HYD,BOM,BOM,HYD-BOM,IndiGo,IndiGo,,2022-02-14,15:00,16:35,1h 35m,95,Economy,4453.0,,,,,False
data.csv,2022_real_observations,HYD,HYD,BOM,BOM,HYD-BOM,Air India,Air India,,2022-02-14,22:15,23:55,1h 40m,100,Economy,4453.0,,,,,False
data.csv,2022_real_observations,HYD,HYD,BOM,BOM,HYD-BOM,IndiGo,IndiGo,,2022-02-14,21:45,23:25,1h 40m,100,Economy,4453.0,,,,,False
data.csv,2022_real_observations,HYD,HYD,BOM,BOM,HYD-BOM,IndiGo,IndiGo,,2022-02-14,04:30,05:50,1h 20m,80,Economy,4453.0,,,,,False
data.csv,2022_real_observations,HYD,HYD,BOM,BOM,HYD-BOM,IndiGo,IndiGo,,2022-02-14,10:45,12:15,1h 30m,90,Economy,4453.0,,,,,False
data.csv,2022_real_observations,HYD,HYD,BOM,BOM,HYD-BOM,IndiGo,IndiGo,,2022-02-14,08:30,10:05,1h 35m,95,Economy,4453.0,,,,,False
data.csv,2022_real_observations,HYD,HYD,BOM,BOM,HYD-BOM,IndiGo,IndiGo,,2022-02-14,15:00,16:35,1h 35m,95,Economy,4453.0,,,,,False
data.csv,2022_real_observations,HYD,HYD,BOM,BOM,HYD-BOM,Vistara,Vistara,,2022-02-14,12:55,14:30,1h 35m,95,Economy,4665.0,,,,,False
data.csv,2022_real_observations,BOM,BOM,HYD,HYD,BOM-HYD,Air India,Air India,,2022-02-14,20:15,21:35,1h 20m,80,Economy,4263.0,,,,,False
data.csv,2022_real_observations,BOM,BOM,HYD,HYD,BOM-HYD,IndiGo,IndiGo,,2022-02-14,16:20,17:40,1h 20m,80,Economy,4263.0,,,,,False
data.csv,2022_real_observations,BOM,BOM,HYD,HYD,BOM-HYD,IndiGo,IndiGo,,2022-02-14,17:10,18:35,1h 25m,85,Economy,4263.0,,,,,False
data.csv,2022_real_observations,BOM,BOM,HYD,HYD,BOM-HYD,IndiGo,IndiGo,,2022-02-14,19:55,21:25,1h 30m,90,Economy,4263.0,,,,,False
data.csv,2022_real_observations,BOM,BOM,HYD,HYD,BOM-HYD,Vistara,Vistara,,2022-02-14,19:20,20:55,1h 35m,95,Economy,4475.0,,,,,False
data.csv,2022_real_observations,BOM,BOM,HYD,HYD,BOM-HYD,IndiGo,IndiGo,,2022-02-15,06:15,07:35,1h 20m,80,Economy,4263.0,,,,,False
data.csv,2022_real_observations,BOM,BOM,HYD,HYD,BOM-HYD,IndiGo,IndiGo,,2022-02-15,10:45,12:05,1h 20m,80,Economy,4263.0,,,,,False
data.csv,2022_real_observations,BOM,BOM,HYD,HYD,BOM-HYD,IndiGo,IndiGo,,2022-02-15,12:45,14:05,1h 20m,80,Economy,4263.0,,,,,False
data.csv,2022_real_observations,BOM,BOM,HYD,HYD,BOM-HYD,Vistara,Vistara,,2022-02-15,06:20,07:50,1h 30m,90,Economy,4475.0,,,,,False
data.csv,2022_real_observations,BOM,BOM,HYD,HYD,BOM-HYD,Vistara,Vistara,,2022-02-15,10:45,12:15,1h 30m,90,Economy,4475.0,,,,,False
data.csv,2022_real_observations,HYD,HYD,BOM,BOM,HYD-BOM,Vistara,Vistara,,2022-02-15,21:35,23:00,1h 25m,85,Economy,4665.0,,,,,False
data.csv,2022_real_observations,HYD,HYD,BOM,BOM,HYD-BOM,IndiGo,IndiGo,,2022-02-15,17:45,19:15,1h 30m,90,Economy,4453.0,,,,,False
data.csv,2022_real_observations,HYD,HYD,BOM,BOM,HYD-BOM,IndiGo,IndiGo,,2022-02-15,19:15,20:45,1h 30m,90,Economy,4453.0,,,,,False
data.csv,2022_real_observations,HYD,HYD,BOM,BOM,HYD-BOM,IndiGo,IndiGo,,2022-02-15,15:00,16:35,1h 35m,95,Economy,4453.0,,,,,False
data.csv,2022_real_observations,HYD,HYD,BOM,BOM,HYD-BOM,Air India,Air India,,2022-02-15,22:15,23:55,1h 40m,100,Economy,4453.0,,,,,False
data.csv,2022_real_observations,HYD,HYD,BOM,BOM,HYD-BOM,IndiGo,IndiGo,,2022-02-15,21:45,23:25,1h 40m,100,Economy,4453.0,,,,,False
data.csv,2022_real_observations,BOM,BOM,HYD,HYD,BOM-HYD,IndiGo,IndiGo,,2022-02-16,06:15,07:35,1h 20m,80,Economy,4263.0,,,,,False
data.csv,2022_real_observations,BOM,BOM,HYD,HYD,BOM-HYD,IndiGo,IndiGo,,2022-02-16,12:45,14:05,1h 20m,80,Economy,4263.0,,,,,False
data.csv,2022_real_observations,BOM,BOM,HYD,HYD,BOM-HYD,IndiGo,IndiGo,,2022-02-16,10:45,12:05,1h 20m,80,Economy,4421.0,,,,,False
data.csv,2022_real_observations,BOM,BOM,HYD,HYD,BOM-HYD,Vistara,Vistara,,2022-02-16,06:20,07:50,1h 30m,90,Economy,4475.0,,,,,False
data.csv,2022_real_observations,BOM,BOM,HYD,HYD,BOM-HYD,Vistara,Vistara,,2022-02-16,10:45,12:15,1h 30m,90,Economy,4475.0,,,,,False
data.csv,2022_real_observations,HYD,HYD,BOM,BOM,HYD-BOM,Vistara,Vistara,,2022-02-16,21:35,23:00,1h 25m,85,Economy,4665.0,,,,,False
data.csv,2022_real_observations,HYD,HYD,BOM,BOM,HYD-BOM,IndiGo,IndiGo,,2022-02-16,19:15,20:45,1h 30m,90,Economy,4453.0,,,,,False
data.csv,2022_real_observations,HYD,HYD,BOM,BOM,HYD-BOM,IndiGo,IndiGo,,2022-02-16,17:45,19:15,1h 30m,90,Economy,4453.0,,,,,False
data.csv,2022_real_observations,HYD,HYD,BOM,BOM,HYD-BOM,IndiGo,IndiGo,,2022-02-16,15:00,16:35,1h 35m,95,Economy,4453.0,,,,,False
data.csv,2022_real_observations,HYD,HYD,BOM,BOM,HYD-BOM,Air India,Air India,,2022-02-16,22:15,23:55,1h 40m,100,Economy,4453.0,,,,,False
data.csv,2022_real_observations,HYD,HYD,BOM,BOM,HYD-BOM,IndiGo,IndiGo,,2022-02-16,21:45,23:25,1h 40m,100,Economy,4453.0,,,,,False
data.csv,2022_real_observations,HYD,HYD,BOM,BOM,HYD-BOM,IndiGo,IndiGo,,2022-02-16,10:45,12:15,1h 30m,90,Economy,4453.0,,,,,False
data.csv,2022_real_observations,HYD,HYD,BOM,BOM,HYD-BOM,Vistara,Vistara,,2022-02-16,08:30,10:00,1h 30m,90,Economy,4665.0,,,,,False
data.csv,2022_real_observations,HYD,HYD,BOM,BOM,HYD-BOM,IndiGo,IndiGo,,2022-02-16,15:00,16:35,1h 35m,95,Economy,4453.0,,,,,False
data.csv,2022_real_observations,HYD,HYD,BOM,BOM,HYD-BOM,IndiGo,IndiGo,,2022-02-16,08:30,10:05,1h 35m,95,Economy,4453.0,,,,,False
data.csv,2022_real_observations,HYD,HYD,BOM,BOM,HYD-BOM,Vistara,Vistara,,2022-02-16,12:55,14:30,1h 35m,95,Economy,4665.0,,,,,False
data.csv,2022_real_observations,BOM,BOM,HYD,HYD,BOM-HYD,Air India,Air India,,2022-02-16,20:15,21:35,1h 20m,80,Economy,4263.0,,,,,False
data.csv,2022_real_observations,BOM,BOM,HYD,HYD,BOM-HYD,IndiGo,IndiGo,,2022-02-16,16:20,17:40,1h 20m,80,Economy,4263.0,,,,,False
data.csv,2022_real_observations,BOM,BOM,HYD,HYD,BOM-HYD,IndiGo,IndiGo,,2022-02-16,18:45,20:05,1h 20m,80,Economy,4263.0,,,,,False
data.csv,2022_real_observations,BOM,BOM,HYD,HYD,BOM-HYD,IndiGo,IndiGo,,2022-02-16,17:10,18:35,1h 25m,85,Economy,4263.0,,,,,False
data.csv,2022_real_observations,BOM,BOM,HYD,HYD,BOM-HYD,IndiGo,IndiGo,,2022-02-16,19:55,21:25,1h 30m,90,Economy,4263.0,,,,,False
data.csv,2022_real_observations,BOM,BOM,HYD,HYD,BOM-HYD,Vistara,Vistara,,2022-02-16,19:20,20:55,1h 35m,95,Economy,4475.0,,,,,False
data.csv,2022_real_observations,BOM,BOM,HYD,HYD,BOM-HYD,IndiGo,IndiGo,,2022-02-17,12:45,14:05,1h 20m,80,Economy,4263.0,,,,,False
data.csv,2022_real_observations,BOM,BOM,HYD,HYD,BOM-HYD,IndiGo,IndiGo,,2022-02-17,10:45,12:05,1h 20m,80,Economy,4578.0,,,,,False
data.csv,2022_real_observations,BOM,BOM,HYD,HYD,BOM-HYD,IndiGo,IndiGo,,2022-02-17,06:15,07:35,1h 20m,80,Economy,4578.0,,,,,False
data.csv,2022_real_observations,BOM,BOM,HYD,HYD,BOM-HYD,Vistara,Vistara,,2022-02-17,06:20,07:50,1h 30m,90,Economy,4475.0,,,,,False
data.csv,2022_real_observations,BOM,BOM,HYD,HYD,BOM-HYD,Vistara,Vistara,,2022-02-17,10:45,12:15,1h 30m,90,Economy,4475.0,,,,,False
data.csv,2022_real_observations,HYD,HYD,BOM,BOM,HYD-BOM,IndiGo,IndiGo,,2022-02-17,19:15,20:45,1h 30m,90,Economy,4453.0,,,,,False
data.csv,2022_real_observations,HYD,HYD,BOM,BOM,HYD-BOM,IndiGo,IndiGo,,2022-02-17,17:45,19:15,1h 30m,90,Economy,4453.0,,,,,False
data.csv,2022_real_observations,HYD,HYD,BOM,BOM,HYD-BOM,IndiGo,IndiGo,,2022-02-17,15:00,16:35,1h 35m,95,Economy,4453.0,,,,,False
data.csv,2022_real_observations,HYD,HYD,BOM,BOM,HYD-BOM,IndiGo,IndiGo,,2022-02-17,21:45,23:25,1h 40m,100,Economy,4453.0,,,,,False
data.csv,2022_real_observations,HYD,HYD,BOM,BOM,HYD-BOM,Vistara,Vistara,,2022-02-17,08:30,10:00,1h 30m,90,Economy,4665.0,,,,,False
data.csv,2022_real_observations,HYD,HYD,BOM,BOM,HYD-BOM,IndiGo,IndiGo,,2022-02-17,15:00,16:35,1h 35m,95,Economy,4453.0,,,,,False
data.csv,2022_real_observations,HYD,HYD,BOM,BOM,HYD-BOM,IndiGo,IndiGo,,2022-02-17,08:30,10:05,1h 35m,95,Economy,4453.0,,,,,False
data.csv,2022_real_observations,HYD,HYD,BOM,BOM,HYD-BOM,Vistara,Vistara,,2022-02-17,12:55,14:30,1h 35m,95,Economy,4665.0,,,,,False
data.csv,2022_real_observations,HYD,HYD,BOM,BOM,HYD-BOM,IndiGo,IndiGo,,2022-02-17,10:45,12:15,1h 30m,90,Economy,4768.0,,,,,False
data.csv,2022_real_observations,BOM,BOM,HYD,HYD,BOM-HYD,Air India,Air India,,2022-02-17,20:15,21:35,1h 20m,80,Economy,4263.0,,,,,False
data.csv,2022_real_observations,BOM,BOM,HYD,HYD,BOM-HYD,IndiGo,IndiGo,,2022-02-17,16:20,17:40,1h 20m,80,Economy,4263.0,,,,,False
data.csv,2022_real_observations,BOM,BOM,HYD,HYD,BOM-HYD,IndiGo,IndiGo,,2022-02-17,18:45,20:05,1h 20m,80,Economy,4263.0,,,,,False
data.csv,2022_real_observations,BOM,BOM,HYD,HYD,BOM-HYD,IndiGo,IndiGo,,2022-02-17,17:10,18:35,1h 25m,85,Economy,4263.0,,,,,False
data.csv,2022_real_observations,BOM,BOM,HYD,HYD,BOM-HYD,IndiGo,IndiGo,,2022-02-17,19:55,21:25,1h 30m,90,Economy,4263.0,,,,,False
data.csv,2022_real_observations,BOM,BOM,HYD,HYD,BOM-HYD,Vistara,Vistara,,2022-02-17,19:20,20:55,1h 35m,95,Economy,4475.0,,,,,False
data.csv,2022_real_observations,BOM,BOM,HYD,HYD,BOM-HYD,IndiGo,IndiGo,,2022-02-18,10:45,12:05,1h 20m,80,Economy,4263.0,,,,,False
data.csv,2022_real_observations,BOM,BOM,HYD,HYD,BOM-HYD,IndiGo,IndiGo,,2022-02-18,06:15,07:35,1h 20m,80,Economy,4263.0,,,,,False
data.csv,2022_real_observations,BOM,BOM,HYD,HYD,BOM-HYD,IndiGo,IndiGo,,2022-02-18,12:45,14:05,1h 20m,80,Economy,4263.0,,,,,False
data.csv,2022_real_observations,BOM,BOM,HYD,HYD,BOM-HYD,Vistara,Vistara,,2022-02-18,06:20,07:50,1h 30m,90,Economy,4475.0,,,,,False
data.csv,2022_real_observations,BOM,BOM,HYD,HYD,BOM-HYD,Vistara,Vistara,,2022-02-18,10:45,12:15,1h 30m,90,Economy,4475.0,,,,,False
data.csv,2022_real_observations,BOM,BOM,HYD,HYD,BOM-HYD,IndiGo,IndiGo,,2022-02-18,06:50,08:30,1h 40m,100,Economy,4263.0,,,,,False
data.csv,2022_real_observations,HYD,HYD,BOM,BOM,HYD-BOM,Vistara,Vistara,,2022-02-18,21:35,23:00,1h 25m,85,Economy,4665.0,,,,,False
data.csv,2022_real_observations,HYD,HYD,BOM,BOM,HYD-BOM,Air India,Air India,,2022-02-18,22:15,23:55,1h 40m,100,Economy,4453.0,,,,,False
data.csv,2022_real_observations,BOM,BOM,HYD,HYD,BOM-HYD,IndiGo,IndiGo,,2022-02-19,12:45,14:05,1h 20m,80,Economy,4263.0,,,,,False
data.csv,2022_real_observations,BOM,BOM,HYD,HYD,BOM-HYD,IndiGo,IndiGo,,2022-02-19,06:15,07:35,1h 20m,80,Economy,4421.0,,,,,False
data.csv,2022_real_observations,BOM,BOM,HYD,HYD,BOM-HYD,IndiGo,IndiGo,,2022-02-19,10:45,12:05,1h 20m,80,Economy,4736.0,,,,,False
data.csv,2022_real_observations,BOM,BOM,HYD,HYD,BOM-HYD,Vistara,Vistara,,2022-02-19,06:20,07:50,1h 30m,90,Economy,4475.0,,,,,False
data.csv,2022_real_observations,BOM,BOM,HYD,HYD,BOM-HYD,Vistara,Vistara,,2022-02-19,10:45,12:15,1h 30m,90,Economy,4475.0,,,,,False
data.csv,2022_real_observations,HYD,HYD,BOM,BOM,HYD-BOM,Vistara,Vistara,,2022-02-19,21:35,23:00,1h 25m,85,Economy,4665.0,,,,,False
data.csv,2022_real_observations,HYD,HYD,BOM,BOM,HYD-BOM,IndiGo,IndiGo,,2022-02-19,17:45,19:15,1h 30m,90,Economy,4453.0,,,,,False
data.csv,2022_real_observations,HYD,HYD,BOM,BOM,HYD-BOM,IndiGo,IndiGo,,2022-02-19,19:15,20:45,1h 30m,90,Economy,4453.0,,,,,False
data.csv,2022_real_observations,HYD,HYD,BOM,BOM,HYD-BOM,Air India,Air India,,2022-02-19,22:15,23:55,1h 40m,100,Economy,4453.0,,,,,False
data.csv,2022_real_observations,HYD,HYD,BOM,BOM,HYD-BOM,IndiGo,IndiGo,,2022-02-19,21:45,23:25,1h 40m,100,Economy,4453.0,,,,,False
data.csv,2022_real_observations,HYD,HYD,BOM,BOM,HYD-BOM,IndiGo,IndiGo,,2022-02-19,15:00,16:35,1h 35m,95,Economy,5031.0,,,,,False
data.csv,2022_real_observations,HYD,HYD,BOM,BOM,HYD-BOM,IndiGo,IndiGo,,2022-02-19,06:15,07:45,1h 30m,90,Economy,4453.0,,,,,False
data.csv,2022_real_observations,HYD,HYD,BOM,BOM,HYD-BOM,IndiGo,IndiGo,,2022-02-19,10:45,12:15,1h 30m,90,Economy,4453.0,,,,,False
data.csv,2022_real_observations,HYD,HYD,BOM,BOM,HYD-BOM,Vistara,Vistara,,2022-02-19,08:30,10:00,1h 30m,90,Economy,4665.0,,,,,False
data.csv,2022_real_observations,HYD,HYD,BOM,BOM,HYD-BOM,IndiGo,IndiGo,,2022-02-19,08:30,10:05,1h 35m,95,Economy,4453.0,,,,,False
data.csv,2022_real_observations,HYD,HYD,BOM,BOM,HYD-BOM,Vistara,Vistara,,2022-02-19,12:55,14:30,1h 35m,95,Economy,4665.0,,,,,False
data.csv,2022_real_observations,HYD,HYD,BOM,BOM,HYD-BOM,IndiGo,IndiGo,,2022-02-19,15:00,16:35,1h 35m,95,Economy,5031.0,,,,,False
data.csv,2022_real_observations,BOM,BOM,HYD,HYD,BOM-HYD,Air India,Air India,,2022-02-19,20:15,21:35,1h 20m,80,Economy,4263.0,,,,,False
data.csv,2022_real_observations,BOM,BOM,HYD,HYD,BOM-HYD,IndiGo,IndiGo,,2022-02-19,18:45,20:05,1h 20m,80,Economy,4263.0,,,,,False
data.csv,2022_real_observations,BOM,BOM,HYD,HYD,BOM-HYD,IndiGo,IndiGo,,2022-02-19,16:20,17:40,1h 20m,80,Economy,4263.0,,,,,False
data.csv,2022_real_observations,BOM,BOM,HYD,HYD,BOM-HYD,IndiGo,IndiGo,,2022-02-19,17:10,18:35,1h 25m,85,Economy,4263.0,,,,,False
data.csv,2022_real_observations,BOM,BOM,HYD,HYD,BOM-HYD,IndiGo,IndiGo,,2022-02-19,19:55,21:25,1h 30m,90,Economy,4263.0,,,,,False
data.csv,2022_real_observations,BOM,BOM,HYD,HYD,BOM-HYD,Vistara,Vistara,,2022-02-19,19:20,20:55,1h 35m,95,Economy,4475.0,,,,,False
data.csv,2022_real_observations,BOM,BOM,HYD,HYD,BOM-HYD,IndiGo,IndiGo,,2022-02-20,06:15,07:35,1h 20m,80,Economy,4263.0,,,,,False
data.csv,2022_real_observations,BOM,BOM,HYD,HYD,BOM-HYD,IndiGo,IndiGo,,2022-02-20,10:45,12:05,1h 20m,80,Economy,4263.0,,,,,False
data.csv,2022_real_observations,BOM,BOM,HYD,HYD,BOM-HYD,IndiGo,IndiGo,,2022-02-20,12:45,14:05,1h 20m,80,Economy,4263.0,,,,,False
data.csv,2022_real_observations,BOM,BOM,HYD,HYD,BOM-HYD,Vistara,Vistara,,2022-02-20,06:20,07:50,1h 30m,90,Economy,4475.0,,,,,False
data.csv,2022_real_observations,BOM,BOM,HYD,HYD,BOM-HYD,Vistara,Vistara,,2022-02-20,10:45,12:15,1h 30m,90,Economy,4475.0,,,,,False
data.csv,2022_real_observations,HYD,HYD,BOM,BOM,HYD-BOM,Vistara,Vistara,,2022-02-20,21:35,23:00,1h 25m,85,Economy,4665.0,,,,,False
data.csv,2022_real_observations,HYD,HYD,BOM,BOM,HYD-BOM,IndiGo,IndiGo,,2022-02-20,19:15,20:45,1h 30m,90,Economy,4453.0,,,,,False
data.csv,2022_real_observations,HYD,HYD,BOM,BOM,HYD-BOM,Air India,Air India,,2022-02-20,22:15,23:55,1h 40m,100,Economy,4453.0,,,,,False
data.csv,2022_real_observations,HYD,HYD,BOM,BOM,HYD-BOM,IndiGo,IndiGo,,2022-02-20,17:45,19:15,1h 30m,90,Economy,4926.0,,,,,False
data.csv,2022_real_observations,HYD,HYD,BOM,BOM,HYD-BOM,IndiGo,IndiGo,,2022-02-20,21:45,23:25,1h 40m,100,Economy,4611.0,,,,,False
data.csv,2022_real_observations,HYD,HYD,BOM,BOM,HYD-BOM,IndiGo,IndiGo,,2022-02-20,15:00,16:35,1h 35m,95,Economy,5136.0,,,,,False
data.csv,2022_real_observations,HYD,HYD,BOM,BOM,HYD-BOM,IndiGo,IndiGo,,2022-02-20,10:45,12:15,1h 30m,90,Economy,4453.0,,,,,False
data.csv,2022_real_observations,HYD,HYD,BOM,BOM,HYD-BOM,IndiGo,IndiGo,,2022-02-20,06:15,07:45,1h 30m,90,Economy,4453.0,,,,,False
data.csv,2022_real_observations,HYD,HYD,BOM,BOM,HYD-BOM,Vistara,Vistara,,2022-02-20,08:30,10:00,1h 30m,90,Economy,4665.0,,,,,False
data.csv,2022_real_observations,HYD,HYD,BOM,BOM,HYD-BOM,IndiGo,IndiGo,,2022-02-20,08:30,10:05,1h 35m,95,Economy,4453.0,,,,,False
data.csv,2022_real_observations,HYD,HYD,BOM,BOM,HYD-BOM,Vistara,Vistara,,2022-02-20,12:55,14:30,1h 35m,95,Economy,4720.0,,,,,False
data.csv,2022_real_observations,HYD,HYD,BOM,BOM,HYD-BOM,IndiGo,IndiGo,,2022-02-20,15:00,16:35,1h 35m,95,Economy,5136.0,,,,,False
data.csv,2022_real_observations,BOM,BOM,HYD,HYD,BOM-HYD,Air India,Air India,,2022-02-20,20:15,21:35,1h 20m,80,Economy,4263.0,,,,,False
data.csv,2022_real_observations,BOM,BOM,HYD,HYD,BOM-HYD,IndiGo,IndiGo,,2022-02-20,18:45,20:05,1h 20m,80,Economy,4263.0,,,,,False
data.csv,2022_real_observations,BOM,BOM,HYD,HYD,BOM-HYD,IndiGo,IndiGo,,2022-02-20,16:20,17:40,1h 20m,80,Economy,4263.0,,,,,False
data.csv,2022_real_observations,BOM,BOM,HYD,HYD,BOM-HYD,IndiGo,IndiGo,,2022-02-20,17:10,18:35,1h 25m,85,Economy,4263.0,,,,,False
data.csv,2022_real_observations,BOM,BOM,HYD,HYD,BOM-HYD,IndiGo,IndiGo,,2022-02-20,19:55,21:25,1h 30m,90,Economy,4263.0,,,,,False
data.csv,2022_real_observations,BOM,BOM,HYD,HYD,BOM-HYD,Vistara,Vistara,,2022-02-20,19:20,20:55,1h 35m,95,Economy,4475.0,,,,,False
data.csv,2022_real_observations,BOM,BOM,HYD,HYD,BOM-HYD,IndiGo,IndiGo,,2022-02-21,06:15,07:35,1h 20m,80,Economy,2108.0,,,,,False
data.csv,2022_real_observations,BOM,BOM,HYD,HYD,BOM-HYD,IndiGo,IndiGo,,2022-02-21,10:45,12:05,1h 20m,80,Economy,2108.0,,,,,False
data.csv,2022_real_observations,BOM,BOM,HYD,HYD,BOM-HYD,IndiGo,IndiGo,,2022-02-21,12:45,14:05,1h 20m,80,Economy,2108.0,,,,,False
data.csv,2022_real_observations,BOM,BOM,HYD,HYD,BOM-HYD,Vistara,Vistara,,2022-02-21,06:20,07:50,1h 30m,90,Economy,2201.0,,,,,False
data.csv,2022_real_observations,BOM,BOM,HYD,HYD,BOM-HYD,Vistara,Vistara,,2022-02-21,10:45,12:15,1h 30m,90,Economy,2201.0,,,,,False
data.csv,2022_real_observations,BOM,BOM,HYD,HYD,BOM-HYD,IndiGo,IndiGo,,2022-02-21,06:50,08:30,1h 40m,100,Economy,2108.0,,,,,False
data.csv,2022_real_observations,HYD,HYD,BOM,BOM,HYD-BOM,Vistara,Vistara,,2022-02-21,21:35,23:00,1h 25m,85,Economy,2393.0,,,,,False
data.csv,2022_real_observations,HYD,HYD,BOM,BOM,HYD-BOM,IndiGo,IndiGo,,2022-02-21,19:15,20:45,1h 30m,90,Economy,2301.0,,,,,False
data.csv,2022_real_observations,HYD,HYD,BOM,BOM,HYD-BOM,IndiGo,IndiGo,,2022-02-21,17:45,19:15,1h 30m,90,Economy,2301.0,,,,,False
data.csv,2022_real_observations,HYD,HYD,BOM,BOM,HYD-BOM,Air India,Air India,,2022-02-21,22:15,23:55,1h 40m,100,Economy,2301.0,,,,,False
data.csv,2022_real_observations,HYD,HYD,BOM,BOM,HYD-BOM,IndiGo,IndiGo,,2022-02-21,15:00,16:35,1h 35m,95,Economy,2301.0,,,,,False
data.csv,2022_real_observations,HYD,HYD,BOM,BOM,HYD-BOM,IndiGo,IndiGo,,2022-02-21,21:45,23:25,1h 40m,100,Economy,2301.0,,,,,False
data.csv,2022_real_observations,HYD,HYD,BOM,BOM,HYD-BOM,IndiGo,IndiGo,,2022-02-21,04:30,05:50,1h 20m,80,Economy,2301.0,,,,,False
data.csv,2022_real_observations,HYD,HYD,BOM,BOM,HYD-BOM,Vistara,Vistara,,2022-02-21,08:30,10:00,1h 30m,90,Economy,2393.0,,,,,False
data.csv,2022_real_observations,HYD,HYD,BOM,BOM,HYD-BOM,IndiGo,IndiGo,,2022-02-21,06:15,07:45,1h 30m,90,Economy,2301.0,,,,,False
data.csv,2022_real_observations,HYD,HYD,BOM,BOM,HYD-BOM,IndiGo,IndiGo,,2022-02-21,10:45,12:15,1h 30m,90,Economy,2301.0,,,,,False
data.csv,2022_real_observations,HYD,HYD,BOM,BOM,HYD-BOM,Vistara,Vistara,,2022-02-21,12:55,14:30,1h 35m,95,Economy,2393.0,,,,,False
data.csv,2022_real_observations,HYD,HYD,BOM,BOM,HYD-BOM,IndiGo,IndiGo,,2022-02-21,15:00,16:35,1h 35m,95,Economy,2301.0,,,,,False
data.csv,2022_real_observations,HYD,HYD,BOM,BOM,HYD-BOM,IndiGo,IndiGo,,2022-02-21,08:30,10:05,1h 35m,95,Economy,2301.0,,,,,False
data.csv,2022_real_observations,BOM,BOM,HYD,HYD,BOM-HYD,IndiGo,IndiGo,,2022-02-21,16:20,17:40,1h 20m,80,Economy,2108.0,,,,,False
data.csv,2022_real_observations,BOM,BOM,HYD,HYD,BOM-HYD,IndiGo,IndiGo,,2022-02-21,18:45,20:05,1h 20m,80,Economy,2108.0,,,,,False
data.csv,2022_real_observations,BOM,BOM,HYD,HYD,BOM-HYD,IndiGo,IndiGo,,2022-02-21,17:10,18:35,1h 25m,85,Economy,2108.0,,,,,False
data.csv,2022_real_observations,BOM,BOM,HYD,HYD,BOM-HYD,Air India,Air India,,2022-02-21,20:15,21:35,1h 20m,80,Economy,2426.0,,,,,False
data.csv,2022_real_observations,BOM,BOM,HYD,HYD,BOM-HYD,IndiGo,IndiGo,,2022-02-21,19:55,21:25,1h 30m,90,Economy,2108.0,,,,,False
data.csv,2022_real_observations,BOM,BOM,HYD,HYD,BOM-HYD,Vistara,Vistara,,2022-02-21,19:20,20:55,1h 35m,95,Economy,2201.0,,,,,False
data.csv,2022_real_observations,BOM,BOM,HYD,HYD,BOM-HYD,IndiGo,IndiGo,,2022-02-22,12:45,14:05,1h 20m,80,Economy,2108.0,,,,,False
data.csv,2022_real_observations,BOM,BOM,HYD,HYD,BOM-HYD,IndiGo,IndiGo,,2022-02-22,10:45,12:05,1h 20m,80,Economy,2108.0,,,,,False
data.csv,2022_real_observations,BOM,BOM,HYD,HYD,BOM-HYD,IndiGo,IndiGo,,2022-02-22,06:15,07:35,1h 20m,80,Economy,2108.0,,,,,False
data.csv,2022_real_observations,BOM,BOM,HYD,HYD,BOM-HYD,Vistara,Vistara,,2022-02-22,06:20,07:50,1h 30m,90,Economy,2201.0,,,,,False
data.csv,2022_real_observations,BOM,BOM,HYD,HYD,BOM-HYD,Vistara,Vistara,,2022-02-22,10:45,12:15,1h 30m,90,Economy,2201.0,,,,,False
data.csv,2022_real_observations,HYD,HYD,BOM,BOM,HYD-BOM,Vistara,Vistara,,2022-02-22,21:35,23:00,1h 25m,85,Economy,2393.0,,,,,False
data.csv,2022_real_observations,HYD,HYD,BOM,BOM,HYD-BOM,IndiGo,IndiGo,,2022-02-22,19:15,20:45,1h 30m,90,Economy,2301.0,,,,,False
data.csv,2022_real_observations,HYD,HYD,BOM,BOM,HYD-BOM,IndiGo,IndiGo,,2022-02-22,17:45,19:15,1h 30m,90,Economy,2301.0,,,,,False
data.csv,2022_real_observations,HYD,HYD,BOM,BOM,HYD-BOM,Air India,Air India,,2022-02-22,22:15,23:55,1h 40m,100,Economy,2301.0,,,,,False
data.csv,2022_real_observations,HYD,HYD,BOM,BOM,HYD-BOM,IndiGo,IndiGo,,2022-02-22,15:00,16:35,1h 35m,95,Economy,2301.0,,,,,False
data.csv,2022_real_observations,HYD,HYD,BOM,BOM,HYD-BOM,IndiGo,IndiGo,,2022-02-22,21:45,23:25,1h 40m,100,Economy,2301.0,,,,,False
data.csv,2022_real_observations,HYD,HYD,BOM,BOM,HYD-BOM,Vistara,Vistara,,2022-02-22,08:30,10:00,1h 30m,90,Economy,2393.0,,,,,False
data.csv,2022_real_observations,HYD,HYD,BOM,BOM,HYD-BOM,IndiGo,IndiGo,,2022-02-22,06:15,07:45,1h 30m,90,Economy,2301.0,,,,,False
data.csv,2022_real_observations,HYD,HYD,BOM,BOM,HYD-BOM,IndiGo,IndiGo,,2022-02-22,10:45,12:15,1h 30m,90,Economy,2301.0,,,,,False
data.csv,2022_real_observations,HYD,HYD,BOM,BOM,HYD-BOM,Vistara,Vistara,,2022-02-22,12:55,14:30,1h 35m,95,Economy,2393.0,,,,,False
data.csv,2022_real_observations,HYD,HYD,BOM,BOM,HYD-BOM,IndiGo,IndiGo,,2022-02-22,08:30,10:05,1h 35m,95,Economy,2301.0,,,,,False
data.csv,2022_real_observations,HYD,HYD,BOM,BOM,HYD-BOM,IndiGo,IndiGo,,2022-02-22,15:00,16:35,1h 35m,95,Economy,2301.0,,,,,False
data.csv,2022_real_observations,BOM,BOM,HYD,HYD,BOM-HYD,Air India,Air India,,2022-02-22,20:15,21:35,1h 20m,80,Economy,2111.0,,,,,False
data.csv,2022_real_observations,BOM,BOM,HYD,HYD,BOM-HYD,IndiGo,IndiGo,,2022-02-22,18:45,20:05,1h 20m,80,Economy,2108.0,,,,,False
data.csv,2022_real_observations,BOM,BOM,HYD,HYD,BOM-HYD,IndiGo,IndiGo,,2022-02-22,16:20,17:40,1h 20m,80,Economy,2108.0,,,,,False
data.csv,2022_real_observations,BOM,BOM,HYD,HYD,BOM-HYD,IndiGo,IndiGo,,2022-02-22,17:10,18:35,1h 25m,85,Economy,2108.0,,,,,False
data.csv,2022_real_observations,BOM,BOM,HYD,HYD,BOM-HYD,IndiGo,IndiGo,,2022-02-22,19:55,21:25,1h 30m,90,Economy,2108.0,,,,,False
data.csv,2022_real_observations,BOM,BOM,HYD,HYD,BOM-HYD,Vistara,Vistara,,2022-02-22,19:20,20:55,1h 35m,95,Economy,2201.0,,,,,False
data.csv,2022_real_observations,BOM,BOM,HYD,HYD,BOM-HYD,IndiGo,IndiGo,,2022-02-23,06:15,07:35,1h 20m,80,Economy,2108.0,,,,,False
data.csv,2022_real_observations,BOM,BOM,HYD,HYD,BOM-HYD,IndiGo,IndiGo,,2022-02-23,12:45,14:05,1h 20m,80,Economy,2108.0,,,,,False
data.csv,2022_real_observations,BOM,BOM,HYD,HYD,BOM-HYD,IndiGo,IndiGo,,2022-02-23,10:45,12:05,1h 20m,80,Economy,2108.0,,,,,False
data.csv,2022_real_observations,BOM,BOM,HYD,HYD,BOM-HYD,Vistara,Vistara,,2022-02-23,06:20,07:50,1h 30m,90,Economy,2201.0,,,,,False
data.csv,2022_real_observations,BOM,BOM,HYD,HYD,BOM-HYD,Vistara,Vistara,,2022-02-23,10:45,12:15,1h 30m,90,Economy,2201.0,,,,,False
data.csv,2022_real_observations,HYD,HYD,BOM,BOM,HYD-BOM,Vistara,Vistara,,2022-02-23,21:35,23:00,1h 25m,85,Economy,2393.0,,,,,False
data.csv,2022_real_observations,HYD,HYD,BOM,BOM,HYD-BOM,IndiGo,IndiGo,,2022-02-23,17:45,19:15,1h 30m,90,Economy,2301.0,,,,,False
data.csv,2022_real_observations,HYD,HYD,BOM,BOM,HYD-BOM,IndiGo,IndiGo,,2022-02-23,19:15,20:45,1h 30m,90,Economy,2301.0,,,,,False
data.csv,2022_real_observations,HYD,HYD,BOM,BOM,HYD-BOM,Air India,Air India,,2022-02-23,22:15,23:55,1h 40m,100,Economy,2301.0,,,,,False
data.csv,2022_real_observations,HYD,HYD,BOM,BOM,HYD-BOM,IndiGo,IndiGo,,2022-02-23,15:00,16:35,1h 35m,95,Economy,2301.0,,,,,False
data.csv,2022_real_observations,HYD,HYD,BOM,BOM,HYD-BOM,IndiGo,IndiGo,,2022-02-23,21:45,23:25,1h 40m,100,Economy,2301.0,,,,,False
data.csv,2022_real_observations,HYD,HYD,BOM,BOM,HYD-BOM,Vistara,Vistara,,2022-02-23,08:30,10:00,1h 30m,90,Economy,2393.0,,,,,False
data.csv,2022_real_observations,HYD,HYD,BOM,BOM,HYD-BOM,IndiGo,IndiGo,,2022-02-23,06:15,07:45,1h 30m,90,Economy,2301.0,,,,,False
data.csv,2022_real_observations,HYD,HYD,BOM,BOM,HYD-BOM,IndiGo,IndiGo,,2022-02-23,10:45,12:15,1h 30m,90,Economy,2301.0,,,,,False
data.csv,2022_real_observations,HYD,HYD,BOM,BOM,HYD-BOM,Vistara,Vistara,,2022-02-23,12:55,14:30,1h 35m,95,Economy,2393.0,,,,,False
data.csv,2022_real_observations,HYD,HYD,BOM,BOM,HYD-BOM,IndiGo,IndiGo,,2022-02-23,15:00,16:35,1h 35m,95,Economy,2301.0,,,,,False
data.csv,2022_real_observations,HYD,HYD,BOM,BOM,HYD-BOM,IndiGo,IndiGo,,2022-02-23,08:30,10:05,1h 35m,95,Economy,2301.0,,,,,False
data.csv,2022_real_observations,BOM,BOM,HYD,HYD,BOM-HYD,Air India,Air India,,2022-02-23,20:15,21:35,1h 20m,80,Economy,2111.0,,,,,False
data.csv,2022_real_observations,BOM,BOM,HYD,HYD,BOM-HYD,IndiGo,IndiGo,,2022-02-23,16:20,17:40,1h 20m,80,Economy,2108.0,,,,,False
data.csv,2022_real_observations,BOM,BOM,HYD,HYD,BOM-HYD,IndiGo,IndiGo,,2022-02-23,18:45,20:05,1h 20m,80,Economy,2108.0,,,,,False
data.csv,2022_real_observations,BOM,BOM,HYD,HYD,BOM-HYD,IndiGo,IndiGo,,2022-02-23,17:10,18:35,1h 25m,85,Economy,2108.0,,,,,False
data.csv,2022_real_observations,BOM,BOM,HYD,HYD,BOM-HYD,IndiGo,IndiGo,,2022-02-23,19:55,21:25,1h 30m,90,Economy,2108.0,,,,,False
data.csv,2022_real_observations,BOM,BOM,HYD,HYD,BOM-HYD,Vistara,Vistara,,2022-02-23,19:20,20:55,1h 35m,95,Economy,2201.0,,,,,False
data.csv,2022_real_observations,BOM,BOM,HYD,HYD,BOM-HYD,IndiGo,IndiGo,,2022-02-24,12:45,14:05,1h 20m,80,Economy,2108.0,,,,,False
data.csv,2022_real_observations,BOM,BOM,HYD,HYD,BOM-HYD,IndiGo,IndiGo,,2022-02-24,10:45,12:05,1h 20m,80,Economy,2108.0,,,,,False
data.csv,2022_real_observations,BOM,BOM,HYD,HYD,BOM-HYD,IndiGo,IndiGo,,2022-02-24,06:15,07:35,1h 20m,80,Economy,2108.0,,,,,False
data.csv,2022_real_observations,BOM,BOM,HYD,HYD,BOM-HYD,Vistara,Vistara,,2022-02-24,06:20,07:50,1h 30m,90,Economy,2201.0,,,,,False
data.csv,2022_real_observations,BOM,BOM,HYD,HYD,BOM-HYD,Vistara,Vistara,,2022-02-24,10:45,12:15,1h 30m,90,Economy,2201.0,,,,,False
data.csv,2022_real_observations,HYD,HYD,BOM,BOM,HYD-BOM,Vistara,Vistara,,2022-02-24,21:35,23:00,1h 25m,85,Economy,2393.0,,,,,False
data.csv,2022_real_observations,HYD,HYD,BOM,BOM,HYD-BOM,IndiGo,IndiGo,,2022-02-24,19:15,20:45,1h 30m,90,Economy,2301.0,,,,,False
data.csv,2022_real_observations,HYD,HYD,BOM,BOM,HYD-BOM,IndiGo,IndiGo,,2022-02-24,17:45,19:15,1h 30m,90,Economy,2301.0,,,,,False
data.csv,2022_real_observations,HYD,HYD,BOM,BOM,HYD-BOM,Air India,Air India,,2022-02-24,22:15,23:55,1h 40m,100,Economy,2301.0,,,,,False
data.csv,2022_real_observations,HYD,HYD,BOM,BOM,HYD-BOM,IndiGo,IndiGo,,2022-02-24,15:00,16:35,1h 35m,95,Economy,2301.0,,,,,False
data.csv,2022_real_observations,HYD,HYD,BOM,BOM,HYD-BOM,IndiGo,IndiGo,,2022-02-24,21:45,23:25,1h 40m,100,Economy,2301.0,,,,,False
data.csv,2022_real_observations,BOM,BOM,HYD,HYD,BOM-HYD,IndiGo,IndiGo,,2022-02-25,06:15,07:35,1h 20m,80,Economy,2108.0,,,,,False
data.csv,2022_real_observations,BOM,BOM,HYD,HYD,BOM-HYD,IndiGo,IndiGo,,2022-02-25,12:45,14:05,1h 20m,80,Economy,2108.0,,,,,False
data.csv,2022_real_observations,BOM,BOM,HYD,HYD,BOM-HYD,IndiGo,IndiGo,,2022-02-25,10:45,12:05,1h 20m,80,Economy,2108.0,,,,,False
data.csv,2022_real_observations,BOM,BOM,HYD,HYD,BOM-HYD,Vistara,Vistara,,2022-02-25,06:20,07:50,1h 30m,90,Economy,2201.0,,,,,False
data.csv,2022_real_observations,BOM,BOM,HYD,HYD,BOM-HYD,Vistara,Vistara,,2022-02-25,10:45,12:15,1h 30m,90,Economy,2201.0,,,,,False
data.csv,2022_real_observations,BOM,BOM,HYD,HYD,BOM-HYD,IndiGo,IndiGo,,2022-02-25,06:50,08:30,1h 40m,100,Economy,2108.0,,,,,False
data.csv,2022_real_observations,HYD,HYD,BOM,BOM,HYD-BOM,Vistara,Vistara,,2022-02-25,21:35,23:00,1h 25m,85,Economy,2393.0,,,,,False
data.csv,2022_real_observations,HYD,HYD,BOM,BOM,HYD-BOM,IndiGo,IndiGo,,2022-02-25,17:45,19:15,1h 30m,90,Economy,2301.0,,,,,False
data.csv,2022_real_observations,HYD,HYD,BOM,BOM,HYD-BOM,IndiGo,IndiGo,,2022-02-25,19:15,20:45,1h 30m,90,Economy,2301.0,,,,,False
data.csv,2022_real_observations,HYD,HYD,BOM,BOM,HYD-BOM,Air India,Air India,,2022-02-25,22:15,23:55,1h 40m,100,Economy,2301.0,,,,,False
data.csv,2022_real_observations,HYD,HYD,BOM,BOM,HYD-BOM,IndiGo,IndiGo,,2022-02-25,15:00,16:35,1h 35m,95,Economy,2301.0,,,,,False
data.csv,2022_real_observations,HYD,HYD,BOM,BOM,HYD-BOM,IndiGo,IndiGo,,2022-02-25,21:45,23:25,1h 40m,100,Economy,2301.0,,,,,False
data.csv,2022_real_observations,HYD,HYD,BOM,BOM,HYD-BOM,IndiGo,IndiGo,,2022-02-25,04:30,05:50,1h 20m,80,Economy,2301.0,,,,,False
data.csv,2022_real_observations,HYD,HYD,BOM,BOM,HYD-BOM,IndiGo,IndiGo,,2022-02-25,06:15,07:45,1h 30m,90,Economy,2301.0,,,,,False
data.csv,2022_real_observations,HYD,HYD,BOM,BOM,HYD-BOM,IndiGo,IndiGo,,2022-02-25,10:45,12:15,1h 30m,90,Economy,2301.0,,,,,False
data.csv,2022_real_observations,HYD,HYD,BOM,BOM,HYD-BOM,IndiGo,IndiGo,,2022-02-25,15:00,16:35,1h 35m,95,Economy,2301.0,,,,,False
data.csv,2022_real_observations,HYD,HYD,BOM,BOM,HYD-BOM,IndiGo,IndiGo,,2022-02-25,08:30,10:05,1h 35m,95,Economy,2301.0,,,,,False
data.csv,2022_real_observations,BOM,BOM,HYD,HYD,BOM-HYD,Air India,Air India,,2022-02-25,20:15,21:35,1h 20m,80,Economy,2111.0,,,,,False
data.csv,2022_real_observations,BOM,BOM,HYD,HYD,BOM-HYD,IndiGo,IndiGo,,2022-02-25,18:45,20:05,1h 20m,80,Economy,2108.0,,,,,False
data.csv,2022_real_observations,BOM,BOM,HYD,HYD,BOM-HYD,IndiGo,IndiGo,,2022-02-25,16:20,17:40,1h 20m,80,Economy,2108.0,,,,,False
data.csv,2022_real_observations,BOM,BOM,HYD,HYD,BOM-HYD,IndiGo,IndiGo,,2022-02-25,17:10,18:35,1h 25m,85,Economy,2108.0,,,,,False
data.csv,2022_real_observations,BOM,BOM,HYD,HYD,BOM-HYD,IndiGo,IndiGo,,2022-02-25,19:55,21:25,1h 30m,90,Economy,2108.0,,,,,False
data.csv,2022_real_observations,BOM,BOM,HYD,HYD,BOM-HYD,Vistara,Vistara,,2022-02-25,19:20,20:55,1h 35m,95,Economy,2201.0,,,,,False
data.csv,2022_real_observations,BOM,BOM,HYD,HYD,BOM-HYD,IndiGo,IndiGo,,2022-02-26,12:45,14:05,1h 20m,80,Economy,2108.0,,,,,False
data.csv,2022_real_observations,BOM,BOM,HYD,HYD,BOM-HYD,IndiGo,IndiGo,,2022-02-26,06:15,07:35,1h 20m,80,Economy,2108.0,,,,,False
data.csv,2022_real_observations,BOM,BOM,HYD,HYD,BOM-HYD,IndiGo,IndiGo,,2022-02-26,10:45,12:05,1h 20m,80,Economy,2108.0,,,,,False
data.csv,2022_real_observations,BOM,BOM,HYD,HYD,BOM-HYD,Vistara,Vistara,,2022-02-26,06:20,07:50,1h 30m,90,Economy,2201.0,,,,,False
data.csv,2022_real_observations,BOM,BOM,HYD,HYD,BOM-HYD,Vistara,Vistara,,2022-02-26,10:45,12:15,1h 30m,90,Economy,2201.0,,,,,False
data.csv,2022_real_observations,HYD,HYD,BOM,BOM,HYD-BOM,Vistara,Vistara,,2022-02-26,21:35,23:00,1h 25m,85,Economy,2393.0,,,,,False
data.csv,2022_real_observations,HYD,HYD,BOM,BOM,HYD-BOM,IndiGo,IndiGo,,2022-02-26,19:15,20:45,1h 30m,90,Economy,2301.0,,,,,False
data.csv,2022_real_observations,HYD,HYD,BOM,BOM,HYD-BOM,IndiGo,IndiGo,,2022-02-26,17:45,19:15,1h 30m,90,Economy,2301.0,,,,,False
data.csv,2022_real_observations,HYD,HYD,BOM,BOM,HYD-BOM,Air India,Air India,,2022-02-26,22:15,23:55,1h 40m,100,Economy,2301.0,,,,,False
data.csv,2022_real_observations,HYD,HYD,BOM,BOM,HYD-BOM,IndiGo,IndiGo,,2022-02-26,15:00,16:35,1h 35m,95,Economy,2301.0,,,,,False
data.csv,2022_real_observations,HYD,HYD,BOM,BOM,HYD-BOM,IndiGo,IndiGo,,2022-02-26,21:45,23:25,1h 40m,100,Economy,2301.0,,,,,False
data.csv,2022_real_observations,HYD,HYD,BOM,BOM,HYD-BOM,Vistara,Vistara,,2022-02-26,08:30,10:00,1h 30m,90,Economy,2393.0,,,,,False
data.csv,2022_real_observations,HYD,HYD,BOM,BOM,HYD-BOM,IndiGo,IndiGo,,2022-02-26,06:15,07:45,1h 30m,90,Economy,2301.0,,,,,False
data.csv,2022_real_observations,HYD,HYD,BOM,BOM,HYD-BOM,IndiGo,IndiGo,,2022-02-26,10:45,12:15,1h 30m,90,Economy,2301.0,,,,,False
data.csv,2022_real_observations,HYD,HYD,BOM,BOM,HYD-BOM,Vistara,Vistara,,2022-02-26,12:55,14:30,1h 35m,95,Economy,2393.0,,,,,False
data.csv,2022_real_observations,HYD,HYD,BOM,BOM,HYD-BOM,IndiGo,IndiGo,,2022-02-26,15:00,16:35,1h 35m,95,Economy,2301.0,,,,,False
data.csv,2022_real_observations,HYD,HYD,BOM,BOM,HYD-BOM,IndiGo,IndiGo,,2022-02-26,08:30,10:05,1h 35m,95,Economy,2301.0,,,,,False
data.csv,2022_real_observations,BOM,BOM,HYD,HYD,BOM-HYD,Air India,Air India,,2022-02-26,20:15,21:35,1h 20m,80,Economy,2111.0,,,,,False
data.csv,2022_real_observations,BOM,BOM,HYD,HYD,BOM-HYD,IndiGo,IndiGo,,2022-02-26,18:45,20:05,1h 20m,80,Economy,2108.0,,,,,False
data.csv,2022_real_observations,BOM,BOM,HYD,HYD,BOM-HYD,IndiGo,IndiGo,,2022-02-26,16:20,17:40,1h 20m,80,Economy,2108.0,,,,,False
data.csv,2022_real_observations,BOM,BOM,HYD,HYD,BOM-HYD,IndiGo,IndiGo,,2022-02-26,17:10,18:35,1h 25m,85,Economy,2108.0,,,,,False
data.csv,2022_real_observations,BOM,BOM,HYD,HYD,BOM-HYD,IndiGo,IndiGo,,2022-02-26,19:55,21:25,1h 30m,90,Economy,2108.0,,,,,False
data.csv,2022_real_observations,BOM,BOM,HYD,HYD,BOM-HYD,Vistara,Vistara,,2022-02-26,19:20,20:55,1h 35m,95,Economy,2201.0,,,,,False
data.csv,2022_real_observations,BOM,BOM,HYD,HYD,BOM-HYD,Vistara,Vistara,,2022-02-27,06:20,07:50,1h 30m,90,Economy,2201.0,,,,,False
data.csv,2022_real_observations,BOM,BOM,HYD,HYD,BOM-HYD,Vistara,Vistara,,2022-02-27,10:45,12:15,1h 30m,90,Economy,2201.0,,,,,False
data.csv,2022_real_observations,HYD,HYD,BOM,BOM,HYD-BOM,Vistara,Vistara,,2022-02-27,21:35,23:00,1h 25m,85,Economy,2393.0,,,,,False
data.csv,2022_real_observations,HYD,HYD,BOM,BOM,HYD-BOM,IndiGo,IndiGo,,2022-02-27,19:15,20:45,1h 30m,90,Economy,2301.0,,,,,False
data.csv,2022_real_observations,HYD,HYD,BOM,BOM,HYD-BOM,Air India,Air India,,2022-02-27,22:15,23:55,1h 40m,100,Economy,2301.0,,,,,False
data.csv,2022_real_observations,HYD,HYD,BOM,BOM,HYD-BOM,IndiGo,IndiGo,,2022-02-27,15:00,16:35,1h 35m,95,Economy,2301.0,,,,,False
data.csv,2022_real_observations,HYD,HYD,BOM,BOM,HYD-BOM,IndiGo,IndiGo,,2022-02-27,21:45,23:25,1h 40m,100,Economy,2301.0,,,,,False
data.csv,2022_real_observations,HYD,HYD,BOM,BOM,HYD-BOM,IndiGo,IndiGo,,2022-02-27,17:45,19:15,1h 30m,90,Economy,2890.0,,,,,False
data.csv,2022_real_observations,HYD,HYD,BOM,BOM,HYD-BOM,Vistara,Vistara,,2022-02-27,08:30,10:00,1h 30m,90,Economy,2393.0,,,,,False
data.csv,2022_real_observations,HYD,HYD,BOM,BOM,HYD-BOM,IndiGo,IndiGo,,2022-02-27,06:15,07:45,1h 30m,90,Economy,2301.0,,,,,False
data.csv,2022_real_observations,HYD,HYD,BOM,BOM,HYD-BOM,IndiGo,IndiGo,,2022-02-27,10:45,12:15,1h 30m,90,Economy,2301.0,,,,,False
data.csv,2022_real_observations,HYD,HYD,BOM,BOM,HYD-BOM,Vistara,Vistara,,2022-02-27,12:55,14:30,1h 35m,95,Economy,2393.0,,,,,False
data.csv,2022_real_observations,HYD,HYD,BOM,BOM,HYD-BOM,IndiGo,IndiGo,,2022-02-27,08:30,10:05,1h 35m,95,Economy,2301.0,,,,,False
data.csv,2022_real_observations,HYD,HYD,BOM,BOM,HYD-BOM,IndiGo,IndiGo,,2022-02-27,15:00,16:35,1h 35m,95,Economy,2301.0,,,,,False
data.csv,2022_real_observations,BOM,BOM,HYD,HYD,BOM-HYD,Air India,Air India,,2022-02-27,20:15,21:35,1h 20m,80,Economy,2111.0,,,,,False
data.csv,2022_real_observations,BOM,BOM,HYD,HYD,BOM-HYD,IndiGo,IndiGo,,2022-02-27,16:20,17:40,1h 20m,80,Economy,2108.0,,,,,False
data.csv,2022_real_observations,BOM,BOM,HYD,HYD,BOM-HYD,IndiGo,IndiGo,,2022-02-27,18:45,20:05,1h 20m,80,Economy,2108.0,,,,,False
data.csv,2022_real_observations,BOM,BOM,HYD,HYD,BOM-HYD,IndiGo,IndiGo,,2022-02-27,17:10,18:35,1h 25m,85,Economy,2108.0,,,,,False
data.csv,2022_real_observations,BOM,BOM,HYD,HYD,BOM-HYD,IndiGo,IndiGo,,2022-02-27,19:55,21:25,1h 30m,90,Economy,2108.0,,,,,False
data.csv,2022_real_observations,BOM,BOM,HYD,HYD,BOM-HYD,Vistara,Vistara,,2022-02-27,19:20,20:55,1h 35m,95,Economy,2201.0,,,,,False
data.csv,2022_real_observations,BOM,BOM,HYD,HYD,BOM-HYD,IndiGo,IndiGo,,2022-02-28,12:45,14:05,1h 20m,80,Economy,2108.0,,,,,False
data.csv,2022_real_observations,BOM,BOM,HYD,HYD,BOM-HYD,IndiGo,IndiGo,,2022-02-28,06:15,07:35,1h 20m,80,Economy,2108.0,,,,,False
data.csv,2022_real_observations,BOM,BOM,HYD,HYD,BOM-HYD,IndiGo,IndiGo,,2022-02-28,10:45,12:05,1h 20m,80,Economy,2108.0,,,,,False
data.csv,2022_real_observations,BOM,BOM,HYD,HYD,BOM-HYD,Vistara,Vistara,,2022-02-28,06:20,07:50,1h 30m,90,Economy,2201.0,,,,,False
data.csv,2022_real_observations,BOM,BOM,HYD,HYD,BOM-HYD,Vistara,Vistara,,2022-02-28,10:45,12:15,1h 30m,90,Economy,2201.0,,,,,False
data.csv,2022_real_observations,BOM,BOM,HYD,HYD,BOM-HYD,IndiGo,IndiGo,,2022-02-28,06:50,08:30,1h 40m,100,Economy,2108.0,,,,,False
data.csv,2022_real_observations,HYD,HYD,BOM,BOM,HYD-BOM,Vistara,Vistara,,2022-02-28,21:35,23:00,1h 25m,85,Economy,2393.0,,,,,False
data.csv,2022_real_observations,HYD,HYD,BOM,BOM,HYD-BOM,Air India,Air India,,2022-02-28,22:15,23:55,1h 40m,100,Economy,2301.0,,,,,False
data.csv,2022_real_observations,HYD,HYD,BOM,BOM,HYD-BOM,IndiGo,IndiGo,,2022-02-28,04:30,05:50,1h 20m,80,Economy,2301.0,,,,,False
data.csv,2022_real_observations,HYD,HYD,BOM,BOM,HYD-BOM,Vistara,Vistara,,2022-02-28,08:30,10:00,1h 30m,90,Economy,2393.0,,,,,False
data.csv,2022_real_observations,HYD,HYD,BOM,BOM,HYD-BOM,IndiGo,IndiGo,,2022-02-28,06:15,07:45,1h 30m,90,Economy,2301.0,,,,,False
data.csv,2022_real_observations,HYD,HYD,BOM,BOM,HYD-BOM,IndiGo,IndiGo,,2022-02-28,10:45,12:15,1h 30m,90,Economy,2301.0,,,,,False
data.csv,2022_real_observations,HYD,HYD,BOM,BOM,HYD-BOM,Vistara,Vistara,,2022-02-28,12:55,14:30,1h 35m,95,Economy,2393.0,,,,,False
data.csv,2022_real_observations,HYD,HYD,BOM,BOM,HYD-BOM,IndiGo,IndiGo,,2022-02-28,15:00,16:35,1h 35m,95,Economy,2301.0,,,,,False
data.csv,2022_real_observations,HYD,HYD,BOM,BOM,HYD-BOM,IndiGo,IndiGo,,2022-02-28,08:30,10:05,1h 35m,95,Economy,2301.0,,,,,False
data.csv,2022_real_observations,BOM,BOM,HYD,HYD,BOM-HYD,Air India,Air India,,2022-02-28,20:15,21:35,1h 20m,80,Economy,2111.0,,,,,False
data.csv,2022_real_observations,BOM,BOM,HYD,HYD,BOM-HYD,IndiGo,IndiGo,,2022-02-28,16:20,17:40,1h 20m,80,Economy,2108.0,,,,,False
data.csv,2022_real_observations,BOM,BOM,HYD,HYD,BOM-HYD,IndiGo,IndiGo,,2022-02-28,18:45,20:05,1h 20m,80,Economy,2108.0,,,,,False
data.csv,2022_real_observations,BOM,BOM,HYD,HYD,BOM-HYD,IndiGo,IndiGo,,2022-02-28,17:10,18:35,1h 25m,85,Economy,2108.0,,,,,False
data.csv,2022_real_observations,BOM,BOM,HYD,HYD,BOM-HYD,IndiGo,IndiGo,,2022-02-28,19:55,21:25,1h 30m,90,Economy,2108.0,,,,,False
data.csv,2022_real_observations,BOM,BOM,HYD,HYD,BOM-HYD,Vistara,Vistara,,2022-02-28,19:20,20:55,1h 35m,95,Economy,2201.0,,,,,False
data.csv,2022_real_observations,BOM,BOM,CCU,CCU,BOM-CCU,Go First,Go First,,2022-02-14,05:00,07:30,2h 30m,150,Economy,7412.0,,,,,True
data.csv,2022_real_observations,BOM,BOM,CCU,CCU,BOM-CCU,Go First,Go First,,2022-02-14,15:00,17:30,2h 30m,150,Economy,7412.0,,,,,True
data.csv,2022_real_observations,BOM,BOM,CCU,CCU,BOM-CCU,IndiGo,IndiGo,,2022-02-14,06:30,09:05,2h 35m,155,Economy,7413.0,,,,,False
data.csv,2022_real_observations,BOM,BOM,CCU,CCU,BOM-CCU,Air India,Air India,,2022-02-14,06:10,08:50,2h 40m,160,Economy,7413.0,,,,,False
data.csv,2022_real_observations,BOM,BOM,CCU,CCU,BOM-CCU,IndiGo,IndiGo,,2022-02-14,12:55,15:35,2h 40m,160,Economy,7413.0,,,,,False
data.csv,2022_real_observations,BOM,BOM,CCU,CCU,BOM-CCU,IndiGo,IndiGo,,2022-02-14,07:35,10:15,2h 40m,160,Economy,7833.0,,,,,False
data.csv,2022_real_observations,BOM,BOM,CCU,CCU,BOM-CCU,Vistara,Vistara,,2022-02-14,14:05,16:55,2h 50m,170,Economy,7802.0,,,,,False
data.csv,2022_real_observations,BOM,BOM,CCU,CCU,BOM-CCU,Vistara,Vistara,,2022-02-14,07:00,09:40,2h 40m,160,Economy,9243.0,,,,,False
data.csv,2022_real_observations,CCU,CCU,BOM,BOM,CCU-BOM,Vistara,Vistara,,2022-02-14,17:35,20:20,2h 45m,165,Economy,8348.0,,,,,False
data.csv,2022_real_observations,CCU,CCU,BOM,BOM,CCU-BOM,IndiGo,IndiGo,,2022-02-14,17:35,20:25,2h 50m,170,Economy,7959.0,,,,,False
data.csv,2022_real_observations,CCU,CCU,BOM,BOM,CCU-BOM,Go First,Go First,,2022-02-14,17:30,20:20,2h 50m,170,Economy,7958.0,,,,,True
data.csv,2022_real_observations,CCU,CCU,BOM,BOM,CCU-BOM,Vistara,Vistara,,2022-02-14,20:35,23:30,2h 55m,175,Economy,8348.0,,,,,False
data.csv,2022_real_observations,CCU,CCU,BOM,BOM,CCU-BOM,IndiGo,IndiGo,,2022-02-14,19:10,22:15,3h 05m,185,Economy,7959.0,,,,,False
data.csv,2022_real_observations,CCU,CCU,BOM,BOM,CCU-BOM,IndiGo,IndiGo,,2022-02-14,15:40,18:40,3h,180,Economy,8799.0,,,,,False
data.csv,2022_real_observations,CCU,CCU,BOM,BOM,CCU-BOM,Air India,Air India,,2022-02-14,17:15,20:05,2h 50m,170,Economy,12054.0,,,,,False
data.csv,2022_real_observations,CCU,CCU,BOM,BOM,CCU-BOM,IndiGo,IndiGo,,2022-02-14,07:30,10:20,2h 50m,170,Economy,7959.0,,,,,False
data.csv,2022_real_observations,CCU,CCU,BOM,BOM,CCU-BOM,Go First,Go First,,2022-02-14,12:30,15:20,2h 50m,170,Economy,7958.0,,,,,True
data.csv,2022_real_observations,CCU,CCU,BOM,BOM,CCU-BOM,IndiGo,IndiGo,,2022-02-14,10:10,13:05,2h 55m,175,Economy,7959.0,,,,,False
data.csv,2022_real_observations,CCU,CCU,BOM,BOM,CCU-BOM,Go First,Go First,,2022-02-14,04:55,07:45,2h 50m,170,Economy,7958.0,,,,,True
data.csv,2022_real_observations,CCU,CCU,BOM,BOM,CCU-BOM,Air India,Air India,,2022-02-14,09:40,12:25,2h 45m,165,Economy,8799.0,,,,,False
data.csv,2022_real_observations,CCU,CCU,BOM,BOM,CCU-BOM,IndiGo,IndiGo,,2022-02-14,08:55,12:05,3h 10m,190,Economy,7959.0,,,,,False
data.csv,2022_real_observations,CCU,CCU,BOM,BOM,CCU-BOM,Vistara,Vistara,,2022-02-14,10:25,13:00,2h 35m,155,Economy,9789.0,,,,,False
data.csv,2022_real_observations,BOM,BOM,CCU,CCU,BOM-CCU,IndiGo,IndiGo,,2022-02-14,17:40,20:00,2h 20m,140,Economy,7413.0,,,,,False
data.csv,2022_real_observations,BOM,BOM,CCU,CCU,BOM-CCU,IndiGo,IndiGo,,2022-02-14,23:00,01:30,2h 30m,150,Economy,7413.0,,,,,False
data.csv,2022_real_observations,BOM,BOM,CCU,CCU,BOM-CCU,Go First,Go First,,2022-02-14,15:00,17:30,2h 30m,150,Economy,7412.0,,,,,True
data.csv,2022_real_observations,BOM,BOM,CCU,CCU,BOM-CCU,Go First,Go First,,2022-02-14,21:00,23:35,2h 35m,155,Economy,7412.0,,,,,True
data.csv,2022_real_observations,BOM,BOM,CCU,CCU,BOM-CCU,Vistara,Vistara,,2022-02-14,17:20,19:55,2h 35m,155,Economy,7802.0,,,,,False
data.csv,2022_real_observations,BOM,BOM,CCU,CCU,BOM-CCU,Air India,Air India,,2022-02-14,20:55,23:40,2h 45m,165,Economy,7413.0,,,,,False
data.csv,2022_real_observations,BOM,BOM,CCU,CCU,BOM-CCU,Go First,Go First,,2022-02-15,05:00,07:30,2h 30m,150,Economy,7205.0,,,,,True
data.csv,2022_real_observations,BOM,BOM,CCU,CCU,BOM-CCU,Go First,Go First,,2022-02-15,15:00,17:30,2h 30m,150,Economy,7205.0,,,,,True
data.csv,2022_real_observations,BOM,BOM,CCU,CCU,BOM-CCU,IndiGo,IndiGo,,2022-02-15,06:30,09:05,2h 35m,155,Economy,7413.0,,,,,False
data.csv,2022_real_observations,BOM,BOM,CCU,CCU,BOM-CCU,Air India,Air India,,2022-02-15,06:10,08:50,2h 40m,160,Economy,7413.0,,,,,False
data.csv,2022_real_observations,BOM,BOM,CCU,CCU,BOM-CCU,Vistara,Vistara,,2022-02-15,14:05,16:55,2h 50m,170,Economy,9243.0,,,,,False
data.csv,2022_real_observations,BOM,BOM,CCU,CCU,BOM-CCU,Vistara,Vistara,,2022-02-15,07:00,09:40,2h 40m,160,Economy,9798.0,,,,,False
data.csv,2022_real_observations,CCU,CCU,BOM,BOM,CCU-BOM,Air India,Air India,,2022-02-15,17:15,20:05,2h 50m,170,Economy,7959.0,,,,,False
data.csv,2022_real_observations,CCU,CCU,BOM,BOM,CCU-BOM,Go First,Go First,,2022-02-15,17:30,20:20,2h 50m,170,Economy,7750.0,,,,,True
data.csv,2022_real_observations,CCU,CCU,BOM,BOM,CCU-BOM,Vistara,Vistara,,2022-02-15,17:35,20:20,2h 45m,165,Economy,8348.0,,,,,False
data.csv,2022_real_observations,CCU,CCU,BOM,BOM,CCU-BOM,Vistara,Vistara,,2022-02-15,20:35,23:30,2h 55m,175,Economy,8348.0,,,,,False
data.csv,2022_real_observations,CCU,CCU,BOM,BOM,CCU-BOM,IndiGo,IndiGo,,2022-02-15,19:10,22:10,3h,180,Economy,7959.0,,,,,False
data.csv,2022_real_observations,CCU,CCU,BOM,BOM,CCU-BOM,IndiGo,IndiGo,,2022-02-15,15:40,18:40,3h,180,Economy,8379.0,,,,,False
data.csv,2022_real_observations,CCU,CCU,BOM,BOM,CCU-BOM,Go First,Go First,,2022-02-15,12:30,15:20,2h 50m,170,Economy,7750.0,,,,,True
data.csv,2022_real_observations,CCU,CCU,BOM,BOM,CCU-BOM,Go First,Go First,,2022-02-15,04:55,07:45,2h 50m,170,Economy,7750.0,,,,,True
data.csv,2022_real_observations,CCU,CCU,BOM,BOM,CCU-BOM,IndiGo,IndiGo,,2022-02-15,10:10,13:10,3h,180,Economy,7959.0,,,,,False
data.csv,2022_real_observations,CCU,CCU,BOM,BOM,CCU-BOM,IndiGo,IndiGo,,2022-02-15,05:30,08:40,3h 10m,190,Economy,7959.0,,,,,False
data.csv,2022_real_observations,BOM,BOM,CCU,CCU,BOM-CCU,IndiGo,IndiGo,,2022-02-15,23:00,01:30,2h 30m,150,Economy,7413.0,,,,,False
data.csv,2022_real_observations,BOM,BOM,CCU,CCU,BOM-CCU,Air India,Air India,,2022-02-15,20:55,23:40,2h 45m,165,Economy,7413.0,,,,,False
data.csv,2022_real_observations,BOM,BOM,CCU,CCU,BOM-CCU,Vistara,Vistara,,2022-02-15,17:20,19:55,2h 35m,155,Economy,8689.0,,,,,False
data.csv,2022_real_observations,BOM,BOM,CCU,CCU,BOM-CCU,Go First,Go First,,2022-02-16,05:00,07:30,2h 30m,150,Economy,7344.0,,,,,True
data.csv,2022_real_observations,BOM,BOM,CCU,CCU,BOM-CCU,Go First,Go First,,2022-02-16,15:00,17:30,2h 30m,150,Economy,7344.0,,,,,True
data.csv,2022_real_observations,BOM,BOM,CCU,CCU,BOM-CCU,IndiGo,IndiGo,,2022-02-16,06:30,09:05,2h 35m,155,Economy,7413.0,,,,,False
data.csv,2022_real_observations,BOM,BOM,CCU,CCU,BOM-CCU,IndiGo,IndiGo,,2022-02-16,12:55,15:35,2h 40m,160,Economy,7413.0,,,,,False
data.csv,2022_real_observations,BOM,BOM,CCU,CCU,BOM-CCU,IndiGo,IndiGo,,2022-02-16,07:35,10:15,2h 40m,160,Economy,7833.0,,,,,False
data.csv,2022_real_observations,BOM,BOM,CCU,CCU,BOM-CCU,Vistara,Vistara,,2022-02-16,07:00,09:40,2h 40m,160,Economy,8689.0,,,,,False
data.csv,2022_real_observations,BOM,BOM,CCU,CCU,BOM-CCU,Vistara,Vistara,,2022-02-16,14:05,16:55,2h 50m,170,Economy,9243.0,,,,,False
data.csv,2022_real_observations,BOM,BOM,CCU,CCU,BOM-CCU,Air India,Air India,,2022-02-16,06:10,08:50,2h 40m,160,Economy,9618.0,,,,,False
data.csv,2022_real_observations,CCU,CCU,BOM,BOM,CCU-BOM,Go First,Go First,,2022-02-16,17:30,20:20,2h 50m,170,Economy,7888.0,,,,,True
data.csv,2022_real_observations,CCU,CCU,BOM,BOM,CCU-BOM,Vistara,Vistara,,2022-02-16,17:35,20:20,2h 45m,165,Economy,8459.0,,,,,False
data.csv,2022_real_observations,CCU,CCU,BOM,BOM,CCU-BOM,Vistara,Vistara,,2022-02-16,20:35,23:30,2h 55m,175,Economy,8348.0,,,,,False
data.csv,2022_real_observations,CCU,CCU,BOM,BOM,CCU-BOM,IndiGo,IndiGo,,2022-02-16,17:35,20:25,2h 50m,170,Economy,8379.0,,,,,False
data.csv,2022_real_observations,CCU,CCU,BOM,BOM,CCU-BOM,IndiGo,IndiGo,,2022-02-16,19:10,22:15,3h 05m,185,Economy,7959.0,,,,,False
data.csv,2022_real_observations,CCU,CCU,BOM,BOM,CCU-BOM,IndiGo,IndiGo,,2022-02-16,15:40,18:40,3h,180,Economy,8379.0,,,,,False
data.csv,2022_real_observations,CCU,CCU,BOM,BOM,CCU-BOM,Air India,Air India,,2022-02-16,17:15,20:05,2h 50m,170,Economy,10164.0,,,,,False
data.csv,2022_real_observations,CCU,CCU,BOM,BOM,CCU-BOM,IndiGo,IndiGo,,2022-02-16,07:30,10:20,2h 50m,170,Economy,7959.0,,,,,False
data.csv,2022_real_observations,CCU,CCU,BOM,BOM,CCU-BOM,IndiGo,IndiGo,,2022-02-16,10:10,13:05,2h 55m,175,Economy,7959.0,,,,,False
data.csv,2022_real_observations,CCU,CCU,BOM,BOM,CCU-BOM,Vistara,Vistara,,2022-02-16,10:25,13:00,2h 35m,155,Economy,9235.0,,,,,False
data.csv,2022_real_observations,CCU,CCU,BOM,BOM,CCU-BOM,Air India,Air India,,2022-02-16,09:40,12:25,2h 45m,165,Economy,8799.0,,,,,False
data.csv,2022_real_observations,CCU,CCU,BOM,BOM,CCU-BOM,IndiGo,IndiGo,,2022-02-16,04:00,06:55,2h 55m,175,Economy,7959.0,,,,,False
data.csv,2022_real_observations,BOM,BOM,CCU,CCU,BOM-CCU,IndiGo,IndiGo,,2022-02-16,17:40,20:00,2h 20m,140,Economy,7413.0,,,,,False
data.csv,2022_real_observations,BOM,BOM,CCU,CCU,BOM-CCU,IndiGo,IndiGo,,2022-02-16,21:20,23:45,2h 25m,145,Economy,7413.0,,,,,False
data.csv,2022_real_observations,BOM,BOM,CCU,CCU,BOM-CCU,Go First,Go First,,2022-02-16,15:00,17:30,2h 30m,150,Economy,7344.0,,,,,True
data.csv,2022_real_observations,BOM,BOM,CCU,CCU,BOM-CCU,IndiGo,IndiGo,,2022-02-16,23:00,01:30,2h 30m,150,Economy,7413.0,,,,,False
data.csv,2022_real_observations,BOM,BOM,CCU,CCU,BOM-CCU,Go First,Go First,,2022-02-16,21:00,23:35,2h 35m,155,Economy,7344.0,,,,,True
data.csv,2022_real_observations,BOM,BOM,CCU,CCU,BOM-CCU,Air India,Air India,,2022-02-16,20:55,23:40,2h 45m,165,Economy,7833.0,,,,,False
data.csv,2022_real_observations,BOM,BOM,CCU,CCU,BOM-CCU,Vistara,Vistara,,2022-02-16,17:20,19:55,2h 35m,155,Economy,8689.0,,,,,False
data.csv,2022_real_observations,BOM,BOM,CCU,CCU,BOM-CCU,Go First,Go First,,2022-02-17,05:00,07:30,2h 30m,150,Economy,7412.0,,,,,True
data.csv,2022_real_observations,BOM,BOM,CCU,CCU,BOM-CCU,Go First,Go First,,2022-02-17,15:00,17:30,2h 30m,150,Economy,7412.0,,,,,True
data.csv,2022_real_observations,BOM,BOM,CCU,CCU,BOM-CCU,IndiGo,IndiGo,,2022-02-17,06:30,09:05,2h 35m,155,Economy,7413.0,,,,,False
data.csv,2022_real_observations,BOM,BOM,CCU,CCU,BOM-CCU,IndiGo,IndiGo,,2022-02-17,07:35,10:15,2h 40m,160,Economy,7413.0,,,,,False
data.csv,2022_real_observations,BOM,BOM,CCU,CCU,BOM-CCU,SpiceJet,SpiceJet,,2022-02-17,06:15,08:55,2h 40m,160,Economy,7412.0,,,,,False
data.csv,2022_real_observations,BOM,BOM,CCU,CCU,BOM-CCU,SpiceJet,SpiceJet,,2022-02-17,07:00,09:40,2h 40m,160,Economy,7412.0,,,,,False
data.csv,2022_real_observations,CCU,CCU,BOM,BOM,CCU-BOM,Vistara,Vistara,,2022-02-17,17:35,20:20,2h 45m,165,Economy,8348.0,,,,,False
data.csv,2022_real_observations,CCU,CCU,BOM,BOM,CCU-BOM,Go First,Go First,,2022-02-17,17:30,20:20,2h 50m,170,Economy,7958.0,,,,,True
data.csv,2022_real_observations,CCU,CCU,BOM,BOM,CCU-BOM,SpiceJet,SpiceJet,,2022-02-17,21:55,00:45,2h 50m,170,Economy,7958.0,,,,,False
data.csv,2022_real_observations,CCU,CCU,BOM,BOM,CCU-BOM,Air India,Air India,,2022-02-17,17:15,20:05,2h 50m,170,Economy,8379.0,,,,,False
data.csv,2022_real_observations,CCU,CCU,BOM,BOM,CCU-BOM,Vistara,Vistara,,2022-02-17,20:35,23:30,2h 55m,175,Economy,8348.0,,,,,False
data.csv,2022_real_observations,CCU,CCU,BOM,BOM,CCU-BOM,IndiGo,IndiGo,,2022-02-17,19:10,22:10,3h,180,Economy,7959.0,,,,,False
data.csv,2022_real_observations,CCU,CCU,BOM,BOM,CCU-BOM,IndiGo,IndiGo,,2022-02-17,15:40,18:40,3h,180,Economy,7959.0,,,,,False
data.csv,2022_real_observations,CCU,CCU,BOM,BOM,CCU-BOM,SpiceJet,SpiceJet,,2022-02-17,09:35,12:20,2h 45m,165,Economy,7958.0,,,,,False
data.csv,2022_real_observations,CCU,CCU,BOM,BOM,CCU-BOM,Go First,Go First,,2022-02-17,12:30,15:20,2h 50m,170,Economy,7958.0,,,,,True
data.csv,2022_real_observations,CCU,CCU,BOM,BOM,CCU-BOM,Vistara,Vistara,,2022-02-17,10:25,13:00,2h 35m,155,Economy,9235.0,,,,,False
data.csv,2022_real_observations,CCU,CCU,BOM,BOM,CCU-BOM,Go First,Go First,,2022-02-17,04:55,07:45,2h 50m,170,Economy,7958.0,,,,,True
data.csv,2022_real_observations,CCU,CCU,BOM,BOM,CCU-BOM,IndiGo,IndiGo,,2022-02-17,10:10,13:10,3h,180,Economy,7959.0,,,,,False
data.csv,2022_real_observations,CCU,CCU,BOM,BOM,CCU-BOM,IndiGo,IndiGo,,2022-02-17,05:30,08:40,3h 10m,190,Economy,7959.0,,,,,False
data.csv,2022_real_observations,CCU,CCU,BOM,BOM,CCU-BOM,Air India,Air India,,2022-02-17,09:40,12:25,2h 45m,165,Economy,9324.0,,,,,False
data.csv,2022_real_observations,BOM,BOM,CCU,CCU,BOM-CCU,IndiGo,IndiGo,,2022-02-17,21:40,00:05,2h 25m,145,Economy,7413.0,,,,,False
data.csv,2022_real_observations,BOM,BOM,CCU,CCU,BOM-CCU,IndiGo,IndiGo,,2022-02-17,23:00,01:30,2h 30m,150,Economy,7413.0,,,,,False
data.csv,2022_real_observations,BOM,BOM,CCU,CCU,BOM-CCU,Go First,Go First,,2022-02-17,15:00,17:30,2h 30m,150,Economy,7412.0,,,,,True
data.csv,2022_real_observations,BOM,BOM,CCU,CCU,BOM-CCU,Go First,Go First,,2022-02-17,21:00,23:35,2h 35m,155,Economy,7412.0,,,,,True
data.csv,2022_real_observations,BOM,BOM,CCU,CCU,BOM-CCU,SpiceJet,SpiceJet,,2022-02-17,18:40,21:25,2h 45m,165,Economy,7412.0,,,,,False
data.csv,2022_real_observations,BOM,BOM,CCU,CCU,BOM-CCU,Go First,Go First,,2022-02-18,05:00,07:30,2h 30m,150,Economy,7412.0,,,,,True
data.csv,2022_real_observations,BOM,BOM,CCU,CCU,BOM-CCU,Go First,Go First,,2022-02-18,15:00,17:30,2h 30m,150,Economy,7412.0,,,,,True
data.csv,2022_real_observations,BOM,BOM,CCU,CCU,BOM-CCU,IndiGo,IndiGo,,2022-02-18,06:30,09:05,2h 35m,155,Economy,7413.0,,,,,False
data.csv,2022_real_observations,BOM,BOM,CCU,CCU,BOM-CCU,Air India,Air India,,2022-02-18,06:10,08:50,2h 40m,160,Economy,7413.0,,,,,False
data.csv,2022_real_observations,BOM,BOM,CCU,CCU,BOM-CCU,IndiGo,IndiGo,,2022-02-18,12:55,15:35,2h 40m,160,Economy,7413.0,,,,,False
data.csv,2022_real_observations,BOM,BOM,CCU,CCU,BOM-CCU,IndiGo,IndiGo,,2022-02-18,07:35,10:15,2h 40m,160,Economy,7833.0,,,,,False
data.csv,2022_real_observations,BOM,BOM,CCU,CCU,BOM-CCU,Vistara,Vistara,,2022-02-18,14:05,16:55,2h 50m,170,Economy,8689.0,,,,,False
data.csv,2022_real_observations,BOM,BOM,CCU,CCU,BOM-CCU,Vistara,Vistara,,2022-02-18,07:00,09:40,2h 40m,160,Economy,9243.0,,,,,False
data.csv,2022_real_observations,CCU,CCU,BOM,BOM,CCU-BOM,IndiGo,IndiGo,,2022-02-18,17:35,20:25,2h 50m,170,Economy,7959.0,,,,,False
data.csv,2022_real_observations,CCU,CCU,BOM,BOM,CCU-BOM,Go First,Go First,,2022-02-18,17:30,20:20,2h 50m,170,Economy,7958.0,,,,,True
data.csv,2022_real_observations,CCU,CCU,BOM,BOM,CCU-BOM,Vistara,Vistara,,2022-02-18,20:35,23:30,2h 55m,175,Economy,8348.0,,,,,False
data.csv,2022_real_observations,CCU,CCU,BOM,BOM,CCU-BOM,IndiGo,IndiGo,,2022-02-18,19:10,22:15,3h 05m,185,Economy,7959.0,,,,,False
data.csv,2022_real_observations,CCU,CCU,BOM,BOM,CCU-BOM,Vistara,Vistara,,2022-02-18,17:35,20:20,2h 45m,165,Economy,9235.0,,,,,False
data.csv,2022_real_observations,CCU,CCU,BOM,BOM,CCU-BOM,IndiGo,IndiGo,,2022-02-18,15:40,18:40,3h,180,Economy,8379.0,,,,,False
data.csv,2022_real_observations,CCU,CCU,BOM,BOM,CCU-BOM,Air India,Air India,,2022-02-18,17:15,20:05,2h 50m,170,Economy,9324.0,,,,,False
data.csv,2022_real_observations,CCU,CCU,BOM,BOM,CCU-BOM,IndiGo,IndiGo,,2022-02-18,07:30,10:20,2h 50m,170,Economy,7959.0,,,,,False
data.csv,2022_real_observations,CCU,CCU,BOM,BOM,CCU-BOM,IndiGo,IndiGo,,2022-02-18,10:10,13:05,2h 55m,175,Economy,7959.0,,,,,False
data.csv,2022_real_observations,CCU,CCU,BOM,BOM,CCU-BOM,Vistara,Vistara,,2022-02-18,10:25,13:00,2h 35m,155,Economy,9235.0,,,,,False
data.csv,2022_real_observations,CCU,CCU,BOM,BOM,CCU-BOM,IndiGo,IndiGo,,2022-02-18,08:55,12:05,3h 10m,190,Economy,7959.0,,,,,False
data.csv,2022_real_observations,CCU,CCU,BOM,BOM,CCU-BOM,Air India,Air India,,2022-02-18,09:40,12:25,2h 45m,165,Economy,10164.0,,,,,False
data.csv,2022_real_observations,BOM,BOM,CCU,CCU,BOM-CCU,IndiGo,IndiGo,,2022-02-18,17:40,20:00,2h 20m,140,Economy,7413.0,,,,,False
data.csv,2022_real_observations,BOM,BOM,CCU,CCU,BOM-CCU,IndiGo,IndiGo,,2022-02-18,21:20,23:45,2h 25m,145,Economy,7413.0,,,,,False
data.csv,2022_real_observations,BOM,BOM,CCU,CCU,BOM-CCU,IndiGo,IndiGo,,2022-02-18,23:00,01:30,2h 30m,150,Economy,7413.0,,,,,False
data.csv,2022_real_observations,BOM,BOM,CCU,CCU,BOM-CCU,Go First,Go First,,2022-02-18,15:00,17:30,2h 30m,150,Economy,7412.0,,,,,True
data.csv,2022_real_observations,BOM,BOM,CCU,CCU,BOM-CCU,Go First,Go First,,2022-02-18,21:00,23:35,2h 35m,155,Economy,7412.0,,,,,True
data.csv,2022_real_observations,BOM,BOM,CCU,CCU,BOM-CCU,Vistara,Vistara,,2022-02-18,17:20,19:55,2h 35m,155,Economy,8689.0,,,,,False
data.csv,2022_real_observations,BOM,BOM,CCU,CCU,BOM-CCU,Air India,Air India,,2022-02-18,20:55,23:40,2h 45m,165,Economy,8253.0,,,,,False
data.csv,2022_real_observations,BOM,BOM,CCU,CCU,BOM-CCU,Go First,Go First,,2022-02-19,05:00,07:30,2h 30m,150,Economy,7344.0,,,,,True
data.csv,2022_real_observations,BOM,BOM,CCU,CCU,BOM-CCU,Go First,Go First,,2022-02-19,15:00,17:30,2h 30m,150,Economy,7344.0,,,,,True
data.csv,2022_real_observations,BOM,BOM,CCU,CCU,BOM-CCU,IndiGo,IndiGo,,2022-02-19,06:30,09:05,2h 35m,155,Economy,7413.0,,,,,False
data.csv,2022_real_observations,BOM,BOM,CCU,CCU,BOM-CCU,IndiGo,IndiGo,,2022-02-19,07:35,10:15,2h 40m,160,Economy,7413.0,,,,,False
data.csv,2022_real_observations,BOM,BOM,CCU,CCU,BOM-CCU,SpiceJet,SpiceJet,,2022-02-19,06:15,08:55,2h 40m,160,Economy,7412.0,,,,,False
data.csv,2022_real_observations,BOM,BOM,CCU,CCU,BOM-CCU,SpiceJet,SpiceJet,,2022-02-19,07:55,10:45,2h 50m,170,Economy,7412.0,,,,,False
data.csv,2022_real_observations,BOM,BOM,CCU,CCU,BOM-CCU,Air India,Air India,,2022-02-19,06:10,08:50,2h 40m,160,Economy,8778.0,,,,,False
data.csv,2022_real_observations,BOM,BOM,CCU,CCU,BOM-CCU,Vistara,Vistara,,2022-02-19,07:00,09:40,2h 40m,160,Economy,9243.0,,,,,False
data.csv,2022_real_observations,BOM,BOM,CCU,CCU,BOM-CCU,Vistara,Vistara,,2022-02-19,14:05,16:55,2h 50m,170,Economy,9798.0,,,,,False
data.csv,2022_real_observations,CCU,CCU,BOM,BOM,CCU-BOM,SpiceJet,SpiceJet,,2022-02-19,21:55,00:45,2h 50m,170,Economy,7958.0,,,,,False
data.csv,2022_real_observations,CCU,CCU,BOM,BOM,CCU-BOM,Go First,Go First,,2022-02-19,17:30,20:20,2h 50m,170,Economy,8563.0,,,,,True
data.csv,2022_real_observations,CCU,CCU,BOM,BOM,CCU-BOM,IndiGo,IndiGo,,2022-02-19,19:10,22:15,3h 05m,185,Economy,7959.0,,,,,False
data.csv,2022_real_observations,CCU,CCU,BOM,BOM,CCU-BOM,Vistara,Vistara,,2022-02-19,20:35,23:30,2h 55m,175,Economy,9235.0,,,,,False
data.csv,2022_real_observations,CCU,CCU,BOM,BOM,CCU-BOM,Vistara,Vistara,,2022-02-19,17:35,20:20,2h 45m,165,Economy,9789.0,,,,,False
data.csv,2022_real_observations,CCU,CCU,BOM,BOM,CCU-BOM,IndiGo,IndiGo,,2022-02-19,15:40,18:40,3h,180,Economy,9219.0,,,,,False
data.csv,2022_real_observations,CCU,CCU,BOM,BOM,CCU-BOM,Air India,Air India,,2022-02-19,17:15,20:05,2h 50m,170,Economy,10164.0,,,,,False
data.csv,2022_real_observations,CCU,CCU,BOM,BOM,CCU-BOM,SpiceJet,SpiceJet,,2022-02-19,09:35,12:20,2h 45m,165,Economy,7958.0,,,,,False
data.csv,2022_real_observations,CCU,CCU,BOM,BOM,CCU-BOM,Go First,Go First,,2022-02-19,12:30,15:20,2h 50m,170,Economy,7888.0,,,,,True
data.csv,2022_real_observations,CCU,CCU,BOM,BOM,CCU-BOM,Go First,Go First,,2022-02-19,04:55,07:45,2h 50m,170,Economy,7888.0,,,,,True
data.csv,2022_real_observations,CCU,CCU,BOM,BOM,CCU-BOM,IndiGo,IndiGo,,2022-02-19,04:00,06:50,2h 50m,170,Economy,7959.0,,,,,False
data.csv,2022_real_observations,CCU,CCU,BOM,BOM,CCU-BOM,IndiGo,IndiGo,,2022-02-19,10:10,13:10,3h,180,Economy,7959.0,,,,,False
data.csv,2022_real_observations,CCU,CCU,BOM,BOM,CCU-BOM,IndiGo,IndiGo,,2022-02-19,05:30,08:40,3h 10m,190,Economy,7959.0,,,,,False
data.csv,2022_real_observations,CCU,CCU,BOM,BOM,CCU-BOM,Vistara,Vistara,,2022-02-19,10:25,13:00,2h 35m,155,Economy,9789.0,,,,,False
data.csv,2022_real_observations,CCU,CCU,BOM,BOM,CCU-BOM,Air India,Air India,,2022-02-19,09:40,12:25,2h 45m,165,Economy,11004.0,,,,,False
data.csv,2022_real_observations,BOM,BOM,CCU,CCU,BOM-CCU,Go First,Go First,,2022-02-19,15:00,17:30,2h 30m,150,Economy,7344.0,,,,,True
data.csv,2022_real_observations,BOM,BOM,CCU,CCU,BOM-CCU,IndiGo,IndiGo,,2022-02-19,23:00,01:30,2h 30m,150,Economy,7413.0,,,,,False
data.csv,2022_real_observations,BOM,BOM,CCU,CCU,BOM-CCU,Go First,Go First,,2022-02-19,21:00,23:35,2h 35m,155,Economy,7344.0,,,,,True
data.csv,2022_real_observations,BOM,BOM,CCU,CCU,BOM-CCU,SpiceJet,SpiceJet,,2022-02-19,18:40,21:25,2h 45m,165,Economy,7412.0,,,,,False
data.csv,2022_real_observations,BOM,BOM,CCU,CCU,BOM-CCU,Air India,Air India,,2022-02-19,20:55,23:40,2h 45m,165,Economy,8253.0,,,,,False
data.csv,2022_real_observations,BOM,BOM,CCU,CCU,BOM-CCU,Vistara,Vistara,,2022-02-19,17:20,19:55,2h 35m,155,Economy,9243.0,,,,,False
data.csv,2022_real_observations,BOM,BOM,CCU,CCU,BOM-CCU,Go First,Go First,,2022-02-20,05:00,07:30,2h 30m,150,Economy,7275.0,,,,,True
data.csv,2022_real_observations,BOM,BOM,CCU,CCU,BOM-CCU,Go First,Go First,,2022-02-20,15:00,17:30,2h 30m,150,Economy,7275.0,,,,,True
data.csv,2022_real_observations,BOM,BOM,CCU,CCU,BOM-CCU,IndiGo,IndiGo,,2022-02-20,06:30,09:05,2h 35m,155,Economy,7413.0,,,,,False
data.csv,2022_real_observations,BOM,BOM,CCU,CCU,BOM-CCU,IndiGo,IndiGo,,2022-02-20,07:35,10:15,2h 40m,160,Economy,7413.0,,,,,False
data.csv,2022_real_observations,BOM,BOM,CCU,CCU,BOM-CCU,Air India,Air India,,2022-02-20,06:10,08:50,2h 40m,160,Economy,8253.0,,,,,False
data.csv,2022_real_observations,BOM,BOM,CCU,CCU,BOM-CCU,Vistara,Vistara,,2022-02-20,07:00,09:40,2h 40m,160,Economy,8689.0,,,,,False
data.csv,2022_real_observations,BOM,BOM,CCU,CCU,BOM-CCU,Vistara,Vistara,,2022-02-20,14:05,16:55,2h 50m,170,Economy,9243.0,,,,,False
data.csv,2022_real_observations,CCU,CCU,BOM,BOM,CCU-BOM,Go First,Go First,,2022-02-20,17:30,20:20,2h 50m,170,Economy,8489.0,,,,,True
data.csv,2022_real_observations,CCU,CCU,BOM,BOM,CCU-BOM,Vistara,Vistara,,2022-02-20,17:35,20:20,2h 45m,165,Economy,9789.0,,,,,False
data.csv,2022_real_observations,CCU,CCU,BOM,BOM,CCU-BOM,IndiGo,IndiGo,,2022-02-20,19:10,22:10,3h,180,Economy,9219.0,,,,,False
data.csv,2022_real_observations,CCU,CCU,BOM,BOM,CCU-BOM,IndiGo,IndiGo,,2022-02-20,15:40,18:40,3h,180,Economy,9639.0,,,,,False
data.csv,2022_real_observations,CCU,CCU,BOM,BOM,CCU-BOM,Air India,Air India,,2022-02-20,17:15,20:05,2h 50m,170,Economy,13104.0,,,,,False
data.csv,2022_real_observations,CCU,CCU,BOM,BOM,CCU-BOM,IndiGo,IndiGo,,2022-02-20,10:10,13:10,3h,180,Economy,8379.0,,,,,False
data.csv,2022_real_observations,CCU,CCU,BOM,BOM,CCU-BOM,IndiGo,IndiGo,,2022-02-20,05:30,08:40,3h 10m,190,Economy,7959.0,,,,,False
data.csv,2022_real_observations,CCU,CCU,BOM,BOM,CCU-BOM,Vistara,Vistara,,2022-02-20,10:25,13:00,2h 35m,155,Economy,9789.0,,,,,False
data.csv,2022_real_observations,CCU,CCU,BOM,BOM,CCU-BOM,Air India,Air India,,2022-02-20,09:40,12:25,2h 45m,165,Economy,12054.0,,,,,False
data.csv,2022_real_observations,BOM,BOM,CCU,CCU,BOM-CCU,IndiGo,IndiGo,,2022-02-20,21:40,00:05,2h 25m,145,Economy,7413.0,,,,,False
data.csv,2022_real_observations,BOM,BOM,CCU,CCU,BOM-CCU,Go First,Go First,,2022-02-20,15:00,17:30,2h 30m,150,Economy,7275.0,,,,,True
data.csv,2022_real_observations,BOM,BOM,CCU,CCU,BOM-CCU,IndiGo,IndiGo,,2022-02-20,23:00,01:30,2h 30m,150,Economy,7413.0,,,,,False
data.csv,2022_real_observations,BOM,BOM,CCU,CCU,BOM-CCU,Go First,Go First,,2022-02-20,21:00,23:35,2h 35m,155,Economy,7275.0,,,,,True
data.csv,2022_real_observations,BOM,BOM,CCU,CCU,BOM-CCU,Air India,Air India,,2022-02-20,20:55,23:40,2h 45m,165,Economy,9618.0,,,,,False
data.csv,2022_real_observations,BOM,BOM,CCU,CCU,BOM-CCU,Go First,Go First,,2022-02-21,05:00,07:30,2h 30m,150,Economy,3436.0,,,,,True
data.csv,2022_real_observations,BOM,BOM,CCU,CCU,BOM-CCU,Go First,Go First,,2022-02-21,15:00,17:30,2h 30m,150,Economy,3934.0,,,,,True
data.csv,2022_real_observations,BOM,BOM,CCU,CCU,BOM-CCU,SpiceJet,SpiceJet,,2022-02-21,06:15,08:55,2h 40m,160,Economy,4500.0,,,,,False
data.csv,2022_real_observations,BOM,BOM,CCU,CCU,BOM-CCU,IndiGo,IndiGo,,2022-02-21,06:30,09:05,2h 35m,155,Economy,4893.0,,,,,False
data.csv,2022_real_observations,BOM,BOM,CCU,CCU,BOM-CCU,IndiGo,IndiGo,,2022-02-21,07:35,10:15,2h 40m,160,Economy,4893.0,,,,,False
data.csv,2022_real_observations,BOM,BOM,CCU,CCU,BOM-CCU,IndiGo,IndiGo,,2022-02-21,12:55,15:35,2h 40m,160,Economy,5418.0,,,,,False
data.csv,2022_real_observations,CCU,CCU,BOM,BOM,CCU-BOM,Go First,Go First,,2022-02-21,17:30,20:20,2h 50m,170,Economy,3380.0,,,,,True
data.csv,2022_real_observations,CCU,CCU,BOM,BOM,CCU-BOM,SpiceJet,SpiceJet,,2022-02-21,21:55,00:45,2h 50m,170,Economy,3380.0,,,,,False
data.csv,2022_real_observations,CCU,CCU,BOM,BOM,CCU-BOM,IndiGo,IndiGo,,2022-02-21,19:10,22:15,3h 05m,185,Economy,3381.0,,,,,False
data.csv,2022_real_observations,CCU,CCU,BOM,BOM,CCU-BOM,Vistara,Vistara,,2022-02-21,17:35,20:20,2h 45m,165,Economy,4122.0,,,,,False
data.csv,2022_real_observations,CCU,CCU,BOM,BOM,CCU-BOM,Air India,Air India,,2022-02-21,17:15,20:05,2h 50m,170,Economy,4253.0,,,,,False
data.csv,2022_real_observations,CCU,CCU,BOM,BOM,CCU-BOM,Vistara,Vistara,,2022-02-21,20:35,23:30,2h 55m,175,Economy,4693.0,,,,,False
data.csv,2022_real_observations,CCU,CCU,BOM,BOM,CCU-BOM,IndiGo,IndiGo,,2022-02-21,15:40,18:40,3h,180,Economy,6174.0,,,,,False
data.csv,2022_real_observations,CCU,CCU,BOM,BOM,CCU-BOM,IndiGo,IndiGo,,2022-02-21,17:35,20:25,2h 50m,170,Economy,6804.0,,,,,False
data.csv,2022_real_observations,CCU,CCU,BOM,BOM,CCU-BOM,Go First,Go First,,2022-02-21,04:55,07:45,2h 50m,170,Economy,3380.0,,,,,True
data.csv,2022_real_observations,CCU,CCU,BOM,BOM,CCU-BOM,Air India,Air India,,2022-02-21,09:40,12:25,2h 45m,165,Economy,4253.0,,,,,False
data.csv,2022_real_observations,CCU,CCU,BOM,BOM,CCU-BOM,Go First,Go First,,2022-02-21,12:30,15:20,2h 50m,170,Economy,3930.0,,,,,True
data.csv,2022_real_observations,CCU,CCU,BOM,BOM,CCU-BOM,Vistara,Vistara,,2022-02-21,10:25,13:00,2h 35m,155,Economy,4693.0,,,,,False
data.csv,2022_real_observations,CCU,CCU,BOM,BOM,CCU-BOM,SpiceJet,SpiceJet,,2022-02-21,09:35,12:20,2h 45m,165,Economy,5017.0,,,,,False
data.csv,2022_real_observations,CCU,CCU,BOM,BOM,CCU-BOM,IndiGo,IndiGo,,2022-02-21,07:30,10:20,2h 50m,170,Economy,5334.0,,,,,False
data.csv,2022_real_observations,CCU,CCU,BOM,BOM,CCU-BOM,IndiGo,IndiGo,,2022-02-21,10:10,13:05,2h 55m,175,Economy,5334.0,,,,,False
data.csv,2022_real_observations,CCU,CCU,BOM,BOM,CCU-BOM,IndiGo,IndiGo,,2022-02-21,08:55,12:05,3h 10m,190,Economy,5334.0,,,,,False
data.csv,2022_real_observations,BOM,BOM,CCU,CCU,BOM-CCU,IndiGo,IndiGo,,2022-02-21,23:00,01:30,2h 30m,150,Economy,2835.0,,,,,False
data.csv,2022_real_observations,BOM,BOM,CCU,CCU,BOM-CCU,Go First,Go First,,2022-02-21,21:00,23:35,2h 35m,155,Economy,2834.0,,,,,True
data.csv,2022_real_observations,BOM,BOM,CCU,CCU,BOM-CCU,Air India,Air India,,2022-02-21,20:55,23:40,2h 45m,165,Economy,3707.0,,,,,False
data.csv,2022_real_observations,BOM,BOM,CCU,CCU,BOM-CCU,Go First,Go First,,2022-02-21,15:00,17:30,2h 30m,150,Economy,3934.0,,,,,True
data.csv,2022_real_observations,BOM,BOM,CCU,CCU,BOM-CCU,Vistara,Vistara,,2022-02-21,17:20,19:55,2h 35m,155,Economy,4724.0,,,,,False
data.csv,2022_real_observations,BOM,BOM,CCU,CCU,BOM-CCU,IndiGo,IndiGo,,2022-02-21,17:40,20:00,2h 20m,140,Economy,4893.0,,,,,False
data.csv,2022_real_observations,BOM,BOM,CCU,CCU,BOM-CCU,SpiceJet,SpiceJet,,2022-02-21,18:40,21:25,2h 45m,165,Economy,4500.0,,,,,False
data.csv,2022_real_observations,BOM,BOM,CCU,CCU,BOM-CCU,IndiGo,IndiGo,,2022-02-21,21:20,23:45,2h 25m,145,Economy,5943.0,,,,,False
data.csv,2022_real_observations,BOM,BOM,CCU,CCU,BOM-CCU,Air India,Air India,,2022-02-22,06:10,08:50,2h 40m,160,Economy,2835.0,,,,,False
data.csv,2022_real_observations,BOM,BOM,CCU,CCU,BOM-CCU,Go First,Go First,,2022-02-22,05:00,07:30,2h 30m,150,Economy,2832.0,,,,,True
data.csv,2022_real_observations,BOM,BOM,CCU,CCU,BOM-CCU,Vistara,Vistara,,2022-02-22,07:00,09:40,2h 40m,160,Economy,2966.0,,,,,False
data.csv,2022_real_observations,BOM,BOM,CCU,CCU,BOM-CCU,IndiGo,IndiGo,,2022-02-22,06:30,09:05,2h 35m,155,Economy,2835.0,,,,,False
data.csv,2022_real_observations,BOM,BOM,CCU,CCU,BOM-CCU,IndiGo,IndiGo,,2022-02-22,07:35,10:15,2h 40m,160,Economy,2835.0,,,,,False
data.csv,2022_real_observations,BOM,BOM,CCU,CCU,BOM-CCU,Vistara,Vistara,,2022-02-22,14:05,16:55,2h 50m,170,Economy,2966.0,,,,,False
data.csv,2022_real_observations,BOM,BOM,CCU,CCU,BOM-CCU,Go First,Go First,,2022-02-22,15:00,17:30,2h 30m,150,Economy,3832.0,,,,,True
data.csv,2022_real_observations,CCU,CCU,BOM,BOM,CCU-BOM,Vistara,Vistara,,2022-02-22,20:35,23:30,2h 55m,175,Economy,3512.0,,,,,False
data.csv,2022_real_observations,CCU,CCU,BOM,BOM,CCU-BOM,Go First,Go First,,2022-02-22,17:30,20:20,2h 50m,170,Economy,3376.0,,,,,True
data.csv,2022_real_observations,CCU,CCU,BOM,BOM,CCU-BOM,SpiceJet,SpiceJet,,2022-02-22,21:55,00:45,2h 50m,170,Economy,3380.0,,,,,False
data.csv,2022_real_observations,CCU,CCU,BOM,BOM,CCU-BOM,Air India,Air India,,2022-02-22,17:15,20:05,2h 50m,170,Economy,3723.0,,,,,False
data.csv,2022_real_observations,CCU,CCU,BOM,BOM,CCU-BOM,IndiGo,IndiGo,,2022-02-22,19:10,22:10,3h,180,Economy,3381.0,,,,,False
data.csv,2022_real_observations,CCU,CCU,BOM,BOM,CCU-BOM,Vistara,Vistara,,2022-02-22,17:35,20:20,2h 45m,165,Economy,4122.0,,,,,False
data.csv,2022_real_observations,CCU,CCU,BOM,BOM,CCU-BOM,IndiGo,IndiGo,,2022-02-22,15:40,18:40,3h,180,Economy,6174.0,,,,,False
data.csv,2022_real_observations,CCU,CCU,BOM,BOM,CCU-BOM,Vistara,Vistara,,2022-02-22,10:25,13:00,2h 35m,155,Economy,3512.0,,,,,False
data.csv,2022_real_observations,CCU,CCU,BOM,BOM,CCU-BOM,Air India,Air India,,2022-02-22,09:40,12:25,2h 45m,165,Economy,3381.0,,,,,False
data.csv,2022_real_observations,CCU,CCU,BOM,BOM,CCU-BOM,IndiGo,IndiGo,,2022-02-22,04:00,06:50,2h 50m,170,Economy,3381.0,,,,,False
data.csv,2022_real_observations,CCU,CCU,BOM,BOM,CCU-BOM,Go First,Go First,,2022-02-22,04:55,07:45,2h 50m,170,Economy,3376.0,,,,,True
data.csv,2022_real_observations,CCU,CCU,BOM,BOM,CCU-BOM,IndiGo,IndiGo,,2022-02-22,10:10,13:10,3h,180,Economy,3381.0,,,,,False
data.csv,2022_real_observations,CCU,CCU,BOM,BOM,CCU-BOM,IndiGo,IndiGo,,2022-02-22,05:30,08:40,3h 10m,190,Economy,3381.0,,,,,False
data.csv,2022_real_observations,CCU,CCU,BOM,BOM,CCU-BOM,Go First,Go First,,2022-02-22,12:30,15:20,2h 50m,170,Economy,3926.0,,,,,True
data.csv,2022_real_observations,CCU,CCU,BOM,BOM,CCU-BOM,SpiceJet,SpiceJet,,2022-02-22,09:35,12:20,2h 45m,165,Economy,4703.0,,,,,False
data.csv,2022_real_observations,BOM,BOM,CCU,CCU,BOM-CCU,Vistara,Vistara,,2022-02-22,17:20,19:55,2h 35m,155,Economy,2966.0,,,,,False
data.csv,2022_real_observations,BOM,BOM,CCU,CCU,BOM-CCU,IndiGo,IndiGo,,2022-02-22,23:00,01:30,2h 30m,150,Economy,2835.0,,,,,False
data.csv,2022_real_observations,BOM,BOM,CCU,CCU,BOM-CCU,Go First,Go First,,2022-02-22,21:00,23:35,2h 35m,155,Economy,2832.0,,,,,True
data.csv,2022_real_observations,BOM,BOM,CCU,CCU,BOM-CCU,Air India,Air India,,2022-02-22,20:55,23:40,2h 45m,165,Economy,3707.0,,,,,False
data.csv,2022_real_observations,BOM,BOM,CCU,CCU,BOM-CCU,Go First,Go First,,2022-02-22,15:00,17:30,2h 30m,150,Economy,3832.0,,,,,True
data.csv,2022_real_observations,BOM,BOM,CCU,CCU,BOM-CCU,SpiceJet,SpiceJet,,2022-02-22,18:40,21:25,2h 45m,165,Economy,4500.0,,,,,False
data.csv,2022_real_observations,BOM,BOM,CCU,CCU,BOM-CCU,Vistara,Vistara,,2022-02-23,07:00,09:40,2h 40m,160,Economy,2966.0,,,,,False
data.csv,2022_real_observations,BOM,BOM,CCU,CCU,BOM-CCU,IndiGo,IndiGo,,2022-02-23,06:30,09:05,2h 35m,155,Economy,2835.0,,,,,False
data.csv,2022_real_observations,BOM,BOM,CCU,CCU,BOM-CCU,Vistara,Vistara,,2022-02-23,14:05,16:55,2h 50m,170,Economy,2966.0,,,,,False
data.csv,2022_real_observations,BOM,BOM,CCU,CCU,BOM-CCU,IndiGo,IndiGo,,2022-02-23,07:35,10:15,2h 40m,160,Economy,3864.0,,,,,False
data.csv,2022_real_observations,BOM,BOM,CCU,CCU,BOM-CCU,IndiGo,IndiGo,,2022-02-23,12:55,15:35,2h 40m,160,Economy,3864.0,,,,,False
data.csv,2022_real_observations,BOM,BOM,CCU,CCU,BOM-CCU,Air India,Air India,,2022-02-23,06:10,08:50,2h 40m,160,Economy,4213.0,,,,,False
data.csv,2022_real_observations,CCU,CCU,BOM,BOM,CCU-BOM,Vistara,Vistara,,2022-02-23,20:35,23:30,2h 55m,175,Economy,3512.0,,,,,False
data.csv,2022_real_observations,CCU,CCU,BOM,BOM,CCU-BOM,Vistara,Vistara,,2022-02-23,17:35,20:20,2h 45m,165,Economy,3734.0,,,,,False
data.csv,2022_real_observations,CCU,CCU,BOM,BOM,CCU-BOM,IndiGo,IndiGo,,2022-02-23,19:10,22:15,3h 05m,185,Economy,3381.0,,,,,False
data.csv,2022_real_observations,CCU,CCU,BOM,BOM,CCU-BOM,Air India,Air India,,2022-02-23,17:15,20:05,2h 50m,170,Economy,4253.0,,,,,False
data.csv,2022_real_observations,CCU,CCU,BOM,BOM,CCU-BOM,IndiGo,IndiGo,,2022-02-23,17:35,20:25,2h 50m,170,Economy,5334.0,,,,,False
data.csv,2022_real_observations,CCU,CCU,BOM,BOM,CCU-BOM,IndiGo,IndiGo,,2022-02-23,15:40,18:40,3h,180,Economy,6174.0,,,,,False
data.csv,2022_real_observations,CCU,CCU,BOM,BOM,CCU-BOM,Vistara,Vistara,,2022-02-23,10:25,13:00,2h 35m,155,Economy,3512.0,,,,,False
data.csv,2022_real_observations,CCU,CCU,BOM,BOM,CCU-BOM,IndiGo,IndiGo,,2022-02-23,07:30,10:20,2h 50m,170,Economy,3381.0,,,,,False
data.csv,2022_real_observations,CCU,CCU,BOM,BOM,CCU-BOM,Air India,Air India,,2022-02-23,09:40,12:25,2h 45m,165,Economy,3723.0,,,,,False
data.csv,2022_real_observations,CCU,CCU,BOM,BOM,CCU-BOM,IndiGo,IndiGo,,2022-02-23,10:10,13:05,2h 55m,175,Economy,3381.0,,,,,False
data.csv,2022_real_observations,CCU,CCU,BOM,BOM,CCU-BOM,IndiGo,IndiGo,,2022-02-23,04:00,06:55,2h 55m,175,Economy,3381.0,,,,,False
data.csv,2022_real_observations,BOM,BOM,CCU,CCU,BOM-CCU,IndiGo,IndiGo,,2022-02-23,17:40,20:00,2h 20m,140,Economy,2835.0,,,,,False
data.csv,2022_real_observations,BOM,BOM,CCU,CCU,BOM-CCU,IndiGo,IndiGo,,2022-02-23,21:20,23:45,2h 25m,145,Economy,2835.0,,,,,False
data.csv,2022_real_observations,BOM,BOM,CCU,CCU,BOM-CCU,Vistara,Vistara,,2022-02-23,17:20,19:55,2h 35m,155,Economy,2966.0,,,,,False
data.csv,2022_real_observations,BOM,BOM,CCU,CCU,BOM-CCU,IndiGo,IndiGo,,2022-02-23,23:00,01:30,2h 30m,150,Economy,2835.0,,,,,False
data.csv,2022_real_observations,BOM,BOM,CCU,CCU,BOM-CCU,Go First,Go First,,2022-02-23,21:00,23:35,2h 35m,155,Economy,2832.0,,,,,True
data.csv,2022_real_observations,BOM,BOM,CCU,CCU,BOM-CCU,Air India,Air India,,2022-02-23,20:55,23:40,2h 45m,165,Economy,3177.0,,,,,False
data.csv,2022_real_observations,BOM,BOM,CCU,CCU,BOM-CCU,Go First,Go First,,2022-02-23,15:00,17:30,2h 30m,150,Economy,3867.0,,,,,True
data.csv,2022_real_observations,BOM,BOM,CCU,CCU,BOM-CCU,Air India,Air India,,2022-02-24,06:10,08:50,2h 40m,160,Economy,2835.0,,,,,False
data.csv,2022_real_observations,BOM,BOM,CCU,CCU,BOM-CCU,Vistara,Vistara,,2022-02-24,07:00,09:40,2h 40m,160,Economy,2966.0,,,,,False
data.csv,2022_real_observations,BOM,BOM,CCU,CCU,BOM-CCU,IndiGo,IndiGo,,2022-02-24,06:30,09:05,2h 35m,155,Economy,2835.0,,,,,False
data.csv,2022_real_observations,BOM,BOM,CCU,CCU,BOM-CCU,IndiGo,IndiGo,,2022-02-24,07:35,10:15,2h 40m,160,Economy,2835.0,,,,,False
data.csv,2022_real_observations,BOM,BOM,CCU,CCU,BOM-CCU,Vistara,Vistara,,2022-02-24,14:05,16:55,2h 50m,170,Economy,2966.0,,,,,False
data.csv,2022_real_observations,CCU,CCU,BOM,BOM,CCU-BOM,Air India,Air India,,2022-02-24,17:15,20:05,2h 50m,170,Economy,3381.0,,,,,False
data.csv,2022_real_observations,CCU,CCU,BOM,BOM,CCU-BOM,Vistara,Vistara,,2022-02-24,17:35,20:20,2h 45m,165,Economy,3512.0,,,,,False
data.csv,2022_real_observations,CCU,CCU,BOM,BOM,CCU-BOM,Vistara,Vistara,,2022-02-24,20:35,23:30,2h 55m,175,Economy,3512.0,,,,,False
data.csv,2022_real_observations,CCU,CCU,BOM,BOM,CCU-BOM,Go First,Go First,,2022-02-24,17:30,20:20,2h 50m,170,Economy,3376.0,,,,,True
data.csv,2022_real_observations,CCU,CCU,BOM,BOM,CCU-BOM,IndiGo,IndiGo,,2022-02-24,19:10,22:10,3h,180,Economy,5754.0,,,,,False
data.csv,2022_real_observations,CCU,CCU,BOM,BOM,CCU-BOM,IndiGo,IndiGo,,2022-02-24,15:40,18:40,3h,180,Economy,5754.0,,,,,False
data.csv,2022_real_observations,CCU,CCU,BOM,BOM,CCU-BOM,Air India,Air India,,2022-02-24,09:40,12:25,2h 45m,165,Economy,3381.0,,,,,False
data.csv,2022_real_observations,CCU,CCU,BOM,BOM,CCU-BOM,Vistara,Vistara,,2022-02-24,10:25,13:00,2h 35m,155,Economy,3734.0,,,,,False
data.csv,2022_real_observations,CCU,CCU,BOM,BOM,CCU-BOM,Go First,Go First,,2022-02-24,04:55,07:45,2h 50m,170,Economy,3376.0,,,,,True
data.csv,2022_real_observations,CCU,CCU,BOM,BOM,CCU-BOM,IndiGo,IndiGo,,2022-02-24,10:10,13:10,3h,180,Economy,3381.0,,,,,False
data.csv,2022_real_observations,CCU,CCU,BOM,BOM,CCU-BOM,IndiGo,IndiGo,,2022-02-24,05:30,08:40,3h 10m,190,Economy,3381.0,,,,,False
data.csv,2022_real_observations,CCU,CCU,BOM,BOM,CCU-BOM,Go First,Go First,,2022-02-24,12:30,15:20,2h 50m,170,Economy,3926.0,,,,,True
data.csv,2022_real_observations,BOM,BOM,CCU,CCU,BOM-CCU,IndiGo,IndiGo,,2022-02-24,21:40,00:05,2h 25m,145,Economy,2835.0,,,,,False
data.csv,2022_real_observations,BOM,BOM,CCU,CCU,BOM-CCU,Vistara,Vistara,,2022-02-24,17:20,19:55,2h 35m,155,Economy,2966.0,,,,,False
data.csv,2022_real_observations,BOM,BOM,CCU,CCU,BOM-CCU,IndiGo,IndiGo,,2022-02-24,23:00,01:30,2h 30m,150,Economy,2835.0,,,,,False
data.csv,2022_real_observations,BOM,BOM,CCU,CCU,BOM-CCU,Go First,Go First,,2022-02-24,21:00,23:35,2h 35m,155,Economy,2832.0,,,,,True
data.csv,2022_real_observations,BOM,BOM,CCU,CCU,BOM-CCU,Air India,Air India,,2022-02-24,20:55,23:40,2h 45m,165,Economy,3177.0,,,,,False
data.csv,2022_real_observations,BOM,BOM,CCU,CCU,BOM-CCU,Go First,Go First,,2022-02-24,15:00,17:30,2h 30m,150,Economy,3832.0,,,,,True
data.csv,2022_real_observations,BOM,BOM,CCU,CCU,BOM-CCU,Vistara,Vistara,,2022-02-25,14:05,16:55,2h 50m,170,Economy,3188.0,,,,,False
data.csv,2022_real_observations,BOM,BOM,CCU,CCU,BOM-CCU,Air India,Air India,,2022-02-25,06:10,08:50,2h 40m,160,Economy,4213.0,,,,,False
data.csv,2022_real_observations,BOM,BOM,CCU,CCU,BOM-CCU,Vistara,Vistara,,2022-02-25,07:00,09:40,2h 40m,160,Economy,4724.0,,,,,False
data.csv,2022_real_observations,CCU,CCU,BOM,BOM,CCU-BOM,Vistara,Vistara,,2022-02-25,20:35,23:30,2h 55m,175,Economy,3512.0,,,,,False
data.csv,2022_real_observations,CCU,CCU,BOM,BOM,CCU-BOM,Vistara,Vistara,,2022-02-25,17:35,20:20,2h 45m,165,Economy,3734.0,,,,,False
data.csv,2022_real_observations,CCU,CCU,BOM,BOM,CCU-BOM,Air India,Air India,,2022-02-25,17:15,20:05,2h 50m,170,Economy,3723.0,,,,,False
data.csv,2022_real_observations,CCU,CCU,BOM,BOM,CCU-BOM,IndiGo,IndiGo,,2022-02-25,19:10,22:15,3h 05m,185,Economy,3381.0,,,,,False
data.csv,2022_real_observations,CCU,CCU,BOM,BOM,CCU-BOM,IndiGo,IndiGo,,2022-02-25,17:35,20:25,2h 50m,170,Economy,5334.0,,,,,False
data.csv,2022_real_observations,CCU,CCU,BOM,BOM,CCU-BOM,IndiGo,IndiGo,,2022-02-25,15:40,18:40,3h,180,Economy,5334.0,,,,,False
data.csv,2022_real_observations,CCU,CCU,BOM,BOM,CCU-BOM,Vistara,Vistara,,2022-02-25,10:25,13:00,2h 35m,155,Economy,3512.0,,,,,False
data.csv,2022_real_observations,CCU,CCU,BOM,BOM,CCU-BOM,Air India,Air India,,2022-02-25,09:40,12:25,2h 45m,165,Economy,3381.0,,,,,False
data.csv,2022_real_observations,CCU,CCU,BOM,BOM,CCU-BOM,IndiGo,IndiGo,,2022-02-25,07:30,10:20,2h 50m,170,Economy,3381.0,,,,,False
data.csv,2022_real_observations,CCU,CCU,BOM,BOM,CCU-BOM,IndiGo,IndiGo,,2022-02-25,10:10,13:05,2h 55m,175,Economy,3381.0,,,,,False
data.csv,2022_real_observations,CCU,CCU,BOM,BOM,CCU-BOM,IndiGo,IndiGo,,2022-02-25,08:55,12:05,3h 10m,190,Economy,3381.0,,,,,False
data.csv,2022_real_observations,BOM,BOM,CCU,CCU,BOM-CCU,IndiGo,IndiGo,,2022-02-25,23:00,01:30,2h 30m,150,Economy,2835.0,,,,,False
data.csv,2022_real_observations,BOM,BOM,CCU,CCU,BOM-CCU,Vistara,Vistara,,2022-02-25,17:20,19:55,2h 35m,155,Economy,3188.0,,,,,False
data.csv,2022_real_observations,BOM,BOM,CCU,CCU,BOM-CCU,Air India,Air India,,2022-02-25,20:55,23:40,2h 45m,165,Economy,3177.0,,,,,False
data.csv,2022_real_observations,BOM,BOM,CCU,CCU,BOM-CCU,IndiGo,IndiGo,,2022-02-25,17:40,20:00,2h 20m,140,Economy,3864.0,,,,,False
data.csv,2022_real_observations,BOM,BOM,CCU,CCU,BOM-CCU,IndiGo,IndiGo,,2022-02-25,21:20,23:45,2h 25m,145,Economy,3864.0,,,,,False
data.csv,2022_real_observations,BOM,BOM,CCU,CCU,BOM-CCU,Air India,Air India,,2022-02-26,06:10,08:50,2h 40m,160,Economy,2835.0,,,,,False
data.csv,2022_real_observations,BOM,BOM,CCU,CCU,BOM-CCU,IndiGo,IndiGo,,2022-02-26,07:35,10:15,2h 40m,160,Economy,2835.0,,,,,False
data.csv,2022_real_observations,BOM,BOM,CCU,CCU,BOM-CCU,Vistara,Vistara,,2022-02-26,07:00,09:40,2h 40m,160,Economy,3576.0,,,,,False
data.csv,2022_real_observations,BOM,BOM,CCU,CCU,BOM-CCU,IndiGo,IndiGo,,2022-02-26,06:30,09:05,2h 35m,155,Economy,3864.0,,,,,False
data.csv,2022_real_observations,BOM,BOM,CCU,CCU,BOM-CCU,Vistara,Vistara,,2022-02-26,14:05,16:55,2h 50m,170,Economy,4724.0,,,,,False
data.csv,2022_real_observations,CCU,CCU,BOM,BOM,CCU-BOM,Vistara,Vistara,,2022-02-26,20:35,23:30,2h 55m,175,Economy,3512.0,,,,,False
data.csv,2022_real_observations,CCU,CCU,BOM,BOM,CCU-BOM,Vistara,Vistara,,2022-02-26,17:35,20:20,2h 45m,165,Economy,3734.0,,,,,False
data.csv,2022_real_observations,CCU,CCU,BOM,BOM,CCU-BOM,Air India,Air India,,2022-02-26,17:15,20:05,2h 50m,170,Economy,3723.0,,,,,False
data.csv,2022_real_observations,CCU,CCU,BOM,BOM,CCU-BOM,IndiGo,IndiGo,,2022-02-26,19:10,22:15,3h 05m,185,Economy,3381.0,,,,,False
data.csv,2022_real_observations,CCU,CCU,BOM,BOM,CCU-BOM,IndiGo,IndiGo,,2022-02-26,15:40,18:40,3h,180,Economy,6174.0,,,,,False
data.csv,2022_real_observations,CCU,CCU,BOM,BOM,CCU-BOM,Vistara,Vistara,,2022-02-26,10:25,13:00,2h 35m,155,Economy,3734.0,,,,,False
data.csv,2022_real_observations,CCU,CCU,BOM,BOM,CCU-BOM,Air India,Air India,,2022-02-26,09:40,12:25,2h 45m,165,Economy,3723.0,,,,,False
data.csv,2022_real_observations,CCU,CCU,BOM,BOM,CCU-BOM,IndiGo,IndiGo,,2022-02-26,04:00,06:50,2h 50m,170,Economy,3381.0,,,,,False
data.csv,2022_real_observations,CCU,CCU,BOM,BOM,CCU-BOM,Go First,Go First,,2022-02-26,04:55,07:45,2h 50m,170,Economy,3376.0,,,,,True
data.csv,2022_real_observations,CCU,CCU,BOM,BOM,CCU-BOM,IndiGo,IndiGo,,2022-02-26,10:10,13:10,3h,180,Economy,3381.0,,,,,False
data.csv,2022_real_observations,CCU,CCU,BOM,BOM,CCU-BOM,IndiGo,IndiGo,,2022-02-26,05:30,08:40,3h 10m,190,Economy,3381.0,,,,,False
data.csv,2022_real_observations,CCU,CCU,BOM,BOM,CCU-BOM,Go First,Go First,,2022-02-26,12:30,15:20,2h 50m,170,Economy,3926.0,,,,,True
data.csv,2022_real_observations,BOM,BOM,CCU,CCU,BOM-CCU,IndiGo,IndiGo,,2022-02-26,23:00,01:30,2h 30m,150,Economy,2835.0,,,,,False
data.csv,2022_real_observations,BOM,BOM,CCU,CCU,BOM-CCU,Air India,Air India,,2022-02-26,20:55,23:40,2h 45m,165,Economy,3707.0,,,,,False
data.csv,2022_real_observations,BOM,BOM,CCU,CCU,BOM-CCU,Vistara,Vistara,,2022-02-26,17:20,19:55,2h 35m,155,Economy,4724.0,,,,,False
data.csv,2022_real_observations,BOM,BOM,CCU,CCU,BOM-CCU,Air India,Air India,,2022-02-27,06:10,08:50,2h 40m,160,Economy,2835.0,,,,,False
data.csv,2022_real_observations,BOM,BOM,CCU,CCU,BOM-CCU,Vistara,Vistara,,2022-02-27,07:00,09:40,2h 40m,160,Economy,2966.0,,,,,False
data.csv,2022_real_observations,BOM,BOM,CCU,CCU,BOM-CCU,IndiGo,IndiGo,,2022-02-27,06:30,09:05,2h 35m,155,Economy,2835.0,,,,,False
data.csv,2022_real_observations,BOM,BOM,CCU,CCU,BOM-CCU,IndiGo,IndiGo,,2022-02-27,07:35,10:15,2h 40m,160,Economy,2835.0,,,,,False
data.csv,2022_real_observations,BOM,BOM,CCU,CCU,BOM-CCU,Vistara,Vistara,,2022-02-27,14:05,16:55,2h 50m,170,Economy,9243.0,,,,,False
data.csv,2022_real_observations,CCU,CCU,BOM,BOM,CCU-BOM,Air India,Air India,,2022-02-27,17:15,20:05,2h 50m,170,Economy,5179.0,,,,,False
data.csv,2022_real_observations,CCU,CCU,BOM,BOM,CCU-BOM,IndiGo,IndiGo,,2022-02-27,19:10,22:10,3h,180,Economy,5754.0,,,,,False
data.csv,2022_real_observations,CCU,CCU,BOM,BOM,CCU-BOM,IndiGo,IndiGo,,2022-02-27,15:40,18:40,3h,180,Economy,6804.0,,,,,False
data.csv,2022_real_observations,CCU,CCU,BOM,BOM,CCU-BOM,Vistara,Vistara,,2022-02-27,17:35,20:20,2h 45m,165,Economy,9789.0,,,,,False
data.csv,2022_real_observations,CCU,CCU,BOM,BOM,CCU-BOM,Go First,Go First,,2022-02-27,04:55,07:45,2h 50m,170,Economy,3380.0,,,,,True
data.csv,2022_real_observations,CCU,CCU,BOM,BOM,CCU-BOM,IndiGo,IndiGo,,2022-02-27,10:10,13:10,3h,180,Economy,3381.0,,,,,False
data.csv,2022_real_observations,CCU,CCU,BOM,BOM,CCU-BOM,IndiGo,IndiGo,,2022-02-27,05:30,08:40,3h 10m,190,Economy,3381.0,,,,,False
data.csv,2022_real_observations,CCU,CCU,BOM,BOM,CCU-BOM,Air India,Air India,,2022-02-27,09:40,12:25,2h 45m,165,Economy,4253.0,,,,,False
data.csv,2022_real_observations,CCU,CCU,BOM,BOM,CCU-BOM,Go First,Go First,,2022-02-27,12:30,15:20,2h 50m,170,Economy,3930.0,,,,,True
data.csv,2022_real_observations,CCU,CCU,BOM,BOM,CCU-BOM,Vistara,Vistara,,2022-02-27,10:25,13:00,2h 35m,155,Economy,4693.0,,,,,False
data.csv,2022_real_observations,BOM,BOM,CCU,CCU,BOM-CCU,IndiGo,IndiGo,,2022-02-27,21:40,00:05,2h 25m,145,Economy,2835.0,,,,,False
data.csv,2022_real_observations,BOM,BOM,CCU,CCU,BOM-CCU,IndiGo,IndiGo,,2022-02-27,23:00,01:30,2h 30m,150,Economy,2835.0,,,,,False
data.csv,2022_real_observations,BOM,BOM,CCU,CCU,BOM-CCU,Go First,Go First,,2022-02-27,21:00,23:35,2h 35m,155,Economy,2834.0,,,,,True
data.csv,2022_real_observations,BOM,BOM,CCU,CCU,BOM-CCU,Air India,Air India,,2022-02-27,20:55,23:40,2h 45m,165,Economy,3177.0,,,,,False
data.csv,2022_real_observations,BOM,BOM,CCU,CCU,BOM-CCU,Go First,Go First,,2022-02-27,15:00,17:30,2h 30m,150,Economy,3934.0,,,,,True
data.csv,2022_real_observations,BOM,BOM,CCU,CCU,BOM-CCU,Vistara,Vistara,,2022-02-28,07:00,09:40,2h 40m,160,Economy,2966.0,,,,,False
data.csv,2022_real_observations,BOM,BOM,CCU,CCU,BOM-CCU,IndiGo,IndiGo,,2022-02-28,12:55,15:35,2h 40m,160,Economy,2835.0,,,,,False
data.csv,2022_real_observations,BOM,BOM,CCU,CCU,BOM-CCU,Vistara,Vistara,,2022-02-28,14:05,16:55,2h 50m,170,Economy,3188.0,,,,,False
data.csv,2022_real_observations,BOM,BOM,CCU,CCU,BOM-CCU,Air India,Air India,,2022-02-28,06:10,08:50,2h 40m,160,Economy,3707.0,,,,,False
data.csv,2022_real_observations,BOM,BOM,CCU,CCU,BOM-CCU,IndiGo,IndiGo,,2022-02-28,06:30,09:05,2h 35m,155,Economy,3864.0,,,,,False
data.csv,2022_real_observations,BOM,BOM,CCU,CCU,BOM-CCU,IndiGo,IndiGo,,2022-02-28,07:35,10:15,2h 40m,160,Economy,3864.0,,,,,False
data.csv,2022_real_observations,CCU,CCU,BOM,BOM,CCU-BOM,Vistara,Vistara,,2022-02-28,20:35,23:30,2h 55m,175,Economy,3512.0,,,,,False
data.csv,2022_real_observations,CCU,CCU,BOM,BOM,CCU-BOM,Vistara,Vistara,,2022-02-28,17:35,20:20,2h 45m,165,Economy,3734.0,,,,,False
data.csv,2022_real_observations,CCU,CCU,BOM,BOM,CCU-BOM,Air India,Air India,,2022-02-28,17:15,20:05,2h 50m,170,Economy,3723.0,,,,,False
data.csv,2022_real_observations,CCU,CCU,BOM,BOM,CCU-BOM,IndiGo,IndiGo,,2022-02-28,19:10,22:15,3h 05m,185,Economy,3381.0,,,,,False
data.csv,2022_real_observations,CCU,CCU,BOM,BOM,CCU-BOM,IndiGo,IndiGo,,2022-02-28,17:35,20:25,2h 50m,170,Economy,5334.0,,,,,False
data.csv,2022_real_observations,CCU,CCU,BOM,BOM,CCU-BOM,IndiGo,IndiGo,,2022-02-28,15:40,18:40,3h,180,Economy,5754.0,,,,,False
data.csv,2022_real_observations,CCU,CCU,BOM,BOM,CCU-BOM,Vistara,Vistara,,2022-02-28,10:25,13:00,2h 35m,155,Economy,3512.0,,,,,False
data.csv,2022_real_observations,CCU,CCU,BOM,BOM,CCU-BOM,Air India,Air India,,2022-02-28,09:40,12:25,2h 45m,165,Economy,3381.0,,,,,False
data.csv,2022_real_observations,CCU,CCU,BOM,BOM,CCU-BOM,IndiGo,IndiGo,,2022-02-28,10:10,13:05,2h 55m,175,Economy,3381.0,,,,,False
data.csv,2022_real_observations,CCU,CCU,BOM,BOM,CCU-BOM,Go First,Go First,,2022-02-28,04:55,07:45,2h 50m,170,Economy,3376.0,,,,,True
data.csv,2022_real_observations,CCU,CCU,BOM,BOM,CCU-BOM,IndiGo,IndiGo,,2022-02-28,08:55,12:05,3h 10m,190,Economy,3381.0,,,,,False
data.csv,2022_real_observations,CCU,CCU,BOM,BOM,CCU-BOM,Go First,Go First,,2022-02-28,12:30,15:20,2h 50m,170,Economy,3926.0,,,,,True
data.csv,2022_real_observations,CCU,CCU,BOM,BOM,CCU-BOM,IndiGo,IndiGo,,2022-02-28,07:30,10:20,2h 50m,170,Economy,4358.0,,,,,False
data.csv,2022_real_observations,BOM,BOM,CCU,CCU,BOM-CCU,IndiGo,IndiGo,,2022-02-28,17:40,20:00,2h 20m,140,Economy,2835.0,,,,,False
data.csv,2022_real_observations,BOM,BOM,CCU,CCU,BOM-CCU,IndiGo,IndiGo,,2022-02-28,21:20,23:45,2h 25m,145,Economy,2835.0,,,,,False
data.csv,2022_real_observations,BOM,BOM,CCU,CCU,BOM-CCU,Vistara,Vistara,,2022-02-28,17:20,19:55,2h 35m,155,Economy,2966.0,,,,,False
data.csv,2022_real_observations,BOM,BOM,CCU,CCU,BOM-CCU,IndiGo,IndiGo,,2022-02-28,23:00,01:30,2h 30m,150,Economy,2835.0,,,,,False
data.csv,2022_real_observations,BOM,BOM,CCU,CCU,BOM-CCU,Go First,Go First,,2022-02-28,21:00,23:35,2h 35m,155,Economy,2832.0,,,,,True
data.csv,2022_real_observations,BOM,BOM,CCU,CCU,BOM-CCU,Air India,Air India,,2022-02-28,20:55,23:40,2h 45m,165,Economy,3177.0,,,,,False
data.csv,2022_real_observations,BOM,BOM,CCU,CCU,BOM-CCU,Go First,Go First,,2022-02-28,15:00,17:30,2h 30m,150,Economy,3832.0,,,,,True
data.csv,2022_real_observations,BOM,BOM,MAA,MAA,BOM-MAA,SpiceJet,SpiceJet,,2022-02-14,06:00,08:00,2h,120,Economy,5942.0,,,,,False
data.csv,2022_real_observations,BOM,BOM,MAA,MAA,BOM-MAA,Vistara,Vistara,,2022-02-14,09:45,11:50,2h 05m,125,Economy,6249.0,,,,,False
data.csv,2022_real_observations,BOM,BOM,MAA,MAA,BOM-MAA,Air India,Air India,,2022-02-14,09:00,10:55,1h 55m,115,Economy,7203.0,,,,,False
data.csv,2022_real_observations,BOM,BOM,MAA,MAA,BOM-MAA,IndiGo,IndiGo,,2022-02-14,10:30,12:30,2h,120,Economy,8253.0,,,,,False
data.csv,2022_real_observations,BOM,BOM,MAA,MAA,BOM-MAA,IndiGo,IndiGo,,2022-02-14,07:15,09:15,2h,120,Economy,10353.0,,,,,False
data.csv,2022_real_observations,MAA,MAA,BOM,BOM,MAA-BOM,SpiceJet,SpiceJet,,2022-02-14,21:50,23:50,2h,120,Economy,5881.0,,,,,False
data.csv,2022_real_observations,MAA,MAA,BOM,BOM,MAA-BOM,IndiGo,IndiGo,,2022-02-14,22:15,00:20,2h 05m,125,Economy,5882.0,,,,,False
data.csv,2022_real_observations,MAA,MAA,BOM,BOM,MAA-BOM,Vistara,Vistara,,2022-02-14,20:30,22:35,2h 05m,125,Economy,6189.0,,,,,False
data.csv,2022_real_observations,MAA,MAA,BOM,BOM,MAA-BOM,IndiGo,IndiGo,,2022-02-14,18:45,20:45,2h,120,Economy,7142.0,,,,,False
data.csv,2022_real_observations,MAA,MAA,BOM,BOM,MAA-BOM,IndiGo,IndiGo,,2022-02-14,17:50,19:45,1h 55m,115,Economy,7457.0,,,,,False
data.csv,2022_real_observations,MAA,MAA,BOM,BOM,MAA-BOM,SpiceJet,SpiceJet,,2022-02-14,06:25,08:20,1h 55m,115,Economy,5881.0,,,,,False
data.csv,2022_real_observations,MAA,MAA,BOM,BOM,MAA-BOM,Vistara,Vistara,,2022-02-14,09:45,11:40,1h 55m,115,Economy,6300.0,,,,,False
data.csv,2022_real_observations,MAA,MAA,BOM,BOM,MAA-BOM,IndiGo,IndiGo,,2022-02-14,09:40,11:35,1h 55m,115,Economy,6304.0,,,,,False
data.csv,2022_real_observations,MAA,MAA,BOM,BOM,MAA-BOM,IndiGo,IndiGo,,2022-02-14,07:05,09:05,2h,120,Economy,7457.0,,,,,False
data.csv,2022_real_observations,MAA,MAA,BOM,BOM,MAA-BOM,IndiGo,IndiGo,,2022-02-14,13:10,15:05,1h 55m,115,Economy,14282.0,,,,,False
data.csv,2022_real_observations,MAA,MAA,BOM,BOM,MAA-BOM,Air India,Air India,,2022-02-14,14:55,17:05,2h 10m,130,Economy,14073.0,,,,,False
data.csv,2022_real_observations,BOM,BOM,MAA,MAA,BOM-MAA,IndiGo,IndiGo,,2022-02-14,16:25,18:15,1h 50m,110,Economy,5943.0,,,,,False
data.csv,2022_real_observations,BOM,BOM,MAA,MAA,BOM-MAA,SpiceJet,SpiceJet,,2022-02-14,19:30,21:20,1h 50m,110,Economy,5942.0,,,,,False
data.csv,2022_real_observations,BOM,BOM,MAA,MAA,BOM-MAA,IndiGo,IndiGo,,2022-02-14,21:25,23:15,1h 50m,110,Economy,6153.0,,,,,False
data.csv,2022_real_observations,BOM,BOM,MAA,MAA,BOM-MAA,IndiGo,IndiGo,,2022-02-14,15:15,17:10,1h 55m,115,Economy,5943.0,,,,,False
data.csv,2022_real_observations,BOM,BOM,MAA,MAA,BOM-MAA,IndiGo,IndiGo,,2022-02-14,19:30,21:35,2h 05m,125,Economy,5943.0,,,,,False
data.csv,2022_real_observations,BOM,BOM,MAA,MAA,BOM-MAA,Vistara,Vistara,,2022-02-14,17:50,19:55,2h 05m,125,Economy,6249.0,,,,,False
data.csv,2022_real_observations,BOM,BOM,MAA,MAA,BOM-MAA,Air India,Air India,,2022-02-15,05:20,07:20,2h,120,Economy,5943.0,,,,,False
data.csv,2022_real_observations,BOM,BOM,MAA,MAA,BOM-MAA,SpiceJet,SpiceJet,,2022-02-15,06:00,08:00,2h,120,Economy,5942.0,,,,,False
data.csv,2022_real_observations,BOM,BOM,MAA,MAA,BOM-MAA,Vistara,Vistara,,2022-02-15,06:45,08:50,2h 05m,125,Economy,6249.0,,,,,False
data.csv,2022_real_observations,BOM,BOM,MAA,MAA,BOM-MAA,Vistara,Vistara,,2022-02-15,09:45,11:50,2h 05m,125,Economy,6249.0,,,,,False
data.csv,2022_real_observations,BOM,BOM,MAA,MAA,BOM-MAA,IndiGo,IndiGo,,2022-02-15,07:15,09:15,2h,120,Economy,6888.0,,,,,False
data.csv,2022_real_observations,BOM,BOM,MAA,MAA,BOM-MAA,IndiGo,IndiGo,,2022-02-15,10:30,12:30,2h,120,Economy,7833.0,,,,,False
data.csv,2022_real_observations,BOM,BOM,MAA,MAA,BOM-MAA,Air India,Air India,,2022-02-15,09:00,10:55,1h 55m,115,Economy,11298.0,,,,,False
data.csv,2022_real_observations,MAA,MAA,BOM,BOM,MAA-BOM,IndiGo,IndiGo,,2022-02-15,17:50,19:45,1h 55m,115,Economy,6092.0,,,,,False
data.csv,2022_real_observations,MAA,MAA,BOM,BOM,MAA-BOM,IndiGo,IndiGo,,2022-02-15,18:45,20:45,2h,120,Economy,5882.0,,,,,False
data.csv,2022_real_observations,MAA,MAA,BOM,BOM,MAA-BOM,SpiceJet,SpiceJet,,2022-02-15,21:50,23:50,2h,120,Economy,5881.0,,,,,False
data.csv,2022_real_observations,MAA,MAA,BOM,BOM,MAA-BOM,IndiGo,IndiGo,,2022-02-15,22:15,00:20,2h 05m,125,Economy,5882.0,,,,,False
data.csv,2022_real_observations,MAA,MAA,BOM,BOM,MAA-BOM,Vistara,Vistara,,2022-02-15,20:30,22:35,2h 05m,125,Economy,6189.0,,,,,False
data.csv,2022_real_observations,MAA,MAA,BOM,BOM,MAA-BOM,SpiceJet,SpiceJet,,2022-02-15,06:25,08:20,1h 55m,115,Economy,5881.0,,,,,False
data.csv,2022_real_observations,MAA,MAA,BOM,BOM,MAA-BOM,IndiGo,IndiGo,,2022-02-15,07:05,09:05,2h,120,Economy,6304.0,,,,,False
data.csv,2022_real_observations,MAA,MAA,BOM,BOM,MAA-BOM,IndiGo,IndiGo,,2022-02-15,13:10,15:05,1h 55m,115,Economy,6827.0,,,,,False
data.csv,2022_real_observations,MAA,MAA,BOM,BOM,MAA-BOM,IndiGo,IndiGo,,2022-02-15,09:40,11:35,1h 55m,115,Economy,7772.0,,,,,False
data.csv,2022_real_observations,BOM,BOM,MAA,MAA,BOM-MAA,IndiGo,IndiGo,,2022-02-15,16:25,18:15,1h 50m,110,Economy,5943.0,,,,,False
data.csv,2022_real_observations,BOM,BOM,MAA,MAA,BOM-MAA,SpiceJet,SpiceJet,,2022-02-15,19:30,21:20,1h 50m,110,Economy,5942.0,,,,,False
data.csv,2022_real_observations,BOM,BOM,MAA,MAA,BOM-MAA,IndiGo,IndiGo,,2022-02-15,21:25,23:15,1h 50m,110,Economy,6153.0,,,,,False
data.csv,2022_real_observations,BOM,BOM,MAA,MAA,BOM-MAA,IndiGo,IndiGo,,2022-02-15,15:15,17:10,1h 55m,115,Economy,5943.0,,,,,False
data.csv,2022_real_observations,BOM,BOM,MAA,MAA,BOM-MAA,IndiGo,IndiGo,,2022-02-15,19:30,21:35,2h 05m,125,Economy,5943.0,,,,,False
data.csv,2022_real_observations,BOM,BOM,MAA,MAA,BOM-MAA,Vistara,Vistara,,2022-02-15,17:50,19:55,2h 05m,125,Economy,6249.0,,,,,False
data.csv,2022_real_observations,BOM,BOM,MAA,MAA,BOM-MAA,Vistara,Vistara,,2022-02-15,21:00,23:05,2h 05m,125,Economy,6249.0,,,,,False
data.csv,2022_real_observations,BOM,BOM,MAA,MAA,BOM-MAA,Go First,Go First,,2022-02-16,05:50,07:40,1h 50m,110,Economy,5779.0,,,,,True
data.csv,2022_real_observations,BOM,BOM,MAA,MAA,BOM-MAA,Air India,Air India,,2022-02-16,09:00,10:55,1h 55m,115,Economy,5943.0,,,,,False
data.csv,2022_real_observations,BOM,BOM,MAA,MAA,BOM-MAA,Air India,Air India,,2022-02-16,05:20,07:20,2h,120,Economy,5943.0,,,,,False
data.csv,2022_real_observations,BOM,BOM,MAA,MAA,BOM-MAA,SpiceJet,SpiceJet,,2022-02-16,06:00,08:00,2h,120,Economy,5942.0,,,,,False
data.csv,2022_real_observations,BOM,BOM,MAA,MAA,BOM-MAA,IndiGo,IndiGo,,2022-02-16,04:35,06:30,1h 55m,115,Economy,5943.0,,,,,False
data.csv,2022_real_observations,BOM,BOM,MAA,MAA,BOM-MAA,Vistara,Vistara,,2022-02-16,06:45,08:50,2h 05m,125,Economy,6249.0,,,,,False
data.csv,2022_real_observations,BOM,BOM,MAA,MAA,BOM-MAA,Vistara,Vistara,,2022-02-16,09:45,11:50,2h 05m,125,Economy,6360.0,,,,,False
data.csv,2022_real_observations,BOM,BOM,MAA,MAA,BOM-MAA,IndiGo,IndiGo,,2022-02-16,10:30,12:30,2h,120,Economy,7833.0,,,,,False
data.csv,2022_real_observations,BOM,BOM,MAA,MAA,BOM-MAA,IndiGo,IndiGo,,2022-02-16,07:15,09:15,2h,120,Economy,9093.0,,,,,False
data.csv,2022_real_observations,MAA,MAA,BOM,BOM,MAA-BOM,SpiceJet,SpiceJet,,2022-02-16,21:50,23:50,2h,120,Economy,5881.0,,,,,False
data.csv,2022_real_observations,MAA,MAA,BOM,BOM,MAA-BOM,IndiGo,IndiGo,,2022-02-16,18:45,20:45,2h,120,Economy,6092.0,,,,,False
data.csv,2022_real_observations,MAA,MAA,BOM,BOM,MAA-BOM,IndiGo,IndiGo,,2022-02-16,22:15,00:20,2h 05m,125,Economy,5882.0,,,,,False
data.csv,2022_real_observations,MAA,MAA,BOM,BOM,MAA-BOM,Vistara,Vistara,,2022-02-16,20:30,22:35,2h 05m,125,Economy,6189.0,,,,,False
data.csv,2022_real_observations,MAA,MAA,BOM,BOM,MAA-BOM,IndiGo,IndiGo,,2022-02-16,17:50,19:45,1h 55m,115,Economy,6827.0,,,,,False
data.csv,2022_real_observations,MAA,MAA,BOM,BOM,MAA-BOM,Air India,Air India,,2022-02-16,06:20,08:05,1h 45m,105,Economy,5883.0,,,,,False
data.csv,2022_real_observations,MAA,MAA,BOM,BOM,MAA-BOM,Go First,Go First,,2022-02-16,05:00,06:50,1h 50m,110,Economy,5717.0,,,,,True
data.csv,2022_real_observations,MAA,MAA,BOM,BOM,MAA-BOM,Go First,Go First,,2022-02-16,13:45,15:40,1h 55m,115,Economy,5717.0,,,,,True
data.csv,2022_real_observations,MAA,MAA,BOM,BOM,MAA-BOM,SpiceJet,SpiceJet,,2022-02-16,06:25,08:20,1h 55m,115,Economy,5881.0,,,,,False
data.csv,2022_real_observations,MAA,MAA,BOM,BOM,MAA-BOM,Vistara,Vistara,,2022-02-16,09:45,11:40,1h 55m,115,Economy,6300.0,,,,,False
data.csv,2022_real_observations,MAA,MAA,BOM,BOM,MAA-BOM,Vistara,Vistara,,2022-02-16,07:00,09:00,2h,120,Economy,6189.0,,,,,False
data.csv,2022_real_observations,MAA,MAA,BOM,BOM,MAA-BOM,Vistara,Vistara,,2022-02-16,12:30,14:30,2h,120,Economy,6189.0,,,,,False
data.csv,2022_real_observations,MAA,MAA,BOM,BOM,MAA-BOM,IndiGo,IndiGo,,2022-02-16,07:05,09:05,2h,120,Economy,6092.0,,,,,False
data.csv,2022_real_observations,MAA,MAA,BOM,BOM,MAA-BOM,Air India,Air India,,2022-02-16,14:55,17:05,2h 10m,130,Economy,5883.0,,,,,False
data.csv,2022_real_observations,MAA,MAA,BOM,BOM,MAA-BOM,IndiGo,IndiGo,,2022-02-16,09:40,11:35,1h 55m,115,Economy,7142.0,,,,,False
data.csv,2022_real_observations,MAA,MAA,BOM,BOM,MAA-BOM,IndiGo,IndiGo,,2022-02-16,13:10,15:05,1h 55m,115,Economy,10292.0,,,,,False
data.csv,2022_real_observations,BOM,BOM,MAA,MAA,BOM-MAA,Go First,Go First,,2022-02-17,05:50,07:40,1h 50m,110,Economy,5779.0,,,,,True
data.csv,2022_real_observations,BOM,BOM,MAA,MAA,BOM-MAA,Air India,Air India,,2022-02-17,05:20,07:20,2h,120,Economy,5943.0,,,,,False
data.csv,2022_real_observations,BOM,BOM,MAA,MAA,BOM-MAA,SpiceJet,SpiceJet,,2022-02-17,06:00,08:00,2h,120,Economy,5942.0,,,,,False
data.csv,2022_real_observations,BOM,BOM,MAA,MAA,BOM-MAA,IndiGo,IndiGo,,2022-02-17,04:35,06:30,1h 55m,115,Economy,5943.0,,,,,False
data.csv,2022_real_observations,BOM,BOM,MAA,MAA,BOM-MAA,Vistara,Vistara,,2022-02-17,06:45,08:50,2h 05m,125,Economy,6360.0,,,,,False
data.csv,2022_real_observations,BOM,BOM,MAA,MAA,BOM-MAA,IndiGo,IndiGo,,2022-02-17,07:15,09:15,2h,120,Economy,6888.0,,,,,False
data.csv,2022_real_observations,BOM,BOM,MAA,MAA,BOM-MAA,IndiGo,IndiGo,,2022-02-17,10:30,12:30,2h,120,Economy,6888.0,,,,,False
data.csv,2022_real_observations,BOM,BOM,MAA,MAA,BOM-MAA,Vistara,Vistara,,2022-02-17,09:45,11:50,2h 05m,125,Economy,7025.0,,,,,False
data.csv,2022_real_observations,BOM,BOM,MAA,MAA,BOM-MAA,Air India,Air India,,2022-02-17,09:00,10:55,1h 55m,115,Economy,7623.0,,,,,False
data.csv,2022_real_observations,MAA,MAA,BOM,BOM,MAA-BOM,SpiceJet,SpiceJet,,2022-02-17,21:50,23:50,2h,120,Economy,5881.0,,,,,False
data.csv,2022_real_observations,MAA,MAA,BOM,BOM,MAA-BOM,Vistara,Vistara,,2022-02-17,20:30,22:35,2h 05m,125,Economy,6965.0,,,,,False
data.csv,2022_real_observations,MAA,MAA,BOM,BOM,MAA-BOM,IndiGo,IndiGo,,2022-02-17,18:45,20:45,2h,120,Economy,7142.0,,,,,False
data.csv,2022_real_observations,MAA,MAA,BOM,BOM,MAA-BOM,IndiGo,IndiGo,,2022-02-17,22:15,00:20,2h 05m,125,Economy,7142.0,,,,,False
data.csv,2022_real_observations,MAA,MAA,BOM,BOM,MAA-BOM,IndiGo,IndiGo,,2022-02-17,17:50,19:45,1h 55m,115,Economy,8612.0,,,,,False
data.csv,2022_real_observations,MAA,MAA,BOM,BOM,MAA-BOM,Air India,Air India,,2022-02-17,06:20,08:05,1h 45m,105,Economy,5883.0,,,,,False
data.csv,2022_real_observations,MAA,MAA,BOM,BOM,MAA-BOM,Go First,Go First,,2022-02-17,05:00,06:50,1h 50m,110,Economy,5717.0,,,,,True
data.csv,2022_real_observations,MAA,MAA,BOM,BOM,MAA-BOM,Go First,Go First,,2022-02-17,13:45,15:40,1h 55m,115,Economy,5717.0,,,,,True
data.csv,2022_real_observations,MAA,MAA,BOM,BOM,MAA-BOM,SpiceJet,SpiceJet,,2022-02-17,06:25,08:20,1h 55m,115,Economy,5881.0,,,,,False
data.csv,2022_real_observations,MAA,MAA,BOM,BOM,MAA-BOM,Vistara,Vistara,,2022-02-17,09:45,11:40,1h 55m,115,Economy,6189.0,,,,,False
data.csv,2022_real_observations,MAA,MAA,BOM,BOM,MAA-BOM,Vistara,Vistara,,2022-02-17,12:30,14:30,2h,120,Economy,6189.0,,,,,False
data.csv,2022_real_observations,MAA,MAA,BOM,BOM,MAA-BOM,Vistara,Vistara,,2022-02-17,07:00,09:00,2h,120,Economy,6300.0,,,,,False
data.csv,2022_real_observations,MAA,MAA,BOM,BOM,MAA-BOM,IndiGo,IndiGo,,2022-02-17,09:40,11:35,1h 55m,115,Economy,6827.0,,,,,False
data.csv,2022_real_observations,MAA,MAA,BOM,BOM,MAA-BOM,IndiGo,IndiGo,,2022-02-17,07:05,09:05,2h,120,Economy,6827.0,,,,,False
data.csv,2022_real_observations,MAA,MAA,BOM,BOM,MAA-BOM,IndiGo,IndiGo,,2022-02-17,13:10,15:05,1h 55m,115,Economy,7457.0,,,,,False
data.csv,2022_real_observations,MAA,MAA,BOM,BOM,MAA-BOM,Air India,Air India,,2022-02-17,14:55,17:05,2h 10m,130,Economy,10188.0,,,,,False
data.csv,2022_real_observations,BOM,BOM,MAA,MAA,BOM-MAA,IndiGo,IndiGo,,2022-02-17,16:25,18:15,1h 50m,110,Economy,5943.0,,,,,False
data.csv,2022_real_observations,BOM,BOM,MAA,MAA,BOM-MAA,IndiGo,IndiGo,,2022-02-17,21:25,23:15,1h 50m,110,Economy,5943.0,,,,,False
data.csv,2022_real_observations,BOM,BOM,MAA,MAA,BOM-MAA,SpiceJet,SpiceJet,,2022-02-17,19:30,21:20,1h 50m,110,Economy,5942.0,,,,,False
data.csv,2022_real_observations,BOM,BOM,MAA,MAA,BOM-MAA,IndiGo,IndiGo,,2022-02-17,15:15,17:10,1h 55m,115,Economy,5943.0,,,,,False
data.csv,2022_real_observations,BOM,BOM,MAA,MAA,BOM-MAA,IndiGo,IndiGo,,2022-02-17,19:30,21:35,2h 05m,125,Economy,5943.0,,,,,False
data.csv,2022_real_observations,BOM,BOM,MAA,MAA,BOM-MAA,Vistara,Vistara,,2022-02-17,17:50,19:55,2h 05m,125,Economy,6249.0,,,,,False
data.csv,2022_real_observations,BOM,BOM,MAA,MAA,BOM-MAA,Vistara,Vistara,,2022-02-17,21:00,23:05,2h 05m,125,Economy,6249.0,,,,,False
data.csv,2022_real_observations,BOM,BOM,MAA,MAA,BOM-MAA,Go First,Go First,,2022-02-18,05:50,07:40,1h 50m,110,Economy,5942.0,,,,,True
data.csv,2022_real_observations,BOM,BOM,MAA,MAA,BOM-MAA,SpiceJet,SpiceJet,,2022-02-18,06:00,08:00,2h,120,Economy,5942.0,,,,,False
data.csv,2022_real_observations,BOM,BOM,MAA,MAA,BOM-MAA,IndiGo,IndiGo,,2022-02-18,04:35,06:30,1h 55m,115,Economy,5943.0,,,,,False
data.csv,2022_real_observations,BOM,BOM,MAA,MAA,BOM-MAA,Air India,Air India,,2022-02-18,09:00,10:55,1h 55m,115,Economy,6363.0,,,,,False
data.csv,2022_real_observations,BOM,BOM,MAA,MAA,BOM-MAA,Vistara,Vistara,,2022-02-18,06:45,08:50,2h 05m,125,Economy,6249.0,,,,,False
data.csv,2022_real_observations,BOM,BOM,MAA,MAA,BOM-MAA,Vistara,Vistara,,2022-02-18,09:45,11:50,2h 05m,125,Economy,7025.0,,,,,False
data.csv,2022_real_observations,BOM,BOM,MAA,MAA,BOM-MAA,IndiGo,IndiGo,,2022-02-18,07:15,09:15,2h,120,Economy,7518.0,,,,,False
data.csv,2022_real_observations,BOM,BOM,MAA,MAA,BOM-MAA,IndiGo,IndiGo,,2022-02-18,10:30,12:30,2h,120,Economy,7518.0,,,,,False
data.csv,2022_real_observations,MAA,MAA,BOM,BOM,MAA-BOM,SpiceJet,SpiceJet,,2022-02-18,21:50,23:50,2h,120,Economy,5881.0,,,,,False
data.csv,2022_real_observations,MAA,MAA,BOM,BOM,MAA-BOM,IndiGo,IndiGo,,2022-02-18,22:15,00:20,2h 05m,125,Economy,6092.0,,,,,False
data.csv,2022_real_observations,MAA,MAA,BOM,BOM,MAA-BOM,IndiGo,IndiGo,,2022-02-18,17:50,19:45,1h 55m,115,Economy,6827.0,,,,,False
data.csv,2022_real_observations,MAA,MAA,BOM,BOM,MAA-BOM,Vistara,Vistara,,2022-02-18,20:30,22:35,2h 05m,125,Economy,6965.0,,,,,False
data.csv,2022_real_observations,MAA,MAA,BOM,BOM,MAA-BOM,IndiGo,IndiGo,,2022-02-18,18:45,20:45,2h,120,Economy,7142.0,,,,,False
data.csv,2022_real_observations,MAA,MAA,BOM,BOM,MAA-BOM,Go First,Go First,,2022-02-18,05:00,06:50,1h 50m,110,Economy,5881.0,,,,,True
data.csv,2022_real_observations,MAA,MAA,BOM,BOM,MAA-BOM,Go First,Go First,,2022-02-18,13:45,15:40,1h 55m,115,Economy,5881.0,,,,,True
data.csv,2022_real_observations,MAA,MAA,BOM,BOM,MAA-BOM,Vistara,Vistara,,2022-02-18,09:45,11:40,1h 55m,115,Economy,6189.0,,,,,False
data.csv,2022_real_observations,MAA,MAA,BOM,BOM,MAA-BOM,Vistara,Vistara,,2022-02-18,07:00,09:00,2h,120,Economy,6189.0,,,,,False
data.csv,2022_real_observations,MAA,MAA,BOM,BOM,MAA-BOM,Vistara,Vistara,,2022-02-18,12:30,14:30,2h,120,Economy,6189.0,,,,,False
data.csv,2022_real_observations,MAA,MAA,BOM,BOM,MAA-BOM,Air India,Air India,,2022-02-18,14:55,17:05,2h 10m,130,Economy,5883.0,,,,,False
data.csv,2022_real_observations,MAA,MAA,BOM,BOM,MAA-BOM,IndiGo,IndiGo,,2022-02-18,09:40,11:35,1h 55m,115,Economy,6827.0,,,,,False
data.csv,2022_real_observations,MAA,MAA,BOM,BOM,MAA-BOM,IndiGo,IndiGo,,2022-02-18,13:10,15:05,1h 55m,115,Economy,7772.0,,,,,False
data.csv,2022_real_observations,MAA,MAA,BOM,BOM,MAA-BOM,IndiGo,IndiGo,,2022-02-18,07:05,09:05,2h,120,Economy,8192.0,,,,,False
data.csv,2022_real_observations,BOM,BOM,MAA,MAA,BOM-MAA,IndiGo,IndiGo,,2022-02-18,16:25,18:15,1h 50m,110,Economy,5943.0,,,,,False
data.csv,2022_real_observations,BOM,BOM,MAA,MAA,BOM-MAA,SpiceJet,SpiceJet,,2022-02-18,19:30,21:20,1h 50m,110,Economy,5942.0,,,,,False
data.csv,2022_real_observations,BOM,BOM,MAA,MAA,BOM-MAA,Go First,Go First,,2022-02-18,20:15,22:20,2h 05m,125,Economy,5942.0,,,,,True
data.csv,2022_real_observations,BOM,BOM,MAA,MAA,BOM-MAA,Vistara,Vistara,,2022-02-18,17:50,19:55,2h 05m,125,Economy,6249.0,,,,,False
data.csv,2022_real_observations,BOM,BOM,MAA,MAA,BOM-MAA,Vistara,Vistara,,2022-02-18,21:00,23:05,2h 05m,125,Economy,6249.0,,,,,False
data.csv,2022_real_observations,BOM,BOM,MAA,MAA,BOM-MAA,IndiGo,IndiGo,,2022-02-18,21:25,23:15,1h 50m,110,Economy,7518.0,,,,,False
data.csv,2022_real_observations,BOM,BOM,MAA,MAA,BOM-MAA,IndiGo,IndiGo,,2022-02-18,15:15,17:10,1h 55m,115,Economy,7833.0,,,,,False
data.csv,2022_real_observations,BOM,BOM,MAA,MAA,BOM-MAA,IndiGo,IndiGo,,2022-02-18,19:30,21:35,2h 05m,125,Economy,7518.0,,,,,False
data.csv,2022_real_observations,BOM,BOM,MAA,MAA,BOM-MAA,Go First,Go First,,2022-02-19,05:50,07:40,1h 50m,110,Economy,5835.0,,,,,True
data.csv,2022_real_observations,BOM,BOM,MAA,MAA,BOM-MAA,Air India,Air India,,2022-02-19,05:20,07:20,2h,120,Economy,5943.0,,,,,False
data.csv,2022_real_observations,BOM,BOM,MAA,MAA,BOM-MAA,SpiceJet,SpiceJet,,2022-02-19,06:00,08:00,2h,120,Economy,5942.0,,,,,False
data.csv,2022_real_observations,BOM,BOM,MAA,MAA,BOM-MAA,IndiGo,IndiGo,,2022-02-19,04:35,06:30,1h 55m,115,Economy,5943.0,,,,,False
data.csv,2022_real_observations,BOM,BOM,MAA,MAA,BOM-MAA,Vistara,Vistara,,2022-02-19,06:45,08:50,2h 05m,125,Economy,6360.0,,,,,False
data.csv,2022_real_observations,BOM,BOM,MAA,MAA,BOM-MAA,Vistara,Vistara,,2022-02-19,09:45,11:50,2h 05m,125,Economy,7025.0,,,,,False
data.csv,2022_real_observations,BOM,BOM,MAA,MAA,BOM-MAA,IndiGo,IndiGo,,2022-02-19,10:30,12:30,2h,120,Economy,7518.0,,,,,False
data.csv,2022_real_observations,BOM,BOM,MAA,MAA,BOM-MAA,IndiGo,IndiGo,,2022-02-19,07:15,09:15,2h,120,Economy,7833.0,,,,,False
data.csv,2022_real_observations,MAA,MAA,BOM,BOM,MAA-BOM,SpiceJet,SpiceJet,,2022-02-19,21:50,23:50,2h,120,Economy,5881.0,,,,,False
data.csv,2022_real_observations,MAA,MAA,BOM,BOM,MAA-BOM,Vistara,Vistara,,2022-02-19,20:30,22:35,2h 05m,125,Economy,6189.0,,,,,False
data.csv,2022_real_observations,MAA,MAA,BOM,BOM,MAA-BOM,IndiGo,IndiGo,,2022-02-19,22:15,00:20,2h 05m,125,Economy,6092.0,,,,,False
data.csv,2022_real_observations,MAA,MAA,BOM,BOM,MAA-BOM,IndiGo,IndiGo,,2022-02-19,17:50,19:45,1h 55m,115,Economy,7142.0,,,,,False
data.csv,2022_real_observations,MAA,MAA,BOM,BOM,MAA-BOM,IndiGo,IndiGo,,2022-02-19,18:45,20:45,2h,120,Economy,7772.0,,,,,False
data.csv,2022_real_observations,MAA,MAA,BOM,BOM,MAA-BOM,Air India,Air India,,2022-02-19,06:20,08:05,1h 45m,105,Economy,6303.0,,,,,False
data.csv,2022_real_observations,MAA,MAA,BOM,BOM,MAA-BOM,Vistara,Vistara,,2022-02-19,07:00,09:00,2h,120,Economy,6300.0,,,,,False
data.csv,2022_real_observations,MAA,MAA,BOM,BOM,MAA-BOM,Vistara,Vistara,,2022-02-19,09:45,11:40,1h 55m,115,Economy,6965.0,,,,,False
data.csv,2022_real_observations,MAA,MAA,BOM,BOM,MAA-BOM,Vistara,Vistara,,2022-02-19,12:30,14:30,2h,120,Economy,6965.0,,,,,False
data.csv,2022_real_observations,MAA,MAA,BOM,BOM,MAA-BOM,IndiGo,IndiGo,,2022-02-19,13:10,15:05,1h 55m,115,Economy,7457.0,,,,,False
data.csv,2022_real_observations,MAA,MAA,BOM,BOM,MAA-BOM,IndiGo,IndiGo,,2022-02-19,07:05,09:05,2h,120,Economy,7457.0,,,,,False
data.csv,2022_real_observations,MAA,MAA,BOM,BOM,MAA-BOM,IndiGo,IndiGo,,2022-02-19,09:40,11:35,1h 55m,115,Economy,8192.0,,,,,False
data.csv,2022_real_observations,BOM,BOM,MAA,MAA,BOM-MAA,IndiGo,IndiGo,,2022-02-19,21:25,23:15,1h 50m,110,Economy,5943.0,,,,,False
data.csv,2022_real_observations,BOM,BOM,MAA,MAA,BOM-MAA,Go First,Go First,,2022-02-19,20:15,22:20,2h 05m,125,Economy,5835.0,,,,,True
data.csv,2022_real_observations,BOM,BOM,MAA,MAA,BOM-MAA,IndiGo,IndiGo,,2022-02-19,19:30,21:35,2h 05m,125,Economy,5943.0,,,,,False
data.csv,2022_real_observations,BOM,BOM,MAA,MAA,BOM-MAA,Vistara,Vistara,,2022-02-19,17:50,19:55,2h 05m,125,Economy,6249.0,,,,,False
data.csv,2022_real_observations,BOM,BOM,MAA,MAA,BOM-MAA,Vistara,Vistara,,2022-02-19,21:00,23:05,2h 05m,125,Economy,6249.0,,,,,False
data.csv,2022_real_observations,BOM,BOM,MAA,MAA,BOM-MAA,IndiGo,IndiGo,,2022-02-19,16:25,18:15,1h 50m,110,Economy,6888.0,,,,,False
data.csv,2022_real_observations,BOM,BOM,MAA,MAA,BOM-MAA,IndiGo,IndiGo,,2022-02-19,15:15,17:10,1h 55m,115,Economy,9093.0,,,,,False
data.csv,2022_real_observations,BOM,BOM,MAA,MAA,BOM-MAA,Go First,Go First,,2022-02-20,05:50,07:40,1h 50m,110,Economy,5779.0,,,,,True
data.csv,2022_real_observations,BOM,BOM,MAA,MAA,BOM-MAA,Air India,Air India,,2022-02-20,05:20,07:20,2h,120,Economy,5943.0,,,,,False
data.csv,2022_real_observations,BOM,BOM,MAA,MAA,BOM-MAA,SpiceJet,SpiceJet,,2022-02-20,06:00,08:00,2h,120,Economy,5942.0,,,,,False
data.csv,2022_real_observations,BOM,BOM,MAA,MAA,BOM-MAA,IndiGo,IndiGo,,2022-02-20,04:35,06:30,1h 55m,115,Economy,5943.0,,,,,False
data.csv,2022_real_observations,BOM,BOM,MAA,MAA,BOM-MAA,Vistara,Vistara,,2022-02-20,06:45,08:50,2h 05m,125,Economy,6249.0,,,,,False
data.csv,2022_real_observations,BOM,BOM,MAA,MAA,BOM-MAA,Vistara,Vistara,,2022-02-20,09:45,11:50,2h 05m,125,Economy,6360.0,,,,,False
data.csv,2022_real_observations,BOM,BOM,MAA,MAA,BOM-MAA,IndiGo,IndiGo,,2022-02-20,10:30,12:30,2h,120,Economy,7518.0,,,,,False
data.csv,2022_real_observations,BOM,BOM,MAA,MAA,BOM-MAA,IndiGo,IndiGo,,2022-02-20,07:15,09:15,2h,120,Economy,8253.0,,,,,False
data.csv,2022_real_observations,BOM,BOM,MAA,MAA,BOM-MAA,Air India,Air India,,2022-02-20,09:00,10:55,1h 55m,115,Economy,10248.0,,,,,False
data.csv,2022_real_observations,MAA,MAA,BOM,BOM,MAA-BOM,SpiceJet,SpiceJet,,2022-02-20,21:50,23:50,2h,120,Economy,5881.0,,,,,False
data.csv,2022_real_observations,MAA,MAA,BOM,BOM,MAA-BOM,IndiGo,IndiGo,,2022-02-20,22:15,00:20,2h 05m,125,Economy,6304.0,,,,,False
data.csv,2022_real_observations,MAA,MAA,BOM,BOM,MAA-BOM,Vistara,Vistara,,2022-02-20,20:30,22:35,2h 05m,125,Economy,6965.0,,,,,False
data.csv,2022_real_observations,MAA,MAA,BOM,BOM,MAA-BOM,IndiGo,IndiGo,,2022-02-20,18:45,20:45,2h,120,Economy,7772.0,,,,,False
data.csv,2022_real_observations,MAA,MAA,BOM,BOM,MAA-BOM,IndiGo,IndiGo,,2022-02-20,17:50,19:45,1h 55m,115,Economy,9872.0,,,,,False
data.csv,2022_real_observations,MAA,MAA,BOM,BOM,MAA-BOM,Air India,Air India,,2022-02-20,06:20,08:05,1h 45m,105,Economy,5883.0,,,,,False
data.csv,2022_real_observations,MAA,MAA,BOM,BOM,MAA-BOM,Vistara,Vistara,,2022-02-20,07:00,09:00,2h,120,Economy,6189.0,,,,,False
data.csv,2022_real_observations,MAA,MAA,BOM,BOM,MAA-BOM,IndiGo,IndiGo,,2022-02-20,07:05,09:05,2h,120,Economy,6092.0,,,,,False
data.csv,2022_real_observations,MAA,MAA,BOM,BOM,MAA-BOM,Vistara,Vistara,,2022-02-20,09:45,11:40,1h 55m,115,Economy,6965.0,,,,,False
data.csv,2022_real_observations,MAA,MAA,BOM,BOM,MAA-BOM,Vistara,Vistara,,2022-02-20,12:30,14:30,2h,120,Economy,6965.0,,,,,False
data.csv,2022_real_observations,MAA,MAA,BOM,BOM,MAA-BOM,IndiGo,IndiGo,,2022-02-20,09:40,11:35,1h 55m,115,Economy,7142.0,,,,,False
data.csv,2022_real_observations,MAA,MAA,BOM,BOM,MAA-BOM,IndiGo,IndiGo,,2022-02-20,13:10,15:05,1h 55m,115,Economy,8192.0,,,,,False
data.csv,2022_real_observations,BOM,BOM,MAA,MAA,BOM-MAA,SpiceJet,SpiceJet,,2022-02-20,19:30,21:20,1h 50m,110,Economy,5942.0,,,,,False
data.csv,2022_real_observations,BOM,BOM,MAA,MAA,BOM-MAA,Go First,Go First,,2022-02-20,20:15,22:20,2h 05m,125,Economy,5779.0,,,,,True
data.csv,2022_real_observations,BOM,BOM,MAA,MAA,BOM-MAA,Vistara,Vistara,,2022-02-20,21:00,23:05,2h 05m,125,Economy,6360.0,,,,,False
data.csv,2022_real_observations,BOM,BOM,MAA,MAA,BOM-MAA,Vistara,Vistara,,2022-02-20,17:50,19:55,2h 05m,125,Economy,6693.0,,,,,False
data.csv,2022_real_observations,BOM,BOM,MAA,MAA,BOM-MAA,IndiGo,IndiGo,,2022-02-20,21:25,23:15,1h 50m,110,Economy,7518.0,,,,,False
data.csv,2022_real_observations,BOM,BOM,MAA,MAA,BOM-MAA,IndiGo,IndiGo,,2022-02-20,15:15,17:10,1h 55m,115,Economy,7518.0,,,,,False
data.csv,2022_real_observations,BOM,BOM,MAA,MAA,BOM-MAA,IndiGo,IndiGo,,2022-02-20,16:25,18:15,1h 50m,110,Economy,7833.0,,,,,False
data.csv,2022_real_observations,BOM,BOM,MAA,MAA,BOM-MAA,IndiGo,IndiGo,,2022-02-20,19:30,21:35,2h 05m,125,Economy,9093.0,,,,,False
data.csv,2022_real_observations,BOM,BOM,MAA,MAA,BOM-MAA,Go First,Go First,,2022-02-21,05:50,07:40,1h 50m,110,Economy,1888.0,,,,,True
data.csv,2022_real_observations,BOM,BOM,MAA,MAA,BOM-MAA,IndiGo,IndiGo,,2022-02-21,04:35,06:30,1h 55m,115,Economy,1890.0,,,,,False
data.csv,2022_real_observations,BOM,BOM,MAA,MAA,BOM-MAA,Vistara,Vistara,,2022-02-21,06:45,08:50,2h 05m,125,Economy,2309.0,,,,,False
data.csv,2022_real_observations,BOM,BOM,MAA,MAA,BOM-MAA,SpiceJet,SpiceJet,,2022-02-21,06:00,08:00,2h,120,Economy,2194.0,,,,,False
data.csv,2022_real_observations,BOM,BOM,MAA,MAA,BOM-MAA,Vistara,Vistara,,2022-02-21,09:45,11:50,2h 05m,125,Economy,2733.0,,,,,False
data.csv,2022_real_observations,BOM,BOM,MAA,MAA,BOM-MAA,IndiGo,IndiGo,,2022-02-21,10:30,12:30,2h,120,Economy,2773.0,,,,,False
data.csv,2022_real_observations,BOM,BOM,MAA,MAA,BOM-MAA,IndiGo,IndiGo,,2022-02-21,07:15,09:15,2h,120,Economy,5681.0,,,,,False
data.csv,2022_real_observations,MAA,MAA,BOM,BOM,MAA-BOM,Vistara,Vistara,,2022-02-21,20:30,22:35,2h 05m,125,Economy,1916.0,,,,,False
data.csv,2022_real_observations,MAA,MAA,BOM,BOM,MAA-BOM,IndiGo,IndiGo,,2022-02-21,22:15,00:20,2h 05m,125,Economy,1830.0,,,,,False
data.csv,2022_real_observations,MAA,MAA,BOM,BOM,MAA-BOM,SpiceJet,SpiceJet,,2022-02-21,21:50,23:50,2h,120,Economy,2100.0,,,,,False
data.csv,2022_real_observations,MAA,MAA,BOM,BOM,MAA-BOM,IndiGo,IndiGo,,2022-02-21,17:50,19:45,1h 55m,115,Economy,2681.0,,,,,False
data.csv,2022_real_observations,MAA,MAA,BOM,BOM,MAA-BOM,IndiGo,IndiGo,,2022-02-21,18:45,20:45,2h,120,Economy,2681.0,,,,,False
data.csv,2022_real_observations,MAA,MAA,BOM,BOM,MAA-BOM,Vistara,Vistara,,2022-02-21,09:45,11:40,1h 55m,115,Economy,1916.0,,,,,False
data.csv,2022_real_observations,MAA,MAA,BOM,BOM,MAA-BOM,Vistara,Vistara,,2022-02-21,12:30,14:30,2h,120,Economy,1916.0,,,,,False
data.csv,2022_real_observations,MAA,MAA,BOM,BOM,MAA-BOM,IndiGo,IndiGo,,2022-02-21,04:45,06:35,1h 50m,110,Economy,1830.0,,,,,False
data.csv,2022_real_observations,MAA,MAA,BOM,BOM,MAA-BOM,IndiGo,IndiGo,,2022-02-21,09:40,11:35,1h 55m,115,Economy,1939.0,,,,,False
data.csv,2022_real_observations,MAA,MAA,BOM,BOM,MAA-BOM,Go First,Go First,,2022-02-21,13:45,15:40,1h 55m,115,Economy,2029.0,,,,,True
data.csv,2022_real_observations,MAA,MAA,BOM,BOM,MAA-BOM,SpiceJet,SpiceJet,,2022-02-21,06:25,08:20,1h 55m,115,Economy,2100.0,,,,,False
data.csv,2022_real_observations,MAA,MAA,BOM,BOM,MAA-BOM,Vistara,Vistara,,2022-02-21,07:00,09:00,2h,120,Economy,2249.0,,,,,False
data.csv,2022_real_observations,MAA,MAA,BOM,BOM,MAA-BOM,IndiGo,IndiGo,,2022-02-21,07:05,09:05,2h,120,Economy,2365.0,,,,,False
data.csv,2022_real_observations,MAA,MAA,BOM,BOM,MAA-BOM,Air India,Air India,,2022-02-21,14:55,17:05,2h 10m,130,Economy,2828.0,,,,,False
data.csv,2022_real_observations,MAA,MAA,BOM,BOM,MAA-BOM,Go First,Go First,,2022-02-21,05:00,06:50,1h 50m,110,Economy,3013.0,,,,,True
data.csv,2022_real_observations,MAA,MAA,BOM,BOM,MAA-BOM,IndiGo,IndiGo,,2022-02-21,13:10,15:05,1h 55m,115,Economy,3101.0,,,,,False
data.csv,2022_real_observations,BOM,BOM,MAA,MAA,BOM-MAA,Vistara,Vistara,,2022-02-21,21:00,23:05,2h 05m,125,Economy,1976.0,,,,,False
data.csv,2022_real_observations,BOM,BOM,MAA,MAA,BOM-MAA,Go First,Go First,,2022-02-21,20:15,22:20,2h 05m,125,Economy,1888.0,,,,,True
data.csv,2022_real_observations,BOM,BOM,MAA,MAA,BOM-MAA,SpiceJet,SpiceJet,,2022-02-21,19:30,21:20,1h 50m,110,Economy,2194.0,,,,,False
data.csv,2022_real_observations,BOM,BOM,MAA,MAA,BOM-MAA,IndiGo,IndiGo,,2022-02-21,19:30,21:35,2h 05m,125,Economy,2006.0,,,,,False
data.csv,2022_real_observations,BOM,BOM,MAA,MAA,BOM-MAA,IndiGo,IndiGo,,2022-02-21,16:25,18:15,1h 50m,110,Economy,2773.0,,,,,False
data.csv,2022_real_observations,BOM,BOM,MAA,MAA,BOM-MAA,Vistara,Vistara,,2022-02-21,17:50,19:55,2h 05m,125,Economy,2733.0,,,,,False
data.csv,2022_real_observations,BOM,BOM,MAA,MAA,BOM-MAA,IndiGo,IndiGo,,2022-02-21,15:15,17:10,1h 55m,115,Economy,2773.0,,,,,False
data.csv,2022_real_observations,BOM,BOM,MAA,MAA,BOM-MAA,IndiGo,IndiGo,,2022-02-21,21:25,23:15,1h 50m,110,Economy,4631.0,,,,,False
data.csv,2022_real_observations,BOM,BOM,MAA,MAA,BOM-MAA,Air India,Air India,,2022-02-22,09:00,10:55,1h 55m,115,Economy,1890.0,,,,,False
data.csv,2022_real_observations,BOM,BOM,MAA,MAA,BOM-MAA,Air India,Air India,,2022-02-22,05:20,07:20,2h,120,Economy,1890.0,,,,,False
data.csv,2022_real_observations,BOM,BOM,MAA,MAA,BOM-MAA,Go First,Go First,,2022-02-22,05:50,07:40,1h 50m,110,Economy,1888.0,,,,,True
data.csv,2022_real_observations,BOM,BOM,MAA,MAA,BOM-MAA,Vistara,Vistara,,2022-02-22,06:45,08:50,2h 05m,125,Economy,1976.0,,,,,False
data.csv,2022_real_observations,BOM,BOM,MAA,MAA,BOM-MAA,Vistara,Vistara,,2022-02-22,09:45,11:50,2h 05m,125,Economy,1976.0,,,,,False
data.csv,2022_real_observations,BOM,BOM,MAA,MAA,BOM-MAA,IndiGo,IndiGo,,2022-02-22,04:35,06:30,1h 55m,115,Economy,1890.0,,,,,False
data.csv,2022_real_observations,BOM,BOM,MAA,MAA,BOM-MAA,IndiGo,IndiGo,,2022-02-22,10:30,12:30,2h,120,Economy,2006.0,,,,,False
data.csv,2022_real_observations,BOM,BOM,MAA,MAA,BOM-MAA,SpiceJet,SpiceJet,,2022-02-22,06:00,08:00,2h,120,Economy,2194.0,,,,,False
data.csv,2022_real_observations,BOM,BOM,MAA,MAA,BOM-MAA,IndiGo,IndiGo,,2022-02-22,07:15,09:15,2h,120,Economy,2773.0,,,,,False
data.csv,2022_real_observations,MAA,MAA,BOM,BOM,MAA-BOM,IndiGo,IndiGo,,2022-02-22,17:50,19:45,1h 55m,115,Economy,1830.0,,,,,False
data.csv,2022_real_observations,MAA,MAA,BOM,BOM,MAA-BOM,Vistara,Vistara,,2022-02-22,20:30,22:35,2h 05m,125,Economy,1916.0,,,,,False
data.csv,2022_real_observations,MAA,MAA,BOM,BOM,MAA-BOM,Air India,Air India,,2022-02-22,16:05,18:15,2h 10m,130,Economy,1830.0,,,,,False
data.csv,2022_real_observations,MAA,MAA,BOM,BOM,MAA-BOM,IndiGo,IndiGo,,2022-02-22,22:15,00:20,2h 05m,125,Economy,1830.0,,,,,False
data.csv,2022_real_observations,MAA,MAA,BOM,BOM,MAA-BOM,IndiGo,IndiGo,,2022-02-22,18:45,20:45,2h,120,Economy,1939.0,,,,,False
data.csv,2022_real_observations,MAA,MAA,BOM,BOM,MAA-BOM,SpiceJet,SpiceJet,,2022-02-22,21:50,23:50,2h,120,Economy,2100.0,,,,,False
data.csv,2022_real_observations,MAA,MAA,BOM,BOM,MAA-BOM,Air India,Air India,,2022-02-22,06:20,08:05,1h 45m,105,Economy,1830.0,,,,,False
data.csv,2022_real_observations,MAA,MAA,BOM,BOM,MAA-BOM,Vistara,Vistara,,2022-02-22,09:45,11:40,1h 55m,115,Economy,1916.0,,,,,False
data.csv,2022_real_observations,MAA,MAA,BOM,BOM,MAA-BOM,Go First,Go First,,2022-02-22,05:00,06:50,1h 50m,110,Economy,1828.0,,,,,True
data.csv,2022_real_observations,MAA,MAA,BOM,BOM,MAA-BOM,Vistara,Vistara,,2022-02-22,07:00,09:00,2h,120,Economy,1916.0,,,,,False
data.csv,2022_real_observations,MAA,MAA,BOM,BOM,MAA-BOM,Vistara,Vistara,,2022-02-22,12:30,14:30,2h,120,Economy,1916.0,,,,,False
data.csv,2022_real_observations,MAA,MAA,BOM,BOM,MAA-BOM,IndiGo,IndiGo,,2022-02-22,13:10,15:05,1h 55m,115,Economy,1830.0,,,,,False
data.csv,2022_real_observations,MAA,MAA,BOM,BOM,MAA-BOM,IndiGo,IndiGo,,2022-02-22,04:45,06:35,1h 50m,110,Economy,1830.0,,,,,False
data.csv,2022_real_observations,MAA,MAA,BOM,BOM,MAA-BOM,Go First,Go First,,2022-02-22,13:45,15:40,1h 55m,115,Economy,1828.0,,,,,True
data.csv,2022_real_observations,MAA,MAA,BOM,BOM,MAA-BOM,IndiGo,IndiGo,,2022-02-22,07:05,09:05,2h,120,Economy,1939.0,,,,,False
data.csv,2022_real_observations,MAA,MAA,BOM,BOM,MAA-BOM,IndiGo,IndiGo,,2022-02-22,09:40,11:35,1h 55m,115,Economy,2152.0,,,,,False
data.csv,2022_real_observations,BOM,BOM,MAA,MAA,BOM-MAA,IndiGo,IndiGo,,2022-02-22,16:25,18:15,1h 50m,110,Economy,1890.0,,,,,False
data.csv,2022_real_observations,BOM,BOM,MAA,MAA,BOM-MAA,IndiGo,IndiGo,,2022-02-22,15:15,17:10,1h 55m,115,Economy,1890.0,,,,,False
data.csv,2022_real_observations,BOM,BOM,MAA,MAA,BOM-MAA,IndiGo,IndiGo,,2022-02-22,21:25,23:15,1h 50m,110,Economy,2006.0,,,,,False
data.csv,2022_real_observations,BOM,BOM,MAA,MAA,BOM-MAA,Vistara,Vistara,,2022-02-22,17:50,19:55,2h 05m,125,Economy,1976.0,,,,,False
data.csv,2022_real_observations,BOM,BOM,MAA,MAA,BOM-MAA,Vistara,Vistara,,2022-02-22,21:00,23:05,2h 05m,125,Economy,1976.0,,,,,False
data.csv,2022_real_observations,BOM,BOM,MAA,MAA,BOM-MAA,IndiGo,IndiGo,,2022-02-22,19:30,21:35,2h 05m,125,Economy,1890.0,,,,,False
data.csv,2022_real_observations,BOM,BOM,MAA,MAA,BOM-MAA,Go First,Go First,,2022-02-22,20:15,22:20,2h 05m,125,Economy,1888.0,,,,,True
data.csv,2022_real_observations,BOM,BOM,MAA,MAA,BOM-MAA,SpiceJet,SpiceJet,,2022-02-22,19:30,21:20,1h 50m,110,Economy,2194.0,,,,,False
data.csv,2022_real_observations,BOM,BOM,MAA,MAA,BOM-MAA,Air India,Air India,,2022-02-23,09:00,10:55,1h 55m,115,Economy,1890.0,,,,,False
data.csv,2022_real_observations,BOM,BOM,MAA,MAA,BOM-MAA,Air India,Air India,,2022-02-23,05:20,07:20,2h,120,Economy,1890.0,,,,,False
data.csv,2022_real_observations,BOM,BOM,MAA,MAA,BOM-MAA,Go First,Go First,,2022-02-23,05:50,07:40,1h 50m,110,Economy,1890.0,,,,,True
data.csv,2022_real_observations,BOM,BOM,MAA,MAA,BOM-MAA,Vistara,Vistara,,2022-02-23,06:45,08:50,2h 05m,125,Economy,1976.0,,,,,False
data.csv,2022_real_observations,BOM,BOM,MAA,MAA,BOM-MAA,Vistara,Vistara,,2022-02-23,09:45,11:50,2h 05m,125,Economy,1976.0,,,,,False
data.csv,2022_real_observations,BOM,BOM,MAA,MAA,BOM-MAA,IndiGo,IndiGo,,2022-02-23,04:35,06:30,1h 55m,115,Economy,1890.0,,,,,False
data.csv,2022_real_observations,BOM,BOM,MAA,MAA,BOM-MAA,IndiGo,IndiGo,,2022-02-23,07:15,09:15,2h,120,Economy,2006.0,,,,,False
data.csv,2022_real_observations,BOM,BOM,MAA,MAA,BOM-MAA,IndiGo,IndiGo,,2022-02-23,10:30,12:30,2h,120,Economy,2006.0,,,,,False
data.csv,2022_real_observations,BOM,BOM,MAA,MAA,BOM-MAA,SpiceJet,SpiceJet,,2022-02-23,06:00,08:00,2h,120,Economy,2194.0,,,,,False
data.csv,2022_real_observations,MAA,MAA,BOM,BOM,MAA-BOM,Vistara,Vistara,,2022-02-23,20:30,22:35,2h 05m,125,Economy,1916.0,,,,,False
data.csv,2022_real_observations,MAA,MAA,BOM,BOM,MAA-BOM,IndiGo,IndiGo,,2022-02-23,18:45,20:45,2h,120,Economy,1830.0,,,,,False
data.csv,2022_real_observations,MAA,MAA,BOM,BOM,MAA-BOM,IndiGo,IndiGo,,2022-02-23,22:15,00:20,2h 05m,125,Economy,1830.0,,,,,False
data.csv,2022_real_observations,MAA,MAA,BOM,BOM,MAA-BOM,IndiGo,IndiGo,,2022-02-23,17:50,19:45,1h 55m,115,Economy,2152.0,,,,,False
data.csv,2022_real_observations,MAA,MAA,BOM,BOM,MAA-BOM,SpiceJet,SpiceJet,,2022-02-23,21:50,23:50,2h,120,Economy,2100.0,,,,,False
data.csv,2022_real_observations,MAA,MAA,BOM,BOM,MAA-BOM,Air India,Air India,,2022-02-23,06:20,08:05,1h 45m,105,Economy,1830.0,,,,,False
data.csv,2022_real_observations,MAA,MAA,BOM,BOM,MAA-BOM,Vistara,Vistara,,2022-02-23,09:45,11:40,1h 55m,115,Economy,1916.0,,,,,False
data.csv,2022_real_observations,MAA,MAA,BOM,BOM,MAA-BOM,Go First,Go First,,2022-02-23,05:00,06:50,1h 50m,110,Economy,1830.0,,,,,True
data.csv,2022_real_observations,MAA,MAA,BOM,BOM,MAA-BOM,Vistara,Vistara,,2022-02-23,07:00,09:00,2h,120,Economy,1916.0,,,,,False
data.csv,2022_real_observations,MAA,MAA,BOM,BOM,MAA-BOM,Vistara,Vistara,,2022-02-23,12:30,14:30,2h,120,Economy,1916.0,,,,,False
data.csv,2022_real_observations,MAA,MAA,BOM,BOM,MAA-BOM,IndiGo,IndiGo,,2022-02-23,09:40,11:35,1h 55m,115,Economy,1830.0,,,,,False
data.csv,2022_real_observations,MAA,MAA,BOM,BOM,MAA-BOM,IndiGo,IndiGo,,2022-02-23,04:45,06:35,1h 50m,110,Economy,1830.0,,,,,False
data.csv,2022_real_observations,MAA,MAA,BOM,BOM,MAA-BOM,Air India,Air India,,2022-02-23,14:55,17:05,2h 10m,130,Economy,1830.0,,,,,False
data.csv,2022_real_observations,MAA,MAA,BOM,BOM,MAA-BOM,IndiGo,IndiGo,,2022-02-23,07:05,09:05,2h,120,Economy,1830.0,,,,,False
data.csv,2022_real_observations,MAA,MAA,BOM,BOM,MAA-BOM,IndiGo,IndiGo,,2022-02-23,13:10,15:05,1h 55m,115,Economy,1939.0,,,,,False
data.csv,2022_real_observations,MAA,MAA,BOM,BOM,MAA-BOM,Go First,Go First,,2022-02-23,13:45,15:40,1h 55m,115,Economy,2031.0,,,,,True
data.csv,2022_real_observations,MAA,MAA,BOM,BOM,MAA-BOM,SpiceJet,SpiceJet,,2022-02-23,06:25,08:20,1h 55m,115,Economy,2100.0,,,,,False
data.csv,2022_real_observations,BOM,BOM,MAA,MAA,BOM-MAA,IndiGo,IndiGo,,2022-02-23,21:25,23:15,1h 50m,110,Economy,1890.0,,,,,False
data.csv,2022_real_observations,BOM,BOM,MAA,MAA,BOM-MAA,IndiGo,IndiGo,,2022-02-23,16:25,18:15,1h 50m,110,Economy,1890.0,,,,,False
data.csv,2022_real_observations,BOM,BOM,MAA,MAA,BOM-MAA,IndiGo,IndiGo,,2022-02-23,15:15,17:10,1h 55m,115,Economy,1890.0,,,,,False
data.csv,2022_real_observations,BOM,BOM,MAA,MAA,BOM-MAA,Vistara,Vistara,,2022-02-23,17:50,19:55,2h 05m,125,Economy,1976.0,,,,,False
data.csv,2022_real_observations,BOM,BOM,MAA,MAA,BOM-MAA,Vistara,Vistara,,2022-02-23,21:00,23:05,2h 05m,125,Economy,1976.0,,,,,False
data.csv,2022_real_observations,BOM,BOM,MAA,MAA,BOM-MAA,IndiGo,IndiGo,,2022-02-23,19:30,21:35,2h 05m,125,Economy,1890.0,,,,,False
data.csv,2022_real_observations,BOM,BOM,MAA,MAA,BOM-MAA,Go First,Go First,,2022-02-23,20:15,22:20,2h 05m,125,Economy,1890.0,,,,,True
data.csv,2022_real_observations,BOM,BOM,MAA,MAA,BOM-MAA,SpiceJet,SpiceJet,,2022-02-23,19:30,21:20,1h 50m,110,Economy,2194.0,,,,,False
data.csv,2022_real_observations,BOM,BOM,MAA,MAA,BOM-MAA,Air India,Air India,,2022-02-24,09:00,10:55,1h 55m,115,Economy,1890.0,,,,,False
data.csv,2022_real_observations,BOM,BOM,MAA,MAA,BOM-MAA,Air India,Air India,,2022-02-24,05:20,07:20,2h,120,Economy,1890.0,,,,,False
data.csv,2022_real_observations,BOM,BOM,MAA,MAA,BOM-MAA,Go First,Go First,,2022-02-24,05:50,07:40,1h 50m,110,Economy,1888.0,,,,,True
data.csv,2022_real_observations,BOM,BOM,MAA,MAA,BOM-MAA,Vistara,Vistara,,2022-02-24,06:45,08:50,2h 05m,125,Economy,1976.0,,,,,False
data.csv,2022_real_observations,BOM,BOM,MAA,MAA,BOM-MAA,Vistara,Vistara,,2022-02-24,09:45,11:50,2h 05m,125,Economy,1976.0,,,,,False
data.csv,2022_real_observations,BOM,BOM,MAA,MAA,BOM-MAA,IndiGo,IndiGo,,2022-02-24,10:30,12:30,2h,120,Economy,1890.0,,,,,False
data.csv,2022_real_observations,BOM,BOM,MAA,MAA,BOM-MAA,IndiGo,IndiGo,,2022-02-24,04:35,06:30,1h 55m,115,Economy,1890.0,,,,,False
data.csv,2022_real_observations,BOM,BOM,MAA,MAA,BOM-MAA,IndiGo,IndiGo,,2022-02-24,07:15,09:15,2h,120,Economy,2006.0,,,,,False
data.csv,2022_real_observations,BOM,BOM,MAA,MAA,BOM-MAA,SpiceJet,SpiceJet,,2022-02-24,06:00,08:00,2h,120,Economy,2194.0,,,,,False
data.csv,2022_real_observations,MAA,MAA,BOM,BOM,MAA-BOM,Vistara,Vistara,,2022-02-24,20:30,22:35,2h 05m,125,Economy,1916.0,,,,,False
data.csv,2022_real_observations,MAA,MAA,BOM,BOM,MAA-BOM,IndiGo,IndiGo,,2022-02-24,18:45,20:45,2h,120,Economy,1830.0,,,,,False
data.csv,2022_real_observations,MAA,MAA,BOM,BOM,MAA-BOM,IndiGo,IndiGo,,2022-02-24,17:50,19:45,1h 55m,115,Economy,1939.0,,,,,False
data.csv,2022_real_observations,MAA,MAA,BOM,BOM,MAA-BOM,IndiGo,IndiGo,,2022-02-24,22:15,00:20,2h 05m,125,Economy,1830.0,,,,,False
data.csv,2022_real_observations,MAA,MAA,BOM,BOM,MAA-BOM,SpiceJet,SpiceJet,,2022-02-24,21:50,23:50,2h,120,Economy,2100.0,,,,,False
data.csv,2022_real_observations,MAA,MAA,BOM,BOM,MAA-BOM,Air India,Air India,,2022-02-24,06:20,08:05,1h 45m,105,Economy,1830.0,,,,,False
data.csv,2022_real_observations,MAA,MAA,BOM,BOM,MAA-BOM,Vistara,Vistara,,2022-02-24,09:45,11:40,1h 55m,115,Economy,1916.0,,,,,False
data.csv,2022_real_observations,MAA,MAA,BOM,BOM,MAA-BOM,Go First,Go First,,2022-02-24,05:00,06:50,1h 50m,110,Economy,1828.0,,,,,True
data.csv,2022_real_observations,MAA,MAA,BOM,BOM,MAA-BOM,Vistara,Vistara,,2022-02-24,07:00,09:00,2h,120,Economy,1916.0,,,,,False
data.csv,2022_real_observations,MAA,MAA,BOM,BOM,MAA-BOM,Vistara,Vistara,,2022-02-24,12:30,14:30,2h,120,Economy,1916.0,,,,,False
data.csv,2022_real_observations,MAA,MAA,BOM,BOM,MAA-BOM,IndiGo,IndiGo,,2022-02-24,04:45,06:35,1h 50m,110,Economy,1830.0,,,,,False
data.csv,2022_real_observations,MAA,MAA,BOM,BOM,MAA-BOM,Go First,Go First,,2022-02-24,13:45,15:40,1h 55m,115,Economy,1828.0,,,,,True
data.csv,2022_real_observations,MAA,MAA,BOM,BOM,MAA-BOM,Air India,Air India,,2022-02-24,14:55,17:05,2h 10m,130,Economy,1830.0,,,,,False
data.csv,2022_real_observations,MAA,MAA,BOM,BOM,MAA-BOM,IndiGo,IndiGo,,2022-02-24,13:10,15:05,1h 55m,115,Economy,1939.0,,,,,False
data.csv,2022_real_observations,MAA,MAA,BOM,BOM,MAA-BOM,IndiGo,IndiGo,,2022-02-24,09:40,11:35,1h 55m,115,Economy,1939.0,,,,,False
data.csv,2022_real_observations,MAA,MAA,BOM,BOM,MAA-BOM,IndiGo,IndiGo,,2022-02-24,07:05,09:05,2h,120,Economy,1939.0,,,,,False
data.csv,2022_real_observations,MAA,MAA,BOM,BOM,MAA-BOM,SpiceJet,SpiceJet,,2022-02-24,06:25,08:20,1h 55m,115,Economy,2100.0,,,,,False
data.csv,2022_real_observations,BOM,BOM,MAA,MAA,BOM-MAA,Vistara,Vistara,,2022-02-24,17:50,19:55,2h 05m,125,Economy,1976.0,,,,,False
data.csv,2022_real_observations,BOM,BOM,MAA,MAA,BOM-MAA,Vistara,Vistara,,2022-02-24,21:00,23:05,2h 05m,125,Economy,1976.0,,,,,False
data.csv,2022_real_observations,BOM,BOM,MAA,MAA,BOM-MAA,Go First,Go First,,2022-02-24,20:15,22:20,2h 05m,125,Economy,1888.0,,,,,True
data.csv,2022_real_observations,BOM,BOM,MAA,MAA,BOM-MAA,SpiceJet,SpiceJet,,2022-02-24,19:30,21:20,1h 50m,110,Economy,2194.0,,,,,False
data.csv,2022_real_observations,BOM,BOM,MAA,MAA,BOM-MAA,Go First,Go First,,2022-02-25,05:50,07:40,1h 50m,110,Economy,1890.0,,,,,True
data.csv,2022_real_observations,BOM,BOM,MAA,MAA,BOM-MAA,Vistara,Vistara,,2022-02-25,06:45,08:50,2h 05m,125,Economy,1976.0,,,,,False
data.csv,2022_real_observations,BOM,BOM,MAA,MAA,BOM-MAA,Vistara,Vistara,,2022-02-25,09:45,11:50,2h 05m,125,Economy,1976.0,,,,,False
data.csv,2022_real_observations,BOM,BOM,MAA,MAA,BOM-MAA,IndiGo,IndiGo,,2022-02-25,10:30,12:30,2h,120,Economy,1890.0,,,,,False
data.csv,2022_real_observations,BOM,BOM,MAA,MAA,BOM-MAA,IndiGo,IndiGo,,2022-02-25,04:35,06:30,1h 55m,115,Economy,1890.0,,,,,False
data.csv,2022_real_observations,BOM,BOM,MAA,MAA,BOM-MAA,Air India,Air India,,2022-02-25,09:00,10:55,1h 55m,115,Economy,2153.0,,,,,False
data.csv,2022_real_observations,BOM,BOM,MAA,MAA,BOM-MAA,SpiceJet,SpiceJet,,2022-02-25,06:00,08:00,2h,120,Economy,2194.0,,,,,False
data.csv,2022_real_observations,BOM,BOM,MAA,MAA,BOM-MAA,IndiGo,IndiGo,,2022-02-25,07:15,09:15,2h,120,Economy,3175.0,,,,,False
data.csv,2022_real_observations,MAA,MAA,BOM,BOM,MAA-BOM,Vistara,Vistara,,2022-02-25,20:30,22:35,2h 05m,125,Economy,1916.0,,,,,False
data.csv,2022_real_observations,MAA,MAA,BOM,BOM,MAA-BOM,IndiGo,IndiGo,,2022-02-25,17:50,19:45,1h 55m,115,Economy,1939.0,,,,,False
data.csv,2022_real_observations,MAA,MAA,BOM,BOM,MAA-BOM,IndiGo,IndiGo,,2022-02-25,22:15,00:20,2h 05m,125,Economy,1830.0,,,,,False
data.csv,2022_real_observations,MAA,MAA,BOM,BOM,MAA-BOM,IndiGo,IndiGo,,2022-02-25,18:45,20:45,2h,120,Economy,1939.0,,,,,False
data.csv,2022_real_observations,MAA,MAA,BOM,BOM,MAA-BOM,SpiceJet,SpiceJet,,2022-02-25,21:50,23:50,2h,120,Economy,2100.0,,,,,False
data.csv,2022_real_observations,MAA,MAA,BOM,BOM,MAA-BOM,Vistara,Vistara,,2022-02-25,09:45,11:40,1h 55m,115,Economy,1916.0,,,,,False
data.csv,2022_real_observations,MAA,MAA,BOM,BOM,MAA-BOM,Go First,Go First,,2022-02-25,05:00,06:50,1h 50m,110,Economy,1830.0,,,,,True
data.csv,2022_real_observations,MAA,MAA,BOM,BOM,MAA-BOM,Vistara,Vistara,,2022-02-25,07:00,09:00,2h,120,Economy,1916.0,,,,,False
data.csv,2022_real_observations,MAA,MAA,BOM,BOM,MAA-BOM,Vistara,Vistara,,2022-02-25,12:30,14:30,2h,120,Economy,1916.0,,,,,False
data.csv,2022_real_observations,MAA,MAA,BOM,BOM,MAA-BOM,IndiGo,IndiGo,,2022-02-25,13:10,15:05,1h 55m,115,Economy,1830.0,,,,,False
data.csv,2022_real_observations,MAA,MAA,BOM,BOM,MAA-BOM,IndiGo,IndiGo,,2022-02-25,04:45,06:35,1h 50m,110,Economy,1830.0,,,,,False
data.csv,2022_real_observations,MAA,MAA,BOM,BOM,MAA-BOM,Go First,Go First,,2022-02-25,13:45,15:40,1h 55m,115,Economy,1830.0,,,,,True
data.csv,2022_real_observations,MAA,MAA,BOM,BOM,MAA-BOM,Air India,Air India,,2022-02-25,14:55,17:05,2h 10m,130,Economy,1830.0,,,,,False
data.csv,2022_real_observations,MAA,MAA,BOM,BOM,MAA-BOM,IndiGo,IndiGo,,2022-02-25,09:40,11:35,1h 55m,115,Economy,1939.0,,,,,False
data.csv,2022_real_observations,MAA,MAA,BOM,BOM,MAA-BOM,IndiGo,IndiGo,,2022-02-25,07:05,09:05,2h,120,Economy,1939.0,,,,,False
data.csv,2022_real_observations,BOM,BOM,MAA,MAA,BOM-MAA,Vistara,Vistara,,2022-02-25,17:50,19:55,2h 05m,125,Economy,1976.0,,,,,False
data.csv,2022_real_observations,BOM,BOM,MAA,MAA,BOM-MAA,Vistara,Vistara,,2022-02-25,21:00,23:05,2h 05m,125,Economy,1976.0,,,,,False
data.csv,2022_real_observations,BOM,BOM,MAA,MAA,BOM-MAA,SpiceJet,SpiceJet,,2022-02-25,19:30,21:20,1h 50m,110,Economy,2194.0,,,,,False
data.csv,2022_real_observations,BOM,BOM,MAA,MAA,BOM-MAA,Air India,Air India,,2022-02-26,05:20,07:20,2h,120,Economy,1890.0,,,,,False
data.csv,2022_real_observations,BOM,BOM,MAA,MAA,BOM-MAA,Go First,Go First,,2022-02-26,05:50,07:40,1h 50m,110,Economy,1888.0,,,,,True
data.csv,2022_real_observations,BOM,BOM,MAA,MAA,BOM-MAA,Vistara,Vistara,,2022-02-26,09:45,11:50,2h 05m,125,Economy,1976.0,,,,,False
data.csv,2022_real_observations,BOM,BOM,MAA,MAA,BOM-MAA,IndiGo,IndiGo,,2022-02-26,04:35,06:30,1h 55m,115,Economy,1890.0,,,,,False
data.csv,2022_real_observations,BOM,BOM,MAA,MAA,BOM-MAA,Vistara,Vistara,,2022-02-26,06:45,08:50,2h 05m,125,Economy,2309.0,,,,,False
data.csv,2022_real_observations,BOM,BOM,MAA,MAA,BOM-MAA,SpiceJet,SpiceJet,,2022-02-26,06:00,08:00,2h,120,Economy,2194.0,,,,,False
data.csv,2022_real_observations,BOM,BOM,MAA,MAA,BOM-MAA,Air India,Air India,,2022-02-26,09:00,10:55,1h 55m,115,Economy,2468.0,,,,,False
data.csv,2022_real_observations,BOM,BOM,MAA,MAA,BOM-MAA,IndiGo,IndiGo,,2022-02-26,10:30,12:30,2h,120,Economy,2417.0,,,,,False
data.csv,2022_real_observations,BOM,BOM,MAA,MAA,BOM-MAA,IndiGo,IndiGo,,2022-02-26,07:15,09:15,2h,120,Economy,3896.0,,,,,False
data.csv,2022_real_observations,MAA,MAA,BOM,BOM,MAA-BOM,Vistara,Vistara,,2022-02-26,20:30,22:35,2h 05m,125,Economy,1916.0,,,,,False
data.csv,2022_real_observations,MAA,MAA,BOM,BOM,MAA-BOM,Air India,Air India,,2022-02-26,16:05,18:15,2h 10m,130,Economy,1830.0,,,,,False
data.csv,2022_real_observations,MAA,MAA,BOM,BOM,MAA-BOM,IndiGo,IndiGo,,2022-02-26,18:45,20:45,2h,120,Economy,1830.0,,,,,False
data.csv,2022_real_observations,MAA,MAA,BOM,BOM,MAA-BOM,IndiGo,IndiGo,,2022-02-26,17:50,19:45,1h 55m,115,Economy,1939.0,,,,,False
data.csv,2022_real_observations,MAA,MAA,BOM,BOM,MAA-BOM,IndiGo,IndiGo,,2022-02-26,22:15,00:20,2h 05m,125,Economy,1830.0,,,,,False
data.csv,2022_real_observations,MAA,MAA,BOM,BOM,MAA-BOM,SpiceJet,SpiceJet,,2022-02-26,21:50,23:50,2h,120,Economy,2100.0,,,,,False
data.csv,2022_real_observations,MAA,MAA,BOM,BOM,MAA-BOM,Air India,Air India,,2022-02-26,06:20,08:05,1h 45m,105,Economy,1830.0,,,,,False
data.csv,2022_real_observations,MAA,MAA,BOM,BOM,MAA-BOM,Vistara,Vistara,,2022-02-26,09:45,11:40,1h 55m,115,Economy,1916.0,,,,,False
data.csv,2022_real_observations,MAA,MAA,BOM,BOM,MAA-BOM,Vistara,Vistara,,2022-02-26,07:00,09:00,2h,120,Economy,1916.0,,,,,False
data.csv,2022_real_observations,MAA,MAA,BOM,BOM,MAA-BOM,Vistara,Vistara,,2022-02-26,12:30,14:30,2h,120,Economy,1916.0,,,,,False
data.csv,2022_real_observations,MAA,MAA,BOM,BOM,MAA-BOM,IndiGo,IndiGo,,2022-02-26,09:40,11:35,1h 55m,115,Economy,1830.0,,,,,False
data.csv,2022_real_observations,MAA,MAA,BOM,BOM,MAA-BOM,Go First,Go First,,2022-02-26,13:45,15:40,1h 55m,115,Economy,2029.0,,,,,True
data.csv,2022_real_observations,MAA,MAA,BOM,BOM,MAA-BOM,SpiceJet,SpiceJet,,2022-02-26,06:25,08:20,1h 55m,115,Economy,2100.0,,,,,False
data.csv,2022_real_observations,MAA,MAA,BOM,BOM,MAA-BOM,IndiGo,IndiGo,,2022-02-26,13:10,15:05,1h 55m,115,Economy,2152.0,,,,,False
data.csv,2022_real_observations,MAA,MAA,BOM,BOM,MAA-BOM,IndiGo,IndiGo,,2022-02-26,07:05,09:05,2h,120,Economy,2365.0,,,,,False
data.csv,2022_real_observations,BOM,BOM,MAA,MAA,BOM-MAA,IndiGo,IndiGo,,2022-02-26,21:25,23:15,1h 50m,110,Economy,1890.0,,,,,False
data.csv,2022_real_observations,BOM,BOM,MAA,MAA,BOM-MAA,IndiGo,IndiGo,,2022-02-26,16:25,18:15,1h 50m,110,Economy,2006.0,,,,,False
data.csv,2022_real_observations,BOM,BOM,MAA,MAA,BOM-MAA,Vistara,Vistara,,2022-02-26,17:50,19:55,2h 05m,125,Economy,1976.0,,,,,False
data.csv,2022_real_observations,BOM,BOM,MAA,MAA,BOM-MAA,Vistara,Vistara,,2022-02-26,21:00,23:05,2h 05m,125,Economy,1976.0,,,,,False
data.csv,2022_real_observations,BOM,BOM,MAA,MAA,BOM-MAA,IndiGo,IndiGo,,2022-02-26,15:15,17:10,1h 55m,115,Economy,2006.0,,,,,False
data.csv,2022_real_observations,BOM,BOM,MAA,MAA,BOM-MAA,IndiGo,IndiGo,,2022-02-26,19:30,21:35,2h 05m,125,Economy,1890.0,,,,,False
data.csv,2022_real_observations,BOM,BOM,MAA,MAA,BOM-MAA,Go First,Go First,,2022-02-26,20:15,22:20,2h 05m,125,Economy,1888.0,,,,,True
data.csv,2022_real_observations,BOM,BOM,MAA,MAA,BOM-MAA,SpiceJet,SpiceJet,,2022-02-26,19:30,21:20,1h 50m,110,Economy,2194.0,,,,,False
data.csv,2022_real_observations,BOM,BOM,MAA,MAA,BOM-MAA,Air India,Air India,,2022-02-27,09:00,10:55,1h 55m,115,Economy,1890.0,,,,,False
data.csv,2022_real_observations,BOM,BOM,MAA,MAA,BOM-MAA,Air India,Air India,,2022-02-27,05:20,07:20,2h,120,Economy,1890.0,,,,,False
data.csv,2022_real_observations,BOM,BOM,MAA,MAA,BOM-MAA,Go First,Go First,,2022-02-27,05:50,07:40,1h 50m,110,Economy,1888.0,,,,,True
data.csv,2022_real_observations,BOM,BOM,MAA,MAA,BOM-MAA,Vistara,Vistara,,2022-02-27,06:45,08:50,2h 05m,125,Economy,1976.0,,,,,False
data.csv,2022_real_observations,BOM,BOM,MAA,MAA,BOM-MAA,Vistara,Vistara,,2022-02-27,09:45,11:50,2h 05m,125,Economy,1976.0,,,,,False
data.csv,2022_real_observations,BOM,BOM,MAA,MAA,BOM-MAA,IndiGo,IndiGo,,2022-02-27,07:15,09:15,2h,120,Economy,1890.0,,,,,False
data.csv,2022_real_observations,BOM,BOM,MAA,MAA,BOM-MAA,IndiGo,IndiGo,,2022-02-27,04:35,06:30,1h 55m,115,Economy,1890.0,,,,,False
data.csv,2022_real_observations,BOM,BOM,MAA,MAA,BOM-MAA,SpiceJet,SpiceJet,,2022-02-27,06:00,08:00,2h,120,Economy,1890.0,,,,,False
data.csv,2022_real_observations,BOM,BOM,MAA,MAA,BOM-MAA,IndiGo,IndiGo,,2022-02-27,10:30,12:30,2h,120,Economy,2006.0,,,,,False
data.csv,2022_real_observations,MAA,MAA,BOM,BOM,MAA-BOM,SpiceJet,SpiceJet,,2022-02-27,21:50,23:50,2h,120,Economy,2100.0,,,,,False
data.csv,2022_real_observations,MAA,MAA,BOM,BOM,MAA-BOM,IndiGo,IndiGo,,2022-02-27,22:15,00:20,2h 05m,125,Economy,2152.0,,,,,False
data.csv,2022_real_observations,MAA,MAA,BOM,BOM,MAA-BOM,Vistara,Vistara,,2022-02-27,20:30,22:35,2h 05m,125,Economy,2673.0,,,,,False
data.csv,2022_real_observations,MAA,MAA,BOM,BOM,MAA-BOM,IndiGo,IndiGo,,2022-02-27,17:50,19:45,1h 55m,115,Economy,3835.0,,,,,False
data.csv,2022_real_observations,MAA,MAA,BOM,BOM,MAA-BOM,Air India,Air India,,2022-02-27,06:20,08:05,1h 45m,105,Economy,1830.0,,,,,False
data.csv,2022_real_observations,MAA,MAA,BOM,BOM,MAA-BOM,Vistara,Vistara,,2022-02-27,09:45,11:40,1h 55m,115,Economy,1916.0,,,,,False
data.csv,2022_real_observations,MAA,MAA,BOM,BOM,MAA-BOM,Vistara,Vistara,,2022-02-27,07:00,09:00,2h,120,Economy,1916.0,,,,,False
data.csv,2022_real_observations,MAA,MAA,BOM,BOM,MAA-BOM,Vistara,Vistara,,2022-02-27,12:30,14:30,2h,120,Economy,1916.0,,,,,False
data.csv,2022_real_observations,MAA,MAA,BOM,BOM,MAA-BOM,IndiGo,IndiGo,,2022-02-27,09:40,11:35,1h 55m,115,Economy,1830.0,,,,,False
data.csv,2022_real_observations,MAA,MAA,BOM,BOM,MAA-BOM,IndiGo,IndiGo,,2022-02-27,04:45,06:35,1h 50m,110,Economy,1830.0,,,,,False
data.csv,2022_real_observations,MAA,MAA,BOM,BOM,MAA-BOM,Air India,Air India,,2022-02-27,14:55,17:05,2h 10m,130,Economy,1830.0,,,,,False
data.csv,2022_real_observations,MAA,MAA,BOM,BOM,MAA-BOM,IndiGo,IndiGo,,2022-02-27,13:10,15:05,1h 55m,115,Economy,1939.0,,,,,False
data.csv,2022_real_observations,MAA,MAA,BOM,BOM,MAA-BOM,IndiGo,IndiGo,,2022-02-27,07:05,09:05,2h,120,Economy,1939.0,,,,,False
data.csv,2022_real_observations,BOM,BOM,MAA,MAA,BOM-MAA,IndiGo,IndiGo,,2022-02-27,16:25,18:15,1h 50m,110,Economy,2006.0,,,,,False
data.csv,2022_real_observations,BOM,BOM,MAA,MAA,BOM-MAA,IndiGo,IndiGo,,2022-02-27,21:25,23:15,1h 50m,110,Economy,2006.0,,,,,False
data.csv,2022_real_observations,BOM,BOM,MAA,MAA,BOM-MAA,IndiGo,IndiGo,,2022-02-27,15:15,17:10,1h 55m,115,Economy,2006.0,,,,,False
data.csv,2022_real_observations,BOM,BOM,MAA,MAA,BOM-MAA,IndiGo,IndiGo,,2022-02-27,19:30,21:35,2h 05m,125,Economy,1890.0,,,,,False
data.csv,2022_real_observations,BOM,BOM,MAA,MAA,BOM-MAA,Go First,Go First,,2022-02-27,20:15,22:20,2h 05m,125,Economy,1888.0,,,,,True
data.csv,2022_real_observations,BOM,BOM,MAA,MAA,BOM-MAA,SpiceJet,SpiceJet,,2022-02-27,19:30,21:20,1h 50m,110,Economy,2194.0,,,,,False
data.csv,2022_real_observations,BOM,BOM,MAA,MAA,BOM-MAA,Air India,Air India,,2022-02-28,09:00,10:55,1h 55m,115,Economy,1890.0,,,,,False
data.csv,2022_real_observations,BOM,BOM,MAA,MAA,BOM-MAA,Go First,Go First,,2022-02-28,05:50,07:40,1h 50m,110,Economy,1888.0,,,,,True
data.csv,2022_real_observations,BOM,BOM,MAA,MAA,BOM-MAA,Vistara,Vistara,,2022-02-28,06:45,08:50,2h 05m,125,Economy,1976.0,,,,,False
data.csv,2022_real_observations,BOM,BOM,MAA,MAA,BOM-MAA,Vistara,Vistara,,2022-02-28,09:45,11:50,2h 05m,125,Economy,1976.0,,,,,False
data.csv,2022_real_observations,BOM,BOM,MAA,MAA,BOM-MAA,IndiGo,IndiGo,,2022-02-28,10:30,12:30,2h,120,Economy,1890.0,,,,,False
data.csv,2022_real_observations,BOM,BOM,MAA,MAA,BOM-MAA,IndiGo,IndiGo,,2022-02-28,04:35,06:30,1h 55m,115,Economy,1890.0,,,,,False
data.csv,2022_real_observations,BOM,BOM,MAA,MAA,BOM-MAA,SpiceJet,SpiceJet,,2022-02-28,06:00,08:00,2h,120,Economy,2194.0,,,,,False
data.csv,2022_real_observations,BOM,BOM,MAA,MAA,BOM-MAA,IndiGo,IndiGo,,2022-02-28,07:15,09:15,2h,120,Economy,2417.0,,,,,False
data.csv,2022_real_observations,MAA,MAA,BOM,BOM,MAA-BOM,Vistara,Vistara,,2022-02-28,20:30,22:35,2h 05m,125,Economy,1916.0,,,,,False
data.csv,2022_real_observations,MAA,MAA,BOM,BOM,MAA-BOM,IndiGo,IndiGo,,2022-02-28,17:50,19:45,1h 55m,115,Economy,1939.0,,,,,False
data.csv,2022_real_observations,MAA,MAA,BOM,BOM,MAA-BOM,IndiGo,IndiGo,,2022-02-28,22:15,00:20,2h 05m,125,Economy,1830.0,,,,,False
data.csv,2022_real_observations,MAA,MAA,BOM,BOM,MAA-BOM,IndiGo,IndiGo,,2022-02-28,18:45,20:45,2h,120,Economy,1939.0,,,,,False
data.csv,2022_real_observations,MAA,MAA,BOM,BOM,MAA-BOM,SpiceJet,SpiceJet,,2022-02-28,21:50,23:50,2h,120,Economy,2100.0,,,,,False
data.csv,2022_real_observations,MAA,MAA,BOM,BOM,MAA-BOM,Vistara,Vistara,,2022-02-28,09:45,11:40,1h 55m,115,Economy,1916.0,,,,,False
data.csv,2022_real_observations,MAA,MAA,BOM,BOM,MAA-BOM,Go First,Go First,,2022-02-28,05:00,06:50,1h 50m,110,Economy,1828.0,,,,,True
data.csv,2022_real_observations,MAA,MAA,BOM,BOM,MAA-BOM,Vistara,Vistara,,2022-02-28,07:00,09:00,2h,120,Economy,1916.0,,,,,False
data.csv,2022_real_observations,MAA,MAA,BOM,BOM,MAA-BOM,Vistara,Vistara,,2022-02-28,12:30,14:30,2h,120,Economy,1916.0,,,,,False
data.csv,2022_real_observations,MAA,MAA,BOM,BOM,MAA-BOM,IndiGo,IndiGo,,2022-02-28,04:45,06:35,1h 50m,110,Economy,1830.0,,,,,False
data.csv,2022_real_observations,MAA,MAA,BOM,BOM,MAA-BOM,Go First,Go First,,2022-02-28,13:45,15:40,1h 55m,115,Economy,1828.0,,,,,True
data.csv,2022_real_observations,MAA,MAA,BOM,BOM,MAA-BOM,Air India,Air India,,2022-02-28,14:55,17:05,2h 10m,130,Economy,1830.0,,,,,False
data.csv,2022_real_observations,MAA,MAA,BOM,BOM,MAA-BOM,IndiGo,IndiGo,,2022-02-28,09:40,11:35,1h 55m,115,Economy,1939.0,,,,,False
data.csv,2022_real_observations,MAA,MAA,BOM,BOM,MAA-BOM,IndiGo,IndiGo,,2022-02-28,13:10,15:05,1h 55m,115,Economy,1939.0,,,,,False
data.csv,2022_real_observations,MAA,MAA,BOM,BOM,MAA-BOM,SpiceJet,SpiceJet,,2022-02-28,06:25,08:20,1h 55m,115,Economy,2100.0,,,,,False
data.csv,2022_real_observations,MAA,MAA,BOM,BOM,MAA-BOM,IndiGo,IndiGo,,2022-02-28,07:05,09:05,2h,120,Economy,2152.0,,,,,False
data.csv,2022_real_observations,BOM,BOM,MAA,MAA,BOM-MAA,IndiGo,IndiGo,,2022-02-28,21:25,23:15,1h 50m,110,Economy,1890.0,,,,,False
data.csv,2022_real_observations,BOM,BOM,MAA,MAA,BOM-MAA,IndiGo,IndiGo,,2022-02-28,16:25,18:15,1h 50m,110,Economy,1890.0,,,,,False
data.csv,2022_real_observations,BOM,BOM,MAA,MAA,BOM-MAA,IndiGo,IndiGo,,2022-02-28,15:15,17:10,1h 55m,115,Economy,1890.0,,,,,False
data.csv,2022_real_observations,BOM,BOM,MAA,MAA,BOM-MAA,Vistara,Vistara,,2022-02-28,17:50,19:55,2h 05m,125,Economy,1976.0,,,,,False
data.csv,2022_real_observations,BOM,BOM,MAA,MAA,BOM-MAA,Vistara,Vistara,,2022-02-28,21:00,23:05,2h 05m,125,Economy,1976.0,,,,,False
data.csv,2022_real_observations,BOM,BOM,MAA,MAA,BOM-MAA,IndiGo,IndiGo,,2022-02-28,19:30,21:35,2h 05m,125,Economy,1890.0,,,,,False
data.csv,2022_real_observations,BOM,BOM,MAA,MAA,BOM-MAA,Go First,Go First,,2022-02-28,20:15,22:20,2h 05m,125,Economy,1888.0,,,,,True
data.csv,2022_real_observations,BOM,BOM,MAA,MAA,BOM-MAA,SpiceJet,SpiceJet,,2022-02-28,19:30,21:20,1h 50m,110,Economy,2194.0,,,,,False
