record_id,search_timestamp,travel_date,lead_time_days,source_platform,origin_iata,dest_iata,route,origin_raw,dest_raw,airline_standardized,airline_raw,flight_number,departure_time,arrival_time,duration_minutes,duration_raw,cabin_class,total_fare_inr,base_fare_inr,taxes_fees_inr,is_nonstop,raw_hash,stops
SCR_GF_1788930885_046,2026-09-09 10:44:31,2026-09-16,7,google_flights,DEL,BOM,DEL-BOM,DEL,BOM,IndiGo,IndiGo,,7:00 PM,9:25 PM,145.0,2 hr 25 min,Economy,7055.0,,,True,38e81e50fe20,
SCR_GF_1788931426_003,2026-09-09 10:53:32,2026-09-10,1,google_flights,DEL,BOM,DEL-BOM,DEL,BOM,Air India,Air India,,11:25 PM,1:50 AM,145.0,2 hr 25 min,Economy,6610.0,,,True,2ad274ffb164,
SCR_GF_1788931426_005,2026-09-09 10:53:32,2026-09-10,1,google_flights,DEL,BOM,DEL-BOM,DEL,BOM,IndiGo,IndiGo,,5:55 AM,11:35 AM,340.0,5 hr 40 min,Economy,6117.0,,,False,ef1fe8e505fb,
SCR_GF_1788931426_008,2026-09-09 10:53:32,2026-09-10,1,google_flights,DEL,BOM,DEL-BOM,DEL,BOM,IndiGo,IndiGo,,6:05 AM,8:20 AM,135.0,2 hr 15 min,Economy,6425.0,,,True,ec398290cf00,
SCR_GF_1788931426_009,2026-09-09 10:53:32,2026-09-10,1,google_flights,DEL,BOM,DEL-BOM,DEL,BOM,IndiGo,IndiGo,,8:45 AM,11:00 AM,135.0,2 hr 15 min,Economy,6425.0,,,True,e33535e8825a,
SCR_GF_1788931426_020,2026-09-09 10:53:32,2026-09-10,1,google_flights,DEL,BOM,DEL-BOM,DEL,BOM,Air India,Air India,,9:30 AM,12:00 PM,150.0,2 hr 30 min,Economy,6582.0,,,True,3154f8061c67,
SCR_GF_1788931426_021,2026-09-09 10:53:32,2026-09-10,1,google_flights,DEL,BOM,DEL-BOM,DEL,BOM,Air India,Air India,,12:00 PM,2:25 PM,145.0,2 hr 25 min,Economy,6582.0,,,True,a1dab359d9a9,
SCR_GF_1788931426_026,2026-09-09 10:53:32,2026-09-10,1,google_flights,DEL,BOM,DEL-BOM,DEL,BOM,Air India,Air India,,5:35 AM,8:05 AM,150.0,2 hr 30 min,Economy,6610.0,,,True,698a605068e4,
SCR_GF_1788931426_028,2026-09-09 10:53:32,2026-09-10,1,google_flights,DEL,BOM,DEL-BOM,DEL,BOM,Air India,Air India,,11:00 AM,1:25 PM,145.0,2 hr 25 min,Economy,6740.0,,,True,9fdaf7cb4cac,
SCR_GF_1788931426_029,2026-09-09 10:53:32,2026-09-10,1,google_flights,DEL,BOM,DEL-BOM,DEL,BOM,Air India,Air India,,3:30 PM,5:55 PM,145.0,2 hr 25 min,Economy,6740.0,,,True,d6ec4aac2ae3,
SCR_GF_1788931426_035,2026-09-09 10:53:32,2026-09-10,1,google_flights,DEL,BOM,DEL-BOM,DEL,BOM,Air India,Air India,,7:00 AM,9:25 AM,145.0,2 hr 25 min,Economy,6950.0,,,True,aeae0b257cc7,
SCR_GF_1788931426_036,2026-09-09 10:53:32,2026-09-10,1,google_flights,DEL,BOM,DEL-BOM,DEL,BOM,Air India,Air India,,7:30 AM,9:55 AM,145.0,2 hr 25 min,Economy,6950.0,,,True,2fa80a6e65ca,
SCR_GF_1788931426_037,2026-09-09 10:53:32,2026-09-10,1,google_flights,DEL,BOM,DEL-BOM,DEL,BOM,IndiGo,IndiGo,,7:15 AM,9:30 AM,135.0,2 hr 15 min,Economy,7055.0,,,True,f46302b96f9f,
SCR_GF_1788931426_038,2026-09-09 10:53:32,2026-09-10,1,google_flights,DEL,BOM,DEL-BOM,DEL,BOM,IndiGo,IndiGo,,8:00 AM,10:20 AM,140.0,2 hr 20 min,Economy,7055.0,,,True,beed2a98f5a1,
SCR_GF_1788931426_039,2026-09-09 10:53:32,2026-09-10,1,google_flights,DEL,BOM,DEL-BOM,DEL,BOM,IndiGo,IndiGo,,8:45 PM,11:00 PM,135.0,2 hr 15 min,Economy,7055.0,,,True,64db5e8f9580,
SCR_GF_1788931426_040,2026-09-09 10:53:32,2026-09-10,1,google_flights,DEL,BOM,DEL-BOM,DEL,BOM,Air India,Air India,,9:30 PM,11:55 PM,145.0,2 hr 25 min,Economy,7123.0,,,True,aab71c8cc72b,
SCR_GF_1788931426_041,2026-09-09 10:53:32,2026-09-10,1,google_flights,DEL,BOM,DEL-BOM,DEL,BOM,Air India,Air India,,9:00 AM,11:15 AM,135.0,2 hr 15 min,Economy,7212.0,,,True,6ce88c3c4435,
SCR_GF_1788931427_043,2026-09-09 10:53:32,2026-09-10,1,google_flights,DEL,BOM,DEL-BOM,DEL,BOM,Air India,Air India,,9:00 PM,11:20 PM,140.0,2 hr 20 min,Economy,7212.0,,,True,cced0cf6f3ff,
SCR_GF_1788931427_044,2026-09-09 10:53:32,2026-09-10,1,google_flights,DEL,BOM,DEL-BOM,DEL,BOM,Air India,Air India,,8:30 AM,10:45 AM,135.0,2 hr 15 min,Economy,7527.0,,,True,1f28dcf60d39,
SCR_GF_1788931427_045,2026-09-09 10:53:32,2026-09-10,1,google_flights,DEL,BOM,DEL-BOM,DEL,BOM,Air India,Air India,,8:30 PM,11:05 PM,155.0,2 hr 35 min,Economy,7527.0,,,True,f793f03043dc,
SCR_GF_1788931427_046,2026-09-09 10:53:32,2026-09-10,1,google_flights,DEL,BOM,DEL-BOM,DEL,BOM,Akasa Air,Akasa Air,,5:30 PM,7:45 PM,135.0,2 hr 15 min,Economy,7583.0,,,True,963e4563f9ad,
SCR_GF_1788931427_047,2026-09-09 10:53:32,2026-09-10,1,google_flights,DEL,BOM,DEL-BOM,DEL,BOM,IndiGo,IndiGo,,6:00 PM,8:15 PM,135.0,2 hr 15 min,Economy,7685.0,,,True,0056cc7feb7d,
SCR_GF_1788931427_048,2026-09-09 10:53:32,2026-09-10,1,google_flights,DEL,BOM,DEL-BOM,DEL,BOM,IndiGo,IndiGo,,8:00 PM,10:10 PM,130.0,2 hr 10 min,Economy,7685.0,,,True,27e44e15fe15,
SCR_GF_1788931427_049,2026-09-09 10:53:32,2026-09-10,1,google_flights,DEL,BOM,DEL-BOM,DEL,BOM,Air India,Air India,,8:00 PM,10:25 PM,145.0,2 hr 25 min,Economy,7779.0,,,True,d8019cc1d856,
SCR_GF_1788931427_050,2026-09-09 10:53:32,2026-09-10,1,google_flights,DEL,BOM,DEL-BOM,DEL,BOM,Air India,Air India,,6:30 AM,8:50 AM,140.0,2 hr 20 min,Economy,7842.0,,,True,47ad7dca2354,
SCR_GF_1788931427_051,2026-09-09 10:53:32,2026-09-10,1,google_flights,DEL,BOM,DEL-BOM,DEL,BOM,Akasa Air,Akasa Air,,6:50 AM,9:10 AM,140.0,2 hr 20 min,Economy,7851.0,,,True,e17b19b91ffb,
SCR_GF_1788931427_052,2026-09-09 10:53:32,2026-09-10,1,google_flights,DEL,BOM,DEL-BOM,DEL,BOM,Akasa Air,Akasa Air,,7:55 PM,10:20 PM,145.0,2 hr 25 min,Economy,9033.0,,,True,bae8a8ce8db6,
SCR_GF_1788931427_053,2026-09-09 10:53:32,2026-09-10,1,google_flights,DEL,BOM,DEL-BOM,DEL,BOM,Air India,Air India,,1:30 PM,3:50 PM,140.0,2 hr 20 min,Economy,9968.0,,,True,811f66c5a284,
SCR_GF_1788931427_054,2026-09-09 10:53:32,2026-09-10,1,google_flights,DEL,BOM,DEL-BOM,DEL,BOM,Air India,Air India,,7:30 PM,9:55 PM,145.0,2 hr 25 min,Economy,9968.0,,,True,18b7c437aed8,
SCR_GF_1788931427_055,2026-09-09 10:53:32,2026-09-10,1,google_flights,DEL,BOM,DEL-BOM,DEL,BOM,Air India,Air India,,6:00 PM,8:25 PM,145.0,2 hr 25 min,Economy,10152.0,,,True,6100347986c1,
SCR_GF_1788931427_056,2026-09-09 10:53:32,2026-09-10,1,google_flights,DEL,BOM,DEL-BOM,DEL,BOM,Air India,Air India,,7:00 PM,9:25 PM,145.0,2 hr 25 min,Economy,10409.0,,,True,351d3429e852,
SCR_GF_1788931427_057,2026-09-09 10:53:32,2026-09-10,1,google_flights,DEL,BOM,DEL-BOM,DEL,BOM,IndiGo,IndiGo,,7:00 PM,9:25 PM,145.0,2 hr 25 min,Economy,11203.0,,,True,d33aa189902a,
SCR_GF_1788931427_063,2026-09-09 10:53:32,2026-09-10,1,google_flights,DEL,BOM,DEL-BOM,DEL,BOM,IndiGo,IndiGo,,00:00,00:00,340.0,5 hr 40 min,Economy,6117.0,,,False,d398ba04415d,
SCR_GF_1788931427_084,2026-09-09 10:53:32,2026-09-10,1,google_flights,DEL,BOM,DEL-BOM,DEL,BOM,IndiGo,IndiGo,,00:00,00:00,150.0,2 hr 30 min,Economy,6610.0,,,True,4a74972daccb,
SCR_GF_1788931427_094,2026-09-09 10:53:32,2026-09-10,1,google_flights,DEL,BOM,DEL-BOM,DEL,BOM,IndiGo,IndiGo,,00:00,00:00,145.0,2 hr 25 min,Economy,6950.0,,,True,090d3f6456f2,
SCR_GF_1788931427_097,2026-09-09 10:53:32,2026-09-10,1,google_flights,DEL,BOM,DEL-BOM,DEL,BOM,IndiGo,IndiGo,,00:00,00:00,135.0,2 hr 15 min,Economy,7055.0,,,True,c14ab2dac22c,
SCR_GF_1788931427_098,2026-09-09 10:53:32,2026-09-10,1,google_flights,DEL,BOM,DEL-BOM,DEL,BOM,IndiGo,IndiGo,,00:00,00:00,145.0,2 hr 25 min,Economy,7123.0,,,True,52a9b124fbfa,
SCR_GF_1788931427_103,2026-09-09 10:53:32,2026-09-10,1,google_flights,DEL,BOM,DEL-BOM,DEL,BOM,IndiGo,IndiGo,,00:00,00:00,155.0,2 hr 35 min,Economy,7527.0,,,True,8630aeb25576,
SCR_GF_1788931427_104,2026-09-09 10:53:32,2026-09-10,1,google_flights,DEL,BOM,DEL-BOM,DEL,BOM,IndiGo,IndiGo,,00:00,00:00,135.0,2 hr 15 min,Economy,7583.0,,,True,2215c8d3eebe,
SCR_GF_1788931427_106,2026-09-09 10:53:32,2026-09-10,1,google_flights,DEL,BOM,DEL-BOM,DEL,BOM,IndiGo,IndiGo,,00:00,00:00,130.0,2 hr 10 min,Economy,7685.0,,,True,ea4f6b53dec3,
SCR_GF_1788931427_107,2026-09-09 10:53:32,2026-09-10,1,google_flights,DEL,BOM,DEL-BOM,DEL,BOM,IndiGo,IndiGo,,00:00,00:00,145.0,2 hr 25 min,Economy,7779.0,,,True,04d94dca56f0,
SCR_GF_1788931427_109,2026-09-09 10:53:32,2026-09-10,1,google_flights,DEL,BOM,DEL-BOM,DEL,BOM,IndiGo,IndiGo,,00:00,00:00,140.0,2 hr 20 min,Economy,7851.0,,,True,0fdd06a42261,
SCR_GF_1788931427_110,2026-09-09 10:53:32,2026-09-10,1,google_flights,DEL,BOM,DEL-BOM,DEL,BOM,IndiGo,IndiGo,,00:00,00:00,145.0,2 hr 25 min,Economy,9033.0,,,True,23d09ab4f9b6,
SCR_GF_1788931427_112,2026-09-09 10:53:32,2026-09-10,1,google_flights,DEL,BOM,DEL-BOM,DEL,BOM,IndiGo,IndiGo,,00:00,00:00,145.0,2 hr 25 min,Economy,9968.0,,,True,2a07e60ac3e0,
SCR_GF_1788931427_113,2026-09-09 10:53:32,2026-09-10,1,google_flights,DEL,BOM,DEL-BOM,DEL,BOM,IndiGo,IndiGo,,00:00,00:00,145.0,2 hr 25 min,Economy,10152.0,,,True,3a41d95f9655,
SCR_GF_1788931427_114,2026-09-09 10:53:32,2026-09-10,1,google_flights,DEL,BOM,DEL-BOM,DEL,BOM,IndiGo,IndiGo,,00:00,00:00,145.0,2 hr 25 min,Economy,10409.0,,,True,94ca8fe68878,
SCR_GF_1788931427_115,2026-09-09 10:53:32,2026-09-10,1,google_flights,DEL,BOM,DEL-BOM,DEL,BOM,IndiGo,IndiGo,,00:00,00:00,145.0,2 hr 25 min,Economy,11203.0,,,True,3be2daac4b9b,
SCR_GF_1788931433_026,2026-09-09 10:53:47,2026-09-16,7,google_flights,DEL,BOM,DEL-BOM,DEL,BOM,Air India,Air India,,8:30 AM,10:45 AM,135.0,2 hr 15 min,Economy,6740.0,,,True,a7c9a325181f,
SCR_GF_1788931433_028,2026-09-09 10:53:47,2026-09-16,7,google_flights,DEL,BOM,DEL-BOM,DEL,BOM,Air India,Air India,,4:30 PM,6:50 PM,140.0,2 hr 20 min,Economy,6740.0,,,True,8b0e04c8c530,
SCR_GF_1788931433_033,2026-09-09 10:53:47,2026-09-16,7,google_flights,DEL,BOM,DEL-BOM,DEL,BOM,IndiGo,IndiGo,,8:00 PM,10:10 PM,130.0,2 hr 10 min,Economy,6793.0,,,True,836da3b6e5be,
SCR_GF_1788931433_047,2026-09-09 10:53:47,2026-09-16,7,google_flights,DEL,BOM,DEL-BOM,DEL,BOM,IndiGo,IndiGo,,5:00 PM,7:15 PM,135.0,2 hr 15 min,Economy,7055.0,,,True,0529922048bd,
SCR_GF_1788931433_055,2026-09-09 10:53:47,2026-09-16,7,google_flights,DEL,BOM,DEL-BOM,DEL,BOM,Air India,Air India,,11:25 PM,1:50 AM,145.0,2 hr 25 min,Economy,8052.0,,,True,c64f4f576d11,
SCR_GF_1788931433_056,2026-09-09 10:53:47,2026-09-16,7,google_flights,DEL,BOM,DEL-BOM,DEL,BOM,SpiceJet,SpiceJet,,7:55 PM,10:40 PM,165.0,2 hr 45 min,Economy,11558.0,,,True,a99d40acf87c,
SCR_GF_1788931434_111,2026-09-09 10:53:47,2026-09-16,7,google_flights,DEL,BOM,DEL-BOM,DEL,BOM,IndiGo,IndiGo,,00:00,00:00,145.0,2 hr 25 min,Economy,8052.0,,,True,3d5245c1dec7,
SCR_GF_1788931434_112,2026-09-09 10:53:47,2026-09-16,7,google_flights,DEL,BOM,DEL-BOM,DEL,BOM,IndiGo,IndiGo,,00:00,00:00,165.0,2 hr 45 min,Economy,11558.0,,,True,67548c716263,
SCR_GF_1788931439_009,2026-09-09 10:53:54,2026-09-24,15,google_flights,DEL,BOM,DEL-BOM,DEL,BOM,IndiGo,IndiGo,,6:30 PM,10:25 PM,235.0,3 hr 55 min,Economy,5985.0,,,False,44085bbc7249,
SCR_GF_1788931451_001,2026-09-09 10:54:06,2026-10-24,45,google_flights,DEL,BOM,DEL-BOM,DEL,BOM,SpiceJet,SpiceJet,,9:30 AM,11:50 AM,140.0,2 hr 20 min,Economy,6778.0,,,True,60849b6188ca,
SCR_GF_1788931451_002,2026-09-09 10:54:06,2026-10-24,45,google_flights,DEL,BOM,DEL-BOM,DEL,BOM,Akasa Air,Akasa Air,,6:50 AM,9:10 AM,140.0,2 hr 20 min,Economy,6880.0,,,True,dd14d99ba1dd,
SCR_GF_1788931451_003,2026-09-09 10:54:06,2026-10-24,45,google_flights,DEL,BOM,DEL-BOM,DEL,BOM,IndiGo,IndiGo,,8:45 AM,11:00 AM,135.0,2 hr 15 min,Economy,6914.0,,,True,e3e27e0ccda0,
SCR_GF_1788931451_004,2026-09-09 10:54:06,2026-10-24,45,google_flights,DEL,BOM,DEL-BOM,DEL,BOM,SpiceJet,SpiceJet,,9:55 AM,12:25 PM,150.0,2 hr 30 min,Economy,6778.0,,,True,5d71cabdd624,
SCR_GF_1788931451_005,2026-09-09 10:54:06,2026-10-24,45,google_flights,DEL,BOM,DEL-BOM,DEL,BOM,IndiGo,IndiGo,,3:00 AM,5:20 AM,140.0,2 hr 20 min,Economy,6914.0,,,True,47e771c1a8d0,
SCR_GF_1788931451_006,2026-09-09 10:54:06,2026-10-24,45,google_flights,DEL,BOM,DEL-BOM,DEL,BOM,IndiGo,IndiGo,,5:00 AM,7:15 AM,135.0,2 hr 15 min,Economy,6914.0,,,True,75efd9fd266a,
SCR_GF_1788931451_007,2026-09-09 10:54:06,2026-10-24,45,google_flights,DEL,BOM,DEL-BOM,DEL,BOM,IndiGo,IndiGo,,6:05 AM,8:20 AM,135.0,2 hr 15 min,Economy,6914.0,,,True,6fa360eb6212,
SCR_GF_1788931451_008,2026-09-09 10:54:06,2026-10-24,45,google_flights,DEL,BOM,DEL-BOM,DEL,BOM,IndiGo,IndiGo,,7:15 AM,9:30 AM,135.0,2 hr 15 min,Economy,6914.0,,,True,5c60c77bc7a1,
SCR_GF_1788931451_009,2026-09-09 10:54:06,2026-10-24,45,google_flights,DEL,BOM,DEL-BOM,DEL,BOM,IndiGo,IndiGo,,8:00 AM,10:20 AM,140.0,2 hr 20 min,Economy,6914.0,,,True,c7a5affddce0,
SCR_GF_1788931451_010,2026-09-09 10:54:06,2026-10-24,45,google_flights,DEL,BOM,DEL-BOM,DEL,BOM,IndiGo,IndiGo,,9:30 AM,11:55 AM,145.0,2 hr 25 min,Economy,6914.0,,,True,f3bdb343bb6e,
SCR_GF_1788931451_011,2026-09-09 10:54:06,2026-10-24,45,google_flights,DEL,BOM,DEL-BOM,DEL,BOM,IndiGo,IndiGo,,10:15 AM,12:35 PM,140.0,2 hr 20 min,Economy,6914.0,,,True,ef8b99ab0a44,
SCR_GF_1788931451_012,2026-09-09 10:54:06,2026-10-24,45,google_flights,DEL,BOM,DEL-BOM,DEL,BOM,IndiGo,IndiGo,,11:00 AM,1:15 PM,135.0,2 hr 15 min,Economy,6914.0,,,True,2036b8b25b40,
SCR_GF_1788931451_013,2026-09-09 10:54:06,2026-10-24,45,google_flights,DEL,BOM,DEL-BOM,DEL,BOM,IndiGo,IndiGo,,12:00 PM,2:15 PM,135.0,2 hr 15 min,Economy,6914.0,,,True,a21659b93987,
SCR_GF_1788931451_014,2026-09-09 10:54:06,2026-10-24,45,google_flights,DEL,BOM,DEL-BOM,DEL,BOM,IndiGo,IndiGo,,1:00 PM,3:10 PM,130.0,2 hr 10 min,Economy,6914.0,,,True,c1abc3c58864,
SCR_GF_1788931451_015,2026-09-09 10:54:06,2026-10-24,45,google_flights,DEL,BOM,DEL-BOM,DEL,BOM,IndiGo,IndiGo,,2:00 PM,4:25 PM,145.0,2 hr 25 min,Economy,6914.0,,,True,00ff6b6daa04,
SCR_GF_1788931451_016,2026-09-09 10:54:06,2026-10-24,45,google_flights,DEL,BOM,DEL-BOM,DEL,BOM,IndiGo,IndiGo,,2:45 PM,5:00 PM,135.0,2 hr 15 min,Economy,6914.0,,,True,424674772043,
SCR_GF_1788931451_017,2026-09-09 10:54:06,2026-10-24,45,google_flights,DEL,BOM,DEL-BOM,DEL,BOM,IndiGo,IndiGo,,3:30 PM,5:45 PM,135.0,2 hr 15 min,Economy,6914.0,,,True,2de1d19f4700,
SCR_GF_1788931451_018,2026-09-09 10:54:06,2026-10-24,45,google_flights,DEL,BOM,DEL-BOM,DEL,BOM,IndiGo,IndiGo,,4:15 PM,6:35 PM,140.0,2 hr 20 min,Economy,6914.0,,,True,9989a3302899,
SCR_GF_1788931451_019,2026-09-09 10:54:06,2026-10-24,45,google_flights,DEL,BOM,DEL-BOM,DEL,BOM,IndiGo,IndiGo,,5:00 PM,7:15 PM,135.0,2 hr 15 min,Economy,6914.0,,,True,041babed92cc,
SCR_GF_1788931451_020,2026-09-09 10:54:06,2026-10-24,45,google_flights,DEL,BOM,DEL-BOM,DEL,BOM,IndiGo,IndiGo,,6:00 PM,8:15 PM,135.0,2 hr 15 min,Economy,6914.0,,,True,bc5f9d4ffff3,
SCR_GF_1788931451_021,2026-09-09 10:54:06,2026-10-24,45,google_flights,DEL,BOM,DEL-BOM,DEL,BOM,IndiGo,IndiGo,,8:45 PM,11:00 PM,135.0,2 hr 15 min,Economy,6914.0,,,True,3e64b1be4fb0,
SCR_GF_1788931451_022,2026-09-09 10:54:06,2026-10-24,45,google_flights,DEL,BOM,DEL-BOM,DEL,BOM,IndiGo,IndiGo,,9:45 PM,12:05 AM,140.0,2 hr 20 min,Economy,6914.0,,,True,be6e52efdefc,
SCR_GF_1788931451_023,2026-09-09 10:54:06,2026-10-24,45,google_flights,DEL,BOM,DEL-BOM,DEL,BOM,IndiGo,IndiGo,,10:45 PM,1:05 AM,140.0,2 hr 20 min,Economy,6914.0,,,True,9af2c01ffa78,
SCR_GF_1788931451_024,2026-09-09 10:54:06,2026-10-24,45,google_flights,DEL,BOM,DEL-BOM,DEL,BOM,IndiGo,IndiGo,,11:30 PM,1:45 AM,135.0,2 hr 15 min,Economy,6914.0,,,True,be216250b6be,
SCR_GF_1788931452_025,2026-09-09 10:54:06,2026-10-24,45,google_flights,DEL,BOM,DEL-BOM,DEL,BOM,IndiGo,IndiGo,,7:00 PM,9:25 PM,145.0,2 hr 25 min,Economy,7064.0,,,True,c0a2632599b1,
SCR_GF_1788931452_026,2026-09-09 10:54:06,2026-10-24,45,google_flights,DEL,BOM,DEL-BOM,DEL,BOM,IndiGo,IndiGo,,8:00 PM,10:10 PM,130.0,2 hr 10 min,Economy,7064.0,,,True,30ba2dbf4c99,
SCR_GF_1788931452_027,2026-09-09 10:54:06,2026-10-24,45,google_flights,DEL,BOM,DEL-BOM,DEL,BOM,Air India,Air India,,5:00 AM,7:25 AM,145.0,2 hr 25 min,Economy,7070.0,,,True,52e298d8c467,
SCR_GF_1788931452_028,2026-09-09 10:54:06,2026-10-24,45,google_flights,DEL,BOM,DEL-BOM,DEL,BOM,Air India,Air India,,6:30 AM,8:50 AM,140.0,2 hr 20 min,Economy,7070.0,,,True,bbb9e91e6078,
SCR_GF_1788931452_029,2026-09-09 10:54:06,2026-10-24,45,google_flights,DEL,BOM,DEL-BOM,DEL,BOM,Air India,Air India,,7:00 AM,9:25 AM,145.0,2 hr 25 min,Economy,7070.0,,,True,792d83c75308,
SCR_GF_1788931452_030,2026-09-09 10:54:06,2026-10-24,45,google_flights,DEL,BOM,DEL-BOM,DEL,BOM,Air India,Air India,,8:30 AM,10:45 AM,135.0,2 hr 15 min,Economy,7070.0,,,True,ecd1b37b9c35,
SCR_GF_1788931452_031,2026-09-09 10:54:06,2026-10-24,45,google_flights,DEL,BOM,DEL-BOM,DEL,BOM,Air India,Air India,,9:00 AM,11:15 AM,135.0,2 hr 15 min,Economy,7070.0,,,True,d3e95ddfc27a,
SCR_GF_1788931452_032,2026-09-09 10:54:06,2026-10-24,45,google_flights,DEL,BOM,DEL-BOM,DEL,BOM,Air India,Air India,,9:30 AM,12:00 PM,150.0,2 hr 30 min,Economy,7070.0,,,True,03c1900abd56,
SCR_GF_1788931452_033,2026-09-09 10:54:06,2026-10-24,45,google_flights,DEL,BOM,DEL-BOM,DEL,BOM,Air India,Air India,,10:00 AM,12:25 PM,145.0,2 hr 25 min,Economy,7070.0,,,True,f48f6c45e13d,
SCR_GF_1788931452_034,2026-09-09 10:54:06,2026-10-24,45,google_flights,DEL,BOM,DEL-BOM,DEL,BOM,Air India,Air India,,10:30 AM,12:50 PM,140.0,2 hr 20 min,Economy,7070.0,,,True,0ef94d738968,
SCR_GF_1788931452_035,2026-09-09 10:54:06,2026-10-24,45,google_flights,DEL,BOM,DEL-BOM,DEL,BOM,Air India,Air India,,11:00 AM,1:25 PM,145.0,2 hr 25 min,Economy,7070.0,,,True,b16fc7fcc7cb,
SCR_GF_1788931452_036,2026-09-09 10:54:06,2026-10-24,45,google_flights,DEL,BOM,DEL-BOM,DEL,BOM,Air India,Air India,,1:30 PM,3:50 PM,140.0,2 hr 20 min,Economy,7070.0,,,True,4fe1a008a8f3,
SCR_GF_1788931452_037,2026-09-09 10:54:06,2026-10-24,45,google_flights,DEL,BOM,DEL-BOM,DEL,BOM,Air India,Air India,,2:10 PM,4:35 PM,145.0,2 hr 25 min,Economy,7070.0,,,True,c36398062942,
SCR_GF_1788931452_038,2026-09-09 10:54:06,2026-10-24,45,google_flights,DEL,BOM,DEL-BOM,DEL,BOM,Air India,Air India,,5:00 PM,7:25 PM,145.0,2 hr 25 min,Economy,7070.0,,,True,7f33fcb5bd7b,
SCR_GF_1788931452_039,2026-09-09 10:54:06,2026-10-24,45,google_flights,DEL,BOM,DEL-BOM,DEL,BOM,Akasa Air,Akasa Air,,4:00 PM,6:20 PM,140.0,2 hr 20 min,Economy,7201.0,,,True,d22cb2a54c04,
SCR_GF_1788931452_040,2026-09-09 10:54:06,2026-10-24,45,google_flights,DEL,BOM,DEL-BOM,DEL,BOM,Air India,Air India,,7:30 AM,9:55 AM,145.0,2 hr 25 min,Economy,7249.0,,,True,193be53ac511,
SCR_GF_1788931452_041,2026-09-09 10:54:06,2026-10-24,45,google_flights,DEL,BOM,DEL-BOM,DEL,BOM,Air India,Air India,,12:00 PM,2:25 PM,145.0,2 hr 25 min,Economy,7249.0,,,True,aa060c1a2504,
SCR_GF_1788931452_042,2026-09-09 10:54:06,2026-10-24,45,google_flights,DEL,BOM,DEL-BOM,DEL,BOM,Air India,Air India,,4:00 PM,6:25 PM,145.0,2 hr 25 min,Economy,7249.0,,,True,936ebc6042c9,
SCR_GF_1788931452_043,2026-09-09 10:54:06,2026-10-24,45,google_flights,DEL,BOM,DEL-BOM,DEL,BOM,Air India,Air India,,9:30 PM,11:55 PM,145.0,2 hr 25 min,Economy,7249.0,,,True,05a49aea2f2a,
SCR_GF_1788931452_044,2026-09-09 10:54:06,2026-10-24,45,google_flights,DEL,BOM,DEL-BOM,DEL,BOM,Air India,Air India,,6:10 PM,8:30 PM,140.0,2 hr 20 min,Economy,7261.0,,,True,134e22159fa4,
SCR_GF_1788931452_045,2026-09-09 10:54:06,2026-10-24,45,google_flights,DEL,BOM,DEL-BOM,DEL,BOM,Akasa Air,Akasa Air,,8:40 AM,11:05 AM,145.0,2 hr 25 min,Economy,7327.0,,,True,cfa9b87a428f,
SCR_GF_1788931452_046,2026-09-09 10:54:06,2026-10-24,45,google_flights,DEL,BOM,DEL-BOM,DEL,BOM,Air India,Air India,,6:00 PM,8:25 PM,145.0,2 hr 25 min,Economy,7422.0,,,True,588538f9f1f7,
SCR_GF_1788931452_047,2026-09-09 10:54:06,2026-10-24,45,google_flights,DEL,BOM,DEL-BOM,DEL,BOM,Akasa Air,Akasa Air,,10:00 AM,12:20 PM,140.0,2 hr 20 min,Economy,7453.0,,,True,79fc8c858a3d,
SCR_GF_1788931452_048,2026-09-09 10:54:06,2026-10-24,45,google_flights,DEL,BOM,DEL-BOM,DEL,BOM,Akasa Air,Akasa Air,,5:30 PM,7:50 PM,140.0,2 hr 20 min,Economy,7453.0,,,True,83a0c2bf52ad,
SCR_GF_1788931452_049,2026-09-09 10:54:06,2026-10-24,45,google_flights,DEL,BOM,DEL-BOM,DEL,BOM,Air India,Air India,,3:30 PM,5:55 PM,145.0,2 hr 25 min,Economy,7522.0,,,True,06830cf1efae,
SCR_GF_1788931452_050,2026-09-09 10:54:06,2026-10-24,45,google_flights,DEL,BOM,DEL-BOM,DEL,BOM,Air India,Air India,,8:30 PM,11:00 PM,150.0,2 hr 30 min,Economy,7522.0,,,True,a97550f3a54e,
SCR_GF_1788931452_051,2026-09-09 10:54:06,2026-10-24,45,google_flights,DEL,BOM,DEL-BOM,DEL,BOM,Air India,Air India,,9:00 PM,11:20 PM,140.0,2 hr 20 min,Economy,7522.0,,,True,8a492a867dc7,
SCR_GF_1788931452_052,2026-09-09 10:54:06,2026-10-24,45,google_flights,DEL,BOM,DEL-BOM,DEL,BOM,Air India,Air India,,7:30 PM,9:55 PM,145.0,2 hr 25 min,Economy,7711.0,,,True,a44bab5f64e6,
SCR_GF_1788931452_053,2026-09-09 10:54:06,2026-10-24,45,google_flights,DEL,BOM,DEL-BOM,DEL,BOM,Air India,Air India,,11:00 PM,1:25 AM,145.0,2 hr 25 min,Economy,7837.0,,,True,7c43d59d716d,
SCR_GF_1788931452_054,2026-09-09 10:54:06,2026-10-24,45,google_flights,DEL,BOM,DEL-BOM,DEL,BOM,Akasa Air,Akasa Air,,7:55 PM,10:20 PM,145.0,2 hr 25 min,Economy,7851.0,,,True,9d33ddf1719f,
SCR_GF_1788931452_055,2026-09-09 10:54:06,2026-10-24,45,google_flights,DEL,BOM,DEL-BOM,DEL,BOM,Air India,Air India,,7:00 PM,9:25 PM,145.0,2 hr 25 min,Economy,7900.0,,,True,91c34c8753fa,
SCR_GF_1788931452_056,2026-09-09 10:54:06,2026-10-24,45,google_flights,DEL,BOM,DEL-BOM,DEL,BOM,Air India,Air India,,11:25 PM,1:50 AM,145.0,2 hr 25 min,Economy,8052.0,,,True,61d73d8e10df,
SCR_GF_1788931452_058,2026-09-09 10:54:06,2026-10-24,45,google_flights,DEL,BOM,DEL-BOM,DEL,BOM,IndiGo,IndiGo,,00:00,00:00,140.0,2 hr 20 min,Economy,6880.0,,,True,566a8b4d9846,
SCR_GF_1788931452_060,2026-09-09 10:54:06,2026-10-24,45,google_flights,DEL,BOM,DEL-BOM,DEL,BOM,IndiGo,IndiGo,,00:00,00:00,150.0,2 hr 30 min,Economy,6778.0,,,True,395016fa9f18,
SCR_GF_1788931452_080,2026-09-09 10:54:06,2026-10-24,45,google_flights,DEL,BOM,DEL-BOM,DEL,BOM,IndiGo,IndiGo,,00:00,00:00,135.0,2 hr 15 min,Economy,6914.0,,,True,7d3811af572a,
SCR_GF_1788931452_082,2026-09-09 10:54:06,2026-10-24,45,google_flights,DEL,BOM,DEL-BOM,DEL,BOM,IndiGo,IndiGo,,00:00,00:00,130.0,2 hr 10 min,Economy,7064.0,,,True,35e73a187544,
SCR_GF_1788931452_094,2026-09-09 10:54:06,2026-10-24,45,google_flights,DEL,BOM,DEL-BOM,DEL,BOM,IndiGo,IndiGo,,00:00,00:00,145.0,2 hr 25 min,Economy,7070.0,,,True,82ec496c251a,
SCR_GF_1788931452_095,2026-09-09 10:54:06,2026-10-24,45,google_flights,DEL,BOM,DEL-BOM,DEL,BOM,IndiGo,IndiGo,,00:00,00:00,140.0,2 hr 20 min,Economy,7201.0,,,True,5af1bf57187c,
SCR_GF_1788931452_099,2026-09-09 10:54:06,2026-10-24,45,google_flights,DEL,BOM,DEL-BOM,DEL,BOM,IndiGo,IndiGo,,00:00,00:00,145.0,2 hr 25 min,Economy,7249.0,,,True,78df0aa92c06,
SCR_GF_1788931452_100,2026-09-09 10:54:06,2026-10-24,45,google_flights,DEL,BOM,DEL-BOM,DEL,BOM,IndiGo,IndiGo,,00:00,00:00,140.0,2 hr 20 min,Economy,7261.0,,,True,a14095799a10,
SCR_GF_1788931452_101,2026-09-09 10:54:06,2026-10-24,45,google_flights,DEL,BOM,DEL-BOM,DEL,BOM,IndiGo,IndiGo,,00:00,00:00,145.0,2 hr 25 min,Economy,7327.0,,,True,b93ada0300c6,
SCR_GF_1788931452_102,2026-09-09 10:54:06,2026-10-24,45,google_flights,DEL,BOM,DEL-BOM,DEL,BOM,IndiGo,IndiGo,,00:00,00:00,145.0,2 hr 25 min,Economy,7422.0,,,True,92f2b4ae656c,
SCR_GF_1788931452_104,2026-09-09 10:54:06,2026-10-24,45,google_flights,DEL,BOM,DEL-BOM,DEL,BOM,IndiGo,IndiGo,,00:00,00:00,140.0,2 hr 20 min,Economy,7453.0,,,True,8e3a0d1c3aa4,
SCR_GF_1788931452_107,2026-09-09 10:54:06,2026-10-24,45,google_flights,DEL,BOM,DEL-BOM,DEL,BOM,IndiGo,IndiGo,,00:00,00:00,140.0,2 hr 20 min,Economy,7522.0,,,True,11fca7e4705f,
SCR_GF_1788931452_108,2026-09-09 10:54:06,2026-10-24,45,google_flights,DEL,BOM,DEL-BOM,DEL,BOM,IndiGo,IndiGo,,00:00,00:00,145.0,2 hr 25 min,Economy,7711.0,,,True,11cf0eb539b7,
SCR_GF_1788931452_109,2026-09-09 10:54:06,2026-10-24,45,google_flights,DEL,BOM,DEL-BOM,DEL,BOM,IndiGo,IndiGo,,00:00,00:00,145.0,2 hr 25 min,Economy,7837.0,,,True,90e7efb428a8,
SCR_GF_1788931452_110,2026-09-09 10:54:06,2026-10-24,45,google_flights,DEL,BOM,DEL-BOM,DEL,BOM,IndiGo,IndiGo,,00:00,00:00,145.0,2 hr 25 min,Economy,7851.0,,,True,e5c886f0e233,
SCR_GF_1788931452_111,2026-09-09 10:54:06,2026-10-24,45,google_flights,DEL,BOM,DEL-BOM,DEL,BOM,IndiGo,IndiGo,,00:00,00:00,145.0,2 hr 25 min,Economy,7900.0,,,True,f0fea2e7f67c,
SCR_GF_1788931452_112,2026-09-09 10:54:06,2026-10-24,45,google_flights,DEL,BOM,DEL-BOM,DEL,BOM,IndiGo,IndiGo,,00:00,00:00,145.0,2 hr 25 min,Economy,8052.0,,,True,a6d073f66ae2,
SCR_GF_1788931843_001,2026-09-09 11:00:39,2026-09-16,7,google_flights,BOM,BLR,BOM-BLR,BOM,BLR,IndiGo,IndiGo,,4:30 AM,6:25 AM,115.0,1 hr 55 min,Economy,4945.0,,,True,7ecaade2e142,
SCR_GF_1788931843_002,2026-09-09 11:00:39,2026-09-16,7,google_flights,BOM,BLR,BOM-BLR,BOM,BLR,Air India,Air India,,11:30 PM,1:35 AM,125.0,2 hr 5 min,Economy,4948.0,,,True,da163fbf8d97,
SCR_GF_1788931843_003,2026-09-09 11:00:39,2026-09-16,7,google_flights,BOM,BLR,BOM-BLR,BOM,BLR,Akasa Air,Akasa Air,,11:20 PM,1:10 AM,110.0,1 hr 50 min,Economy,5400.0,,,True,5b19060a487e,
SCR_GF_1788931843_005,2026-09-09 11:00:39,2026-09-16,7,google_flights,BOM,BLR,BOM-BLR,BOM,BLR,IndiGo,IndiGo,,1:10 AM,3:05 AM,115.0,1 hr 55 min,Economy,5325.0,,,True,48dfda8fd384,
SCR_GF_1788931843_006,2026-09-09 11:00:39,2026-09-16,7,google_flights,BOM,BLR,BOM-BLR,BOM,BLR,Air India,Air India,,2:05 AM,4:10 AM,125.0,2 hr 5 min,Economy,5326.0,,,True,14e43a8ae29d,
SCR_GF_1788931843_007,2026-09-09 11:00:39,2026-09-16,7,google_flights,BOM,BLR,BOM-BLR,BOM,BLR,Akasa Air,Akasa Air,,12:35 AM,2:25 AM,110.0,1 hr 50 min,Economy,5400.0,,,True,deab4deb145f,
SCR_GF_1788931844_008,2026-09-09 11:00:39,2026-09-16,7,google_flights,BOM,BLR,BOM-BLR,BOM,BLR,Akasa Air,Akasa Air,,11:10 PM,1:05 AM,115.0,1 hr 55 min,Economy,5599.0,,,True,705f790f2425,
SCR_GF_1788931844_009,2026-09-09 11:00:39,2026-09-16,7,google_flights,BOM,BLR,BOM-BLR,BOM,BLR,Akasa Air,Akasa Air,,9:45 PM,11:45 PM,120.0,2 hr,Economy,5806.0,,,True,045b9870c324,
SCR_GF_1788931844_010,2026-09-09 11:00:39,2026-09-16,7,google_flights,BOM,BLR,BOM-BLR,BOM,BLR,Air India,Air India,,8:45 PM,10:45 PM,120.0,2 hr,Economy,6576.0,,,True,36b598407b46,
SCR_GF_1788931844_011,2026-09-09 11:00:39,2026-09-16,7,google_flights,BOM,BLR,BOM-BLR,BOM,BLR,IndiGo,IndiGo,,11:00 AM,12:55 PM,115.0,1 hr 55 min,Economy,6957.0,,,True,3b465a370197,
SCR_GF_1788931844_012,2026-09-09 11:00:39,2026-09-16,7,google_flights,BOM,BLR,BOM-BLR,BOM,BLR,IndiGo,IndiGo,,12:30 PM,2:25 PM,115.0,1 hr 55 min,Economy,6957.0,,,True,b58050da121f,
SCR_GF_1788931844_013,2026-09-09 11:00:39,2026-09-16,7,google_flights,BOM,BLR,BOM-BLR,BOM,BLR,IndiGo,IndiGo,,2:30 PM,4:25 PM,115.0,1 hr 55 min,Economy,6957.0,,,True,33322f2327e6,
SCR_GF_1788931844_014,2026-09-09 11:00:39,2026-09-16,7,google_flights,BOM,BLR,BOM-BLR,BOM,BLR,IndiGo,IndiGo,,3:35 PM,5:25 PM,110.0,1 hr 50 min,Economy,6957.0,,,True,fdbbdbe97233,
SCR_GF_1788931844_015,2026-09-09 11:00:39,2026-09-16,7,google_flights,BOM,BLR,BOM-BLR,BOM,BLR,IndiGo,IndiGo,,5:00 PM,6:55 PM,115.0,1 hr 55 min,Economy,6957.0,,,True,b429607e39a0,
SCR_GF_1788931844_016,2026-09-09 11:00:39,2026-09-16,7,google_flights,BOM,BLR,BOM-BLR,BOM,BLR,IndiGo,IndiGo,,6:30 PM,8:25 PM,115.0,1 hr 55 min,Economy,6957.0,,,True,32b7290587e2,
SCR_GF_1788931844_017,2026-09-09 11:00:39,2026-09-16,7,google_flights,BOM,BLR,BOM-BLR,BOM,BLR,IndiGo,IndiGo,,7:55 PM,9:45 PM,110.0,1 hr 50 min,Economy,6957.0,,,True,2d57cf8159fe,
SCR_GF_1788931844_018,2026-09-09 11:00:39,2026-09-16,7,google_flights,BOM,BLR,BOM-BLR,BOM,BLR,IndiGo,IndiGo,,9:30 PM,11:25 PM,115.0,1 hr 55 min,Economy,6957.0,,,True,dc695f474135,
SCR_GF_1788931844_019,2026-09-09 11:00:39,2026-09-16,7,google_flights,BOM,BLR,BOM-BLR,BOM,BLR,IndiGo,IndiGo,,10:20 PM,12:20 AM,120.0,2 hr,Economy,6957.0,,,True,38452c33d018,
SCR_GF_1788931844_020,2026-09-09 11:00:39,2026-09-16,7,google_flights,BOM,BLR,BOM-BLR,BOM,BLR,Akasa Air,Akasa Air,,6:25 PM,8:20 PM,115.0,1 hr 55 min,Economy,6994.0,,,True,ce6dfed2790e,
SCR_GF_1788931844_021,2026-09-09 11:00:39,2026-09-16,7,google_flights,BOM,BLR,BOM-BLR,BOM,BLR,IndiGo,IndiGo,,6:30 AM,8:25 AM,115.0,1 hr 55 min,Economy,7272.0,,,True,8b52fd0c1bd3,
SCR_GF_1788931844_022,2026-09-09 11:00:39,2026-09-16,7,google_flights,BOM,BLR,BOM-BLR,BOM,BLR,Air India,Air India,,12:00 PM,2:05 PM,125.0,2 hr 5 min,Economy,7432.0,,,True,1523625b6770,
SCR_GF_1788931844_023,2026-09-09 11:00:39,2026-09-16,7,google_flights,BOM,BLR,BOM-BLR,BOM,BLR,Air India,Air India,,3:25 PM,5:35 PM,130.0,2 hr 10 min,Economy,7432.0,,,True,c92d16162b36,
SCR_GF_1788931844_024,2026-09-09 11:00:39,2026-09-16,7,google_flights,BOM,BLR,BOM-BLR,BOM,BLR,IndiGo,IndiGo,,8:05 AM,9:55 AM,110.0,1 hr 50 min,Economy,7587.0,,,True,af1200bfd626,
SCR_GF_1788931844_025,2026-09-09 11:00:39,2026-09-16,7,google_flights,BOM,BLR,BOM-BLR,BOM,BLR,Air India,Air India,,6:35 AM,8:35 AM,120.0,2 hr,Economy,7678.0,,,True,02aaa618c4d5,
SCR_GF_1788931844_026,2026-09-09 11:00:39,2026-09-16,7,google_flights,BOM,BLR,BOM-BLR,BOM,BLR,Air India,Air India,,10:00 AM,12:05 PM,125.0,2 hr 5 min,Economy,7678.0,,,True,bc8ad445ea8f,
SCR_GF_1788931844_027,2026-09-09 11:00:39,2026-09-16,7,google_flights,BOM,BLR,BOM-BLR,BOM,BLR,Air India,Air India,,5:30 PM,7:35 PM,125.0,2 hr 5 min,Economy,7678.0,,,True,a9724602dc2b,
SCR_GF_1788931844_028,2026-09-09 11:00:39,2026-09-16,7,google_flights,BOM,BLR,BOM-BLR,BOM,BLR,Air India,Air India,,7:45 PM,9:50 PM,125.0,2 hr 5 min,Economy,7741.0,,,True,8081ff63e46c,
SCR_GF_1788931844_029,2026-09-09 11:00:39,2026-09-16,7,google_flights,BOM,BLR,BOM-BLR,BOM,BLR,Air India,Air India,,6:30 PM,8:35 PM,125.0,2 hr 5 min,Economy,7804.0,,,True,92142c4a6dbf,
SCR_GF_1788931844_030,2026-09-09 11:00:39,2026-09-16,7,google_flights,BOM,BLR,BOM-BLR,BOM,BLR,Akasa Air,Akasa Air,,7:40 PM,9:45 PM,125.0,2 hr 5 min,Economy,7845.0,,,True,ec00ee366911,
SCR_GF_1788931844_031,2026-09-09 11:00:39,2026-09-16,7,google_flights,BOM,BLR,BOM-BLR,BOM,BLR,Akasa Air,Akasa Air,,5:30 AM,7:25 AM,115.0,1 hr 55 min,Economy,8157.0,,,True,410848052fda,
SCR_GF_1788931844_032,2026-09-09 11:00:39,2026-09-16,7,google_flights,BOM,BLR,BOM-BLR,BOM,BLR,IndiGo,IndiGo,,9:50 AM,11:55 AM,125.0,2 hr 5 min,Economy,8427.0,,,True,9a4e70a8a13a,
SCR_GF_1788931844_033,2026-09-09 11:00:39,2026-09-16,7,google_flights,BOM,BLR,BOM-BLR,BOM,BLR,Akasa Air,Akasa Air,,8:45 AM,10:40 AM,115.0,1 hr 55 min,Economy,8480.0,,,True,bd46b1d3cf94,
SCR_GF_1788931844_034,2026-09-09 11:00:39,2026-09-16,7,google_flights,BOM,BLR,BOM-BLR,BOM,BLR,Air India,Air India,,7:55 AM,10:05 AM,130.0,2 hr 10 min,Economy,9028.0,,,True,ded0343d107d,
SCR_GF_1788931844_035,2026-09-09 11:00:39,2026-09-16,7,google_flights,BOM,BLR,BOM-BLR,BOM,BLR,Akasa Air,Akasa Air,,7:35 AM,9:35 AM,120.0,2 hr,Economy,9934.0,,,True,453ddd1794f1,
SCR_GF_1788931844_036,2026-09-09 11:00:39,2026-09-16,7,google_flights,BOM,BLR,BOM-BLR,BOM,BLR,IndiGo,IndiGo,,00:00,00:00,115.0,1 hr 55 min,Economy,4945.0,,,True,2bb464818bfb,
SCR_GF_1788931844_037,2026-09-09 11:00:39,2026-09-16,7,google_flights,BOM,BLR,BOM-BLR,BOM,BLR,IndiGo,IndiGo,,00:00,00:00,125.0,2 hr 5 min,Economy,4948.0,,,True,41561778eaa9,
SCR_GF_1788931844_040,2026-09-09 11:00:39,2026-09-16,7,google_flights,BOM,BLR,BOM-BLR,BOM,BLR,IndiGo,IndiGo,,00:00,00:00,115.0,1 hr 55 min,Economy,5325.0,,,True,0655278a8f88,
SCR_GF_1788931844_041,2026-09-09 11:00:39,2026-09-16,7,google_flights,BOM,BLR,BOM-BLR,BOM,BLR,IndiGo,IndiGo,,00:00,00:00,125.0,2 hr 5 min,Economy,5326.0,,,True,1bf0d62e51c3,
SCR_GF_1788931844_042,2026-09-09 11:00:39,2026-09-16,7,google_flights,BOM,BLR,BOM-BLR,BOM,BLR,IndiGo,IndiGo,,00:00,00:00,110.0,1 hr 50 min,Economy,5400.0,,,True,0ab95b58aed2,
SCR_GF_1788931844_043,2026-09-09 11:00:39,2026-09-16,7,google_flights,BOM,BLR,BOM-BLR,BOM,BLR,IndiGo,IndiGo,,00:00,00:00,115.0,1 hr 55 min,Economy,5599.0,,,True,fdb81dbfd07f,
SCR_GF_1788931844_044,2026-09-09 11:00:39,2026-09-16,7,google_flights,BOM,BLR,BOM-BLR,BOM,BLR,IndiGo,IndiGo,,00:00,00:00,120.0,2 hr,Economy,5806.0,,,True,5fff644cb62f,
SCR_GF_1788931844_045,2026-09-09 11:00:39,2026-09-16,7,google_flights,BOM,BLR,BOM-BLR,BOM,BLR,IndiGo,IndiGo,,00:00,00:00,120.0,2 hr,Economy,6576.0,,,True,b4dc8f2cae88,
SCR_GF_1788931844_054,2026-09-09 11:00:39,2026-09-16,7,google_flights,BOM,BLR,BOM-BLR,BOM,BLR,IndiGo,IndiGo,,00:00,00:00,120.0,2 hr,Economy,6957.0,,,True,153a87734953,
SCR_GF_1788931844_055,2026-09-09 11:00:39,2026-09-16,7,google_flights,BOM,BLR,BOM-BLR,BOM,BLR,IndiGo,IndiGo,,00:00,00:00,115.0,1 hr 55 min,Economy,6994.0,,,True,6f299b100eb7,
SCR_GF_1788931844_056,2026-09-09 11:00:39,2026-09-16,7,google_flights,BOM,BLR,BOM-BLR,BOM,BLR,IndiGo,IndiGo,,00:00,00:00,115.0,1 hr 55 min,Economy,7272.0,,,True,4591fb7ec13f,
SCR_GF_1788931844_058,2026-09-09 11:00:39,2026-09-16,7,google_flights,BOM,BLR,BOM-BLR,BOM,BLR,IndiGo,IndiGo,,00:00,00:00,130.0,2 hr 10 min,Economy,7432.0,,,True,575bef015c17,
SCR_GF_1788931844_059,2026-09-09 11:00:39,2026-09-16,7,google_flights,BOM,BLR,BOM-BLR,BOM,BLR,IndiGo,IndiGo,,00:00,00:00,110.0,1 hr 50 min,Economy,7587.0,,,True,f3e532708ee1,
SCR_GF_1788931844_062,2026-09-09 11:00:39,2026-09-16,7,google_flights,BOM,BLR,BOM-BLR,BOM,BLR,IndiGo,IndiGo,,00:00,00:00,125.0,2 hr 5 min,Economy,7678.0,,,True,399ebba3861f,
SCR_GF_1788931844_063,2026-09-09 11:00:39,2026-09-16,7,google_flights,BOM,BLR,BOM-BLR,BOM,BLR,IndiGo,IndiGo,,00:00,00:00,125.0,2 hr 5 min,Economy,7741.0,,,True,3a9768fd22f9,
SCR_GF_1788931844_064,2026-09-09 11:00:39,2026-09-16,7,google_flights,BOM,BLR,BOM-BLR,BOM,BLR,IndiGo,IndiGo,,00:00,00:00,125.0,2 hr 5 min,Economy,7804.0,,,True,012cf41c3a03,
SCR_GF_1788931844_065,2026-09-09 11:00:39,2026-09-16,7,google_flights,BOM,BLR,BOM-BLR,BOM,BLR,IndiGo,IndiGo,,00:00,00:00,125.0,2 hr 5 min,Economy,7845.0,,,True,728256a1c913,
SCR_GF_1788931844_066,2026-09-09 11:00:39,2026-09-16,7,google_flights,BOM,BLR,BOM-BLR,BOM,BLR,IndiGo,IndiGo,,00:00,00:00,115.0,1 hr 55 min,Economy,8157.0,,,True,42d08ec187dd,
SCR_GF_1788931844_067,2026-09-09 11:00:39,2026-09-16,7,google_flights,BOM,BLR,BOM-BLR,BOM,BLR,IndiGo,IndiGo,,00:00,00:00,125.0,2 hr 5 min,Economy,8427.0,,,True,729677527458,
SCR_GF_1788931844_068,2026-09-09 11:00:39,2026-09-16,7,google_flights,BOM,BLR,BOM-BLR,BOM,BLR,IndiGo,IndiGo,,00:00,00:00,115.0,1 hr 55 min,Economy,8480.0,,,True,28414a91ccc1,
SCR_GF_1788931844_069,2026-09-09 11:00:39,2026-09-16,7,google_flights,BOM,BLR,BOM-BLR,BOM,BLR,IndiGo,IndiGo,,00:00,00:00,130.0,2 hr 10 min,Economy,9028.0,,,True,e9cb06b0b06b,
SCR_GF_1788931844_070,2026-09-09 11:00:39,2026-09-16,7,google_flights,BOM,BLR,BOM-BLR,BOM,BLR,IndiGo,IndiGo,,00:00,00:00,120.0,2 hr,Economy,9934.0,,,True,1c915f7eba7c,
SCR_GF_1788931866_001,2026-09-09 11:01:01,2026-09-16,7,google_flights,DEL,BLR,DEL-BLR,DEL,BLR,IndiGo,IndiGo,,1:15 PM,4:10 PM,175.0,2 hr 55 min,Economy,8724.0,,,True,cfc3dfc99610,
SCR_GF_1788931866_002,2026-09-09 11:01:01,2026-09-16,7,google_flights,DEL,BLR,DEL-BLR,DEL,BLR,Air India,Air India,,3:50 PM,6:45 PM,175.0,2 hr 55 min,Economy,8883.0,,,True,8552446412d0,
SCR_GF_1788931866_003,2026-09-09 11:01:01,2026-09-16,7,google_flights,DEL,BLR,DEL-BLR,DEL,BLR,Akasa Air,Akasa Air,,2:55 PM,5:55 PM,180.0,3 hr,Economy,9179.0,,,True,cd97738029d1,
SCR_GF_1788931866_004,2026-09-09 11:01:01,2026-09-16,7,google_flights,DEL,BLR,DEL-BLR,DEL,BLR,IndiGo,IndiGo,,3:00 AM,5:55 AM,175.0,2 hr 55 min,Economy,8724.0,,,True,f0e6404e83db,
SCR_GF_1788931866_005,2026-09-09 11:01:01,2026-09-16,7,google_flights,DEL,BLR,DEL-BLR,DEL,BLR,IndiGo,IndiGo,,5:45 AM,8:40 AM,175.0,2 hr 55 min,Economy,8724.0,,,True,59af34a0b624,
SCR_GF_1788931866_006,2026-09-09 11:01:01,2026-09-16,7,google_flights,DEL,BLR,DEL-BLR,DEL,BLR,IndiGo,IndiGo,,7:05 AM,10:00 AM,175.0,2 hr 55 min,Economy,8724.0,,,True,ee6e04e37cee,
SCR_GF_1788931866_007,2026-09-09 11:01:01,2026-09-16,7,google_flights,DEL,BLR,DEL-BLR,DEL,BLR,IndiGo,IndiGo,,9:30 AM,12:25 PM,175.0,2 hr 55 min,Economy,8724.0,,,True,b43c27061f0a,
SCR_GF_1788931866_008,2026-09-09 11:01:01,2026-09-16,7,google_flights,DEL,BLR,DEL-BLR,DEL,BLR,IndiGo,IndiGo,,10:45 AM,1:40 PM,175.0,2 hr 55 min,Economy,8724.0,,,True,20671b186258,
SCR_GF_1788931866_009,2026-09-09 11:01:01,2026-09-16,7,google_flights,DEL,BLR,DEL-BLR,DEL,BLR,IndiGo,IndiGo,,12:20 PM,3:20 PM,180.0,3 hr,Economy,8724.0,,,True,66f6a6dd3282,
SCR_GF_1788931866_010,2026-09-09 11:01:01,2026-09-16,7,google_flights,DEL,BLR,DEL-BLR,DEL,BLR,IndiGo,IndiGo,,2:30 PM,5:25 PM,175.0,2 hr 55 min,Economy,8724.0,,,True,855fda10bd56,
SCR_GF_1788931866_011,2026-09-09 11:01:01,2026-09-16,7,google_flights,DEL,BLR,DEL-BLR,DEL,BLR,IndiGo,IndiGo,,3:45 PM,6:40 PM,175.0,2 hr 55 min,Economy,8724.0,,,True,6f0fb664477d,
SCR_GF_1788931866_012,2026-09-09 11:01:01,2026-09-16,7,google_flights,DEL,BLR,DEL-BLR,DEL,BLR,IndiGo,IndiGo,,5:00 PM,7:55 PM,175.0,2 hr 55 min,Economy,8724.0,,,True,d7fb3c363edc,
SCR_GF_1788931866_013,2026-09-09 11:01:01,2026-09-16,7,google_flights,DEL,BLR,DEL-BLR,DEL,BLR,IndiGo,IndiGo,,6:20 PM,9:10 PM,170.0,2 hr 50 min,Economy,8724.0,,,True,0ae1bcc23517,
SCR_GF_1788931866_014,2026-09-09 11:01:01,2026-09-16,7,google_flights,DEL,BLR,DEL-BLR,DEL,BLR,IndiGo,IndiGo,,7:30 PM,10:25 PM,175.0,2 hr 55 min,Economy,8724.0,,,True,4c435638998d,
SCR_GF_1788931866_015,2026-09-09 11:01:01,2026-09-16,7,google_flights,DEL,BLR,DEL-BLR,DEL,BLR,IndiGo,IndiGo,,8:45 PM,11:40 PM,175.0,2 hr 55 min,Economy,8724.0,,,True,e80762006730,
SCR_GF_1788931866_016,2026-09-09 11:01:01,2026-09-16,7,google_flights,DEL,BLR,DEL-BLR,DEL,BLR,IndiGo,IndiGo,,10:00 PM,12:55 AM,175.0,2 hr 55 min,Economy,8724.0,,,True,2b64cd0a0f11,
SCR_GF_1788931866_017,2026-09-09 11:01:01,2026-09-16,7,google_flights,DEL,BLR,DEL-BLR,DEL,BLR,Air India,Air India,,12:15 AM,3:10 AM,175.0,2 hr 55 min,Economy,8731.0,,,True,b05a36f5ed70,
SCR_GF_1788931866_018,2026-09-09 11:01:01,2026-09-16,7,google_flights,DEL,BLR,DEL-BLR,DEL,BLR,Air India,Air India,,4:30 AM,7:20 AM,170.0,2 hr 50 min,Economy,8883.0,,,True,f394473eb498,
SCR_GF_1788931866_019,2026-09-09 11:01:01,2026-09-16,7,google_flights,DEL,BLR,DEL-BLR,DEL,BLR,Air India,Air India,,6:00 AM,8:55 AM,175.0,2 hr 55 min,Economy,8883.0,,,True,e4b7fb6e3d89,
SCR_GF_1788931866_020,2026-09-09 11:01:01,2026-09-16,7,google_flights,DEL,BLR,DEL-BLR,DEL,BLR,Air India,Air India,,6:30 AM,9:25 AM,175.0,2 hr 55 min,Economy,8883.0,,,True,96de0ec8a342,
SCR_GF_1788931866_021,2026-09-09 11:01:01,2026-09-16,7,google_flights,DEL,BLR,DEL-BLR,DEL,BLR,Air India,Air India,,7:00 AM,9:55 AM,175.0,2 hr 55 min,Economy,8883.0,,,True,d5ef33eec183,
SCR_GF_1788931866_022,2026-09-09 11:01:01,2026-09-16,7,google_flights,DEL,BLR,DEL-BLR,DEL,BLR,Air India,Air India,,8:30 AM,11:20 AM,170.0,2 hr 50 min,Economy,8883.0,,,True,2aca2a13a270,
SCR_GF_1788931866_023,2026-09-09 11:01:01,2026-09-16,7,google_flights,DEL,BLR,DEL-BLR,DEL,BLR,Air India,Air India,,10:30 AM,1:20 PM,170.0,2 hr 50 min,Economy,8883.0,,,True,9ec2b5cd302d,
SCR_GF_1788931866_024,2026-09-09 11:01:01,2026-09-16,7,google_flights,DEL,BLR,DEL-BLR,DEL,BLR,Air India,Air India,,3:00 PM,5:55 PM,175.0,2 hr 55 min,Economy,8883.0,,,True,9c9b5c94f2d7,
SCR_GF_1788931866_025,2026-09-09 11:01:01,2026-09-16,7,google_flights,DEL,BLR,DEL-BLR,DEL,BLR,Air India,Air India,,7:00 PM,9:55 PM,175.0,2 hr 55 min,Economy,8883.0,,,True,be5e29fe2fbf,
SCR_GF_1788931866_026,2026-09-09 11:01:01,2026-09-16,7,google_flights,DEL,BLR,DEL-BLR,DEL,BLR,Air India,Air India,,7:30 PM,10:20 PM,170.0,2 hr 50 min,Economy,8883.0,,,True,0446a7d11872,
SCR_GF_1788931866_027,2026-09-09 11:01:01,2026-09-16,7,google_flights,DEL,BLR,DEL-BLR,DEL,BLR,Air India,Air India,,9:30 PM,12:25 AM,175.0,2 hr 55 min,Economy,8883.0,,,True,3afb550bfe25,
SCR_GF_1788931866_028,2026-09-09 11:01:01,2026-09-16,7,google_flights,DEL,BLR,DEL-BLR,DEL,BLR,Air India,Air India,,9:00 PM,11:55 PM,175.0,2 hr 55 min,Economy,8909.0,,,True,02be3f9fe46f,
SCR_GF_1788931866_029,2026-09-09 11:01:01,2026-09-16,7,google_flights,DEL,BLR,DEL-BLR,DEL,BLR,Air India,Air India,,6:20 PM,9:15 PM,175.0,2 hr 55 min,Economy,9119.0,,,True,9625de108959,
SCR_GF_1788931866_030,2026-09-09 11:01:01,2026-09-16,7,google_flights,DEL,BLR,DEL-BLR,DEL,BLR,Akasa Air,Akasa Air,,8:10 PM,11:10 PM,180.0,3 hr,Economy,9179.0,,,True,1874234b364a,
SCR_GF_1788931866_031,2026-09-09 11:01:01,2026-09-16,7,google_flights,DEL,BLR,DEL-BLR,DEL,BLR,Akasa Air,Akasa Air,,8:55 PM,11:50 PM,175.0,2 hr 55 min,Economy,9179.0,,,True,231702ecb87d,
SCR_GF_1788931866_032,2026-09-09 11:01:01,2026-09-16,7,google_flights,DEL,BLR,DEL-BLR,DEL,BLR,Akasa Air,Akasa Air,,9:55 PM,12:50 AM,175.0,2 hr 55 min,Economy,9179.0,,,True,1865fba9fe50,
SCR_GF_1788931866_033,2026-09-09 11:01:01,2026-09-16,7,google_flights,DEL,BLR,DEL-BLR,DEL,BLR,IndiGo,IndiGo,,8:20 AM,11:10 AM,170.0,2 hr 50 min,Economy,9181.0,,,True,2be23e31e9ee,
SCR_GF_1788931866_034,2026-09-09 11:01:01,2026-09-16,7,google_flights,DEL,BLR,DEL-BLR,DEL,BLR,Air India,Air India,,9:30 AM,12:25 PM,175.0,2 hr 55 min,Economy,9340.0,,,True,6b4802655e34,
SCR_GF_1788931866_035,2026-09-09 11:01:01,2026-09-16,7,google_flights,DEL,BLR,DEL-BLR,DEL,BLR,Air India,Air India,,4:30 PM,7:15 PM,165.0,2 hr 45 min,Economy,9340.0,,,True,28efce6eca88,
SCR_GF_1788931866_036,2026-09-09 11:01:01,2026-09-16,7,google_flights,DEL,BLR,DEL-BLR,DEL,BLR,Air India,Air India,,6:30 PM,9:25 PM,175.0,2 hr 55 min,Economy,9340.0,,,True,2e66a8defbaf,
SCR_GF_1788931866_037,2026-09-09 11:01:01,2026-09-16,7,google_flights,DEL,BLR,DEL-BLR,DEL,BLR,Akasa Air,Akasa Air,,4:40 PM,7:40 PM,180.0,3 hr,Economy,9508.0,,,True,01aa734e5419,
SCR_GF_1788931866_038,2026-09-09 11:01:01,2026-09-16,7,google_flights,DEL,BLR,DEL-BLR,DEL,BLR,Air India,Air India,,1:00 PM,3:55 PM,175.0,2 hr 55 min,Economy,10516.0,,,True,b94fa7b43163,
SCR_GF_1788931867_054,2026-09-09 11:01:01,2026-09-16,7,google_flights,DEL,BLR,DEL-BLR,DEL,BLR,IndiGo,IndiGo,,00:00,00:00,175.0,2 hr 55 min,Economy,8724.0,,,True,9ff398df5c7a,
SCR_GF_1788931867_055,2026-09-09 11:01:01,2026-09-16,7,google_flights,DEL,BLR,DEL-BLR,DEL,BLR,IndiGo,IndiGo,,00:00,00:00,175.0,2 hr 55 min,Economy,8731.0,,,True,b3a860f5feb5,
SCR_GF_1788931867_065,2026-09-09 11:01:01,2026-09-16,7,google_flights,DEL,BLR,DEL-BLR,DEL,BLR,IndiGo,IndiGo,,00:00,00:00,175.0,2 hr 55 min,Economy,8883.0,,,True,e117f6f416b7,
SCR_GF_1788931867_066,2026-09-09 11:01:01,2026-09-16,7,google_flights,DEL,BLR,DEL-BLR,DEL,BLR,IndiGo,IndiGo,,00:00,00:00,175.0,2 hr 55 min,Economy,8909.0,,,True,420b4360ab5c,
SCR_GF_1788931867_067,2026-09-09 11:01:01,2026-09-16,7,google_flights,DEL,BLR,DEL-BLR,DEL,BLR,IndiGo,IndiGo,,00:00,00:00,175.0,2 hr 55 min,Economy,9119.0,,,True,a8ae5bcc5d9a,
SCR_GF_1788931867_070,2026-09-09 11:01:01,2026-09-16,7,google_flights,DEL,BLR,DEL-BLR,DEL,BLR,IndiGo,IndiGo,,00:00,00:00,175.0,2 hr 55 min,Economy,9179.0,,,True,e57966614d41,
SCR_GF_1788931867_071,2026-09-09 11:01:01,2026-09-16,7,google_flights,DEL,BLR,DEL-BLR,DEL,BLR,IndiGo,IndiGo,,00:00,00:00,170.0,2 hr 50 min,Economy,9181.0,,,True,439102fdd429,
SCR_GF_1788931867_074,2026-09-09 11:01:01,2026-09-16,7,google_flights,DEL,BLR,DEL-BLR,DEL,BLR,IndiGo,IndiGo,,00:00,00:00,175.0,2 hr 55 min,Economy,9340.0,,,True,dfe75e95ff41,
SCR_GF_1788931867_075,2026-09-09 11:01:01,2026-09-16,7,google_flights,DEL,BLR,DEL-BLR,DEL,BLR,IndiGo,IndiGo,,00:00,00:00,180.0,3 hr,Economy,9508.0,,,True,1df7fb14426f,
SCR_GF_1788931867_076,2026-09-09 11:01:01,2026-09-16,7,google_flights,DEL,BLR,DEL-BLR,DEL,BLR,IndiGo,IndiGo,,00:00,00:00,175.0,2 hr 55 min,Economy,10516.0,,,True,e58f2c7fae96,
SCR_GF_1788934471_001,2026-09-09 11:44:26,2026-09-10,1,google_flights,BOM,GOI,BOM-GOI,BOM,GOI,Air India,Air India,,5:10 AM,6:30 AM,80.0,1 hr 20 min,Economy,10098.0,,,True,c4a0998ea443,
SCR_GF_1788934471_002,2026-09-09 11:44:26,2026-09-10,1,google_flights,BOM,GOI,BOM-GOI,BOM,GOI,IndiGo,IndiGo,,5:00 AM,6:05 AM,65.0,1 hr 5 min,Economy,11022.0,,,True,874740b97503,
SCR_GF_1788934471_003,2026-09-09 11:44:26,2026-09-10,1,google_flights,BOM,GOI,BOM-GOI,BOM,GOI,Air India,Air India,,12:25 PM,1:45 PM,80.0,1 hr 20 min,Economy,14658.0,,,True,eb946ee1acb7,
SCR_GF_1788934471_004,2026-09-09 11:44:26,2026-09-10,1,google_flights,BOM,GOI,BOM-GOI,BOM,GOI,IndiGo,IndiGo,,10:10 PM,11:30 PM,80.0,1 hr 20 min,Economy,12807.0,,,True,d841778b3b18,
SCR_GF_1788934471_005,2026-09-09 11:44:26,2026-09-10,1,google_flights,BOM,GOI,BOM-GOI,BOM,GOI,Air India,Air India,,4:30 PM,5:50 PM,80.0,1 hr 20 min,Economy,14658.0,,,True,e6984802d2f9,
SCR_GF_1788934471_006,2026-09-09 11:44:26,2026-09-10,1,google_flights,BOM,GOI,BOM-GOI,BOM,GOI,IndiGo,IndiGo,,4:40 PM,6:05 PM,85.0,1 hr 25 min,Economy,15012.0,,,True,8f0a1cf2f676,
SCR_GF_1788934471_007,2026-09-09 11:44:26,2026-09-10,1,google_flights,BOM,GOI,BOM-GOI,BOM,GOI,Air India,Air India,,7:20 PM,8:50 PM,90.0,1 hr 30 min,Economy,18555.0,,,True,fb423f770364,
SCR_GF_1788934471_008,2026-09-09 11:44:26,2026-09-10,1,google_flights,BOM,GOI,BOM-GOI,BOM,GOI,Air India,Air India,,1:05 PM,2:20 PM,75.0,1 hr 15 min,Economy,49873.0,,,True,37d924889ed4,
SCR_GF_1788934471_009,2026-09-09 11:44:26,2026-09-10,1,google_flights,BOM,GOI,BOM-GOI,BOM,GOI,IndiGo,IndiGo,,00:00,00:00,80.0,1 hr 20 min,Economy,10098.0,,,True,a5c7274639d1,
SCR_GF_1788934471_010,2026-09-09 11:44:26,2026-09-10,1,google_flights,BOM,GOI,BOM-GOI,BOM,GOI,IndiGo,IndiGo,,00:00,00:00,65.0,1 hr 5 min,Economy,11022.0,,,True,b98c25cb8499,
SCR_GF_1788934471_012,2026-09-09 11:44:26,2026-09-10,1,google_flights,BOM,GOI,BOM-GOI,BOM,GOI,IndiGo,IndiGo,,00:00,00:00,80.0,1 hr 20 min,Economy,12807.0,,,True,08f864c1139c,
SCR_GF_1788934471_013,2026-09-09 11:44:26,2026-09-10,1,google_flights,BOM,GOI,BOM-GOI,BOM,GOI,IndiGo,IndiGo,,00:00,00:00,80.0,1 hr 20 min,Economy,14658.0,,,True,26b394fac6fd,
SCR_GF_1788934471_014,2026-09-09 11:44:26,2026-09-10,1,google_flights,BOM,GOI,BOM-GOI,BOM,GOI,IndiGo,IndiGo,,00:00,00:00,85.0,1 hr 25 min,Economy,15012.0,,,True,36330d7900c0,
SCR_GF_1788934471_015,2026-09-09 11:44:26,2026-09-10,1,google_flights,BOM,GOI,BOM-GOI,BOM,GOI,IndiGo,IndiGo,,00:00,00:00,90.0,1 hr 30 min,Economy,18555.0,,,True,e7a308726c1b,
SCR_GF_1788934471_016,2026-09-09 11:44:26,2026-09-10,1,google_flights,BOM,GOI,BOM-GOI,BOM,GOI,IndiGo,IndiGo,,00:00,00:00,75.0,1 hr 15 min,Economy,49873.0,,,True,616ef35562cd,
SCR_GF_1788934477_001,2026-09-09 11:44:31,2026-09-16,7,google_flights,BOM,GOI,BOM-GOI,BOM,GOI,IndiGo,IndiGo,,5:00 AM,6:05 AM,65.0,1 hr 5 min,Economy,4407.0,,,True,5b7972358e58,
SCR_GF_1788934477_002,2026-09-09 11:44:31,2026-09-16,7,google_flights,BOM,GOI,BOM-GOI,BOM,GOI,Air India,Air India,,5:10 AM,6:30 AM,80.0,1 hr 20 min,Economy,4753.0,,,True,0e06a0450639,
SCR_GF_1788934477_003,2026-09-09 11:44:31,2026-09-16,7,google_flights,BOM,GOI,BOM-GOI,BOM,GOI,Air India,Air India,,4:30 PM,5:50 PM,80.0,1 hr 20 min,Economy,5446.0,,,True,acd62eebd16f,
SCR_GF_1788934477_004,2026-09-09 11:44:31,2026-09-16,7,google_flights,BOM,GOI,BOM-GOI,BOM,GOI,IndiGo,IndiGo,,10:10 PM,11:30 PM,80.0,1 hr 20 min,Economy,4827.0,,,True,25315c109aa5,
SCR_GF_1788934477_005,2026-09-09 11:44:31,2026-09-16,7,google_flights,BOM,GOI,BOM-GOI,BOM,GOI,IndiGo,IndiGo,,4:40 PM,6:05 PM,85.0,1 hr 25 min,Economy,5247.0,,,True,a0566df3b4ad,
SCR_GF_1788934477_006,2026-09-09 11:44:31,2026-09-16,7,google_flights,BOM,GOI,BOM-GOI,BOM,GOI,Air India,Air India,,7:20 PM,8:50 PM,90.0,1 hr 30 min,Economy,5625.0,,,True,33c7b83fab4a,
SCR_GF_1788934477_007,2026-09-09 11:44:31,2026-09-16,7,google_flights,BOM,GOI,BOM-GOI,BOM,GOI,IndiGo,IndiGo,,1:55 PM,3:10 PM,75.0,1 hr 15 min,Economy,5982.0,,,True,8a30c3d84a2b,
SCR_GF_1788934477_008,2026-09-09 11:44:31,2026-09-16,7,google_flights,BOM,GOI,BOM-GOI,BOM,GOI,Air India,Air India,,3:30 PM,4:50 PM,80.0,1 hr 20 min,Economy,6255.0,,,True,41353abfbb58,
SCR_GF_1788934477_009,2026-09-09 11:44:31,2026-09-16,7,google_flights,BOM,GOI,BOM-GOI,BOM,GOI,IndiGo,IndiGo,,11:20 AM,12:30 PM,70.0,1 hr 10 min,Economy,6612.0,,,True,0d66b7467271,
SCR_GF_1788934477_010,2026-09-09 11:44:31,2026-09-16,7,google_flights,BOM,GOI,BOM-GOI,BOM,GOI,Air India,Air India,,1:05 PM,2:20 PM,75.0,1 hr 15 min,Economy,7924.0,,,True,0807e273d1c9,
SCR_GF_1788934477_011,2026-09-09 11:44:31,2026-09-16,7,google_flights,BOM,GOI,BOM-GOI,BOM,GOI,Air India,Air India,,12:25 PM,1:45 PM,80.0,1 hr 20 min,Economy,14658.0,,,True,f1ac60fd3a61,
SCR_GF_1788934477_012,2026-09-09 11:44:31,2026-09-16,7,google_flights,BOM,GOI,BOM-GOI,BOM,GOI,IndiGo,IndiGo,,00:00,00:00,65.0,1 hr 5 min,Economy,4407.0,,,True,5e645e231132,
SCR_GF_1788934477_013,2026-09-09 11:44:31,2026-09-16,7,google_flights,BOM,GOI,BOM-GOI,BOM,GOI,IndiGo,IndiGo,,00:00,00:00,80.0,1 hr 20 min,Economy,4753.0,,,True,f96e6b8c2e3b,
SCR_GF_1788934477_014,2026-09-09 11:44:31,2026-09-16,7,google_flights,BOM,GOI,BOM-GOI,BOM,GOI,IndiGo,IndiGo,,00:00,00:00,80.0,1 hr 20 min,Economy,5446.0,,,True,113e2a86390d,
SCR_GF_1788934477_015,2026-09-09 11:44:31,2026-09-16,7,google_flights,BOM,GOI,BOM-GOI,BOM,GOI,IndiGo,IndiGo,,00:00,00:00,80.0,1 hr 20 min,Economy,4827.0,,,True,e84d9817b465,
SCR_GF_1788934477_016,2026-09-09 11:44:31,2026-09-16,7,google_flights,BOM,GOI,BOM-GOI,BOM,GOI,IndiGo,IndiGo,,00:00,00:00,85.0,1 hr 25 min,Economy,5247.0,,,True,6457bc644f7b,
SCR_GF_1788934477_017,2026-09-09 11:44:31,2026-09-16,7,google_flights,BOM,GOI,BOM-GOI,BOM,GOI,IndiGo,IndiGo,,00:00,00:00,90.0,1 hr 30 min,Economy,5625.0,,,True,0cdaa511c4bc,
SCR_GF_1788934477_018,2026-09-09 11:44:31,2026-09-16,7,google_flights,BOM,GOI,BOM-GOI,BOM,GOI,IndiGo,IndiGo,,00:00,00:00,75.0,1 hr 15 min,Economy,5982.0,,,True,217a8ea09fed,
SCR_GF_1788934477_019,2026-09-09 11:44:31,2026-09-16,7,google_flights,BOM,GOI,BOM-GOI,BOM,GOI,IndiGo,IndiGo,,00:00,00:00,80.0,1 hr 20 min,Economy,6255.0,,,True,ae3727cef38d,
SCR_GF_1788934477_020,2026-09-09 11:44:31,2026-09-16,7,google_flights,BOM,GOI,BOM-GOI,BOM,GOI,IndiGo,IndiGo,,00:00,00:00,70.0,1 hr 10 min,Economy,6612.0,,,True,c8d8a0d1d595,
SCR_GF_1788934477_021,2026-09-09 11:44:31,2026-09-16,7,google_flights,BOM,GOI,BOM-GOI,BOM,GOI,IndiGo,IndiGo,,00:00,00:00,75.0,1 hr 15 min,Economy,7924.0,,,True,34f74d81961c,
SCR_GF_1788934477_022,2026-09-09 11:44:31,2026-09-16,7,google_flights,BOM,GOI,BOM-GOI,BOM,GOI,IndiGo,IndiGo,,00:00,00:00,80.0,1 hr 20 min,Economy,14658.0,,,True,bbe06c1376e4,
SCR_GF_1788934530_001,2026-09-09 11:45:24,2026-09-10,1,google_flights,UDR,BLR,UDR-BLR,UDR,BLR,IndiGo,IndiGo,,9:50 AM,12:15 PM,145.0,2 hr 25 min,Economy,9340.0,,,True,7ebc8e50032f,
SCR_GF_1788934530_002,2026-09-09 11:45:24,2026-09-10,1,google_flights,UDR,BLR,UDR-BLR,UDR,BLR,IndiGo,IndiGo,,11:45 AM,9:35 PM,590.0,9 hr 50 min,Economy,17224.0,,,False,33f14779267f,
SCR_GF_1788934530_004,2026-09-09 11:45:24,2026-09-10,1,google_flights,UDR,BLR,UDR-BLR,UDR,BLR,IndiGo,IndiGo,,00:00,00:00,145.0,2 hr 25 min,Economy,9340.0,,,True,511a6837a608,
SCR_GF_1788934530_005,2026-09-09 11:45:24,2026-09-10,1,google_flights,UDR,BLR,UDR-BLR,UDR,BLR,IndiGo,IndiGo,,00:00,00:00,590.0,9 hr 50 min,Economy,17224.0,,,False,4c7f758d3192,
SCR_GF_1788934535_001,2026-09-09 11:45:30,2026-09-16,7,google_flights,UDR,BLR,UDR-BLR,UDR,BLR,IndiGo,IndiGo,,10:15 AM,8:05 PM,590.0,9 hr 50 min,Economy,15787.0,,,False,2630e7453726,
SCR_GF_1788934535_002,2026-09-09 11:45:30,2026-09-16,7,google_flights,UDR,BLR,UDR-BLR,UDR,BLR,IndiGo,IndiGo,,10:15 AM,7:05 PM,530.0,8 hr 50 min,Economy,16376.0,,,False,dca83ce2d4f8,
SCR_GF_1788934535_003,2026-09-09 11:45:30,2026-09-16,7,google_flights,UDR,BLR,UDR-BLR,UDR,BLR,IndiGo,IndiGo,,10:15 AM,3:50 PM,335.0,5 hr 35 min,Economy,17742.0,,,False,4238b0b544ae,
SCR_GF_1788934535_005,2026-09-09 11:45:30,2026-09-16,7,google_flights,UDR,BLR,UDR-BLR,UDR,BLR,IndiGo,IndiGo,,00:00,00:00,590.0,9 hr 50 min,Economy,15787.0,,,False,b451dbea497c,
SCR_GF_1788934535_006,2026-09-09 11:45:30,2026-09-16,7,google_flights,UDR,BLR,UDR-BLR,UDR,BLR,IndiGo,IndiGo,,00:00,00:00,530.0,8 hr 50 min,Economy,16376.0,,,False,43454da64403,
SCR_GF_1788934535_007,2026-09-09 11:45:30,2026-09-16,7,google_flights,UDR,BLR,UDR-BLR,UDR,BLR,IndiGo,IndiGo,,00:00,00:00,335.0,5 hr 35 min,Economy,17742.0,,,False,19b9a3f87527,
SCR_GF_1788934541_001,2026-09-09 11:45:35,2026-09-24,15,google_flights,UDR,BLR,UDR-BLR,UDR,BLR,IndiGo,IndiGo,,9:50 AM,12:15 PM,145.0,2 hr 25 min,Economy,9340.0,,,True,65c324d4c416,
SCR_GF_1788934541_002,2026-09-09 11:45:35,2026-09-24,15,google_flights,UDR,BLR,UDR-BLR,UDR,BLR,IndiGo,IndiGo,,11:45 AM,9:35 PM,590.0,9 hr 50 min,Economy,14914.0,,,False,b4ec90c56632,
SCR_GF_1788934541_004,2026-09-09 11:45:35,2026-09-24,15,google_flights,UDR,BLR,UDR-BLR,UDR,BLR,IndiGo,IndiGo,,00:00,00:00,145.0,2 hr 25 min,Economy,9340.0,,,True,98dec03d5132,
SCR_GF_1788934541_005,2026-09-09 11:45:35,2026-09-24,15,google_flights,UDR,BLR,UDR-BLR,UDR,BLR,IndiGo,IndiGo,,00:00,00:00,590.0,9 hr 50 min,Economy,14914.0,,,False,c6ef345f9eef,
SCR_GF_1788934547_001,2026-09-09 11:45:41,2026-10-09,30,google_flights,UDR,BLR,UDR-BLR,UDR,BLR,IndiGo,IndiGo,,9:50 AM,12:15 PM,145.0,2 hr 25 min,Economy,9491.0,,,True,7838545921c9,
SCR_GF_1788934547_002,2026-09-09 11:45:41,2026-10-09,30,google_flights,UDR,BLR,UDR-BLR,UDR,BLR,IndiGo,IndiGo,,10:15 AM,3:50 PM,335.0,5 hr 35 min,Economy,11625.0,,,False,7d399229aac6,
SCR_GF_1788934547_003,2026-09-09 11:45:41,2026-10-09,30,google_flights,UDR,BLR,UDR-BLR,UDR,BLR,IndiGo,IndiGo,,11:45 AM,9:35 PM,590.0,9 hr 50 min,Economy,18790.0,,,False,1676ac0fe3a5,
SCR_GF_1788934547_005,2026-09-09 11:45:41,2026-10-09,30,google_flights,UDR,BLR,UDR-BLR,UDR,BLR,IndiGo,IndiGo,,00:00,00:00,145.0,2 hr 25 min,Economy,9491.0,,,True,528a875f32c6,
SCR_GF_1788934547_006,2026-09-09 11:45:41,2026-10-09,30,google_flights,UDR,BLR,UDR-BLR,UDR,BLR,IndiGo,IndiGo,,00:00,00:00,335.0,5 hr 35 min,Economy,11625.0,,,False,690cb246a632,
SCR_GF_1788934547_007,2026-09-09 11:45:41,2026-10-09,30,google_flights,UDR,BLR,UDR-BLR,UDR,BLR,IndiGo,IndiGo,,00:00,00:00,590.0,9 hr 50 min,Economy,18790.0,,,False,a57780d94012,
SCR_EAS_1788934568_001,2026-09-09 11:46:04,2026-09-10,1,easemytrip,UDR,BLR,UDR-BLR,UDR,BLR,IndiGo,IndiGo,,00:00,00:00,,,Economy,9098.0,,,False,c04f6f5ed5d0,
SCR_EAS_1788934568_004,2026-09-09 11:46:04,2026-09-10,1,easemytrip,UDR,BLR,UDR-BLR,UDR,BLR,IndiGo,IndiGo,,00:00,00:00,,,Economy,4000.0,,,False,f10dbe2c6726,
SCR_EAS_1788934568_006,2026-09-09 11:46:04,2026-09-10,1,easemytrip,UDR,BLR,UDR-BLR,UDR,BLR,IndiGo,IndiGo,,00:00,00:00,,,Economy,3401.0,,,False,c2b15ff4e5f7,
SCR_EAS_1788934568_008,2026-09-09 11:46:04,2026-09-10,1,easemytrip,UDR,BLR,UDR-BLR,UDR,BLR,IndiGo,IndiGo,,00:00,00:00,,,Economy,500.0,,,False,782c1c0db9e1,
SCR_EAS_1788934573_001,2026-09-09 11:46:09,2026-09-16,7,easemytrip,UDR,BLR,UDR-BLR,UDR,BLR,IndiGo,IndiGo,,00:00,00:00,,,Economy,9098.0,,,False,c3c1747822f6,
SCR_EAS_1788934573_004,2026-09-09 11:46:09,2026-09-16,7,easemytrip,UDR,BLR,UDR-BLR,UDR,BLR,IndiGo,IndiGo,,00:00,00:00,,,Economy,4000.0,,,False,32fc3c950a72,
SCR_EAS_1788934573_006,2026-09-09 11:46:09,2026-09-16,7,easemytrip,UDR,BLR,UDR-BLR,UDR,BLR,IndiGo,IndiGo,,00:00,00:00,,,Economy,3401.0,,,False,05f91b79e8f8,
SCR_EAS_1788934573_008,2026-09-09 11:46:09,2026-09-16,7,easemytrip,UDR,BLR,UDR-BLR,UDR,BLR,IndiGo,IndiGo,,00:00,00:00,,,Economy,500.0,,,False,0754dd938299,
SCR_EAS_1788934577_001,2026-09-09 11:46:13,2026-09-24,15,easemytrip,UDR,BLR,UDR-BLR,UDR,BLR,IndiGo,IndiGo,,00:00,00:00,,,Economy,9098.0,,,False,0dfafdf0e27b,
SCR_EAS_1788934577_004,2026-09-09 11:46:13,2026-09-24,15,easemytrip,UDR,BLR,UDR-BLR,UDR,BLR,IndiGo,IndiGo,,00:00,00:00,,,Economy,4000.0,,,False,07be0f572fdf,
SCR_EAS_1788934577_006,2026-09-09 11:46:13,2026-09-24,15,easemytrip,UDR,BLR,UDR-BLR,UDR,BLR,IndiGo,IndiGo,,00:00,00:00,,,Economy,3401.0,,,False,c08929d3e4eb,
SCR_EAS_1788934577_008,2026-09-09 11:46:13,2026-09-24,15,easemytrip,UDR,BLR,UDR-BLR,UDR,BLR,IndiGo,IndiGo,,00:00,00:00,,,Economy,500.0,,,False,b159c3715a48,
SCR_EAS_1788934581_001,2026-09-09 11:46:17,2026-10-09,30,easemytrip,UDR,BLR,UDR-BLR,UDR,BLR,IndiGo,IndiGo,,00:00,00:00,,,Economy,9098.0,,,False,386e63e213ba,
SCR_EAS_1788934581_004,2026-09-09 11:46:17,2026-10-09,30,easemytrip,UDR,BLR,UDR-BLR,UDR,BLR,IndiGo,IndiGo,,00:00,00:00,,,Economy,4000.0,,,False,b27d912c409b,
SCR_EAS_1788934581_006,2026-09-09 11:46:17,2026-10-09,30,easemytrip,UDR,BLR,UDR-BLR,UDR,BLR,IndiGo,IndiGo,,00:00,00:00,,,Economy,3401.0,,,False,7f95fbaa29d1,
SCR_EAS_1788934581_008,2026-09-09 11:46:17,2026-10-09,30,easemytrip,UDR,BLR,UDR-BLR,UDR,BLR,IndiGo,IndiGo,,00:00,00:00,,,Economy,500.0,,,False,fd5742f54443,
SCR_EAS_1788934834_001,2026-09-09 11:50:30,2026-09-10,1,easemytrip,LKO,UDR,LKO-UDR,LKO,UDR,IndiGo,IndiGo,,00:00,00:00,,,Economy,9098.0,,,False,29a352e3236f,
SCR_EAS_1788934834_004,2026-09-09 11:50:30,2026-09-10,1,easemytrip,LKO,UDR,LKO-UDR,LKO,UDR,IndiGo,IndiGo,,00:00,00:00,,,Economy,4000.0,,,False,7e5beef402bf,
SCR_EAS_1788934834_006,2026-09-09 11:50:30,2026-09-10,1,easemytrip,LKO,UDR,LKO-UDR,LKO,UDR,IndiGo,IndiGo,,00:00,00:00,,,Economy,3401.0,,,False,7861533759a3,
SCR_EAS_1788934834_008,2026-09-09 11:50:30,2026-09-10,1,easemytrip,LKO,UDR,LKO-UDR,LKO,UDR,IndiGo,IndiGo,,00:00,00:00,,,Economy,500.0,,,False,6465bc05908b,
SCR_EAS_1788934839_001,2026-09-09 11:50:35,2026-09-16,7,easemytrip,LKO,UDR,LKO-UDR,LKO,UDR,IndiGo,IndiGo,,00:00,00:00,,,Economy,9098.0,,,False,45c4dff0b4b2,
SCR_EAS_1788934839_004,2026-09-09 11:50:35,2026-09-16,7,easemytrip,LKO,UDR,LKO-UDR,LKO,UDR,IndiGo,IndiGo,,00:00,00:00,,,Economy,4000.0,,,False,7573b1148cf0,
SCR_EAS_1788934839_006,2026-09-09 11:50:35,2026-09-16,7,easemytrip,LKO,UDR,LKO-UDR,LKO,UDR,IndiGo,IndiGo,,00:00,00:00,,,Economy,3401.0,,,False,93446270f120,
SCR_EAS_1788934839_008,2026-09-09 11:50:35,2026-09-16,7,easemytrip,LKO,UDR,LKO-UDR,LKO,UDR,IndiGo,IndiGo,,00:00,00:00,,,Economy,500.0,,,False,18f8c52950f3,
SCR_EAS_1788934843_001,2026-09-09 11:50:39,2026-09-24,15,easemytrip,LKO,UDR,LKO-UDR,LKO,UDR,IndiGo,IndiGo,,00:00,00:00,,,Economy,9098.0,,,False,93ac221cac46,
SCR_EAS_1788934843_004,2026-09-09 11:50:39,2026-09-24,15,easemytrip,LKO,UDR,LKO-UDR,LKO,UDR,IndiGo,IndiGo,,00:00,00:00,,,Economy,4000.0,,,False,38a2250250fc,
SCR_EAS_1788934843_006,2026-09-09 11:50:39,2026-09-24,15,easemytrip,LKO,UDR,LKO-UDR,LKO,UDR,IndiGo,IndiGo,,00:00,00:00,,,Economy,3401.0,,,False,5f5d6ecede5e,
SCR_EAS_1788934843_008,2026-09-09 11:50:39,2026-09-24,15,easemytrip,LKO,UDR,LKO-UDR,LKO,UDR,IndiGo,IndiGo,,00:00,00:00,,,Economy,500.0,,,False,14c3ae509c41,
SCR_EAS_1788934847_001,2026-09-09 11:50:43,2026-10-09,30,easemytrip,LKO,UDR,LKO-UDR,LKO,UDR,IndiGo,IndiGo,,00:00,00:00,,,Economy,9098.0,,,False,1ba2bd726252,
SCR_EAS_1788934847_004,2026-09-09 11:50:43,2026-10-09,30,easemytrip,LKO,UDR,LKO-UDR,LKO,UDR,IndiGo,IndiGo,,00:00,00:00,,,Economy,4000.0,,,False,ebd74a99b68c,
SCR_EAS_1788934847_006,2026-09-09 11:50:43,2026-10-09,30,easemytrip,LKO,UDR,LKO-UDR,LKO,UDR,IndiGo,IndiGo,,00:00,00:00,,,Economy,3401.0,,,False,6f370aba5fc2,
SCR_EAS_1788934847_008,2026-09-09 11:50:43,2026-10-09,30,easemytrip,LKO,UDR,LKO-UDR,LKO,UDR,IndiGo,IndiGo,,00:00,00:00,,,Economy,500.0,,,False,a65be21add88,
SCR_GF_1788943581_001,2026-09-09 14:16:04,2026-09-10,1,google_flights,DEL,BOM,DEL-BOM,DEL,BOM,Air India,Air India,,11:00 PM,1:25 AM,145.0,2 hr 25 min,Economy,6314.0,,,True,11125f32b95c,
SCR_GF_1788943581_002,2026-09-09 14:16:04,2026-09-10,1,google_flights,DEL,BOM,DEL-BOM,DEL,BOM,IndiGo,IndiGo,,11:30 PM,1:45 AM,135.0,2 hr 15 min,Economy,6425.0,,,True,eb34a456bc75,
SCR_GF_1788943581_003,2026-09-09 14:16:04,2026-09-10,1,google_flights,DEL,BOM,DEL-BOM,DEL,BOM,Akasa Air,Akasa Air,,4:00 PM,6:20 PM,140.0,2 hr 20 min,Economy,6880.0,,,True,32592ae6eb8d,
SCR_GF_1788943581_004,2026-09-09 14:16:04,2026-09-10,1,google_flights,DEL,BOM,DEL-BOM,DEL,BOM,IndiGo,IndiGo,,8:15 AM,1:30 PM,315.0,5 hr 15 min,Economy,6195.0,,,False,a594fc9bb217,
SCR_GF_1788943581_005,2026-09-09 14:16:04,2026-09-10,1,google_flights,DEL,BOM,DEL-BOM,DEL,BOM,IndiGo,IndiGo,,9:00 AM,1:50 PM,290.0,4 hr 50 min,Economy,6195.0,,,False,0ffe9a9cb9ad,
SCR_GF_1788943581_006,2026-09-09 14:16:04,2026-09-10,1,google_flights,DEL,BOM,DEL-BOM,DEL,BOM,IndiGo,IndiGo,,2:00 PM,7:35 PM,335.0,5 hr 35 min,Economy,6195.0,,,False,e77394b3271a,
SCR_GF_1788943581_007,2026-09-09 14:16:04,2026-09-10,1,google_flights,DEL,BOM,DEL-BOM,DEL,BOM,Air India,Air India,,5:00 AM,7:20 AM,140.0,2 hr 20 min,Economy,6314.0,,,True,79d45c4bc8f2,
SCR_GF_1788943581_008,2026-09-09 14:16:04,2026-09-10,1,google_flights,DEL,BOM,DEL-BOM,DEL,BOM,IndiGo,IndiGo,,5:00 AM,7:15 AM,135.0,2 hr 15 min,Economy,6425.0,,,True,5ef664475afd,
SCR_GF_1788943581_009,2026-09-09 14:16:04,2026-09-10,1,google_flights,DEL,BOM,DEL-BOM,DEL,BOM,IndiGo,IndiGo,,9:30 AM,11:55 AM,145.0,2 hr 25 min,Economy,6425.0,,,True,37e73c62e05e,
SCR_GF_1788943581_010,2026-09-09 14:16:04,2026-09-10,1,google_flights,DEL,BOM,DEL-BOM,DEL,BOM,IndiGo,IndiGo,,10:15 AM,12:35 PM,140.0,2 hr 20 min,Economy,6425.0,,,True,e9a0f2630b6d,
SCR_GF_1788943581_011,2026-09-09 14:16:04,2026-09-10,1,google_flights,DEL,BOM,DEL-BOM,DEL,BOM,IndiGo,IndiGo,,11:00 AM,1:15 PM,135.0,2 hr 15 min,Economy,6425.0,,,True,2f79b7432068,
SCR_GF_1788943581_012,2026-09-09 14:16:04,2026-09-10,1,google_flights,DEL,BOM,DEL-BOM,DEL,BOM,IndiGo,IndiGo,,12:00 PM,2:15 PM,135.0,2 hr 15 min,Economy,6425.0,,,True,4bae1bf100b6,
SCR_GF_1788943581_013,2026-09-09 14:16:04,2026-09-10,1,google_flights,DEL,BOM,DEL-BOM,DEL,BOM,IndiGo,IndiGo,,1:00 PM,3:10 PM,130.0,2 hr 10 min,Economy,6425.0,,,True,b21059aa60f4,
SCR_GF_1788943581_014,2026-09-09 14:16:04,2026-09-10,1,google_flights,DEL,BOM,DEL-BOM,DEL,BOM,IndiGo,IndiGo,,2:00 PM,4:25 PM,145.0,2 hr 25 min,Economy,6425.0,,,True,e5275f829e7a,
SCR_GF_1788943581_015,2026-09-09 14:16:04,2026-09-10,1,google_flights,DEL,BOM,DEL-BOM,DEL,BOM,IndiGo,IndiGo,,2:45 PM,5:00 PM,135.0,2 hr 15 min,Economy,6425.0,,,True,48a38e48788a,
SCR_GF_1788943581_016,2026-09-09 14:16:04,2026-09-10,1,google_flights,DEL,BOM,DEL-BOM,DEL,BOM,IndiGo,IndiGo,,3:30 PM,5:45 PM,135.0,2 hr 15 min,Economy,6425.0,,,True,aa01a81eff01,
SCR_GF_1788943581_017,2026-09-09 14:16:04,2026-09-10,1,google_flights,DEL,BOM,DEL-BOM,DEL,BOM,IndiGo,IndiGo,,4:15 PM,6:35 PM,140.0,2 hr 20 min,Economy,6425.0,,,True,c1f9895824f3,
SCR_GF_1788943581_018,2026-09-09 14:16:04,2026-09-10,1,google_flights,DEL,BOM,DEL-BOM,DEL,BOM,IndiGo,IndiGo,,10:45 PM,1:05 AM,140.0,2 hr 20 min,Economy,6425.0,,,True,dc200bb72486,
SCR_GF_1788943581_019,2026-09-09 14:16:04,2026-09-10,1,google_flights,DEL,BOM,DEL-BOM,DEL,BOM,Air India,Air India,,11:00 AM,1:25 PM,145.0,2 hr 25 min,Economy,6582.0,,,True,114eaf01716a,
SCR_GF_1788943581_020,2026-09-09 14:16:04,2026-09-10,1,google_flights,DEL,BOM,DEL-BOM,DEL,BOM,Air India,Air India,,3:30 PM,5:55 PM,145.0,2 hr 25 min,Economy,6582.0,,,True,dba54be13e17,
SCR_GF_1788943581_021,2026-09-09 14:16:04,2026-09-10,1,google_flights,DEL,BOM,DEL-BOM,DEL,BOM,Air India,Air India,,4:00 PM,6:25 PM,145.0,2 hr 25 min,Economy,6582.0,,,True,c898bb60d479,
SCR_GF_1788943581_022,2026-09-09 14:16:04,2026-09-10,1,google_flights,DEL,BOM,DEL-BOM,DEL,BOM,Air India,Air India,,4:30 PM,6:50 PM,140.0,2 hr 20 min,Economy,6582.0,,,True,aec711085223,
SCR_GF_1788943581_023,2026-09-09 14:16:04,2026-09-10,1,google_flights,DEL,BOM,DEL-BOM,DEL,BOM,IndiGo,IndiGo,,8:45 AM,11:00 AM,135.0,2 hr 15 min,Economy,6583.0,,,True,a1412955a570,
SCR_GF_1788943581_024,2026-09-09 14:16:04,2026-09-10,1,google_flights,DEL,BOM,DEL-BOM,DEL,BOM,IndiGo,IndiGo,,5:00 PM,7:15 PM,135.0,2 hr 15 min,Economy,6583.0,,,True,a641cab3953a,
SCR_GF_1788943581_025,2026-09-09 14:16:04,2026-09-10,1,google_flights,DEL,BOM,DEL-BOM,DEL,BOM,IndiGo,IndiGo,,9:45 PM,12:05 AM,140.0,2 hr 20 min,Economy,6583.0,,,True,4377c7a58042,
SCR_GF_1788943581_026,2026-09-09 14:16:04,2026-09-10,1,google_flights,DEL,BOM,DEL-BOM,DEL,BOM,Air India,Air India,,9:30 AM,12:00 PM,150.0,2 hr 30 min,Economy,6740.0,,,True,c2cb6bd76015,
SCR_GF_1788943581_027,2026-09-09 14:16:04,2026-09-10,1,google_flights,DEL,BOM,DEL-BOM,DEL,BOM,Air India,Air India,,10:00 AM,12:25 PM,145.0,2 hr 25 min,Economy,6740.0,,,True,dbbf03f2ce04,
SCR_GF_1788943581_028,2026-09-09 14:16:04,2026-09-10,1,google_flights,DEL,BOM,DEL-BOM,DEL,BOM,Air India,Air India,,12:00 PM,2:25 PM,145.0,2 hr 25 min,Economy,6740.0,,,True,044e9cb755fd,
SCR_GF_1788943581_029,2026-09-09 14:16:04,2026-09-10,1,google_flights,DEL,BOM,DEL-BOM,DEL,BOM,Air India,Air India,,5:00 PM,7:25 PM,145.0,2 hr 25 min,Economy,6740.0,,,True,3d50495cab34,
SCR_GF_1788943581_030,2026-09-09 14:16:04,2026-09-10,1,google_flights,DEL,BOM,DEL-BOM,DEL,BOM,Air India,Air India,,5:35 AM,8:05 AM,150.0,2 hr 30 min,Economy,6779.0,,,True,1f2a644cb2a1,
SCR_GF_1788943581_031,2026-09-09 14:16:04,2026-09-10,1,google_flights,DEL,BOM,DEL-BOM,DEL,BOM,Air India,Air India,,11:25 PM,1:50 AM,145.0,2 hr 25 min,Economy,6779.0,,,True,bf13f70d20bc,
SCR_GF_1788943581_032,2026-09-09 14:16:04,2026-09-10,1,google_flights,DEL,BOM,DEL-BOM,DEL,BOM,IndiGo,IndiGo,,6:05 AM,8:20 AM,135.0,2 hr 15 min,Economy,6793.0,,,True,29d5b5add232,
SCR_GF_1788943581_033,2026-09-09 14:16:04,2026-09-10,1,google_flights,DEL,BOM,DEL-BOM,DEL,BOM,Akasa Air,Akasa Air,,8:40 AM,10:55 AM,135.0,2 hr 15 min,Economy,6880.0,,,True,56334e9b0aa5,
SCR_GF_1788943581_034,2026-09-09 14:16:04,2026-09-10,1,google_flights,DEL,BOM,DEL-BOM,DEL,BOM,Akasa Air,Akasa Air,,9:20 AM,11:40 AM,140.0,2 hr 20 min,Economy,6880.0,,,True,067ddd7eabb9,
SCR_GF_1788943581_035,2026-09-09 14:16:04,2026-09-10,1,google_flights,DEL,BOM,DEL-BOM,DEL,BOM,Akasa Air,Akasa Air,,10:30 AM,12:45 PM,135.0,2 hr 15 min,Economy,6880.0,,,True,dd2a96380f0a,
SCR_GF_1788943581_036,2026-09-09 14:16:04,2026-09-10,1,google_flights,DEL,BOM,DEL-BOM,DEL,BOM,Akasa Air,Akasa Air,,12:30 PM,2:55 PM,145.0,2 hr 25 min,Economy,6880.0,,,True,7b223c08214d,
SCR_GF_1788943582_037,2026-09-09 14:16:04,2026-09-10,1,google_flights,DEL,BOM,DEL-BOM,DEL,BOM,Air India,Air India,,7:00 AM,9:25 AM,145.0,2 hr 25 min,Economy,7212.0,,,True,2195ceba237b,
SCR_GF_1788943582_038,2026-09-09 14:16:04,2026-09-10,1,google_flights,DEL,BOM,DEL-BOM,DEL,BOM,Air India,Air India,,7:30 AM,9:55 AM,145.0,2 hr 25 min,Economy,7212.0,,,True,89886050092a,
SCR_GF_1788943582_039,2026-09-09 14:16:04,2026-09-10,1,google_flights,DEL,BOM,DEL-BOM,DEL,BOM,IndiGo,IndiGo,,7:15 AM,9:30 AM,135.0,2 hr 15 min,Economy,7370.0,,,True,d61d00a6acb5,
SCR_GF_1788943582_040,2026-09-09 14:16:04,2026-09-10,1,google_flights,DEL,BOM,DEL-BOM,DEL,BOM,IndiGo,IndiGo,,8:00 AM,10:20 AM,140.0,2 hr 20 min,Economy,7370.0,,,True,f9232c044aa0,
SCR_GF_1788943582_041,2026-09-09 14:16:04,2026-09-10,1,google_flights,DEL,BOM,DEL-BOM,DEL,BOM,Air India,Air India,,8:30 AM,10:45 AM,135.0,2 hr 15 min,Economy,7842.0,,,True,3642710d9536,
SCR_GF_1788943582_042,2026-09-09 14:16:04,2026-09-10,1,google_flights,DEL,BOM,DEL-BOM,DEL,BOM,Air India,Air India,,1:30 PM,3:50 PM,140.0,2 hr 20 min,Economy,7842.0,,,True,b66c36d6d6ed,
SCR_GF_1788943582_043,2026-09-09 14:16:04,2026-09-10,1,google_flights,DEL,BOM,DEL-BOM,DEL,BOM,Akasa Air,Akasa Air,,6:50 AM,9:10 AM,140.0,2 hr 20 min,Economy,7988.0,,,True,8841118ccd22,
SCR_GF_1788943582_044,2026-09-09 14:16:04,2026-09-10,1,google_flights,DEL,BOM,DEL-BOM,DEL,BOM,Akasa Air,Akasa Air,,5:30 PM,7:45 PM,135.0,2 hr 15 min,Economy,7988.0,,,True,2fe324bace23,
SCR_GF_1788943582_045,2026-09-09 14:16:04,2026-09-10,1,google_flights,DEL,BOM,DEL-BOM,DEL,BOM,IndiGo,IndiGo,,8:45 PM,11:00 PM,135.0,2 hr 15 min,Economy,8053.0,,,True,5c0d6c7aa508,
SCR_GF_1788943582_046,2026-09-09 14:16:04,2026-09-10,1,google_flights,DEL,BOM,DEL-BOM,DEL,BOM,Air India,Air India,,9:00 AM,11:15 AM,135.0,2 hr 15 min,Economy,8210.0,,,True,386ec935594b,
SCR_GF_1788943582_047,2026-09-09 14:16:04,2026-09-10,1,google_flights,DEL,BOM,DEL-BOM,DEL,BOM,Air India,Air India,,9:30 PM,11:55 PM,145.0,2 hr 25 min,Economy,8420.0,,,True,7329ca5a1134,
SCR_GF_1788943582_048,2026-09-09 14:16:04,2026-09-10,1,google_flights,DEL,BOM,DEL-BOM,DEL,BOM,IndiGo,IndiGo,,6:00 PM,8:15 PM,135.0,2 hr 15 min,Economy,8473.0,,,True,4210da283cee,
SCR_GF_1788943582_049,2026-09-09 14:16:04,2026-09-10,1,google_flights,DEL,BOM,DEL-BOM,DEL,BOM,IndiGo,IndiGo,,8:00 PM,10:10 PM,130.0,2 hr 10 min,Economy,8473.0,,,True,765fb3fe6c4a,
SCR_GF_1788943582_050,2026-09-09 14:16:04,2026-09-10,1,google_flights,DEL,BOM,DEL-BOM,DEL,BOM,IndiGo,IndiGo,,7:00 PM,9:25 PM,145.0,2 hr 25 min,Economy,12253.0,,,True,127e7ff6d2e2,
SCR_GF_1788943582_051,2026-09-09 14:16:04,2026-09-10,1,google_flights,DEL,BOM,DEL-BOM,DEL,BOM,Air India,Air India,,9:00 PM,11:20 PM,140.0,2 hr 20 min,Economy,12887.0,,,True,d288a021342c,
SCR_GF_1788943582_052,2026-09-09 14:16:04,2026-09-10,1,google_flights,DEL,BOM,DEL-BOM,DEL,BOM,Air India,Air India,,7:30 PM,9:55 PM,145.0,2 hr 25 min,Economy,16583.0,,,True,5c68cb87e60f,
SCR_GF_1788943582_053,2026-09-09 14:16:04,2026-09-10,1,google_flights,DEL,BOM,DEL-BOM,DEL,BOM,Air India,Air India,,8:30 PM,11:05 PM,155.0,2 hr 35 min,Economy,16583.0,,,True,c8916743a01c,
SCR_GF_1788943582_054,2026-09-09 14:16:04,2026-09-10,1,google_flights,DEL,BOM,DEL-BOM,DEL,BOM,Air India,Air India,,9:00 PM,11:20 PM,140.0,2 hr 20 min,Economy,16583.0,,,True,8033f7abf2bc,
SCR_GF_1788943582_055,2026-09-09 14:16:04,2026-09-10,1,google_flights,DEL,BOM,DEL-BOM,DEL,BOM,Air India,Air India,,6:00 PM,8:25 PM,145.0,2 hr 25 min,Economy,17198.0,,,True,2a25e0b58b55,
SCR_GF_1788943582_056,2026-09-09 14:16:04,2026-09-10,1,google_flights,DEL,BOM,DEL-BOM,DEL,BOM,Air India,Air India,,7:00 PM,9:25 PM,145.0,2 hr 25 min,Economy,17198.0,,,True,7cbd007313d1,
SCR_GF_1788943582_057,2026-09-09 14:16:04,2026-09-10,1,google_flights,DEL,BOM,DEL-BOM,DEL,BOM,Air India,Air India,,8:00 PM,10:25 PM,145.0,2 hr 25 min,Economy,17198.0,,,True,710c47f9574f,
SCR_GF_1788943582_058,2026-09-09 14:16:04,2026-09-10,1,google_flights,DEL,BOM,DEL-BOM,DEL,BOM,Akasa Air,Akasa Air,,7:55 PM,10:20 PM,145.0,2 hr 25 min,Economy,17657.0,,,True,3f37a5ca57ec,
SCR_GF_1788943582_059,2026-09-09 14:16:04,2026-09-10,1,google_flights,DEL,BOM,DEL-BOM,DEL,BOM,SpiceJet,SpiceJet,,7:55 PM,10:30 PM,155.0,2 hr 35 min,Economy,19603.0,,,True,aa3b0e3c38a1,
SCR_GF_1788943582_060,2026-09-09 14:16:04,2026-09-10,1,google_flights,DEL,BOM,DEL-BOM,DEL,BOM,Air India,Air India,,6:30 AM,8:50 AM,140.0,2 hr 20 min,Economy,23844.0,,,True,e80b0f32c696,
SCR_GF_1788943582_066,2026-09-09 14:16:04,2026-09-10,1,google_flights,DEL,BOM,DEL-BOM,DEL,BOM,IndiGo,IndiGo,,00:00,00:00,335.0,5 hr 35 min,Economy,6195.0,,,False,0e339b6f413b,
SCR_GF_1788943582_067,2026-09-09 14:16:04,2026-09-10,1,google_flights,DEL,BOM,DEL-BOM,DEL,BOM,IndiGo,IndiGo,,00:00,00:00,140.0,2 hr 20 min,Economy,6314.0,,,True,ed44a16fb09b,
SCR_GF_1788943582_078,2026-09-09 14:16:04,2026-09-10,1,google_flights,DEL,BOM,DEL-BOM,DEL,BOM,IndiGo,IndiGo,,00:00,00:00,140.0,2 hr 20 min,Economy,6425.0,,,True,832e148eb2b7,
SCR_GF_1788943582_082,2026-09-09 14:16:04,2026-09-10,1,google_flights,DEL,BOM,DEL-BOM,DEL,BOM,IndiGo,IndiGo,,00:00,00:00,140.0,2 hr 20 min,Economy,6582.0,,,True,b264ec5e619c,
SCR_GF_1788943583_085,2026-09-09 14:16:04,2026-09-10,1,google_flights,DEL,BOM,DEL-BOM,DEL,BOM,IndiGo,IndiGo,,00:00,00:00,140.0,2 hr 20 min,Economy,6583.0,,,True,774fc47705ab,
SCR_GF_1788943583_089,2026-09-09 14:16:04,2026-09-10,1,google_flights,DEL,BOM,DEL-BOM,DEL,BOM,IndiGo,IndiGo,,00:00,00:00,145.0,2 hr 25 min,Economy,6740.0,,,True,53dbc870701f,
SCR_GF_1788943583_091,2026-09-09 14:16:04,2026-09-10,1,google_flights,DEL,BOM,DEL-BOM,DEL,BOM,IndiGo,IndiGo,,00:00,00:00,145.0,2 hr 25 min,Economy,6779.0,,,True,4437eaccb9b4,
SCR_GF_1788943583_092,2026-09-09 14:16:04,2026-09-10,1,google_flights,DEL,BOM,DEL-BOM,DEL,BOM,IndiGo,IndiGo,,00:00,00:00,135.0,2 hr 15 min,Economy,6793.0,,,True,9c36e31a939d,
SCR_GF_1788943583_096,2026-09-09 14:16:04,2026-09-10,1,google_flights,DEL,BOM,DEL-BOM,DEL,BOM,IndiGo,IndiGo,,00:00,00:00,145.0,2 hr 25 min,Economy,6880.0,,,True,4fbfa80dea69,
SCR_GF_1788943583_098,2026-09-09 14:16:04,2026-09-10,1,google_flights,DEL,BOM,DEL-BOM,DEL,BOM,IndiGo,IndiGo,,00:00,00:00,145.0,2 hr 25 min,Economy,7212.0,,,True,75d9fbb21001,
SCR_GF_1788943583_100,2026-09-09 14:16:04,2026-09-10,1,google_flights,DEL,BOM,DEL-BOM,DEL,BOM,IndiGo,IndiGo,,00:00,00:00,140.0,2 hr 20 min,Economy,7370.0,,,True,14c05673dea0,
SCR_GF_1788943583_102,2026-09-09 14:16:04,2026-09-10,1,google_flights,DEL,BOM,DEL-BOM,DEL,BOM,IndiGo,IndiGo,,00:00,00:00,140.0,2 hr 20 min,Economy,7842.0,,,True,65db256ae16c,
SCR_GF_1788943583_104,2026-09-09 14:16:04,2026-09-10,1,google_flights,DEL,BOM,DEL-BOM,DEL,BOM,IndiGo,IndiGo,,00:00,00:00,135.0,2 hr 15 min,Economy,7988.0,,,True,6f5b0d9b79d4,
SCR_GF_1788943583_105,2026-09-09 14:16:04,2026-09-10,1,google_flights,DEL,BOM,DEL-BOM,DEL,BOM,IndiGo,IndiGo,,00:00,00:00,135.0,2 hr 15 min,Economy,8053.0,,,True,f52e05d4f581,
SCR_GF_1788943583_106,2026-09-09 14:16:04,2026-09-10,1,google_flights,DEL,BOM,DEL-BOM,DEL,BOM,IndiGo,IndiGo,,00:00,00:00,135.0,2 hr 15 min,Economy,8210.0,,,True,f90ceb435fa1,
SCR_GF_1788943583_107,2026-09-09 14:16:04,2026-09-10,1,google_flights,DEL,BOM,DEL-BOM,DEL,BOM,IndiGo,IndiGo,,00:00,00:00,145.0,2 hr 25 min,Economy,8420.0,,,True,a2fa5cfcf9f9,
SCR_GF_1788943583_109,2026-09-09 14:16:04,2026-09-10,1,google_flights,DEL,BOM,DEL-BOM,DEL,BOM,IndiGo,IndiGo,,00:00,00:00,130.0,2 hr 10 min,Economy,8473.0,,,True,a6a410e0d0dc,
SCR_GF_1788943583_110,2026-09-09 14:16:04,2026-09-10,1,google_flights,DEL,BOM,DEL-BOM,DEL,BOM,IndiGo,IndiGo,,00:00,00:00,145.0,2 hr 25 min,Economy,12253.0,,,True,b3a583b84489,
SCR_GF_1788943583_111,2026-09-09 14:16:04,2026-09-10,1,google_flights,DEL,BOM,DEL-BOM,DEL,BOM,IndiGo,IndiGo,,00:00,00:00,140.0,2 hr 20 min,Economy,12887.0,,,True,7b2ba720f2f5,
SCR_GF_1788943583_114,2026-09-09 14:16:04,2026-09-10,1,google_flights,DEL,BOM,DEL-BOM,DEL,BOM,IndiGo,IndiGo,,00:00,00:00,140.0,2 hr 20 min,Economy,16583.0,,,True,81bcc7c59f40,
SCR_GF_1788943583_117,2026-09-09 14:16:04,2026-09-10,1,google_flights,DEL,BOM,DEL-BOM,DEL,BOM,IndiGo,IndiGo,,00:00,00:00,145.0,2 hr 25 min,Economy,17198.0,,,True,96ce19e5d5aa,
SCR_GF_1788943583_118,2026-09-09 14:16:04,2026-09-10,1,google_flights,DEL,BOM,DEL-BOM,DEL,BOM,IndiGo,IndiGo,,00:00,00:00,145.0,2 hr 25 min,Economy,17657.0,,,True,6565e7752c7b,
SCR_GF_1788943583_119,2026-09-09 14:16:04,2026-09-10,1,google_flights,DEL,BOM,DEL-BOM,DEL,BOM,IndiGo,IndiGo,,00:00,00:00,155.0,2 hr 35 min,Economy,19603.0,,,True,ec347b845def,
SCR_GF_1788943583_120,2026-09-09 14:16:04,2026-09-10,1,google_flights,DEL,BOM,DEL-BOM,DEL,BOM,IndiGo,IndiGo,,00:00,00:00,140.0,2 hr 20 min,Economy,23844.0,,,True,cd3c9b57ffc3,
SCR_GF_1788943589_001,2026-09-09 14:16:23,2026-09-16,7,google_flights,DEL,BOM,DEL-BOM,DEL,BOM,Air India,Air India,,5:00 AM,7:20 AM,140.0,2 hr 20 min,Economy,6314.0,,,True,1de49b7b25d6,
SCR_GF_1788943589_002,2026-09-09 14:16:23,2026-09-16,7,google_flights,DEL,BOM,DEL-BOM,DEL,BOM,IndiGo,IndiGo,,6:00 PM,8:15 PM,135.0,2 hr 15 min,Economy,6425.0,,,True,431b21b8d8b6,
SCR_GF_1788943589_003,2026-09-09 14:16:23,2026-09-16,7,google_flights,DEL,BOM,DEL-BOM,DEL,BOM,Akasa Air,Akasa Air,,9:20 AM,11:40 AM,140.0,2 hr 20 min,Economy,6880.0,,,True,3e870cf9f84f,
SCR_GF_1788943589_004,2026-09-09 14:16:23,2026-09-16,7,google_flights,DEL,BOM,DEL-BOM,DEL,BOM,IndiGo,IndiGo,,5:00 AM,7:15 AM,135.0,2 hr 15 min,Economy,6425.0,,,True,2e69900163d0,
SCR_GF_1788943589_005,2026-09-09 14:16:23,2026-09-16,7,google_flights,DEL,BOM,DEL-BOM,DEL,BOM,IndiGo,IndiGo,,6:05 AM,8:20 AM,135.0,2 hr 15 min,Economy,6425.0,,,True,1a2f65ea99cc,
SCR_GF_1788943589_006,2026-09-09 14:16:23,2026-09-16,7,google_flights,DEL,BOM,DEL-BOM,DEL,BOM,IndiGo,IndiGo,,8:45 AM,11:00 AM,135.0,2 hr 15 min,Economy,6425.0,,,True,c25211639989,
SCR_GF_1788943589_007,2026-09-09 14:16:23,2026-09-16,7,google_flights,DEL,BOM,DEL-BOM,DEL,BOM,IndiGo,IndiGo,,9:30 AM,11:55 AM,145.0,2 hr 25 min,Economy,6425.0,,,True,1cf541113a58,
SCR_GF_1788943589_008,2026-09-09 14:16:23,2026-09-16,7,google_flights,DEL,BOM,DEL-BOM,DEL,BOM,IndiGo,IndiGo,,10:15 AM,12:35 PM,140.0,2 hr 20 min,Economy,6425.0,,,True,e8448c2797ab,
SCR_GF_1788943589_009,2026-09-09 14:16:23,2026-09-16,7,google_flights,DEL,BOM,DEL-BOM,DEL,BOM,IndiGo,IndiGo,,11:00 AM,1:15 PM,135.0,2 hr 15 min,Economy,6425.0,,,True,7d76f27da2f4,
SCR_GF_1788943589_010,2026-09-09 14:16:23,2026-09-16,7,google_flights,DEL,BOM,DEL-BOM,DEL,BOM,IndiGo,IndiGo,,12:00 PM,2:15 PM,135.0,2 hr 15 min,Economy,6425.0,,,True,b654188b562f,
SCR_GF_1788943589_011,2026-09-09 14:16:23,2026-09-16,7,google_flights,DEL,BOM,DEL-BOM,DEL,BOM,IndiGo,IndiGo,,1:00 PM,3:10 PM,130.0,2 hr 10 min,Economy,6425.0,,,True,f7013ebef7db,
SCR_GF_1788943590_012,2026-09-09 14:16:23,2026-09-16,7,google_flights,DEL,BOM,DEL-BOM,DEL,BOM,IndiGo,IndiGo,,2:00 PM,4:25 PM,145.0,2 hr 25 min,Economy,6425.0,,,True,1ff6fe46f7ef,
SCR_GF_1788943590_013,2026-09-09 14:16:23,2026-09-16,7,google_flights,DEL,BOM,DEL-BOM,DEL,BOM,IndiGo,IndiGo,,2:45 PM,5:00 PM,135.0,2 hr 15 min,Economy,6425.0,,,True,b3d28df642d8,
SCR_GF_1788943590_014,2026-09-09 14:16:23,2026-09-16,7,google_flights,DEL,BOM,DEL-BOM,DEL,BOM,IndiGo,IndiGo,,3:30 PM,5:45 PM,135.0,2 hr 15 min,Economy,6425.0,,,True,72f975449e84,
SCR_GF_1788943590_015,2026-09-09 14:16:23,2026-09-16,7,google_flights,DEL,BOM,DEL-BOM,DEL,BOM,IndiGo,IndiGo,,4:15 PM,6:35 PM,140.0,2 hr 20 min,Economy,6425.0,,,True,bccd49470a7c,
SCR_GF_1788943590_016,2026-09-09 14:16:23,2026-09-16,7,google_flights,DEL,BOM,DEL-BOM,DEL,BOM,Air India,Air India,,9:30 AM,12:00 PM,150.0,2 hr 30 min,Economy,6582.0,,,True,1ba32178fec0,
SCR_GF_1788943590_017,2026-09-09 14:16:23,2026-09-16,7,google_flights,DEL,BOM,DEL-BOM,DEL,BOM,Air India,Air India,,10:00 AM,12:25 PM,145.0,2 hr 25 min,Economy,6582.0,,,True,f0da62d1fab5,
SCR_GF_1788943590_018,2026-09-09 14:16:23,2026-09-16,7,google_flights,DEL,BOM,DEL-BOM,DEL,BOM,Air India,Air India,,11:00 AM,1:25 PM,145.0,2 hr 25 min,Economy,6582.0,,,True,827d49b737c0,
SCR_GF_1788943590_019,2026-09-09 14:16:23,2026-09-16,7,google_flights,DEL,BOM,DEL-BOM,DEL,BOM,Air India,Air India,,12:00 PM,2:25 PM,145.0,2 hr 25 min,Economy,6582.0,,,True,9699876e3d8d,
SCR_GF_1788943590_020,2026-09-09 14:16:23,2026-09-16,7,google_flights,DEL,BOM,DEL-BOM,DEL,BOM,Air India,Air India,,3:30 PM,5:55 PM,145.0,2 hr 25 min,Economy,6582.0,,,True,c4558c8ca1cb,
SCR_GF_1788943590_021,2026-09-09 14:16:23,2026-09-16,7,google_flights,DEL,BOM,DEL-BOM,DEL,BOM,Air India,Air India,,4:00 PM,6:25 PM,145.0,2 hr 25 min,Economy,6582.0,,,True,0fad8ec300ee,
SCR_GF_1788943590_022,2026-09-09 14:16:23,2026-09-16,7,google_flights,DEL,BOM,DEL-BOM,DEL,BOM,Air India,Air India,,4:30 PM,6:50 PM,140.0,2 hr 20 min,Economy,6582.0,,,True,566787ceeca6,
SCR_GF_1788943590_023,2026-09-09 14:16:23,2026-09-16,7,google_flights,DEL,BOM,DEL-BOM,DEL,BOM,IndiGo,IndiGo,,5:00 PM,7:15 PM,135.0,2 hr 15 min,Economy,6583.0,,,True,cfb8d30e07b8,
SCR_GF_1788943590_024,2026-09-09 14:16:23,2026-09-16,7,google_flights,DEL,BOM,DEL-BOM,DEL,BOM,IndiGo,IndiGo,,10:45 PM,1:05 AM,140.0,2 hr 20 min,Economy,6583.0,,,True,c094836b536a,
SCR_GF_1788943590_025,2026-09-09 14:16:23,2026-09-16,7,google_flights,DEL,BOM,DEL-BOM,DEL,BOM,IndiGo,IndiGo,,11:30 PM,1:45 AM,135.0,2 hr 15 min,Economy,6583.0,,,True,4660d48df007,
SCR_GF_1788943590_026,2026-09-09 14:16:23,2026-09-16,7,google_flights,DEL,BOM,DEL-BOM,DEL,BOM,SpiceJet,SpiceJet,,5:30 AM,7:50 AM,140.0,2 hr 20 min,Economy,6697.0,,,True,686b43f19639,
SCR_GF_1788943590_027,2026-09-09 14:16:23,2026-09-16,7,google_flights,DEL,BOM,DEL-BOM,DEL,BOM,Air India,Air India,,6:30 AM,8:50 AM,140.0,2 hr 20 min,Economy,6740.0,,,True,a28c02a1d06d,
SCR_GF_1788943590_028,2026-09-09 14:16:23,2026-09-16,7,google_flights,DEL,BOM,DEL-BOM,DEL,BOM,Air India,Air India,,9:00 AM,11:15 AM,135.0,2 hr 15 min,Economy,6740.0,,,True,5455fe2a8203,
SCR_GF_1788943590_029,2026-09-09 14:16:23,2026-09-16,7,google_flights,DEL,BOM,DEL-BOM,DEL,BOM,Air India,Air India,,11:00 PM,1:25 AM,145.0,2 hr 25 min,Economy,6740.0,,,True,12585705d07e,
SCR_GF_1788943590_030,2026-09-09 14:16:23,2026-09-16,7,google_flights,DEL,BOM,DEL-BOM,DEL,BOM,IndiGo,IndiGo,,7:15 AM,9:30 AM,135.0,2 hr 15 min,Economy,6793.0,,,True,c6d08f6aec7a,
SCR_GF_1788943590_031,2026-09-09 14:16:23,2026-09-16,7,google_flights,DEL,BOM,DEL-BOM,DEL,BOM,IndiGo,IndiGo,,8:00 AM,10:20 AM,140.0,2 hr 20 min,Economy,6793.0,,,True,3e3698aaa77e,
SCR_GF_1788943590_032,2026-09-09 14:16:23,2026-09-16,7,google_flights,DEL,BOM,DEL-BOM,DEL,BOM,IndiGo,IndiGo,,7:00 PM,9:25 PM,145.0,2 hr 25 min,Economy,6793.0,,,True,b77da6c01a2b,
SCR_GF_1788943590_033,2026-09-09 14:16:23,2026-09-16,7,google_flights,DEL,BOM,DEL-BOM,DEL,BOM,IndiGo,IndiGo,,8:45 PM,11:00 PM,135.0,2 hr 15 min,Economy,6793.0,,,True,d9db5c28e2d7,
SCR_GF_1788943590_034,2026-09-09 14:16:23,2026-09-16,7,google_flights,DEL,BOM,DEL-BOM,DEL,BOM,IndiGo,IndiGo,,9:45 PM,12:05 AM,140.0,2 hr 20 min,Economy,6793.0,,,True,3f7d84b8c2fe,
SCR_GF_1788943590_035,2026-09-09 14:16:23,2026-09-16,7,google_flights,DEL,BOM,DEL-BOM,DEL,BOM,Akasa Air,Akasa Air,,6:50 AM,9:10 AM,140.0,2 hr 20 min,Economy,6880.0,,,True,46e2cdb5c90c,
SCR_GF_1788943590_036,2026-09-09 14:16:23,2026-09-16,7,google_flights,DEL,BOM,DEL-BOM,DEL,BOM,Akasa Air,Akasa Air,,8:40 AM,10:55 AM,135.0,2 hr 15 min,Economy,6880.0,,,True,e15bc07efec1,
SCR_GF_1788943590_037,2026-09-09 14:16:23,2026-09-16,7,google_flights,DEL,BOM,DEL-BOM,DEL,BOM,Akasa Air,Akasa Air,,10:30 AM,12:45 PM,135.0,2 hr 15 min,Economy,6880.0,,,True,49c1ac1ce684,
SCR_GF_1788943590_038,2026-09-09 14:16:23,2026-09-16,7,google_flights,DEL,BOM,DEL-BOM,DEL,BOM,Akasa Air,Akasa Air,,12:30 PM,2:55 PM,145.0,2 hr 25 min,Economy,6880.0,,,True,3f88dff273f5,
SCR_GF_1788943590_039,2026-09-09 14:16:23,2026-09-16,7,google_flights,DEL,BOM,DEL-BOM,DEL,BOM,Akasa Air,Akasa Air,,4:00 PM,6:20 PM,140.0,2 hr 20 min,Economy,6880.0,,,True,aebbe0eac2cd,
SCR_GF_1788943590_040,2026-09-09 14:16:23,2026-09-16,7,google_flights,DEL,BOM,DEL-BOM,DEL,BOM,Akasa Air,Akasa Air,,5:30 PM,7:45 PM,135.0,2 hr 15 min,Economy,6880.0,,,True,1050c5c661f1,
SCR_GF_1788943590_041,2026-09-09 14:16:23,2026-09-16,7,google_flights,DEL,BOM,DEL-BOM,DEL,BOM,Air India,Air India,,7:00 AM,9:25 AM,145.0,2 hr 25 min,Economy,6950.0,,,True,4de685c3fd8f,
SCR_GF_1788943590_042,2026-09-09 14:16:23,2026-09-16,7,google_flights,DEL,BOM,DEL-BOM,DEL,BOM,Air India,Air India,,7:30 AM,9:55 AM,145.0,2 hr 25 min,Economy,6950.0,,,True,858dc9603eb9,
SCR_GF_1788943590_043,2026-09-09 14:16:23,2026-09-16,7,google_flights,DEL,BOM,DEL-BOM,DEL,BOM,Air India,Air India,,5:00 PM,7:25 PM,145.0,2 hr 25 min,Economy,6950.0,,,True,c87dc31b878d,
SCR_GF_1788943590_044,2026-09-09 14:16:23,2026-09-16,7,google_flights,DEL,BOM,DEL-BOM,DEL,BOM,Air India,Air India,,7:30 PM,9:55 PM,145.0,2 hr 25 min,Economy,6950.0,,,True,1690b91a7117,
SCR_GF_1788943590_045,2026-09-09 14:16:23,2026-09-16,7,google_flights,DEL,BOM,DEL-BOM,DEL,BOM,Air India,Air India,,9:30 PM,11:55 PM,145.0,2 hr 25 min,Economy,6950.0,,,True,28548c070999,
SCR_GF_1788943590_046,2026-09-09 14:16:23,2026-09-16,7,google_flights,DEL,BOM,DEL-BOM,DEL,BOM,IndiGo,IndiGo,,8:00 PM,10:10 PM,130.0,2 hr 10 min,Economy,7055.0,,,True,b20d144a09aa,
SCR_GF_1788943590_047,2026-09-09 14:16:23,2026-09-16,7,google_flights,DEL,BOM,DEL-BOM,DEL,BOM,Akasa Air,Akasa Air,,7:55 PM,10:20 PM,145.0,2 hr 25 min,Economy,7079.0,,,True,5da5ad681b74,
SCR_GF_1788943590_048,2026-09-09 14:16:23,2026-09-16,7,google_flights,DEL,BOM,DEL-BOM,DEL,BOM,Air India,Air India,,8:00 PM,10:25 PM,145.0,2 hr 25 min,Economy,7181.0,,,True,17b521e08463,
SCR_GF_1788943590_049,2026-09-09 14:16:23,2026-09-16,7,google_flights,DEL,BOM,DEL-BOM,DEL,BOM,Air India,Air India,,1:30 PM,3:50 PM,140.0,2 hr 20 min,Economy,7212.0,,,True,f9e47a2915eb,
SCR_GF_1788943590_050,2026-09-09 14:16:23,2026-09-16,7,google_flights,DEL,BOM,DEL-BOM,DEL,BOM,Air India,Air India,,8:30 PM,11:05 PM,155.0,2 hr 35 min,Economy,7212.0,,,True,494bc8565f12,
SCR_GF_1788943590_051,2026-09-09 14:16:23,2026-09-16,7,google_flights,DEL,BOM,DEL-BOM,DEL,BOM,Air India,Air India,,9:00 PM,11:20 PM,140.0,2 hr 20 min,Economy,7212.0,,,True,ee0d0aca0a91,
SCR_GF_1788943590_052,2026-09-09 14:16:23,2026-09-16,7,google_flights,DEL,BOM,DEL-BOM,DEL,BOM,Air India,Air India,,6:00 PM,8:25 PM,145.0,2 hr 25 min,Economy,7349.0,,,True,b898b9b2af8e,
SCR_GF_1788943590_053,2026-09-09 14:16:23,2026-09-16,7,google_flights,DEL,BOM,DEL-BOM,DEL,BOM,Air India,Air India,,7:00 PM,9:25 PM,145.0,2 hr 25 min,Economy,7349.0,,,True,62d19f9c85b3,
SCR_GF_1788943590_054,2026-09-09 14:16:23,2026-09-16,7,google_flights,DEL,BOM,DEL-BOM,DEL,BOM,Air India,Air India,,8:30 AM,10:45 AM,135.0,2 hr 15 min,Economy,7391.0,,,True,0110956a009c,
SCR_GF_1788943590_055,2026-09-09 14:16:23,2026-09-16,7,google_flights,DEL,BOM,DEL-BOM,DEL,BOM,Air India,Air India,,11:25 PM,1:50 AM,145.0,2 hr 25 min,Economy,7604.0,,,True,7ab0c7903e69,
SCR_GF_1788943591_056,2026-09-09 14:16:23,2026-09-16,7,google_flights,DEL,BOM,DEL-BOM,DEL,BOM,SpiceJet,SpiceJet,,7:55 PM,10:40 PM,165.0,2 hr 45 min,Economy,13117.0,,,True,a0c5c81f331e,
SCR_GF_1788943591_057,2026-09-09 14:16:23,2026-09-16,7,google_flights,DEL,BOM,DEL-BOM,DEL,BOM,IndiGo,IndiGo,,00:00,00:00,140.0,2 hr 20 min,Economy,6314.0,,,True,6e26b063a7a4,
SCR_GF_1788943591_071,2026-09-09 14:16:23,2026-09-16,7,google_flights,DEL,BOM,DEL-BOM,DEL,BOM,IndiGo,IndiGo,,00:00,00:00,140.0,2 hr 20 min,Economy,6425.0,,,True,0f32677baf04,
SCR_GF_1788943591_078,2026-09-09 14:16:23,2026-09-16,7,google_flights,DEL,BOM,DEL-BOM,DEL,BOM,IndiGo,IndiGo,,00:00,00:00,140.0,2 hr 20 min,Economy,6582.0,,,True,f19071f5f010,
SCR_GF_1788943591_081,2026-09-09 14:16:23,2026-09-16,7,google_flights,DEL,BOM,DEL-BOM,DEL,BOM,IndiGo,IndiGo,,00:00,00:00,135.0,2 hr 15 min,Economy,6583.0,,,True,57410092dbf3,
SCR_GF_1788943591_082,2026-09-09 14:16:23,2026-09-16,7,google_flights,DEL,BOM,DEL-BOM,DEL,BOM,IndiGo,IndiGo,,00:00,00:00,140.0,2 hr 20 min,Economy,6697.0,,,True,3c59637222a4,
SCR_GF_1788943591_085,2026-09-09 14:16:23,2026-09-16,7,google_flights,DEL,BOM,DEL-BOM,DEL,BOM,IndiGo,IndiGo,,00:00,00:00,145.0,2 hr 25 min,Economy,6740.0,,,True,159709cbd859,
SCR_GF_1788943591_090,2026-09-09 14:16:23,2026-09-16,7,google_flights,DEL,BOM,DEL-BOM,DEL,BOM,IndiGo,IndiGo,,00:00,00:00,140.0,2 hr 20 min,Economy,6793.0,,,True,3255109a4ae8,
SCR_GF_1788943591_096,2026-09-09 14:16:23,2026-09-16,7,google_flights,DEL,BOM,DEL-BOM,DEL,BOM,IndiGo,IndiGo,,00:00,00:00,135.0,2 hr 15 min,Economy,6880.0,,,True,b7ab7994349d,
SCR_GF_1788943592_101,2026-09-09 14:16:23,2026-09-16,7,google_flights,DEL,BOM,DEL-BOM,DEL,BOM,IndiGo,IndiGo,,00:00,00:00,145.0,2 hr 25 min,Economy,6950.0,,,True,ec45c260cfed,
SCR_GF_1788943592_102,2026-09-09 14:16:23,2026-09-16,7,google_flights,DEL,BOM,DEL-BOM,DEL,BOM,IndiGo,IndiGo,,00:00,00:00,130.0,2 hr 10 min,Economy,7055.0,,,True,e399fd18f68f,
SCR_GF_1788943592_103,2026-09-09 14:16:23,2026-09-16,7,google_flights,DEL,BOM,DEL-BOM,DEL,BOM,IndiGo,IndiGo,,00:00,00:00,145.0,2 hr 25 min,Economy,7079.0,,,True,392a1626c254,
SCR_GF_1788943592_104,2026-09-09 14:16:23,2026-09-16,7,google_flights,DEL,BOM,DEL-BOM,DEL,BOM,IndiGo,IndiGo,,00:00,00:00,145.0,2 hr 25 min,Economy,7181.0,,,True,ed16681036a9,
SCR_GF_1788943592_107,2026-09-09 14:16:23,2026-09-16,7,google_flights,DEL,BOM,DEL-BOM,DEL,BOM,IndiGo,IndiGo,,00:00,00:00,140.0,2 hr 20 min,Economy,7212.0,,,True,8f845f36db69,
SCR_GF_1788943592_109,2026-09-09 14:16:23,2026-09-16,7,google_flights,DEL,BOM,DEL-BOM,DEL,BOM,IndiGo,IndiGo,,00:00,00:00,145.0,2 hr 25 min,Economy,7349.0,,,True,431bdb1f23a3,
SCR_GF_1788943592_110,2026-09-09 14:16:23,2026-09-16,7,google_flights,DEL,BOM,DEL-BOM,DEL,BOM,IndiGo,IndiGo,,00:00,00:00,135.0,2 hr 15 min,Economy,7391.0,,,True,bab6d6fb7bb6,
SCR_GF_1788943592_111,2026-09-09 14:16:23,2026-09-16,7,google_flights,DEL,BOM,DEL-BOM,DEL,BOM,IndiGo,IndiGo,,00:00,00:00,145.0,2 hr 25 min,Economy,7604.0,,,True,bbb96f3453f0,
SCR_GF_1788943592_112,2026-09-09 14:16:23,2026-09-16,7,google_flights,DEL,BOM,DEL-BOM,DEL,BOM,IndiGo,IndiGo,,00:00,00:00,165.0,2 hr 45 min,Economy,13117.0,,,True,6657805a1cc0,
SCR_GF_1788943598_001,2026-09-09 14:16:32,2026-09-24,15,google_flights,DEL,BOM,DEL-BOM,DEL,BOM,Air India,Air India,,11:00 PM,1:25 AM,145.0,2 hr 25 min,Economy,6314.0,,,True,a27dd6fe7d20,
SCR_GF_1788943598_002,2026-09-09 14:16:32,2026-09-24,15,google_flights,DEL,BOM,DEL-BOM,DEL,BOM,IndiGo,IndiGo,,11:30 PM,1:45 AM,135.0,2 hr 15 min,Economy,6425.0,,,True,a2aa771bdd05,
SCR_GF_1788943598_003,2026-09-09 14:16:32,2026-09-24,15,google_flights,DEL,BOM,DEL-BOM,DEL,BOM,Akasa Air,Akasa Air,,7:55 PM,10:20 PM,145.0,2 hr 25 min,Economy,6880.0,,,True,ef21df3d8964,
SCR_GF_1788943598_004,2026-09-09 14:16:32,2026-09-24,15,google_flights,DEL,BOM,DEL-BOM,DEL,BOM,IndiGo,IndiGo,,12:15 AM,5:30 AM,315.0,5 hr 15 min,Economy,5985.0,,,False,2d2bbe0973d8,
SCR_GF_1788943598_005,2026-09-09 14:16:32,2026-09-24,15,google_flights,DEL,BOM,DEL-BOM,DEL,BOM,IndiGo,IndiGo,,5:10 AM,9:35 AM,265.0,4 hr 25 min,Economy,5985.0,,,False,8b91bc20be4b,
SCR_GF_1788943598_006,2026-09-09 14:16:32,2026-09-24,15,google_flights,DEL,BOM,DEL-BOM,DEL,BOM,IndiGo,IndiGo,,5:40 AM,10:25 AM,285.0,4 hr 45 min,Economy,5985.0,,,False,b781936bd0e7,
SCR_GF_1788943598_007,2026-09-09 14:16:32,2026-09-24,15,google_flights,DEL,BOM,DEL-BOM,DEL,BOM,IndiGo,IndiGo,,7:30 AM,12:20 PM,290.0,4 hr 50 min,Economy,5985.0,,,False,facd2220411c,
SCR_GF_1788943598_008,2026-09-09 14:16:32,2026-09-24,15,google_flights,DEL,BOM,DEL-BOM,DEL,BOM,IndiGo,IndiGo,,3:35 PM,8:50 PM,315.0,5 hr 15 min,Economy,5985.0,,,False,16c3762cb0ad,
SCR_GF_1788943598_009,2026-09-09 14:16:32,2026-09-24,15,google_flights,DEL,BOM,DEL-BOM,DEL,BOM,IndiGo,IndiGo,,7:35 PM,12:30 AM,295.0,4 hr 55 min,Economy,5985.0,,,False,2d8ae52bb9c9,
SCR_GF_1788943598_010,2026-09-09 14:16:32,2026-09-24,15,google_flights,DEL,BOM,DEL-BOM,DEL,BOM,IndiGo,IndiGo,,9:50 PM,2:55 AM,305.0,5 hr 5 min,Economy,5985.0,,,False,84d10ff3e50d,
SCR_GF_1788943598_011,2026-09-09 14:16:32,2026-09-24,15,google_flights,DEL,BOM,DEL-BOM,DEL,BOM,Air India,Air India,,5:00 AM,7:20 AM,140.0,2 hr 20 min,Economy,6314.0,,,True,7d84853295bd,
SCR_GF_1788943598_012,2026-09-09 14:16:32,2026-09-24,15,google_flights,DEL,BOM,DEL-BOM,DEL,BOM,IndiGo,IndiGo,,5:00 AM,7:15 AM,135.0,2 hr 15 min,Economy,6425.0,,,True,40df9ecf2d08,
SCR_GF_1788943598_013,2026-09-09 14:16:32,2026-09-24,15,google_flights,DEL,BOM,DEL-BOM,DEL,BOM,IndiGo,IndiGo,,8:45 AM,11:00 AM,135.0,2 hr 15 min,Economy,6425.0,,,True,02d571a81cbb,
SCR_GF_1788943598_014,2026-09-09 14:16:32,2026-09-24,15,google_flights,DEL,BOM,DEL-BOM,DEL,BOM,IndiGo,IndiGo,,9:30 AM,11:55 AM,145.0,2 hr 25 min,Economy,6425.0,,,True,31db518a6e44,
SCR_GF_1788943598_015,2026-09-09 14:16:32,2026-09-24,15,google_flights,DEL,BOM,DEL-BOM,DEL,BOM,IndiGo,IndiGo,,10:15 AM,12:35 PM,140.0,2 hr 20 min,Economy,6425.0,,,True,06582ea22f08,
SCR_GF_1788943598_016,2026-09-09 14:16:32,2026-09-24,15,google_flights,DEL,BOM,DEL-BOM,DEL,BOM,IndiGo,IndiGo,,11:00 AM,1:15 PM,135.0,2 hr 15 min,Economy,6425.0,,,True,25a03244a722,
SCR_GF_1788943598_017,2026-09-09 14:16:32,2026-09-24,15,google_flights,DEL,BOM,DEL-BOM,DEL,BOM,IndiGo,IndiGo,,12:00 PM,2:15 PM,135.0,2 hr 15 min,Economy,6425.0,,,True,a907dbe6d018,
SCR_GF_1788943598_018,2026-09-09 14:16:32,2026-09-24,15,google_flights,DEL,BOM,DEL-BOM,DEL,BOM,IndiGo,IndiGo,,1:00 PM,3:10 PM,130.0,2 hr 10 min,Economy,6425.0,,,True,fea58568c220,
SCR_GF_1788943598_019,2026-09-09 14:16:32,2026-09-24,15,google_flights,DEL,BOM,DEL-BOM,DEL,BOM,IndiGo,IndiGo,,2:00 PM,4:25 PM,145.0,2 hr 25 min,Economy,6425.0,,,True,e7e1e852d427,
SCR_GF_1788943598_020,2026-09-09 14:16:32,2026-09-24,15,google_flights,DEL,BOM,DEL-BOM,DEL,BOM,IndiGo,IndiGo,,2:45 PM,5:00 PM,135.0,2 hr 15 min,Economy,6425.0,,,True,2581dc11798c,
SCR_GF_1788943599_021,2026-09-09 14:16:32,2026-09-24,15,google_flights,DEL,BOM,DEL-BOM,DEL,BOM,IndiGo,IndiGo,,3:30 PM,5:45 PM,135.0,2 hr 15 min,Economy,6425.0,,,True,d7de827dd57b,
SCR_GF_1788943599_022,2026-09-09 14:16:32,2026-09-24,15,google_flights,DEL,BOM,DEL-BOM,DEL,BOM,IndiGo,IndiGo,,4:15 PM,6:35 PM,140.0,2 hr 20 min,Economy,6425.0,,,True,9418362565d3,
SCR_GF_1788943599_023,2026-09-09 14:16:32,2026-09-24,15,google_flights,DEL,BOM,DEL-BOM,DEL,BOM,IndiGo,IndiGo,,5:00 PM,7:15 PM,135.0,2 hr 15 min,Economy,6425.0,,,True,0c4ba0c5e0a6,
SCR_GF_1788943599_024,2026-09-09 14:16:32,2026-09-24,15,google_flights,DEL,BOM,DEL-BOM,DEL,BOM,IndiGo,IndiGo,,10:45 PM,1:05 AM,140.0,2 hr 20 min,Economy,6425.0,,,True,7081865c193f,
SCR_GF_1788943599_025,2026-09-09 14:16:32,2026-09-24,15,google_flights,DEL,BOM,DEL-BOM,DEL,BOM,Air India,Air India,,8:30 AM,10:45 AM,135.0,2 hr 15 min,Economy,6582.0,,,True,fab818625673,
SCR_GF_1788943599_026,2026-09-09 14:16:32,2026-09-24,15,google_flights,DEL,BOM,DEL-BOM,DEL,BOM,Air India,Air India,,9:00 AM,11:15 AM,135.0,2 hr 15 min,Economy,6582.0,,,True,cbaf4870e4f0,
SCR_GF_1788943599_027,2026-09-09 14:16:32,2026-09-24,15,google_flights,DEL,BOM,DEL-BOM,DEL,BOM,Air India,Air India,,9:30 AM,12:00 PM,150.0,2 hr 30 min,Economy,6582.0,,,True,11069d81310e,
SCR_GF_1788943599_028,2026-09-09 14:16:32,2026-09-24,15,google_flights,DEL,BOM,DEL-BOM,DEL,BOM,Air India,Air India,,10:00 AM,12:25 PM,145.0,2 hr 25 min,Economy,6582.0,,,True,983a6cd4ef0b,
SCR_GF_1788943599_029,2026-09-09 14:16:32,2026-09-24,15,google_flights,DEL,BOM,DEL-BOM,DEL,BOM,Air India,Air India,,11:00 AM,1:25 PM,145.0,2 hr 25 min,Economy,6582.0,,,True,2c69f9c30da5,
SCR_GF_1788943599_030,2026-09-09 14:16:32,2026-09-24,15,google_flights,DEL,BOM,DEL-BOM,DEL,BOM,Air India,Air India,,12:00 PM,2:25 PM,145.0,2 hr 25 min,Economy,6582.0,,,True,f9f898446de8,
SCR_GF_1788943599_031,2026-09-09 14:16:32,2026-09-24,15,google_flights,DEL,BOM,DEL-BOM,DEL,BOM,Air India,Air India,,1:30 PM,3:50 PM,140.0,2 hr 20 min,Economy,6582.0,,,True,1c43759c1532,
SCR_GF_1788943599_032,2026-09-09 14:16:32,2026-09-24,15,google_flights,DEL,BOM,DEL-BOM,DEL,BOM,Air India,Air India,,3:30 PM,5:55 PM,145.0,2 hr 25 min,Economy,6582.0,,,True,88224cefdff0,
SCR_GF_1788943599_033,2026-09-09 14:16:32,2026-09-24,15,google_flights,DEL,BOM,DEL-BOM,DEL,BOM,Air India,Air India,,4:00 PM,6:25 PM,145.0,2 hr 25 min,Economy,6582.0,,,True,98e355c3b9d3,
SCR_GF_1788943599_034,2026-09-09 14:16:32,2026-09-24,15,google_flights,DEL,BOM,DEL-BOM,DEL,BOM,Air India,Air India,,4:30 PM,6:50 PM,140.0,2 hr 20 min,Economy,6582.0,,,True,d86fad0a83ce,
SCR_GF_1788943599_035,2026-09-09 14:16:32,2026-09-24,15,google_flights,DEL,BOM,DEL-BOM,DEL,BOM,Air India,Air India,,5:00 PM,7:25 PM,145.0,2 hr 25 min,Economy,6582.0,,,True,f79d4830fc57,
SCR_GF_1788943599_036,2026-09-09 14:16:32,2026-09-24,15,google_flights,DEL,BOM,DEL-BOM,DEL,BOM,IndiGo,IndiGo,,6:05 AM,8:20 AM,135.0,2 hr 15 min,Economy,6583.0,,,True,18fdafbf2e0b,
SCR_GF_1788943599_037,2026-09-09 14:16:32,2026-09-24,15,google_flights,DEL,BOM,DEL-BOM,DEL,BOM,Air India,Air India,,5:35 AM,8:05 AM,150.0,2 hr 30 min,Economy,6610.0,,,True,82f67c59a2cd,
SCR_GF_1788943599_038,2026-09-09 14:16:32,2026-09-24,15,google_flights,DEL,BOM,DEL-BOM,DEL,BOM,Air India,Air India,,11:25 PM,1:50 AM,145.0,2 hr 25 min,Economy,6610.0,,,True,131b88e14c14,
SCR_GF_1788943599_039,2026-09-09 14:16:32,2026-09-24,15,google_flights,DEL,BOM,DEL-BOM,DEL,BOM,Air India,Air India,,6:30 AM,8:50 AM,140.0,2 hr 20 min,Economy,6740.0,,,True,aad28f1a097b,
SCR_GF_1788943599_040,2026-09-09 14:16:32,2026-09-24,15,google_flights,DEL,BOM,DEL-BOM,DEL,BOM,IndiGo,IndiGo,,7:15 AM,9:30 AM,135.0,2 hr 15 min,Economy,6793.0,,,True,abe7f8d959e5,
SCR_GF_1788943599_041,2026-09-09 14:16:32,2026-09-24,15,google_flights,DEL,BOM,DEL-BOM,DEL,BOM,IndiGo,IndiGo,,8:00 AM,10:20 AM,140.0,2 hr 20 min,Economy,6793.0,,,True,81ad67119a34,
SCR_GF_1788943599_042,2026-09-09 14:16:32,2026-09-24,15,google_flights,DEL,BOM,DEL-BOM,DEL,BOM,IndiGo,IndiGo,,6:00 PM,8:15 PM,135.0,2 hr 15 min,Economy,6793.0,,,True,a859253f2b9b,
SCR_GF_1788943599_043,2026-09-09 14:16:32,2026-09-24,15,google_flights,DEL,BOM,DEL-BOM,DEL,BOM,IndiGo,IndiGo,,7:00 PM,9:25 PM,145.0,2 hr 25 min,Economy,6793.0,,,True,e09785dd0185,
SCR_GF_1788943599_044,2026-09-09 14:16:32,2026-09-24,15,google_flights,DEL,BOM,DEL-BOM,DEL,BOM,IndiGo,IndiGo,,8:00 PM,10:10 PM,130.0,2 hr 10 min,Economy,6793.0,,,True,c6358ef1f26d,
SCR_GF_1788943599_045,2026-09-09 14:16:32,2026-09-24,15,google_flights,DEL,BOM,DEL-BOM,DEL,BOM,IndiGo,IndiGo,,8:45 PM,11:00 PM,135.0,2 hr 15 min,Economy,6793.0,,,True,1096132f2034,
SCR_GF_1788943599_046,2026-09-09 14:16:32,2026-09-24,15,google_flights,DEL,BOM,DEL-BOM,DEL,BOM,IndiGo,IndiGo,,9:45 PM,12:05 AM,140.0,2 hr 20 min,Economy,6793.0,,,True,fc3bf8e2015f,
SCR_GF_1788943599_047,2026-09-09 14:16:32,2026-09-24,15,google_flights,DEL,BOM,DEL-BOM,DEL,BOM,Akasa Air,Akasa Air,,6:50 AM,9:10 AM,140.0,2 hr 20 min,Economy,6880.0,,,True,49bacae93d85,
SCR_GF_1788943599_048,2026-09-09 14:16:32,2026-09-24,15,google_flights,DEL,BOM,DEL-BOM,DEL,BOM,Akasa Air,Akasa Air,,8:40 AM,10:55 AM,135.0,2 hr 15 min,Economy,6880.0,,,True,167bbc1b2ad1,
SCR_GF_1788943599_049,2026-09-09 14:16:32,2026-09-24,15,google_flights,DEL,BOM,DEL-BOM,DEL,BOM,Akasa Air,Akasa Air,,9:20 AM,11:40 AM,140.0,2 hr 20 min,Economy,6880.0,,,True,d4bb83488396,
SCR_GF_1788943599_050,2026-09-09 14:16:32,2026-09-24,15,google_flights,DEL,BOM,DEL-BOM,DEL,BOM,Akasa Air,Akasa Air,,10:30 AM,12:45 PM,135.0,2 hr 15 min,Economy,6880.0,,,True,a6de15a4a9e8,
SCR_GF_1788943599_051,2026-09-09 14:16:32,2026-09-24,15,google_flights,DEL,BOM,DEL-BOM,DEL,BOM,Akasa Air,Akasa Air,,12:30 PM,2:55 PM,145.0,2 hr 25 min,Economy,6880.0,,,True,98231cad976a,
SCR_GF_1788943599_052,2026-09-09 14:16:32,2026-09-24,15,google_flights,DEL,BOM,DEL-BOM,DEL,BOM,Akasa Air,Akasa Air,,4:00 PM,6:20 PM,140.0,2 hr 20 min,Economy,6880.0,,,True,f8b4db7aa279,
SCR_GF_1788943599_053,2026-09-09 14:16:32,2026-09-24,15,google_flights,DEL,BOM,DEL-BOM,DEL,BOM,Akasa Air,Akasa Air,,5:30 PM,7:45 PM,135.0,2 hr 15 min,Economy,6880.0,,,True,fb1eac92bd69,
SCR_GF_1788943599_054,2026-09-09 14:16:32,2026-09-24,15,google_flights,DEL,BOM,DEL-BOM,DEL,BOM,Air India,Air India,,7:00 AM,9:25 AM,145.0,2 hr 25 min,Economy,6950.0,,,True,cb6f0c8f8c92,
SCR_GF_1788943599_055,2026-09-09 14:16:32,2026-09-24,15,google_flights,DEL,BOM,DEL-BOM,DEL,BOM,Air India,Air India,,7:30 AM,9:55 AM,145.0,2 hr 25 min,Economy,6950.0,,,True,3b8e28770ef5,
SCR_GF_1788943599_056,2026-09-09 14:16:32,2026-09-24,15,google_flights,DEL,BOM,DEL-BOM,DEL,BOM,Air India,Air India,,7:30 PM,9:55 PM,145.0,2 hr 25 min,Economy,6950.0,,,True,71e7101a219e,
SCR_GF_1788943599_057,2026-09-09 14:16:32,2026-09-24,15,google_flights,DEL,BOM,DEL-BOM,DEL,BOM,Air India,Air India,,8:30 PM,11:05 PM,155.0,2 hr 35 min,Economy,6950.0,,,True,4140e306b746,
SCR_GF_1788943599_059,2026-09-09 14:16:32,2026-09-24,15,google_flights,DEL,BOM,DEL-BOM,DEL,BOM,Air India,Air India,,9:00 PM,11:20 PM,140.0,2 hr 20 min,Economy,6950.0,,,True,2385cab37a44,
SCR_GF_1788943599_060,2026-09-09 14:16:32,2026-09-24,15,google_flights,DEL,BOM,DEL-BOM,DEL,BOM,Air India,Air India,,9:30 PM,11:55 PM,145.0,2 hr 25 min,Economy,7123.0,,,True,84689248eec4,
SCR_GF_1788943599_061,2026-09-09 14:16:32,2026-09-24,15,google_flights,DEL,BOM,DEL-BOM,DEL,BOM,Air India,Air India,,8:00 PM,10:25 PM,145.0,2 hr 25 min,Economy,7181.0,,,True,0bc2d87cd4c5,
SCR_GF_1788943599_062,2026-09-09 14:16:32,2026-09-24,15,google_flights,DEL,BOM,DEL-BOM,DEL,BOM,Air India,Air India,,7:00 PM,9:25 PM,145.0,2 hr 25 min,Economy,7238.0,,,True,7d2c1a95f59d,
SCR_GF_1788943599_063,2026-09-09 14:16:32,2026-09-24,15,google_flights,DEL,BOM,DEL-BOM,DEL,BOM,Air India,Air India,,6:00 PM,8:25 PM,145.0,2 hr 25 min,Economy,7349.0,,,True,db1cb2325a0b,
SCR_GF_1788943599_064,2026-09-09 14:16:32,2026-09-24,15,google_flights,DEL,BOM,DEL-BOM,DEL,BOM,SpiceJet,SpiceJet,,10:45 PM,1:25 AM,160.0,2 hr 40 min,Economy,19603.0,,,True,da5498e43ea7,
SCR_GF_1788943599_065,2026-09-09 14:16:32,2026-09-24,15,google_flights,DEL,BOM,DEL-BOM,DEL,BOM,SpiceJet,SpiceJet,,7:55 PM,10:40 PM,165.0,2 hr 45 min,Economy,22551.0,,,True,8012fe80c948,
SCR_GF_1788943599_075,2026-09-09 14:16:32,2026-09-24,15,google_flights,DEL,BOM,DEL-BOM,DEL,BOM,IndiGo,IndiGo,,00:00,00:00,305.0,5 hr 5 min,Economy,5985.0,,,False,36f4d9c16e62,
SCR_GF_1788943599_076,2026-09-09 14:16:32,2026-09-24,15,google_flights,DEL,BOM,DEL-BOM,DEL,BOM,IndiGo,IndiGo,,00:00,00:00,140.0,2 hr 20 min,Economy,6314.0,,,True,0740e22565ca,
SCR_GF_1788943599_089,2026-09-09 14:16:32,2026-09-24,15,google_flights,DEL,BOM,DEL-BOM,DEL,BOM,IndiGo,IndiGo,,00:00,00:00,140.0,2 hr 20 min,Economy,6425.0,,,True,ad1d068efbec,
SCR_GF_1788943599_100,2026-09-09 14:16:32,2026-09-24,15,google_flights,DEL,BOM,DEL-BOM,DEL,BOM,IndiGo,IndiGo,,00:00,00:00,145.0,2 hr 25 min,Economy,6582.0,,,True,c07766ebfb6a,
SCR_GF_1788943599_101,2026-09-09 14:16:32,2026-09-24,15,google_flights,DEL,BOM,DEL-BOM,DEL,BOM,IndiGo,IndiGo,,00:00,00:00,135.0,2 hr 15 min,Economy,6583.0,,,True,6ab993b88f46,
SCR_GF_1788943599_103,2026-09-09 14:16:32,2026-09-24,15,google_flights,DEL,BOM,DEL-BOM,DEL,BOM,IndiGo,IndiGo,,00:00,00:00,145.0,2 hr 25 min,Economy,6610.0,,,True,68611c7a8607,
SCR_GF_1788943599_104,2026-09-09 14:16:32,2026-09-24,15,google_flights,DEL,BOM,DEL-BOM,DEL,BOM,IndiGo,IndiGo,,00:00,00:00,140.0,2 hr 20 min,Economy,6740.0,,,True,46edc0e97c7f,
SCR_GF_1788943599_111,2026-09-09 14:16:32,2026-09-24,15,google_flights,DEL,BOM,DEL-BOM,DEL,BOM,IndiGo,IndiGo,,00:00,00:00,140.0,2 hr 20 min,Economy,6793.0,,,True,5cbe5fab7297,
SCR_GF_1788943599_118,2026-09-09 14:16:32,2026-09-24,15,google_flights,DEL,BOM,DEL-BOM,DEL,BOM,IndiGo,IndiGo,,00:00,00:00,135.0,2 hr 15 min,Economy,6880.0,,,True,259b3eb23cfb,
SCR_GF_1788943599_124,2026-09-09 14:16:32,2026-09-24,15,google_flights,DEL,BOM,DEL-BOM,DEL,BOM,IndiGo,IndiGo,,00:00,00:00,140.0,2 hr 20 min,Economy,6950.0,,,True,c0cb8860de3e,
SCR_GF_1788943599_125,2026-09-09 14:16:32,2026-09-24,15,google_flights,DEL,BOM,DEL-BOM,DEL,BOM,IndiGo,IndiGo,,00:00,00:00,145.0,2 hr 25 min,Economy,7123.0,,,True,99975f1d71be,
SCR_GF_1788943599_126,2026-09-09 14:16:32,2026-09-24,15,google_flights,DEL,BOM,DEL-BOM,DEL,BOM,IndiGo,IndiGo,,00:00,00:00,145.0,2 hr 25 min,Economy,7181.0,,,True,0c61bf24c8c9,
SCR_GF_1788943599_127,2026-09-09 14:16:32,2026-09-24,15,google_flights,DEL,BOM,DEL-BOM,DEL,BOM,IndiGo,IndiGo,,00:00,00:00,145.0,2 hr 25 min,Economy,7238.0,,,True,5ba2f6e828e2,
SCR_GF_1788943599_128,2026-09-09 14:16:32,2026-09-24,15,google_flights,DEL,BOM,DEL-BOM,DEL,BOM,IndiGo,IndiGo,,00:00,00:00,145.0,2 hr 25 min,Economy,7349.0,,,True,173a862f988d,
SCR_GF_1788943599_129,2026-09-09 14:16:32,2026-09-24,15,google_flights,DEL,BOM,DEL-BOM,DEL,BOM,IndiGo,IndiGo,,00:00,00:00,160.0,2 hr 40 min,Economy,19603.0,,,True,a6e8fee8b662,
SCR_GF_1788943599_130,2026-09-09 14:16:32,2026-09-24,15,google_flights,DEL,BOM,DEL-BOM,DEL,BOM,IndiGo,IndiGo,,00:00,00:00,165.0,2 hr 45 min,Economy,22551.0,,,True,7f9bf2783920,
SCR_GF_1788943606_001,2026-09-09 14:16:39,2026-10-09,30,google_flights,DEL,BOM,DEL-BOM,DEL,BOM,Air India,Air India,,5:00 AM,7:25 AM,145.0,2 hr 25 min,Economy,6314.0,,,True,56cfbc0ccde7,
SCR_GF_1788943606_002,2026-09-09 14:16:39,2026-10-09,30,google_flights,DEL,BOM,DEL-BOM,DEL,BOM,IndiGo,IndiGo,,8:45 AM,11:00 AM,135.0,2 hr 15 min,Economy,6425.0,,,True,8b4d7b1cb40b,
SCR_GF_1788943606_003,2026-09-09 14:16:39,2026-10-09,30,google_flights,DEL,BOM,DEL-BOM,DEL,BOM,Akasa Air,Akasa Air,,8:40 AM,11:05 AM,145.0,2 hr 25 min,Economy,6880.0,,,True,d75677d1fcbf,
SCR_GF_1788943606_004,2026-09-09 14:16:39,2026-10-09,30,google_flights,DEL,BOM,DEL-BOM,DEL,BOM,IndiGo,IndiGo,,3:00 AM,5:20 AM,140.0,2 hr 20 min,Economy,6425.0,,,True,7807bd151927,
SCR_GF_1788943606_005,2026-09-09 14:16:39,2026-10-09,30,google_flights,DEL,BOM,DEL-BOM,DEL,BOM,IndiGo,IndiGo,,5:00 AM,7:15 AM,135.0,2 hr 15 min,Economy,6425.0,,,True,83ab3be2b20b,
SCR_GF_1788943606_006,2026-09-09 14:16:39,2026-10-09,30,google_flights,DEL,BOM,DEL-BOM,DEL,BOM,IndiGo,IndiGo,,9:30 AM,11:55 AM,145.0,2 hr 25 min,Economy,6425.0,,,True,07853334ad0c,
SCR_GF_1788943606_007,2026-09-09 14:16:39,2026-10-09,30,google_flights,DEL,BOM,DEL-BOM,DEL,BOM,IndiGo,IndiGo,,10:15 AM,12:35 PM,140.0,2 hr 20 min,Economy,6425.0,,,True,c83fe3463bdd,
SCR_GF_1788943606_008,2026-09-09 14:16:39,2026-10-09,30,google_flights,DEL,BOM,DEL-BOM,DEL,BOM,IndiGo,IndiGo,,11:00 AM,1:15 PM,135.0,2 hr 15 min,Economy,6425.0,,,True,a15b0c18f45e,
SCR_GF_1788943606_009,2026-09-09 14:16:39,2026-10-09,30,google_flights,DEL,BOM,DEL-BOM,DEL,BOM,IndiGo,IndiGo,,12:00 PM,2:15 PM,135.0,2 hr 15 min,Economy,6425.0,,,True,a70ec21c054d,
SCR_GF_1788943606_010,2026-09-09 14:16:39,2026-10-09,30,google_flights,DEL,BOM,DEL-BOM,DEL,BOM,IndiGo,IndiGo,,1:00 PM,3:10 PM,130.0,2 hr 10 min,Economy,6425.0,,,True,881cd0bcbd06,
SCR_GF_1788943606_011,2026-09-09 14:16:39,2026-10-09,30,google_flights,DEL,BOM,DEL-BOM,DEL,BOM,IndiGo,IndiGo,,2:00 PM,4:25 PM,145.0,2 hr 25 min,Economy,6425.0,,,True,d8e0808e887f,
SCR_GF_1788943606_012,2026-09-09 14:16:39,2026-10-09,30,google_flights,DEL,BOM,DEL-BOM,DEL,BOM,IndiGo,IndiGo,,2:45 PM,5:00 PM,135.0,2 hr 15 min,Economy,6425.0,,,True,4f1997a52e31,
SCR_GF_1788943606_013,2026-09-09 14:16:39,2026-10-09,30,google_flights,DEL,BOM,DEL-BOM,DEL,BOM,IndiGo,IndiGo,,3:30 PM,5:45 PM,135.0,2 hr 15 min,Economy,6425.0,,,True,d2028c49d974,
SCR_GF_1788943606_014,2026-09-09 14:16:39,2026-10-09,30,google_flights,DEL,BOM,DEL-BOM,DEL,BOM,IndiGo,IndiGo,,11:30 PM,1:45 AM,135.0,2 hr 15 min,Economy,6425.0,,,True,692387b87813,
SCR_GF_1788943606_015,2026-09-09 14:16:39,2026-10-09,30,google_flights,DEL,BOM,DEL-BOM,DEL,BOM,Air India,Air India,,8:30 AM,10:45 AM,135.0,2 hr 15 min,Economy,6582.0,,,True,25e8d4626679,
SCR_GF_1788943606_016,2026-09-09 14:16:39,2026-10-09,30,google_flights,DEL,BOM,DEL-BOM,DEL,BOM,Air India,Air India,,9:30 AM,12:00 PM,150.0,2 hr 30 min,Economy,6582.0,,,True,1b1ef304c1fa,
SCR_GF_1788943606_017,2026-09-09 14:16:39,2026-10-09,30,google_flights,DEL,BOM,DEL-BOM,DEL,BOM,Air India,Air India,,10:00 AM,12:25 PM,145.0,2 hr 25 min,Economy,6582.0,,,True,c92df35b3b1d,
SCR_GF_1788943606_018,2026-09-09 14:16:39,2026-10-09,30,google_flights,DEL,BOM,DEL-BOM,DEL,BOM,Air India,Air India,,10:30 AM,12:50 PM,140.0,2 hr 20 min,Economy,6582.0,,,True,9f2d6209a728,
SCR_GF_1788943606_019,2026-09-09 14:16:39,2026-10-09,30,google_flights,DEL,BOM,DEL-BOM,DEL,BOM,Air India,Air India,,11:00 AM,1:25 PM,145.0,2 hr 25 min,Economy,6582.0,,,True,1978b9d8ad6f,
SCR_GF_1788943606_020,2026-09-09 14:16:39,2026-10-09,30,google_flights,DEL,BOM,DEL-BOM,DEL,BOM,Air India,Air India,,2:10 PM,4:35 PM,145.0,2 hr 25 min,Economy,6582.0,,,True,2f2ad455d988,
SCR_GF_1788943606_021,2026-09-09 14:16:39,2026-10-09,30,google_flights,DEL,BOM,DEL-BOM,DEL,BOM,Air India,Air India,,3:30 PM,5:55 PM,145.0,2 hr 25 min,Economy,6582.0,,,True,1a2d1d198cb8,
SCR_GF_1788943606_022,2026-09-09 14:16:39,2026-10-09,30,google_flights,DEL,BOM,DEL-BOM,DEL,BOM,IndiGo,IndiGo,,6:05 AM,8:20 AM,135.0,2 hr 15 min,Economy,6583.0,,,True,eaee91850084,
SCR_GF_1788943606_023,2026-09-09 14:16:39,2026-10-09,30,google_flights,DEL,BOM,DEL-BOM,DEL,BOM,IndiGo,IndiGo,,4:15 PM,6:35 PM,140.0,2 hr 20 min,Economy,6583.0,,,True,2a69f139f165,
SCR_GF_1788943606_024,2026-09-09 14:16:39,2026-10-09,30,google_flights,DEL,BOM,DEL-BOM,DEL,BOM,Air India,Air India,,11:25 PM,1:50 AM,145.0,2 hr 25 min,Economy,6610.0,,,True,4b4affae4bda,
SCR_GF_1788943606_025,2026-09-09 14:16:39,2026-10-09,30,google_flights,DEL,BOM,DEL-BOM,DEL,BOM,Air India,Air India,,6:30 AM,8:50 AM,140.0,2 hr 20 min,Economy,6740.0,,,True,d8a053e0b358,
SCR_GF_1788943606_026,2026-09-09 14:16:39,2026-10-09,30,google_flights,DEL,BOM,DEL-BOM,DEL,BOM,Air India,Air India,,1:30 PM,3:50 PM,140.0,2 hr 20 min,Economy,6740.0,,,True,0bfa41c3fa4c,
SCR_GF_1788943606_027,2026-09-09 14:16:39,2026-10-09,30,google_flights,DEL,BOM,DEL-BOM,DEL,BOM,Air India,Air India,,11:00 PM,1:25 AM,145.0,2 hr 25 min,Economy,6740.0,,,True,a098e44ef5c3,
SCR_GF_1788943606_028,2026-09-09 14:16:39,2026-10-09,30,google_flights,DEL,BOM,DEL-BOM,DEL,BOM,Air India,Air India,,12:00 PM,2:25 PM,145.0,2 hr 25 min,Economy,6745.0,,,True,6ee400c0488e,
SCR_GF_1788943606_029,2026-09-09 14:16:39,2026-10-09,30,google_flights,DEL,BOM,DEL-BOM,DEL,BOM,Air India,Air India,,4:00 PM,6:25 PM,145.0,2 hr 25 min,Economy,6745.0,,,True,1471a2f1df9c,
SCR_GF_1788943606_030,2026-09-09 14:16:39,2026-10-09,30,google_flights,DEL,BOM,DEL-BOM,DEL,BOM,SpiceJet,SpiceJet,,7:55 PM,10:30 PM,155.0,2 hr 35 min,Economy,6778.0,,,True,73a2b4a02087,
SCR_GF_1788943606_031,2026-09-09 14:16:39,2026-10-09,30,google_flights,DEL,BOM,DEL-BOM,DEL,BOM,SpiceJet,SpiceJet,,10:30 PM,12:50 AM,140.0,2 hr 20 min,Economy,6778.0,,,True,315bec7b6ffc,
SCR_GF_1788943606_032,2026-09-09 14:16:39,2026-10-09,30,google_flights,DEL,BOM,DEL-BOM,DEL,BOM,IndiGo,IndiGo,,7:15 AM,9:30 AM,135.0,2 hr 15 min,Economy,6793.0,,,True,a87a81ed5783,
SCR_GF_1788943606_033,2026-09-09 14:16:39,2026-10-09,30,google_flights,DEL,BOM,DEL-BOM,DEL,BOM,IndiGo,IndiGo,,8:00 AM,10:20 AM,140.0,2 hr 20 min,Economy,6793.0,,,True,fbbf1020f2df,
SCR_GF_1788943606_034,2026-09-09 14:16:39,2026-10-09,30,google_flights,DEL,BOM,DEL-BOM,DEL,BOM,IndiGo,IndiGo,,5:00 PM,7:15 PM,135.0,2 hr 15 min,Economy,6793.0,,,True,3c3d4169ab01,
SCR_GF_1788943606_035,2026-09-09 14:16:39,2026-10-09,30,google_flights,DEL,BOM,DEL-BOM,DEL,BOM,IndiGo,IndiGo,,9:45 PM,12:05 AM,140.0,2 hr 20 min,Economy,6793.0,,,True,3f137a203b3e,
SCR_GF_1788943606_036,2026-09-09 14:16:39,2026-10-09,30,google_flights,DEL,BOM,DEL-BOM,DEL,BOM,IndiGo,IndiGo,,10:45 PM,1:05 AM,140.0,2 hr 20 min,Economy,6793.0,,,True,d6e90dcddf24,
SCR_GF_1788943606_037,2026-09-09 14:16:39,2026-10-09,30,google_flights,DEL,BOM,DEL-BOM,DEL,BOM,Akasa Air,Akasa Air,,6:50 AM,9:10 AM,140.0,2 hr 20 min,Economy,6880.0,,,True,4359b9cb16fd,
SCR_GF_1788943606_038,2026-09-09 14:16:39,2026-10-09,30,google_flights,DEL,BOM,DEL-BOM,DEL,BOM,Akasa Air,Akasa Air,,10:00 AM,12:20 PM,140.0,2 hr 20 min,Economy,6880.0,,,True,5ba89c6e855c,
SCR_GF_1788943606_039,2026-09-09 14:16:39,2026-10-09,30,google_flights,DEL,BOM,DEL-BOM,DEL,BOM,Akasa Air,Akasa Air,,4:00 PM,6:20 PM,140.0,2 hr 20 min,Economy,6880.0,,,True,5241231a0b62,
SCR_GF_1788943606_040,2026-09-09 14:16:39,2026-10-09,30,google_flights,DEL,BOM,DEL-BOM,DEL,BOM,Akasa Air,Akasa Air,,5:30 PM,7:50 PM,140.0,2 hr 20 min,Economy,6880.0,,,True,0a674c0df675,
SCR_GF_1788943606_041,2026-09-09 14:16:39,2026-10-09,30,google_flights,DEL,BOM,DEL-BOM,DEL,BOM,Akasa Air,Akasa Air,,7:55 PM,10:20 PM,145.0,2 hr 25 min,Economy,6880.0,,,True,bb4b643bff47,
SCR_GF_1788943606_042,2026-09-09 14:16:39,2026-10-09,30,google_flights,DEL,BOM,DEL-BOM,DEL,BOM,Air India,Air India,,7:00 AM,9:25 AM,145.0,2 hr 25 min,Economy,6950.0,,,True,d64ac4c3e25f,
SCR_GF_1788943606_043,2026-09-09 14:16:39,2026-10-09,30,google_flights,DEL,BOM,DEL-BOM,DEL,BOM,Air India,Air India,,7:30 AM,9:55 AM,145.0,2 hr 25 min,Economy,6950.0,,,True,7152e38d417c,
SCR_GF_1788943606_044,2026-09-09 14:16:39,2026-10-09,30,google_flights,DEL,BOM,DEL-BOM,DEL,BOM,Air India,Air India,,5:00 PM,7:25 PM,145.0,2 hr 25 min,Economy,6950.0,,,True,9a2e4c740954,
SCR_GF_1788943606_045,2026-09-09 14:16:39,2026-10-09,30,google_flights,DEL,BOM,DEL-BOM,DEL,BOM,Air India,Air India,,8:30 PM,11:00 PM,150.0,2 hr 30 min,Economy,6950.0,,,True,d230c48b93ca,
SCR_GF_1788943606_046,2026-09-09 14:16:39,2026-10-09,30,google_flights,DEL,BOM,DEL-BOM,DEL,BOM,Air India,Air India,,9:00 PM,11:20 PM,140.0,2 hr 20 min,Economy,6950.0,,,True,61e2adfe80e7,
SCR_GF_1788943606_047,2026-09-09 14:16:39,2026-10-09,30,google_flights,DEL,BOM,DEL-BOM,DEL,BOM,Air India,Air India,,9:30 PM,11:55 PM,145.0,2 hr 25 min,Economy,6950.0,,,True,69da6525e1dc,
SCR_GF_1788943606_048,2026-09-09 14:16:39,2026-10-09,30,google_flights,DEL,BOM,DEL-BOM,DEL,BOM,Air India,Air India,,5:50 PM,8:10 PM,140.0,2 hr 20 min,Economy,6989.0,,,True,b2bd113d50a0,
SCR_GF_1788943606_049,2026-09-09 14:16:39,2026-10-09,30,google_flights,DEL,BOM,DEL-BOM,DEL,BOM,IndiGo,IndiGo,,6:00 PM,8:15 PM,135.0,2 hr 15 min,Economy,7055.0,,,True,26347ba2c3cb,
SCR_GF_1788943606_050,2026-09-09 14:16:39,2026-10-09,30,google_flights,DEL,BOM,DEL-BOM,DEL,BOM,IndiGo,IndiGo,,7:00 PM,9:25 PM,145.0,2 hr 25 min,Economy,7055.0,,,True,3ed303112c26,
SCR_GF_1788943606_051,2026-09-09 14:16:39,2026-10-09,30,google_flights,DEL,BOM,DEL-BOM,DEL,BOM,IndiGo,IndiGo,,8:00 PM,10:10 PM,130.0,2 hr 10 min,Economy,7055.0,,,True,e4376fcb87c1,
SCR_GF_1788943606_052,2026-09-09 14:16:39,2026-10-09,30,google_flights,DEL,BOM,DEL-BOM,DEL,BOM,IndiGo,IndiGo,,8:45 PM,11:00 PM,135.0,2 hr 15 min,Economy,7055.0,,,True,09b789355d7c,
SCR_GF_1788943606_053,2026-09-09 14:16:39,2026-10-09,30,google_flights,DEL,BOM,DEL-BOM,DEL,BOM,Air India,Air India,,7:30 PM,9:55 PM,145.0,2 hr 25 min,Economy,7181.0,,,True,91ff261001e8,
SCR_GF_1788943606_054,2026-09-09 14:16:39,2026-10-09,30,google_flights,DEL,BOM,DEL-BOM,DEL,BOM,Air India,Air India,,8:00 PM,10:25 PM,145.0,2 hr 25 min,Economy,7181.0,,,True,8226a59de40a,
SCR_GF_1788943606_055,2026-09-09 14:16:39,2026-10-09,30,google_flights,DEL,BOM,DEL-BOM,DEL,BOM,Air India,Air India,,6:00 PM,8:25 PM,145.0,2 hr 25 min,Economy,7695.0,,,True,f8fa9476279f,
SCR_GF_1788943606_056,2026-09-09 14:16:39,2026-10-09,30,google_flights,DEL,BOM,DEL-BOM,DEL,BOM,Air India,Air India,,7:00 PM,9:25 PM,145.0,2 hr 25 min,Economy,7695.0,,,True,78665ea756da,
SCR_GF_1788943606_057,2026-09-09 14:16:39,2026-10-09,30,google_flights,DEL,BOM,DEL-BOM,DEL,BOM,IndiGo,IndiGo,,00:00,00:00,145.0,2 hr 25 min,Economy,6314.0,,,True,660b7f4ee6c1,
SCR_GF_1788943606_070,2026-09-09 14:16:39,2026-10-09,30,google_flights,DEL,BOM,DEL-BOM,DEL,BOM,IndiGo,IndiGo,,00:00,00:00,135.0,2 hr 15 min,Economy,6425.0,,,True,233a8147af35,
SCR_GF_1788943606_077,2026-09-09 14:16:39,2026-10-09,30,google_flights,DEL,BOM,DEL-BOM,DEL,BOM,IndiGo,IndiGo,,00:00,00:00,145.0,2 hr 25 min,Economy,6582.0,,,True,c8775a764609,
SCR_GF_1788943606_079,2026-09-09 14:16:39,2026-10-09,30,google_flights,DEL,BOM,DEL-BOM,DEL,BOM,IndiGo,IndiGo,,00:00,00:00,140.0,2 hr 20 min,Economy,6583.0,,,True,6ac997404f2a,
SCR_GF_1788943606_080,2026-09-09 14:16:39,2026-10-09,30,google_flights,DEL,BOM,DEL-BOM,DEL,BOM,IndiGo,IndiGo,,00:00,00:00,145.0,2 hr 25 min,Economy,6610.0,,,True,dc2208a40433,
SCR_GF_1788943606_083,2026-09-09 14:16:39,2026-10-09,30,google_flights,DEL,BOM,DEL-BOM,DEL,BOM,IndiGo,IndiGo,,00:00,00:00,145.0,2 hr 25 min,Economy,6740.0,,,True,a7b617ce9e0a,
SCR_GF_1788943606_085,2026-09-09 14:16:39,2026-10-09,30,google_flights,DEL,BOM,DEL-BOM,DEL,BOM,IndiGo,IndiGo,,00:00,00:00,145.0,2 hr 25 min,Economy,6745.0,,,True,12bc824c5b22,
SCR_GF_1788943606_087,2026-09-09 14:16:39,2026-10-09,30,google_flights,DEL,BOM,DEL-BOM,DEL,BOM,IndiGo,IndiGo,,00:00,00:00,140.0,2 hr 20 min,Economy,6778.0,,,True,89916f651b29,
SCR_GF_1788943606_092,2026-09-09 14:16:39,2026-10-09,30,google_flights,DEL,BOM,DEL-BOM,DEL,BOM,IndiGo,IndiGo,,00:00,00:00,140.0,2 hr 20 min,Economy,6793.0,,,True,0f1920acd3f0,
SCR_GF_1788943606_097,2026-09-09 14:16:39,2026-10-09,30,google_flights,DEL,BOM,DEL-BOM,DEL,BOM,IndiGo,IndiGo,,00:00,00:00,145.0,2 hr 25 min,Economy,6880.0,,,True,ac7d1cf65ea7,
SCR_GF_1788943606_103,2026-09-09 14:16:39,2026-10-09,30,google_flights,DEL,BOM,DEL-BOM,DEL,BOM,IndiGo,IndiGo,,00:00,00:00,145.0,2 hr 25 min,Economy,6950.0,,,True,e4371744cfe6,
SCR_GF_1788943606_104,2026-09-09 14:16:39,2026-10-09,30,google_flights,DEL,BOM,DEL-BOM,DEL,BOM,IndiGo,IndiGo,,00:00,00:00,140.0,2 hr 20 min,Economy,6989.0,,,True,9e2a4c9cfb35,
SCR_GF_1788943606_108,2026-09-09 14:16:39,2026-10-09,30,google_flights,DEL,BOM,DEL-BOM,DEL,BOM,IndiGo,IndiGo,,00:00,00:00,135.0,2 hr 15 min,Economy,7055.0,,,True,0f2baaeed66f,
SCR_GF_1788943606_110,2026-09-09 14:16:39,2026-10-09,30,google_flights,DEL,BOM,DEL-BOM,DEL,BOM,IndiGo,IndiGo,,00:00,00:00,145.0,2 hr 25 min,Economy,7181.0,,,True,2cce21d74d26,
SCR_GF_1788943606_112,2026-09-09 14:16:39,2026-10-09,30,google_flights,DEL,BOM,DEL-BOM,DEL,BOM,IndiGo,IndiGo,,00:00,00:00,145.0,2 hr 25 min,Economy,7695.0,,,True,ecf7ec751c3a,
SCR_EAS_1788943627_001,2026-09-09 14:17:03,2026-09-10,1,easemytrip,DEL,BOM,DEL-BOM,DEL,BOM,IndiGo,IndiGo,,00:00,00:00,,,Economy,9098.0,,,False,1b224e760fc6,
SCR_EAS_1788943627_004,2026-09-09 14:17:03,2026-09-10,1,easemytrip,DEL,BOM,DEL-BOM,DEL,BOM,IndiGo,IndiGo,,00:00,00:00,,,Economy,4000.0,,,False,33a7e63a6df7,
SCR_EAS_1788943627_006,2026-09-09 14:17:03,2026-09-10,1,easemytrip,DEL,BOM,DEL-BOM,DEL,BOM,IndiGo,IndiGo,,00:00,00:00,,,Economy,3401.0,,,False,d337d9bff59e,
SCR_EAS_1788943627_008,2026-09-09 14:17:03,2026-09-10,1,easemytrip,DEL,BOM,DEL-BOM,DEL,BOM,IndiGo,IndiGo,,00:00,00:00,,,Economy,500.0,,,False,9cdd9468f8f2,
SCR_EAS_1788943631_001,2026-09-09 14:17:07,2026-09-16,7,easemytrip,DEL,BOM,DEL-BOM,DEL,BOM,IndiGo,IndiGo,,00:00,00:00,,,Economy,9098.0,,,False,464e9784886a,
SCR_EAS_1788943631_004,2026-09-09 14:17:07,2026-09-16,7,easemytrip,DEL,BOM,DEL-BOM,DEL,BOM,IndiGo,IndiGo,,00:00,00:00,,,Economy,4000.0,,,False,29609ee5fd6e,
SCR_EAS_1788943631_006,2026-09-09 14:17:07,2026-09-16,7,easemytrip,DEL,BOM,DEL-BOM,DEL,BOM,IndiGo,IndiGo,,00:00,00:00,,,Economy,3401.0,,,False,da0d3ed44eb3,
SCR_EAS_1788943631_008,2026-09-09 14:17:07,2026-09-16,7,easemytrip,DEL,BOM,DEL-BOM,DEL,BOM,IndiGo,IndiGo,,00:00,00:00,,,Economy,500.0,,,False,491776d727b7,
SCR_EAS_1788943636_001,2026-09-09 14:17:12,2026-09-24,15,easemytrip,DEL,BOM,DEL-BOM,DEL,BOM,IndiGo,IndiGo,,00:00,00:00,,,Economy,9098.0,,,False,b75146749f1a,
SCR_EAS_1788943636_004,2026-09-09 14:17:12,2026-09-24,15,easemytrip,DEL,BOM,DEL-BOM,DEL,BOM,IndiGo,IndiGo,,00:00,00:00,,,Economy,4000.0,,,False,aad37d27f93c,
SCR_EAS_1788943636_006,2026-09-09 14:17:12,2026-09-24,15,easemytrip,DEL,BOM,DEL-BOM,DEL,BOM,IndiGo,IndiGo,,00:00,00:00,,,Economy,3401.0,,,False,08011dce49fc,
SCR_EAS_1788943636_008,2026-09-09 14:17:12,2026-09-24,15,easemytrip,DEL,BOM,DEL-BOM,DEL,BOM,IndiGo,IndiGo,,00:00,00:00,,,Economy,500.0,,,False,5ba4f7e50374,
SCR_EAS_1788943641_001,2026-09-09 14:17:16,2026-10-09,30,easemytrip,DEL,BOM,DEL-BOM,DEL,BOM,IndiGo,IndiGo,,00:00,00:00,,,Economy,9098.0,,,False,38bc55189664,
SCR_EAS_1788943641_004,2026-09-09 14:17:16,2026-10-09,30,easemytrip,DEL,BOM,DEL-BOM,DEL,BOM,IndiGo,IndiGo,,00:00,00:00,,,Economy,4000.0,,,False,d7ee53552f2f,
SCR_EAS_1788943641_006,2026-09-09 14:17:16,2026-10-09,30,easemytrip,DEL,BOM,DEL-BOM,DEL,BOM,IndiGo,IndiGo,,00:00,00:00,,,Economy,3401.0,,,False,4702037f31e5,
SCR_EAS_1788943641_008,2026-09-09 14:17:16,2026-10-09,30,easemytrip,DEL,BOM,DEL-BOM,DEL,BOM,IndiGo,IndiGo,,00:00,00:00,,,Economy,500.0,,,False,a648867a80ba,
SCR_EAS_1788944692_001,2026-09-09 14:34:47,2026-09-10,1,easemytrip,UDR,LKO,UDR-LKO,UDR,LKO,IndiGo,IndiGo,,00:00,00:00,,,Economy,9098.0,,,False,bf689bbbffab,
SCR_EAS_1788944692_004,2026-09-09 14:34:47,2026-09-10,1,easemytrip,UDR,LKO,UDR-LKO,UDR,LKO,IndiGo,IndiGo,,00:00,00:00,,,Economy,4000.0,,,False,0ea8e628821c,
SCR_EAS_1788944692_006,2026-09-09 14:34:47,2026-09-10,1,easemytrip,UDR,LKO,UDR-LKO,UDR,LKO,IndiGo,IndiGo,,00:00,00:00,,,Economy,3401.0,,,False,981910e98aaa,
SCR_EAS_1788944692_008,2026-09-09 14:34:47,2026-09-10,1,easemytrip,UDR,LKO,UDR-LKO,UDR,LKO,IndiGo,IndiGo,,00:00,00:00,,,Economy,500.0,,,False,4bdcb69da582,
SCR_EAS_1788944698_001,2026-09-09 14:34:52,2026-09-16,7,easemytrip,UDR,LKO,UDR-LKO,UDR,LKO,IndiGo,IndiGo,,00:00,00:00,,,Economy,9098.0,,,False,1874c16c8d0c,
SCR_EAS_1788944698_004,2026-09-09 14:34:52,2026-09-16,7,easemytrip,UDR,LKO,UDR-LKO,UDR,LKO,IndiGo,IndiGo,,00:00,00:00,,,Economy,4000.0,,,False,9e8ad4c2ed9a,
SCR_EAS_1788944698_006,2026-09-09 14:34:52,2026-09-16,7,easemytrip,UDR,LKO,UDR-LKO,UDR,LKO,IndiGo,IndiGo,,00:00,00:00,,,Economy,3401.0,,,False,832f70df731e,
SCR_EAS_1788944698_008,2026-09-09 14:34:52,2026-09-16,7,easemytrip,UDR,LKO,UDR-LKO,UDR,LKO,IndiGo,IndiGo,,00:00,00:00,,,Economy,500.0,,,False,12d74b54df3a,
SCR_EAS_1788944703_001,2026-09-09 14:34:58,2026-09-24,15,easemytrip,UDR,LKO,UDR-LKO,UDR,LKO,IndiGo,IndiGo,,00:00,00:00,,,Economy,9098.0,,,False,5659aa67eb1c,
SCR_EAS_1788944703_004,2026-09-09 14:34:58,2026-09-24,15,easemytrip,UDR,LKO,UDR-LKO,UDR,LKO,IndiGo,IndiGo,,00:00,00:00,,,Economy,4000.0,,,False,5c5e2109b7b4,
SCR_EAS_1788944703_006,2026-09-09 14:34:58,2026-09-24,15,easemytrip,UDR,LKO,UDR-LKO,UDR,LKO,IndiGo,IndiGo,,00:00,00:00,,,Economy,3401.0,,,False,fa270ee9cac2,
SCR_EAS_1788944703_008,2026-09-09 14:34:58,2026-09-24,15,easemytrip,UDR,LKO,UDR-LKO,UDR,LKO,IndiGo,IndiGo,,00:00,00:00,,,Economy,500.0,,,False,65c68e137698,
SCR_EAS_1788944709_001,2026-09-09 14:35:04,2026-10-09,30,easemytrip,UDR,LKO,UDR-LKO,UDR,LKO,IndiGo,IndiGo,,00:00,00:00,,,Economy,9098.0,,,False,b3a993f1c108,
SCR_EAS_1788944709_004,2026-09-09 14:35:04,2026-10-09,30,easemytrip,UDR,LKO,UDR-LKO,UDR,LKO,IndiGo,IndiGo,,00:00,00:00,,,Economy,4000.0,,,False,9cacca4c0254,
SCR_EAS_1788944709_006,2026-09-09 14:35:04,2026-10-09,30,easemytrip,UDR,LKO,UDR-LKO,UDR,LKO,IndiGo,IndiGo,,00:00,00:00,,,Economy,3401.0,,,False,3e0e4669340e,
SCR_EAS_1788944709_008,2026-09-09 14:35:04,2026-10-09,30,easemytrip,UDR,LKO,UDR-LKO,UDR,LKO,IndiGo,IndiGo,,00:00,00:00,,,Economy,500.0,,,False,8484551ca4b4,
SCR_GF_1789014488_003,2026-09-10 09:57:50,2026-09-11,1,google_flights,DEL,BOM,DEL-BOM,DEL,BOM,Akasa Air,Akasa Air,,8:40 AM,11:05 AM,145.0,2 hr 25 min,Economy,6880.0,,,True,7c5a500d0887,
SCR_GF_1789014488_004,2026-09-10 09:57:50,2026-09-11,1,google_flights,DEL,BOM,DEL-BOM,DEL,BOM,IndiGo,IndiGo,,5:55 AM,11:35 AM,340.0,5 hr 40 min,Economy,6117.0,,,False,e465d7943b8c,
SCR_GF_1789014488_005,2026-09-10 09:57:50,2026-09-11,1,google_flights,DEL,BOM,DEL-BOM,DEL,BOM,IndiGo,IndiGo,,9:00 AM,1:45 PM,285.0,4 hr 45 min,Economy,6117.0,,,False,5f367cceb6fc,
SCR_GF_1789014488_006,2026-09-10 09:57:50,2026-09-11,1,google_flights,DEL,BOM,DEL-BOM,DEL,BOM,IndiGo,IndiGo,,7:10 PM,12:10 AM,300.0,5 hr,Economy,6117.0,,,False,cd2c02fcb43f,
SCR_GF_1789014488_007,2026-09-10 09:57:50,2026-09-11,1,google_flights,DEL,BOM,DEL-BOM,DEL,BOM,IndiGo,IndiGo,,5:00 AM,7:15 AM,135.0,2 hr 15 min,Economy,6425.0,,,True,6818528f9c7a,
SCR_GF_1789014488_011,2026-09-10 09:57:50,2026-09-11,1,google_flights,DEL,BOM,DEL-BOM,DEL,BOM,IndiGo,IndiGo,,12:00 PM,2:15 PM,135.0,2 hr 15 min,Economy,6425.0,,,True,67544842e728,
SCR_GF_1789014488_012,2026-09-10 09:57:50,2026-09-11,1,google_flights,DEL,BOM,DEL-BOM,DEL,BOM,IndiGo,IndiGo,,2:00 PM,4:25 PM,145.0,2 hr 25 min,Economy,6425.0,,,True,db31b08181e9,
SCR_GF_1789014488_013,2026-09-10 09:57:50,2026-09-11,1,google_flights,DEL,BOM,DEL-BOM,DEL,BOM,IndiGo,IndiGo,,2:45 PM,5:00 PM,135.0,2 hr 15 min,Economy,6425.0,,,True,cd4422db88cd,
SCR_GF_1789014488_015,2026-09-10 09:57:50,2026-09-11,1,google_flights,DEL,BOM,DEL-BOM,DEL,BOM,Air India,Air India,,7:30 AM,9:55 AM,145.0,2 hr 25 min,Economy,6582.0,,,True,066318b91084,
SCR_GF_1789014488_018,2026-09-10 09:57:50,2026-09-11,1,google_flights,DEL,BOM,DEL-BOM,DEL,BOM,Air India,Air India,,11:00 AM,1:25 PM,145.0,2 hr 25 min,Economy,6582.0,,,True,ed9f6604d6cf,
SCR_GF_1789014488_020,2026-09-10 09:57:50,2026-09-11,1,google_flights,DEL,BOM,DEL-BOM,DEL,BOM,Air India,Air India,,2:10 PM,4:30 PM,140.0,2 hr 20 min,Economy,6582.0,,,True,fc5b6485edfa,
SCR_GF_1789014488_021,2026-09-10 09:57:50,2026-09-11,1,google_flights,DEL,BOM,DEL-BOM,DEL,BOM,IndiGo,IndiGo,,7:15 AM,9:30 AM,135.0,2 hr 15 min,Economy,6583.0,,,True,41ec0bb50256,
SCR_GF_1789014488_022,2026-09-10 09:57:50,2026-09-11,1,google_flights,DEL,BOM,DEL-BOM,DEL,BOM,IndiGo,IndiGo,,8:00 AM,10:20 AM,140.0,2 hr 20 min,Economy,6583.0,,,True,df701c2463ba,
SCR_GF_1789014488_024,2026-09-10 09:57:50,2026-09-11,1,google_flights,DEL,BOM,DEL-BOM,DEL,BOM,Air India,Air India,,7:00 AM,9:25 AM,145.0,2 hr 25 min,Economy,6740.0,,,True,92d4babe7e96,
SCR_GF_1789014488_025,2026-09-10 09:57:50,2026-09-11,1,google_flights,DEL,BOM,DEL-BOM,DEL,BOM,Air India,Air India,,8:30 AM,10:45 AM,135.0,2 hr 15 min,Economy,6740.0,,,True,56fe9046deb5,
SCR_GF_1789014488_026,2026-09-10 09:57:50,2026-09-11,1,google_flights,DEL,BOM,DEL-BOM,DEL,BOM,Air India,Air India,,5:35 AM,8:05 AM,150.0,2 hr 30 min,Economy,6779.0,,,True,4204e2b5c3f9,
SCR_GF_1789014488_027,2026-09-10 09:57:50,2026-09-11,1,google_flights,DEL,BOM,DEL-BOM,DEL,BOM,IndiGo,IndiGo,,1:00 PM,3:10 PM,130.0,2 hr 10 min,Economy,6793.0,,,True,aa512ab3560a,
SCR_GF_1789014488_028,2026-09-10 09:57:50,2026-09-11,1,google_flights,DEL,BOM,DEL-BOM,DEL,BOM,IndiGo,IndiGo,,3:30 PM,5:45 PM,135.0,2 hr 15 min,Economy,6793.0,,,True,cbc81e97e80b,
SCR_GF_1789014488_029,2026-09-10 09:57:50,2026-09-11,1,google_flights,DEL,BOM,DEL-BOM,DEL,BOM,Akasa Air,Akasa Air,,6:50 AM,9:10 AM,140.0,2 hr 20 min,Economy,6880.0,,,True,b85363c250af,
SCR_GF_1789014488_031,2026-09-10 09:57:50,2026-09-11,1,google_flights,DEL,BOM,DEL-BOM,DEL,BOM,Akasa Air,Akasa Air,,12:30 PM,2:55 PM,145.0,2 hr 25 min,Economy,6880.0,,,True,6516652f9afb,
SCR_GF_1789014488_032,2026-09-10 09:57:50,2026-09-11,1,google_flights,DEL,BOM,DEL-BOM,DEL,BOM,Air India,Air India,,3:30 PM,5:55 PM,145.0,2 hr 25 min,Economy,6950.0,,,True,297a63beb38c,
SCR_GF_1789014488_033,2026-09-10 09:57:50,2026-09-11,1,google_flights,DEL,BOM,DEL-BOM,DEL,BOM,Air India,Air India,,4:00 PM,6:25 PM,145.0,2 hr 25 min,Economy,6950.0,,,True,a47d3571e5a1,
SCR_GF_1789014488_034,2026-09-10 09:57:50,2026-09-11,1,google_flights,DEL,BOM,DEL-BOM,DEL,BOM,IndiGo,IndiGo,,4:15 PM,6:35 PM,140.0,2 hr 20 min,Economy,7055.0,,,True,cd4896627e3d,
SCR_GF_1789014488_035,2026-09-10 09:57:50,2026-09-11,1,google_flights,DEL,BOM,DEL-BOM,DEL,BOM,Air India,Air India,,1:30 PM,3:50 PM,140.0,2 hr 20 min,Economy,7527.0,,,True,f4a2f2d8e446,
SCR_GF_1789014488_036,2026-09-10 09:57:50,2026-09-11,1,google_flights,DEL,BOM,DEL-BOM,DEL,BOM,Akasa Air,Akasa Air,,4:00 PM,6:20 PM,140.0,2 hr 20 min,Economy,8419.0,,,True,2d2ed794793f,
SCR_GF_1789014488_037,2026-09-10 09:57:50,2026-09-11,1,google_flights,DEL,BOM,DEL-BOM,DEL,BOM,Air India,Air India,,4:30 PM,6:50 PM,140.0,2 hr 20 min,Economy,9569.0,,,True,2dd878f62780,
SCR_GF_1789014488_038,2026-09-10 09:57:50,2026-09-11,1,google_flights,DEL,BOM,DEL-BOM,DEL,BOM,IndiGo,IndiGo,,5:00 PM,7:15 PM,135.0,2 hr 15 min,Economy,9628.0,,,True,ab3c6114f550,
SCR_GF_1789014488_039,2026-09-10 09:57:50,2026-09-11,1,google_flights,DEL,BOM,DEL-BOM,DEL,BOM,Air India,Air India,,5:00 PM,7:25 PM,145.0,2 hr 25 min,Economy,9968.0,,,True,2f7d4e9e2297,
SCR_GF_1789014488_040,2026-09-10 09:57:50,2026-09-11,1,google_flights,DEL,BOM,DEL-BOM,DEL,BOM,IndiGo,IndiGo,,6:00 PM,8:15 PM,135.0,2 hr 15 min,Economy,11203.0,,,True,a8181ef5d327,
SCR_GF_1789014488_041,2026-09-10 09:57:50,2026-09-11,1,google_flights,DEL,BOM,DEL-BOM,DEL,BOM,IndiGo,IndiGo,,8:00 PM,10:10 PM,130.0,2 hr 10 min,Economy,13513.0,,,True,1624fbf123b6,
SCR_GF_1789014488_042,2026-09-10 09:57:50,2026-09-11,1,google_flights,DEL,BOM,DEL-BOM,DEL,BOM,IndiGo,IndiGo,,8:45 PM,11:00 PM,135.0,2 hr 15 min,Economy,13513.0,,,True,c1cf038ea00c,
SCR_GF_1789014488_043,2026-09-10 09:57:50,2026-09-11,1,google_flights,DEL,BOM,DEL-BOM,DEL,BOM,IndiGo,IndiGo,,9:45 PM,12:05 AM,140.0,2 hr 20 min,Economy,13513.0,,,True,a86007f56c1d,
SCR_GF_1789014488_044,2026-09-10 09:57:50,2026-09-11,1,google_flights,DEL,BOM,DEL-BOM,DEL,BOM,IndiGo,IndiGo,,11:30 PM,1:45 AM,135.0,2 hr 15 min,Economy,13513.0,,,True,faaa5bb8f446,
SCR_GF_1789014488_045,2026-09-10 09:57:50,2026-09-11,1,google_flights,DEL,BOM,DEL-BOM,DEL,BOM,Akasa Air,Akasa Air,,5:30 PM,7:45 PM,135.0,2 hr 15 min,Economy,14787.0,,,True,79ebc92144d8,
SCR_GF_1789014488_046,2026-09-10 09:57:50,2026-09-11,1,google_flights,DEL,BOM,DEL-BOM,DEL,BOM,IndiGo,IndiGo,,7:00 PM,9:25 PM,145.0,2 hr 25 min,Economy,15088.0,,,True,d82bddb87797,
SCR_GF_1789014488_047,2026-09-10 09:57:50,2026-09-11,1,google_flights,DEL,BOM,DEL-BOM,DEL,BOM,IndiGo,IndiGo,,10:45 PM,1:05 AM,140.0,2 hr 20 min,Economy,15088.0,,,True,b90bb5e31c03,
SCR_GF_1789014488_048,2026-09-10 09:57:50,2026-09-11,1,google_flights,DEL,BOM,DEL-BOM,DEL,BOM,Akasa Air,Akasa Air,,7:55 PM,10:20 PM,145.0,2 hr 25 min,Economy,16154.0,,,True,b5acaedf6c76,
SCR_GF_1789014489_049,2026-09-10 09:57:50,2026-09-11,1,google_flights,DEL,BOM,DEL-BOM,DEL,BOM,Air India,Air India,,9:00 PM,11:20 PM,140.0,2 hr 20 min,Economy,16583.0,,,True,752a05bd63f1,
SCR_GF_1789014489_050,2026-09-10 09:57:50,2026-09-11,1,google_flights,DEL,BOM,DEL-BOM,DEL,BOM,Air India,Air India,,9:30 PM,11:55 PM,145.0,2 hr 25 min,Economy,16583.0,,,True,5fd325e61d3b,
SCR_GF_1789014489_051,2026-09-10 09:57:50,2026-09-11,1,google_flights,DEL,BOM,DEL-BOM,DEL,BOM,Air India,Air India,,11:00 PM,1:25 AM,145.0,2 hr 25 min,Economy,16583.0,,,True,e9f374c26c14,
SCR_GF_1789014489_052,2026-09-10 09:57:50,2026-09-11,1,google_flights,DEL,BOM,DEL-BOM,DEL,BOM,Air India,Air India,,11:25 PM,1:50 AM,145.0,2 hr 25 min,Economy,16844.0,,,True,856e16b6dbff,
SCR_GF_1789014489_053,2026-09-10 09:57:50,2026-09-11,1,google_flights,DEL,BOM,DEL-BOM,DEL,BOM,Air India,Air India,,6:00 PM,8:25 PM,145.0,2 hr 25 min,Economy,17350.0,,,True,b8b5642cb97b,
SCR_GF_1789014489_054,2026-09-10 09:57:50,2026-09-11,1,google_flights,DEL,BOM,DEL-BOM,DEL,BOM,SpiceJet,SpiceJet,,7:55 PM,10:30 PM,155.0,2 hr 35 min,Economy,19603.0,,,True,99dd48dd43ac,
SCR_GF_1789014489_055,2026-09-10 09:57:50,2026-09-11,1,google_flights,DEL,BOM,DEL-BOM,DEL,BOM,Air India,Air India,,7:30 PM,9:55 PM,145.0,2 hr 25 min,Economy,21434.0,,,True,4d3f39a320ff,
SCR_GF_1789014489_056,2026-09-10 09:57:50,2026-09-11,1,google_flights,DEL,BOM,DEL-BOM,DEL,BOM,Air India,Air India,,8:30 PM,11:05 PM,155.0,2 hr 35 min,Economy,23844.0,,,True,7b13a79ca29f,
SCR_GF_1789014489_057,2026-09-10 09:57:50,2026-09-11,1,google_flights,DEL,BOM,DEL-BOM,DEL,BOM,Air India,Air India,,7:00 PM,9:25 PM,145.0,2 hr 25 min,Economy,24973.0,,,True,df595c880596,
SCR_GF_1789014489_058,2026-09-10 09:57:50,2026-09-11,1,google_flights,DEL,BOM,DEL-BOM,DEL,BOM,IndiGo,IndiGo,,00:00,00:00,140.0,2 hr 20 min,Economy,6314.0,,,True,027533023543,
SCR_GF_1789014489_063,2026-09-10 09:57:50,2026-09-11,1,google_flights,DEL,BOM,DEL-BOM,DEL,BOM,IndiGo,IndiGo,,00:00,00:00,300.0,5 hr,Economy,6117.0,,,False,729759042b20,
SCR_GF_1789014489_070,2026-09-10 09:57:50,2026-09-11,1,google_flights,DEL,BOM,DEL-BOM,DEL,BOM,IndiGo,IndiGo,,00:00,00:00,135.0,2 hr 15 min,Economy,6425.0,,,True,5da2f5c81f09,
SCR_GF_1789014489_077,2026-09-10 09:57:50,2026-09-11,1,google_flights,DEL,BOM,DEL-BOM,DEL,BOM,IndiGo,IndiGo,,00:00,00:00,140.0,2 hr 20 min,Economy,6582.0,,,True,46b8dba45196,
SCR_GF_1789014489_080,2026-09-10 09:57:50,2026-09-11,1,google_flights,DEL,BOM,DEL-BOM,DEL,BOM,IndiGo,IndiGo,,00:00,00:00,135.0,2 hr 15 min,Economy,6583.0,,,True,8a711d2bb76a,
SCR_GF_1789014489_082,2026-09-10 09:57:50,2026-09-11,1,google_flights,DEL,BOM,DEL-BOM,DEL,BOM,IndiGo,IndiGo,,00:00,00:00,135.0,2 hr 15 min,Economy,6740.0,,,True,769f1b50981b,
SCR_GF_1789014489_083,2026-09-10 09:57:50,2026-09-11,1,google_flights,DEL,BOM,DEL-BOM,DEL,BOM,IndiGo,IndiGo,,00:00,00:00,150.0,2 hr 30 min,Economy,6779.0,,,True,1d26920ae64d,
SCR_GF_1789014489_085,2026-09-10 09:57:50,2026-09-11,1,google_flights,DEL,BOM,DEL-BOM,DEL,BOM,IndiGo,IndiGo,,00:00,00:00,135.0,2 hr 15 min,Economy,6793.0,,,True,b242fc4c8134,
SCR_GF_1789014489_088,2026-09-10 09:57:50,2026-09-11,1,google_flights,DEL,BOM,DEL-BOM,DEL,BOM,IndiGo,IndiGo,,00:00,00:00,145.0,2 hr 25 min,Economy,6880.0,,,True,f26110650856,
SCR_GF_1789014489_090,2026-09-10 09:57:50,2026-09-11,1,google_flights,DEL,BOM,DEL-BOM,DEL,BOM,IndiGo,IndiGo,,00:00,00:00,145.0,2 hr 25 min,Economy,6950.0,,,True,6c1d68de15f9,
SCR_GF_1789014489_091,2026-09-10 09:57:50,2026-09-11,1,google_flights,DEL,BOM,DEL-BOM,DEL,BOM,IndiGo,IndiGo,,00:00,00:00,140.0,2 hr 20 min,Economy,7055.0,,,True,2e8c3c7e0239,
SCR_GF_1789014489_092,2026-09-10 09:57:50,2026-09-11,1,google_flights,DEL,BOM,DEL-BOM,DEL,BOM,IndiGo,IndiGo,,00:00,00:00,140.0,2 hr 20 min,Economy,7527.0,,,True,63390166fd7a,
SCR_GF_1789014489_093,2026-09-10 09:57:50,2026-09-11,1,google_flights,DEL,BOM,DEL-BOM,DEL,BOM,IndiGo,IndiGo,,00:00,00:00,140.0,2 hr 20 min,Economy,8419.0,,,True,61961145842e,
SCR_GF_1789014489_094,2026-09-10 09:57:50,2026-09-11,1,google_flights,DEL,BOM,DEL-BOM,DEL,BOM,IndiGo,IndiGo,,00:00,00:00,140.0,2 hr 20 min,Economy,9569.0,,,True,0fa6d5fef58e,
SCR_GF_1789014489_095,2026-09-10 09:57:50,2026-09-11,1,google_flights,DEL,BOM,DEL-BOM,DEL,BOM,IndiGo,IndiGo,,00:00,00:00,135.0,2 hr 15 min,Economy,9628.0,,,True,37648f6ef3ef,
SCR_GF_1789014489_096,2026-09-10 09:57:50,2026-09-11,1,google_flights,DEL,BOM,DEL-BOM,DEL,BOM,IndiGo,IndiGo,,00:00,00:00,145.0,2 hr 25 min,Economy,9968.0,,,True,f5ff6b7b9a64,
SCR_GF_1789014489_097,2026-09-10 09:57:50,2026-09-11,1,google_flights,DEL,BOM,DEL-BOM,DEL,BOM,IndiGo,IndiGo,,00:00,00:00,135.0,2 hr 15 min,Economy,11203.0,,,True,9dc9cdf7cfe1,
SCR_GF_1789014489_101,2026-09-10 09:57:50,2026-09-11,1,google_flights,DEL,BOM,DEL-BOM,DEL,BOM,IndiGo,IndiGo,,00:00,00:00,135.0,2 hr 15 min,Economy,13513.0,,,True,fcdf5c5e71ce,
SCR_GF_1789014489_102,2026-09-10 09:57:50,2026-09-11,1,google_flights,DEL,BOM,DEL-BOM,DEL,BOM,IndiGo,IndiGo,,00:00,00:00,135.0,2 hr 15 min,Economy,14787.0,,,True,e1e800bab896,
SCR_GF_1789014489_104,2026-09-10 09:57:50,2026-09-11,1,google_flights,DEL,BOM,DEL-BOM,DEL,BOM,IndiGo,IndiGo,,00:00,00:00,140.0,2 hr 20 min,Economy,15088.0,,,True,7d114337a931,
SCR_GF_1789014489_105,2026-09-10 09:57:50,2026-09-11,1,google_flights,DEL,BOM,DEL-BOM,DEL,BOM,IndiGo,IndiGo,,00:00,00:00,145.0,2 hr 25 min,Economy,16154.0,,,True,5f5a58a89075,
SCR_GF_1789014489_108,2026-09-10 09:57:50,2026-09-11,1,google_flights,DEL,BOM,DEL-BOM,DEL,BOM,IndiGo,IndiGo,,00:00,00:00,145.0,2 hr 25 min,Economy,16583.0,,,True,81a22b077d10,
SCR_GF_1789014489_109,2026-09-10 09:57:50,2026-09-11,1,google_flights,DEL,BOM,DEL-BOM,DEL,BOM,IndiGo,IndiGo,,00:00,00:00,145.0,2 hr 25 min,Economy,16844.0,,,True,6bfb8519b556,
SCR_GF_1789014489_110,2026-09-10 09:57:50,2026-09-11,1,google_flights,DEL,BOM,DEL-BOM,DEL,BOM,IndiGo,IndiGo,,00:00,00:00,145.0,2 hr 25 min,Economy,17350.0,,,True,7f02ee8e8fb6,
SCR_GF_1789014489_111,2026-09-10 09:57:50,2026-09-11,1,google_flights,DEL,BOM,DEL-BOM,DEL,BOM,IndiGo,IndiGo,,00:00,00:00,155.0,2 hr 35 min,Economy,19603.0,,,True,760276d797c1,
SCR_GF_1789014489_112,2026-09-10 09:57:50,2026-09-11,1,google_flights,DEL,BOM,DEL-BOM,DEL,BOM,IndiGo,IndiGo,,00:00,00:00,145.0,2 hr 25 min,Economy,21434.0,,,True,2110777cfcdc,
SCR_GF_1789014489_113,2026-09-10 09:57:50,2026-09-11,1,google_flights,DEL,BOM,DEL-BOM,DEL,BOM,IndiGo,IndiGo,,00:00,00:00,155.0,2 hr 35 min,Economy,23844.0,,,True,2f394e21ac7a,
SCR_GF_1789014489_114,2026-09-10 09:57:50,2026-09-11,1,google_flights,DEL,BOM,DEL-BOM,DEL,BOM,IndiGo,IndiGo,,00:00,00:00,145.0,2 hr 25 min,Economy,24973.0,,,True,9c8351492de3,
SCR_GF_1789014497_002,2026-09-10 09:58:10,2026-09-17,7,google_flights,DEL,BOM,DEL-BOM,DEL,BOM,IndiGo,IndiGo,,11:30 PM,1:45 AM,135.0,2 hr 15 min,Economy,6425.0,,,True,0bbae19b6693,
SCR_GF_1789014497_003,2026-09-10 09:58:10,2026-09-17,7,google_flights,DEL,BOM,DEL-BOM,DEL,BOM,Akasa Air,Akasa Air,,7:55 PM,10:20 PM,145.0,2 hr 25 min,Economy,6880.0,,,True,95199429cefd,
SCR_GF_1789014497_005,2026-09-10 09:58:10,2026-09-17,7,google_flights,DEL,BOM,DEL-BOM,DEL,BOM,IndiGo,IndiGo,,5:00 AM,7:15 AM,135.0,2 hr 15 min,Economy,6425.0,,,True,10ae2e404e52,
SCR_GF_1789014497_006,2026-09-10 09:58:10,2026-09-17,7,google_flights,DEL,BOM,DEL-BOM,DEL,BOM,IndiGo,IndiGo,,8:45 AM,11:00 AM,135.0,2 hr 15 min,Economy,6425.0,,,True,7b27ccfbc728,
SCR_GF_1789014497_007,2026-09-10 09:58:10,2026-09-17,7,google_flights,DEL,BOM,DEL-BOM,DEL,BOM,IndiGo,IndiGo,,9:30 AM,11:55 AM,145.0,2 hr 25 min,Economy,6425.0,,,True,2dc392e708e6,
SCR_GF_1789014497_008,2026-09-10 09:58:10,2026-09-17,7,google_flights,DEL,BOM,DEL-BOM,DEL,BOM,IndiGo,IndiGo,,10:15 AM,12:35 PM,140.0,2 hr 20 min,Economy,6425.0,,,True,1a19570e186e,
SCR_GF_1789014497_009,2026-09-10 09:58:10,2026-09-17,7,google_flights,DEL,BOM,DEL-BOM,DEL,BOM,IndiGo,IndiGo,,11:00 AM,1:15 PM,135.0,2 hr 15 min,Economy,6425.0,,,True,816d614a9323,
SCR_GF_1789014497_010,2026-09-10 09:58:10,2026-09-17,7,google_flights,DEL,BOM,DEL-BOM,DEL,BOM,IndiGo,IndiGo,,12:00 PM,2:15 PM,135.0,2 hr 15 min,Economy,6425.0,,,True,8c375dcf1108,
SCR_GF_1789014497_011,2026-09-10 09:58:10,2026-09-17,7,google_flights,DEL,BOM,DEL-BOM,DEL,BOM,IndiGo,IndiGo,,1:00 PM,3:10 PM,130.0,2 hr 10 min,Economy,6425.0,,,True,114a8b466e61,
SCR_GF_1789014497_012,2026-09-10 09:58:10,2026-09-17,7,google_flights,DEL,BOM,DEL-BOM,DEL,BOM,IndiGo,IndiGo,,2:00 PM,4:25 PM,145.0,2 hr 25 min,Economy,6425.0,,,True,517e90e22881,
SCR_GF_1789014497_014,2026-09-10 09:58:10,2026-09-17,7,google_flights,DEL,BOM,DEL-BOM,DEL,BOM,IndiGo,IndiGo,,3:30 PM,5:45 PM,135.0,2 hr 15 min,Economy,6425.0,,,True,48328439b2d7,
SCR_GF_1789014497_015,2026-09-10 09:58:10,2026-09-17,7,google_flights,DEL,BOM,DEL-BOM,DEL,BOM,IndiGo,IndiGo,,4:15 PM,6:35 PM,140.0,2 hr 20 min,Economy,6425.0,,,True,a3c9e8453729,
SCR_GF_1789014497_016,2026-09-10 09:58:10,2026-09-17,7,google_flights,DEL,BOM,DEL-BOM,DEL,BOM,IndiGo,IndiGo,,5:00 PM,7:15 PM,135.0,2 hr 15 min,Economy,6425.0,,,True,64a196a10dd4,
SCR_GF_1789014497_017,2026-09-10 09:58:10,2026-09-17,7,google_flights,DEL,BOM,DEL-BOM,DEL,BOM,IndiGo,IndiGo,,10:45 PM,1:05 AM,140.0,2 hr 20 min,Economy,6425.0,,,True,a4b84dfd30ed,
SCR_GF_1789014497_018,2026-09-10 09:58:10,2026-09-17,7,google_flights,DEL,BOM,DEL-BOM,DEL,BOM,Air India,Air India,,8:30 AM,10:45 AM,135.0,2 hr 15 min,Economy,6582.0,,,True,52269490ad5d,
SCR_GF_1789014497_019,2026-09-10 09:58:10,2026-09-17,7,google_flights,DEL,BOM,DEL-BOM,DEL,BOM,Air India,Air India,,9:00 AM,11:15 AM,135.0,2 hr 15 min,Economy,6582.0,,,True,7d88a2983d70,
SCR_GF_1789014497_020,2026-09-10 09:58:10,2026-09-17,7,google_flights,DEL,BOM,DEL-BOM,DEL,BOM,Air India,Air India,,9:30 AM,12:00 PM,150.0,2 hr 30 min,Economy,6582.0,,,True,b37dd21a6603,
SCR_GF_1789014497_021,2026-09-10 09:58:10,2026-09-17,7,google_flights,DEL,BOM,DEL-BOM,DEL,BOM,Air India,Air India,,10:00 AM,12:25 PM,145.0,2 hr 25 min,Economy,6582.0,,,True,01eb00f901e7,
SCR_GF_1789014498_022,2026-09-10 09:58:10,2026-09-17,7,google_flights,DEL,BOM,DEL-BOM,DEL,BOM,Air India,Air India,,11:00 AM,1:25 PM,145.0,2 hr 25 min,Economy,6582.0,,,True,5e3bcf60793d,
SCR_GF_1789014498_023,2026-09-10 09:58:10,2026-09-17,7,google_flights,DEL,BOM,DEL-BOM,DEL,BOM,Air India,Air India,,12:00 PM,2:25 PM,145.0,2 hr 25 min,Economy,6582.0,,,True,b682fe726ed0,
SCR_GF_1789014498_024,2026-09-10 09:58:10,2026-09-17,7,google_flights,DEL,BOM,DEL-BOM,DEL,BOM,Air India,Air India,,3:30 PM,5:55 PM,145.0,2 hr 25 min,Economy,6582.0,,,True,f3e7ea437e2e,
SCR_GF_1789014498_025,2026-09-10 09:58:10,2026-09-17,7,google_flights,DEL,BOM,DEL-BOM,DEL,BOM,Air India,Air India,,4:00 PM,6:25 PM,145.0,2 hr 25 min,Economy,6582.0,,,True,5d680f098024,
SCR_GF_1789014498_026,2026-09-10 09:58:10,2026-09-17,7,google_flights,DEL,BOM,DEL-BOM,DEL,BOM,Air India,Air India,,4:30 PM,6:50 PM,140.0,2 hr 20 min,Economy,6582.0,,,True,972f45f5c5ec,
SCR_GF_1789014498_027,2026-09-10 09:58:10,2026-09-17,7,google_flights,DEL,BOM,DEL-BOM,DEL,BOM,Air India,Air India,,5:00 PM,7:25 PM,145.0,2 hr 25 min,Economy,6582.0,,,True,167559fc8d72,
SCR_GF_1789014498_028,2026-09-10 09:58:10,2026-09-17,7,google_flights,DEL,BOM,DEL-BOM,DEL,BOM,IndiGo,IndiGo,,6:05 AM,8:20 AM,135.0,2 hr 15 min,Economy,6583.0,,,True,2c10f991b8d1,
SCR_GF_1789014498_029,2026-09-10 09:58:10,2026-09-17,7,google_flights,DEL,BOM,DEL-BOM,DEL,BOM,Air India,Air India,,5:35 AM,8:05 AM,150.0,2 hr 30 min,Economy,6610.0,,,True,35d1f376c359,
SCR_GF_1789014498_030,2026-09-10 09:58:10,2026-09-17,7,google_flights,DEL,BOM,DEL-BOM,DEL,BOM,Air India,Air India,,11:25 PM,1:50 AM,145.0,2 hr 25 min,Economy,6610.0,,,True,6bbb36748f3d,
SCR_GF_1789014498_031,2026-09-10 09:58:10,2026-09-17,7,google_flights,DEL,BOM,DEL-BOM,DEL,BOM,Air India,Air India,,6:30 AM,8:50 AM,140.0,2 hr 20 min,Economy,6740.0,,,True,dffdb169ad85,
SCR_GF_1789014498_032,2026-09-10 09:58:10,2026-09-17,7,google_flights,DEL,BOM,DEL-BOM,DEL,BOM,Air India,Air India,,1:30 PM,3:50 PM,140.0,2 hr 20 min,Economy,6740.0,,,True,2c06499869d8,
SCR_GF_1789014498_033,2026-09-10 09:58:10,2026-09-17,7,google_flights,DEL,BOM,DEL-BOM,DEL,BOM,IndiGo,IndiGo,,7:15 AM,9:30 AM,135.0,2 hr 15 min,Economy,6793.0,,,True,354e8270e045,
SCR_GF_1789014498_034,2026-09-10 09:58:10,2026-09-17,7,google_flights,DEL,BOM,DEL-BOM,DEL,BOM,IndiGo,IndiGo,,8:00 AM,10:20 AM,140.0,2 hr 20 min,Economy,6793.0,,,True,92ad3070232a,
SCR_GF_1789014498_035,2026-09-10 09:58:10,2026-09-17,7,google_flights,DEL,BOM,DEL-BOM,DEL,BOM,IndiGo,IndiGo,,6:00 PM,8:15 PM,135.0,2 hr 15 min,Economy,6793.0,,,True,5d9718e47a58,
SCR_GF_1789014498_036,2026-09-10 09:58:10,2026-09-17,7,google_flights,DEL,BOM,DEL-BOM,DEL,BOM,IndiGo,IndiGo,,9:45 PM,12:05 AM,140.0,2 hr 20 min,Economy,6793.0,,,True,5af0808e5913,
SCR_GF_1789014498_037,2026-09-10 09:58:10,2026-09-17,7,google_flights,DEL,BOM,DEL-BOM,DEL,BOM,Akasa Air,Akasa Air,,6:50 AM,9:10 AM,140.0,2 hr 20 min,Economy,6880.0,,,True,783c34185175,
SCR_GF_1789014498_038,2026-09-10 09:58:10,2026-09-17,7,google_flights,DEL,BOM,DEL-BOM,DEL,BOM,Akasa Air,Akasa Air,,8:40 AM,10:55 AM,135.0,2 hr 15 min,Economy,6880.0,,,True,83021635b6d7,
SCR_GF_1789014498_039,2026-09-10 09:58:10,2026-09-17,7,google_flights,DEL,BOM,DEL-BOM,DEL,BOM,Akasa Air,Akasa Air,,9:20 AM,11:40 AM,140.0,2 hr 20 min,Economy,6880.0,,,True,9177a375a1fa,
SCR_GF_1789014498_040,2026-09-10 09:58:10,2026-09-17,7,google_flights,DEL,BOM,DEL-BOM,DEL,BOM,Akasa Air,Akasa Air,,10:30 AM,12:45 PM,135.0,2 hr 15 min,Economy,6880.0,,,True,99a83eaf014f,
SCR_GF_1789014498_041,2026-09-10 09:58:10,2026-09-17,7,google_flights,DEL,BOM,DEL-BOM,DEL,BOM,Akasa Air,Akasa Air,,12:30 PM,2:55 PM,145.0,2 hr 25 min,Economy,6880.0,,,True,8eb196cae18c,
SCR_GF_1789014498_042,2026-09-10 09:58:10,2026-09-17,7,google_flights,DEL,BOM,DEL-BOM,DEL,BOM,Akasa Air,Akasa Air,,4:00 PM,6:20 PM,140.0,2 hr 20 min,Economy,6880.0,,,True,994bd9a94849,
SCR_GF_1789014498_044,2026-09-10 09:58:10,2026-09-17,7,google_flights,DEL,BOM,DEL-BOM,DEL,BOM,Air India,Air India,,7:00 AM,9:25 AM,145.0,2 hr 25 min,Economy,6950.0,,,True,97e80baac3e3,
SCR_GF_1789014498_045,2026-09-10 09:58:10,2026-09-17,7,google_flights,DEL,BOM,DEL-BOM,DEL,BOM,Air India,Air India,,7:30 AM,9:55 AM,145.0,2 hr 25 min,Economy,6950.0,,,True,e9968c7e5d6d,
SCR_GF_1789014498_046,2026-09-10 09:58:10,2026-09-17,7,google_flights,DEL,BOM,DEL-BOM,DEL,BOM,Air India,Air India,,7:30 PM,9:55 PM,145.0,2 hr 25 min,Economy,6950.0,,,True,51dadeeb700e,
SCR_GF_1789014498_048,2026-09-10 09:58:10,2026-09-17,7,google_flights,DEL,BOM,DEL-BOM,DEL,BOM,Air India,Air India,,9:00 PM,11:25 PM,145.0,2 hr 25 min,Economy,6950.0,,,True,401d7395eb68,
SCR_GF_1789014498_049,2026-09-10 09:58:10,2026-09-17,7,google_flights,DEL,BOM,DEL-BOM,DEL,BOM,IndiGo,IndiGo,,7:00 PM,9:25 PM,145.0,2 hr 25 min,Economy,7055.0,,,True,34cd6d565b28,
SCR_GF_1789014498_050,2026-09-10 09:58:10,2026-09-17,7,google_flights,DEL,BOM,DEL-BOM,DEL,BOM,IndiGo,IndiGo,,8:45 PM,11:00 PM,135.0,2 hr 15 min,Economy,7055.0,,,True,e8b018a46826,
SCR_GF_1789014498_051,2026-09-10 09:58:10,2026-09-17,7,google_flights,DEL,BOM,DEL-BOM,DEL,BOM,Air India,Air India,,9:30 PM,11:55 PM,145.0,2 hr 25 min,Economy,7123.0,,,True,984810e04b84,
SCR_GF_1789014498_052,2026-09-10 09:58:10,2026-09-17,7,google_flights,DEL,BOM,DEL-BOM,DEL,BOM,Air India,Air India,,8:00 PM,10:25 PM,145.0,2 hr 25 min,Economy,7181.0,,,True,cce449e15fc3,
SCR_GF_1789014498_053,2026-09-10 09:58:10,2026-09-17,7,google_flights,DEL,BOM,DEL-BOM,DEL,BOM,Air India,Air India,,8:30 PM,11:05 PM,155.0,2 hr 35 min,Economy,7212.0,,,True,b57117c19f4a,
SCR_GF_1789014498_054,2026-09-10 09:58:10,2026-09-17,7,google_flights,DEL,BOM,DEL-BOM,DEL,BOM,Air India,Air India,,7:00 PM,9:25 PM,145.0,2 hr 25 min,Economy,7238.0,,,True,cc04898df349,
SCR_GF_1789014498_055,2026-09-10 09:58:10,2026-09-17,7,google_flights,DEL,BOM,DEL-BOM,DEL,BOM,Air India,Air India,,6:00 PM,8:25 PM,145.0,2 hr 25 min,Economy,7349.0,,,True,e1a44f71a0b0,
SCR_GF_1789014498_056,2026-09-10 09:58:10,2026-09-17,7,google_flights,DEL,BOM,DEL-BOM,DEL,BOM,IndiGo,IndiGo,,8:00 PM,10:10 PM,130.0,2 hr 10 min,Economy,7370.0,,,True,7b1ef4903ab1,
SCR_GF_1789014498_057,2026-09-10 09:58:10,2026-09-17,7,google_flights,DEL,BOM,DEL-BOM,DEL,BOM,SpiceJet,SpiceJet,,7:55 PM,10:40 PM,165.0,2 hr 45 min,Economy,10230.0,,,True,6a37211088ad,
SCR_GF_1789014498_058,2026-09-10 09:58:10,2026-09-17,7,google_flights,DEL,BOM,DEL-BOM,DEL,BOM,SpiceJet,SpiceJet,,10:45 PM,1:25 AM,160.0,2 hr 40 min,Economy,19603.0,,,True,b5b182d37538,
SCR_GF_1789014498_062,2026-09-10 09:58:10,2026-09-17,7,google_flights,DEL,BOM,DEL-BOM,DEL,BOM,IndiGo,IndiGo,,00:00,00:00,140.0,2 hr 20 min,Economy,6314.0,,,True,b4952242615e,
SCR_GF_1789014498_075,2026-09-10 09:58:10,2026-09-17,7,google_flights,DEL,BOM,DEL-BOM,DEL,BOM,IndiGo,IndiGo,,00:00,00:00,140.0,2 hr 20 min,Economy,6425.0,,,True,e46904bc7ddd,
SCR_GF_1789014498_085,2026-09-10 09:58:10,2026-09-17,7,google_flights,DEL,BOM,DEL-BOM,DEL,BOM,IndiGo,IndiGo,,00:00,00:00,145.0,2 hr 25 min,Economy,6582.0,,,True,87913058c82b,
SCR_GF_1789014498_086,2026-09-10 09:58:10,2026-09-17,7,google_flights,DEL,BOM,DEL-BOM,DEL,BOM,IndiGo,IndiGo,,00:00,00:00,135.0,2 hr 15 min,Economy,6583.0,,,True,4866673eaeb5,
SCR_GF_1789014498_088,2026-09-10 09:58:10,2026-09-17,7,google_flights,DEL,BOM,DEL-BOM,DEL,BOM,IndiGo,IndiGo,,00:00,00:00,145.0,2 hr 25 min,Economy,6610.0,,,True,c63b4cb1b6b0,
SCR_GF_1789014498_090,2026-09-10 09:58:10,2026-09-17,7,google_flights,DEL,BOM,DEL-BOM,DEL,BOM,IndiGo,IndiGo,,00:00,00:00,140.0,2 hr 20 min,Economy,6740.0,,,True,c18833a29480,
SCR_GF_1789014498_094,2026-09-10 09:58:10,2026-09-17,7,google_flights,DEL,BOM,DEL-BOM,DEL,BOM,IndiGo,IndiGo,,00:00,00:00,140.0,2 hr 20 min,Economy,6793.0,,,True,4c7f4490102f,
SCR_GF_1789014498_101,2026-09-10 09:58:10,2026-09-17,7,google_flights,DEL,BOM,DEL-BOM,DEL,BOM,IndiGo,IndiGo,,00:00,00:00,135.0,2 hr 15 min,Economy,6880.0,,,True,7d84efcee246,
SCR_GF_1789014498_106,2026-09-10 09:58:10,2026-09-17,7,google_flights,DEL,BOM,DEL-BOM,DEL,BOM,IndiGo,IndiGo,,00:00,00:00,145.0,2 hr 25 min,Economy,6950.0,,,True,3795179d5acf,
SCR_GF_1789014498_108,2026-09-10 09:58:10,2026-09-17,7,google_flights,DEL,BOM,DEL-BOM,DEL,BOM,IndiGo,IndiGo,,00:00,00:00,135.0,2 hr 15 min,Economy,7055.0,,,True,cde511477c54,
SCR_GF_1789014498_109,2026-09-10 09:58:10,2026-09-17,7,google_flights,DEL,BOM,DEL-BOM,DEL,BOM,IndiGo,IndiGo,,00:00,00:00,145.0,2 hr 25 min,Economy,7123.0,,,True,9d3f758860a8,
SCR_GF_1789014498_110,2026-09-10 09:58:10,2026-09-17,7,google_flights,DEL,BOM,DEL-BOM,DEL,BOM,IndiGo,IndiGo,,00:00,00:00,145.0,2 hr 25 min,Economy,7181.0,,,True,bb7526e2f42f,
SCR_GF_1789014498_111,2026-09-10 09:58:10,2026-09-17,7,google_flights,DEL,BOM,DEL-BOM,DEL,BOM,IndiGo,IndiGo,,00:00,00:00,155.0,2 hr 35 min,Economy,7212.0,,,True,0fd23a50d22b,
SCR_GF_1789014498_112,2026-09-10 09:58:10,2026-09-17,7,google_flights,DEL,BOM,DEL-BOM,DEL,BOM,IndiGo,IndiGo,,00:00,00:00,145.0,2 hr 25 min,Economy,7238.0,,,True,f5d0eb32cb4f,
SCR_GF_1789014498_113,2026-09-10 09:58:10,2026-09-17,7,google_flights,DEL,BOM,DEL-BOM,DEL,BOM,IndiGo,IndiGo,,00:00,00:00,145.0,2 hr 25 min,Economy,7349.0,,,True,8ce3d9059085,
SCR_GF_1789014498_114,2026-09-10 09:58:10,2026-09-17,7,google_flights,DEL,BOM,DEL-BOM,DEL,BOM,IndiGo,IndiGo,,00:00,00:00,130.0,2 hr 10 min,Economy,7370.0,,,True,2095ac21ffde,
SCR_GF_1789014498_115,2026-09-10 09:58:10,2026-09-17,7,google_flights,DEL,BOM,DEL-BOM,DEL,BOM,IndiGo,IndiGo,,00:00,00:00,165.0,2 hr 45 min,Economy,10230.0,,,True,abf274cf1128,
SCR_GF_1789014498_116,2026-09-10 09:58:10,2026-09-17,7,google_flights,DEL,BOM,DEL-BOM,DEL,BOM,IndiGo,IndiGo,,00:00,00:00,160.0,2 hr 40 min,Economy,19603.0,,,True,f96fd12d7543,
SCR_GF_1789014506_001,2026-09-10 09:58:19,2026-09-25,15,google_flights,DEL,BOM,DEL-BOM,DEL,BOM,Air India,Air India,,5:00 AM,7:20 AM,140.0,2 hr 20 min,Economy,6314.0,,,True,e1a8997a216f,
SCR_GF_1789014506_002,2026-09-10 09:58:19,2026-09-25,15,google_flights,DEL,BOM,DEL-BOM,DEL,BOM,IndiGo,IndiGo,,8:45 AM,11:00 AM,135.0,2 hr 15 min,Economy,6425.0,,,True,6237accaa4d5,
SCR_GF_1789014506_003,2026-09-10 09:58:19,2026-09-25,15,google_flights,DEL,BOM,DEL-BOM,DEL,BOM,Akasa Air,Akasa Air,,8:40 AM,11:05 AM,145.0,2 hr 25 min,Economy,6880.0,,,True,145af1c1ec15,
SCR_GF_1789014506_004,2026-09-10 09:58:19,2026-09-25,15,google_flights,DEL,BOM,DEL-BOM,DEL,BOM,IndiGo,IndiGo,,5:00 AM,7:15 AM,135.0,2 hr 15 min,Economy,6425.0,,,True,f17acebb928a,
SCR_GF_1789014506_005,2026-09-10 09:58:19,2026-09-25,15,google_flights,DEL,BOM,DEL-BOM,DEL,BOM,IndiGo,IndiGo,,9:30 AM,11:55 AM,145.0,2 hr 25 min,Economy,6425.0,,,True,e9fee1571f0b,
SCR_GF_1789014506_006,2026-09-10 09:58:19,2026-09-25,15,google_flights,DEL,BOM,DEL-BOM,DEL,BOM,IndiGo,IndiGo,,10:15 AM,12:35 PM,140.0,2 hr 20 min,Economy,6425.0,,,True,42e7261c312b,
SCR_GF_1789014506_007,2026-09-10 09:58:19,2026-09-25,15,google_flights,DEL,BOM,DEL-BOM,DEL,BOM,IndiGo,IndiGo,,11:00 AM,1:15 PM,135.0,2 hr 15 min,Economy,6425.0,,,True,1cb766cb4be7,
SCR_GF_1789014506_008,2026-09-10 09:58:19,2026-09-25,15,google_flights,DEL,BOM,DEL-BOM,DEL,BOM,IndiGo,IndiGo,,12:00 PM,2:15 PM,135.0,2 hr 15 min,Economy,6425.0,,,True,b8bbc1a678ed,
SCR_GF_1789014506_009,2026-09-10 09:58:19,2026-09-25,15,google_flights,DEL,BOM,DEL-BOM,DEL,BOM,IndiGo,IndiGo,,2:00 PM,4:25 PM,145.0,2 hr 25 min,Economy,6425.0,,,True,2b653ccbcbb1,
SCR_GF_1789014506_010,2026-09-10 09:58:19,2026-09-25,15,google_flights,DEL,BOM,DEL-BOM,DEL,BOM,IndiGo,IndiGo,,2:45 PM,5:00 PM,135.0,2 hr 15 min,Economy,6425.0,,,True,7ced7ff8ec89,
SCR_GF_1789014506_011,2026-09-10 09:58:19,2026-09-25,15,google_flights,DEL,BOM,DEL-BOM,DEL,BOM,IndiGo,IndiGo,,3:30 PM,5:45 PM,135.0,2 hr 15 min,Economy,6425.0,,,True,1bf2019c6a82,
SCR_GF_1789014506_012,2026-09-10 09:58:19,2026-09-25,15,google_flights,DEL,BOM,DEL-BOM,DEL,BOM,Air India,Air India,,8:30 AM,10:45 AM,135.0,2 hr 15 min,Economy,6582.0,,,True,28ab1c9f96ea,
SCR_GF_1789014506_013,2026-09-10 09:58:19,2026-09-25,15,google_flights,DEL,BOM,DEL-BOM,DEL,BOM,Air India,Air India,,10:00 AM,12:25 PM,145.0,2 hr 25 min,Economy,6582.0,,,True,71776b0ab57c,
SCR_GF_1789014506_014,2026-09-10 09:58:19,2026-09-25,15,google_flights,DEL,BOM,DEL-BOM,DEL,BOM,Air India,Air India,,10:30 AM,12:50 PM,140.0,2 hr 20 min,Economy,6582.0,,,True,5819dd7187aa,
SCR_GF_1789014506_015,2026-09-10 09:58:19,2026-09-25,15,google_flights,DEL,BOM,DEL-BOM,DEL,BOM,Air India,Air India,,11:00 AM,1:25 PM,145.0,2 hr 25 min,Economy,6582.0,,,True,c48c1af27dea,
SCR_GF_1789014506_016,2026-09-10 09:58:19,2026-09-25,15,google_flights,DEL,BOM,DEL-BOM,DEL,BOM,Air India,Air India,,12:00 PM,2:25 PM,145.0,2 hr 25 min,Economy,6582.0,,,True,274ed9270ac3,
SCR_GF_1789014506_017,2026-09-10 09:58:19,2026-09-25,15,google_flights,DEL,BOM,DEL-BOM,DEL,BOM,Air India,Air India,,1:30 PM,3:50 PM,140.0,2 hr 20 min,Economy,6582.0,,,True,3ab9d50fcd64,
SCR_GF_1789014506_018,2026-09-10 09:58:19,2026-09-25,15,google_flights,DEL,BOM,DEL-BOM,DEL,BOM,Air India,Air India,,2:10 PM,4:30 PM,140.0,2 hr 20 min,Economy,6582.0,,,True,71797cb82cce,
SCR_GF_1789014506_019,2026-09-10 09:58:19,2026-09-25,15,google_flights,DEL,BOM,DEL-BOM,DEL,BOM,Air India,Air India,,3:30 PM,5:55 PM,145.0,2 hr 25 min,Economy,6582.0,,,True,c993392f4303,
SCR_GF_1789014506_020,2026-09-10 09:58:19,2026-09-25,15,google_flights,DEL,BOM,DEL-BOM,DEL,BOM,Air India,Air India,,4:00 PM,6:25 PM,145.0,2 hr 25 min,Economy,6582.0,,,True,5233ddbeaadc,
SCR_GF_1789014506_021,2026-09-10 09:58:19,2026-09-25,15,google_flights,DEL,BOM,DEL-BOM,DEL,BOM,IndiGo,IndiGo,,6:05 AM,8:20 AM,135.0,2 hr 15 min,Economy,6583.0,,,True,cbe0e98bf2c1,
SCR_GF_1789014506_022,2026-09-10 09:58:19,2026-09-25,15,google_flights,DEL,BOM,DEL-BOM,DEL,BOM,IndiGo,IndiGo,,1:00 PM,3:10 PM,130.0,2 hr 10 min,Economy,6583.0,,,True,1e832881d71e,
SCR_GF_1789014506_023,2026-09-10 09:58:19,2026-09-25,15,google_flights,DEL,BOM,DEL-BOM,DEL,BOM,IndiGo,IndiGo,,4:15 PM,6:35 PM,140.0,2 hr 20 min,Economy,6583.0,,,True,9a93a4c46cbf,
SCR_GF_1789014506_024,2026-09-10 09:58:19,2026-09-25,15,google_flights,DEL,BOM,DEL-BOM,DEL,BOM,Air India,Air India,,5:35 AM,8:05 AM,150.0,2 hr 30 min,Economy,6610.0,,,True,305c09cb2f28,
SCR_GF_1789014506_025,2026-09-10 09:58:19,2026-09-25,15,google_flights,DEL,BOM,DEL-BOM,DEL,BOM,Air India,Air India,,6:30 AM,8:50 AM,140.0,2 hr 20 min,Economy,6740.0,,,True,d2d4f0a707e5,
SCR_GF_1789014507_026,2026-09-10 09:58:19,2026-09-25,15,google_flights,DEL,BOM,DEL-BOM,DEL,BOM,Air India,Air India,,4:30 PM,6:50 PM,140.0,2 hr 20 min,Economy,6740.0,,,True,aaeed07c8cd1,
SCR_GF_1789014507_027,2026-09-10 09:58:19,2026-09-25,15,google_flights,DEL,BOM,DEL-BOM,DEL,BOM,IndiGo,IndiGo,,7:15 AM,9:30 AM,135.0,2 hr 15 min,Economy,6793.0,,,True,7aa99d295828,
SCR_GF_1789014507_028,2026-09-10 09:58:19,2026-09-25,15,google_flights,DEL,BOM,DEL-BOM,DEL,BOM,IndiGo,IndiGo,,5:00 PM,7:15 PM,135.0,2 hr 15 min,Economy,6793.0,,,True,50f7525c25ae,
SCR_GF_1789014507_029,2026-09-10 09:58:19,2026-09-25,15,google_flights,DEL,BOM,DEL-BOM,DEL,BOM,IndiGo,IndiGo,,10:45 PM,1:05 AM,140.0,2 hr 20 min,Economy,6793.0,,,True,b90816f3696c,
SCR_GF_1789014507_030,2026-09-10 09:58:19,2026-09-25,15,google_flights,DEL,BOM,DEL-BOM,DEL,BOM,Akasa Air,Akasa Air,,6:50 AM,9:10 AM,140.0,2 hr 20 min,Economy,6880.0,,,True,eb10d449eaff,
SCR_GF_1789014507_031,2026-09-10 09:58:19,2026-09-25,15,google_flights,DEL,BOM,DEL-BOM,DEL,BOM,Akasa Air,Akasa Air,,9:20 AM,11:40 AM,140.0,2 hr 20 min,Economy,6880.0,,,True,db6af351a84d,
SCR_GF_1789014507_032,2026-09-10 09:58:19,2026-09-25,15,google_flights,DEL,BOM,DEL-BOM,DEL,BOM,Akasa Air,Akasa Air,,10:30 AM,12:45 PM,135.0,2 hr 15 min,Economy,6880.0,,,True,875881e87a60,
SCR_GF_1789014507_033,2026-09-10 09:58:19,2026-09-25,15,google_flights,DEL,BOM,DEL-BOM,DEL,BOM,Akasa Air,Akasa Air,,12:30 PM,2:55 PM,145.0,2 hr 25 min,Economy,6880.0,,,True,1820dcf2c658,
SCR_GF_1789014507_034,2026-09-10 09:58:19,2026-09-25,15,google_flights,DEL,BOM,DEL-BOM,DEL,BOM,Akasa Air,Akasa Air,,4:00 PM,6:20 PM,140.0,2 hr 20 min,Economy,6880.0,,,True,52e28274e3f2,
SCR_GF_1789014507_035,2026-09-10 09:58:19,2026-09-25,15,google_flights,DEL,BOM,DEL-BOM,DEL,BOM,Akasa Air,Akasa Air,,5:30 PM,7:45 PM,135.0,2 hr 15 min,Economy,6880.0,,,True,c76a8c9892be,
SCR_GF_1789014507_036,2026-09-10 09:58:19,2026-09-25,15,google_flights,DEL,BOM,DEL-BOM,DEL,BOM,Air India,Air India,,7:00 AM,9:25 AM,145.0,2 hr 25 min,Economy,6950.0,,,True,e69a880da68f,
SCR_GF_1789014507_037,2026-09-10 09:58:19,2026-09-25,15,google_flights,DEL,BOM,DEL-BOM,DEL,BOM,Air India,Air India,,7:30 AM,9:55 AM,145.0,2 hr 25 min,Economy,6950.0,,,True,9eae896aff6e,
SCR_GF_1789014507_038,2026-09-10 09:58:19,2026-09-25,15,google_flights,DEL,BOM,DEL-BOM,DEL,BOM,Air India,Air India,,5:00 PM,7:25 PM,145.0,2 hr 25 min,Economy,6950.0,,,True,914d1d44c449,
SCR_GF_1789014507_039,2026-09-10 09:58:19,2026-09-25,15,google_flights,DEL,BOM,DEL-BOM,DEL,BOM,IndiGo,IndiGo,,8:00 AM,10:20 AM,140.0,2 hr 20 min,Economy,7055.0,,,True,c01724f73eb4,
SCR_GF_1789014507_040,2026-09-10 09:58:19,2026-09-25,15,google_flights,DEL,BOM,DEL-BOM,DEL,BOM,IndiGo,IndiGo,,6:00 PM,8:15 PM,135.0,2 hr 15 min,Economy,7055.0,,,True,1f0c8990174f,
SCR_GF_1789014507_041,2026-09-10 09:58:19,2026-09-25,15,google_flights,DEL,BOM,DEL-BOM,DEL,BOM,IndiGo,IndiGo,,8:45 PM,11:00 PM,135.0,2 hr 15 min,Economy,7055.0,,,True,fd3b7725801e,
SCR_GF_1789014507_042,2026-09-10 09:58:19,2026-09-25,15,google_flights,DEL,BOM,DEL-BOM,DEL,BOM,IndiGo,IndiGo,,9:45 PM,12:05 AM,140.0,2 hr 20 min,Economy,7055.0,,,True,d1bb9b42a45f,
SCR_GF_1789014507_043,2026-09-10 09:58:19,2026-09-25,15,google_flights,DEL,BOM,DEL-BOM,DEL,BOM,IndiGo,IndiGo,,11:30 PM,1:45 AM,135.0,2 hr 15 min,Economy,7055.0,,,True,bdd643b7f3c6,
SCR_GF_1789014507_044,2026-09-10 09:58:19,2026-09-25,15,google_flights,DEL,BOM,DEL-BOM,DEL,BOM,Akasa Air,Akasa Air,,7:55 PM,10:20 PM,145.0,2 hr 25 min,Economy,7079.0,,,True,5952f48bd4ae,
SCR_GF_1789014507_045,2026-09-10 09:58:19,2026-09-25,15,google_flights,DEL,BOM,DEL-BOM,DEL,BOM,Air India,Air India,,7:30 PM,9:55 PM,145.0,2 hr 25 min,Economy,7181.0,,,True,1ae5afc89bef,
SCR_GF_1789014507_046,2026-09-10 09:58:19,2026-09-25,15,google_flights,DEL,BOM,DEL-BOM,DEL,BOM,Air India,Air India,,8:30 PM,11:05 PM,155.0,2 hr 35 min,Economy,7212.0,,,True,6ab8100c706d,
SCR_GF_1789014507_047,2026-09-10 09:58:19,2026-09-25,15,google_flights,DEL,BOM,DEL-BOM,DEL,BOM,Air India,Air India,,9:30 PM,11:55 PM,145.0,2 hr 25 min,Economy,7212.0,,,True,7a8d00537205,
SCR_GF_1789014507_048,2026-09-10 09:58:19,2026-09-25,15,google_flights,DEL,BOM,DEL-BOM,DEL,BOM,Air India,Air India,,11:25 PM,1:50 AM,145.0,2 hr 25 min,Economy,7261.0,,,True,4c7b04a1ad37,
SCR_GF_1789014507_049,2026-09-10 09:58:19,2026-09-25,15,google_flights,DEL,BOM,DEL-BOM,DEL,BOM,IndiGo,IndiGo,,8:00 PM,10:10 PM,130.0,2 hr 10 min,Economy,7370.0,,,True,b5321f40785d,
SCR_GF_1789014507_050,2026-09-10 09:58:19,2026-09-25,15,google_flights,DEL,BOM,DEL-BOM,DEL,BOM,Air India,Air India,,6:00 PM,8:25 PM,145.0,2 hr 25 min,Economy,7406.0,,,True,e1267c6df374,
SCR_GF_1789014507_051,2026-09-10 09:58:19,2026-09-25,15,google_flights,DEL,BOM,DEL-BOM,DEL,BOM,Air India,Air India,,7:00 PM,9:25 PM,145.0,2 hr 25 min,Economy,7406.0,,,True,8e9de2f61ea7,
SCR_GF_1789014507_052,2026-09-10 09:58:19,2026-09-25,15,google_flights,DEL,BOM,DEL-BOM,DEL,BOM,Air India,Air India,,11:00 PM,1:25 AM,145.0,2 hr 25 min,Economy,7527.0,,,True,0ddf8b858cb0,
SCR_GF_1789014507_053,2026-09-10 09:58:19,2026-09-25,15,google_flights,DEL,BOM,DEL-BOM,DEL,BOM,IndiGo,IndiGo,,7:00 PM,9:25 PM,145.0,2 hr 25 min,Economy,7685.0,,,True,86da083084d4,
SCR_GF_1789014507_054,2026-09-10 09:58:19,2026-09-25,15,google_flights,DEL,BOM,DEL-BOM,DEL,BOM,Air India,Air India,,9:00 PM,11:20 PM,140.0,2 hr 20 min,Economy,7842.0,,,True,8fec86af1410,
SCR_GF_1789014507_055,2026-09-10 09:58:19,2026-09-25,15,google_flights,DEL,BOM,DEL-BOM,DEL,BOM,Air India,Air India,,9:30 AM,12:00 PM,150.0,2 hr 30 min,Economy,9968.0,,,True,11d81557b42c,
SCR_GF_1789014507_056,2026-09-10 09:58:19,2026-09-25,15,google_flights,DEL,BOM,DEL-BOM,DEL,BOM,SpiceJet,SpiceJet,,10:45 PM,1:25 AM,160.0,2 hr 40 min,Economy,19603.0,,,True,bbaf5203deac,
SCR_GF_1789014507_057,2026-09-10 09:58:19,2026-09-25,15,google_flights,DEL,BOM,DEL-BOM,DEL,BOM,SpiceJet,SpiceJet,,7:55 PM,10:40 PM,165.0,2 hr 45 min,Economy,22551.0,,,True,02c816852042,
SCR_GF_1789014507_058,2026-09-10 09:58:19,2026-09-25,15,google_flights,DEL,BOM,DEL-BOM,DEL,BOM,IndiGo,IndiGo,,00:00,00:00,140.0,2 hr 20 min,Economy,6314.0,,,True,fe3c1159e9db,
SCR_GF_1789014507_068,2026-09-10 09:58:19,2026-09-25,15,google_flights,DEL,BOM,DEL-BOM,DEL,BOM,IndiGo,IndiGo,,00:00,00:00,135.0,2 hr 15 min,Economy,6425.0,,,True,35e50223e619,
SCR_GF_1789014507_077,2026-09-10 09:58:19,2026-09-25,15,google_flights,DEL,BOM,DEL-BOM,DEL,BOM,IndiGo,IndiGo,,00:00,00:00,145.0,2 hr 25 min,Economy,6582.0,,,True,2be22e68a321,
SCR_GF_1789014507_080,2026-09-10 09:58:19,2026-09-25,15,google_flights,DEL,BOM,DEL-BOM,DEL,BOM,IndiGo,IndiGo,,00:00,00:00,140.0,2 hr 20 min,Economy,6583.0,,,True,ea59c109f5b3,
SCR_GF_1789014507_081,2026-09-10 09:58:19,2026-09-25,15,google_flights,DEL,BOM,DEL-BOM,DEL,BOM,IndiGo,IndiGo,,00:00,00:00,150.0,2 hr 30 min,Economy,6610.0,,,True,48bc5ab20686,
SCR_GF_1789014507_083,2026-09-10 09:58:19,2026-09-25,15,google_flights,DEL,BOM,DEL-BOM,DEL,BOM,IndiGo,IndiGo,,00:00,00:00,140.0,2 hr 20 min,Economy,6740.0,,,True,a0322f4895e7,
SCR_GF_1789014507_086,2026-09-10 09:58:19,2026-09-25,15,google_flights,DEL,BOM,DEL-BOM,DEL,BOM,IndiGo,IndiGo,,00:00,00:00,140.0,2 hr 20 min,Economy,6793.0,,,True,88edc48f6525,
SCR_GF_1789014507_092,2026-09-10 09:58:19,2026-09-25,15,google_flights,DEL,BOM,DEL-BOM,DEL,BOM,IndiGo,IndiGo,,00:00,00:00,135.0,2 hr 15 min,Economy,6880.0,,,True,b7ea758262af,
SCR_GF_1789014507_095,2026-09-10 09:58:19,2026-09-25,15,google_flights,DEL,BOM,DEL-BOM,DEL,BOM,IndiGo,IndiGo,,00:00,00:00,145.0,2 hr 25 min,Economy,6950.0,,,True,7f5dcca39ed9,
SCR_GF_1789014507_100,2026-09-10 09:58:19,2026-09-25,15,google_flights,DEL,BOM,DEL-BOM,DEL,BOM,IndiGo,IndiGo,,00:00,00:00,135.0,2 hr 15 min,Economy,7055.0,,,True,57529560c51f,
SCR_GF_1789014507_101,2026-09-10 09:58:19,2026-09-25,15,google_flights,DEL,BOM,DEL-BOM,DEL,BOM,IndiGo,IndiGo,,00:00,00:00,145.0,2 hr 25 min,Economy,7079.0,,,True,8cf1db9f073c,
SCR_GF_1789014507_102,2026-09-10 09:58:19,2026-09-25,15,google_flights,DEL,BOM,DEL-BOM,DEL,BOM,IndiGo,IndiGo,,00:00,00:00,145.0,2 hr 25 min,Economy,7181.0,,,True,715217596fc9,
SCR_GF_1789014507_104,2026-09-10 09:58:19,2026-09-25,15,google_flights,DEL,BOM,DEL-BOM,DEL,BOM,IndiGo,IndiGo,,00:00,00:00,145.0,2 hr 25 min,Economy,7212.0,,,True,08fe3e4c03a3,
SCR_GF_1789014507_105,2026-09-10 09:58:19,2026-09-25,15,google_flights,DEL,BOM,DEL-BOM,DEL,BOM,IndiGo,IndiGo,,00:00,00:00,145.0,2 hr 25 min,Economy,7261.0,,,True,b5dc3ec93775,
SCR_GF_1789014507_106,2026-09-10 09:58:19,2026-09-25,15,google_flights,DEL,BOM,DEL-BOM,DEL,BOM,IndiGo,IndiGo,,00:00,00:00,130.0,2 hr 10 min,Economy,7370.0,,,True,db6112da0447,
SCR_GF_1789014507_108,2026-09-10 09:58:19,2026-09-25,15,google_flights,DEL,BOM,DEL-BOM,DEL,BOM,IndiGo,IndiGo,,00:00,00:00,145.0,2 hr 25 min,Economy,7406.0,,,True,faa949f37b3b,
SCR_GF_1789014507_109,2026-09-10 09:58:19,2026-09-25,15,google_flights,DEL,BOM,DEL-BOM,DEL,BOM,IndiGo,IndiGo,,00:00,00:00,145.0,2 hr 25 min,Economy,7527.0,,,True,b7396842d597,
SCR_GF_1789014507_110,2026-09-10 09:58:19,2026-09-25,15,google_flights,DEL,BOM,DEL-BOM,DEL,BOM,IndiGo,IndiGo,,00:00,00:00,145.0,2 hr 25 min,Economy,7685.0,,,True,5bb08dcc6bfb,
SCR_GF_1789014507_111,2026-09-10 09:58:19,2026-09-25,15,google_flights,DEL,BOM,DEL-BOM,DEL,BOM,IndiGo,IndiGo,,00:00,00:00,140.0,2 hr 20 min,Economy,7842.0,,,True,dfa5e5d8cd88,
SCR_GF_1789014507_112,2026-09-10 09:58:19,2026-09-25,15,google_flights,DEL,BOM,DEL-BOM,DEL,BOM,IndiGo,IndiGo,,00:00,00:00,150.0,2 hr 30 min,Economy,9968.0,,,True,e1a94edbe9b9,
SCR_GF_1789014507_113,2026-09-10 09:58:19,2026-09-25,15,google_flights,DEL,BOM,DEL-BOM,DEL,BOM,IndiGo,IndiGo,,00:00,00:00,160.0,2 hr 40 min,Economy,19603.0,,,True,ff4a5d4b3c15,
SCR_GF_1789014507_114,2026-09-10 09:58:19,2026-09-25,15,google_flights,DEL,BOM,DEL-BOM,DEL,BOM,IndiGo,IndiGo,,00:00,00:00,165.0,2 hr 45 min,Economy,22551.0,,,True,195b4a4feb1d,
SCR_EAS_1789014528_001,2026-09-10 09:58:43,2026-09-11,1,easemytrip,DEL,BOM,DEL-BOM,DEL,BOM,IndiGo,IndiGo,,00:00,00:00,,,Economy,9098.0,,,False,8ac7e477acc2,
SCR_EAS_1789014528_004,2026-09-10 09:58:43,2026-09-11,1,easemytrip,DEL,BOM,DEL-BOM,DEL,BOM,IndiGo,IndiGo,,00:00,00:00,,,Economy,4000.0,,,False,d82246936ace,
SCR_EAS_1789014528_006,2026-09-10 09:58:43,2026-09-11,1,easemytrip,DEL,BOM,DEL-BOM,DEL,BOM,IndiGo,IndiGo,,00:00,00:00,,,Economy,3401.0,,,False,d0ed784fdff6,
SCR_EAS_1789014528_008,2026-09-10 09:58:43,2026-09-11,1,easemytrip,DEL,BOM,DEL-BOM,DEL,BOM,IndiGo,IndiGo,,00:00,00:00,,,Economy,500.0,,,False,f5e2a3ac45c1,
SCR_EAS_1789014533_001,2026-09-10 09:58:48,2026-09-17,7,easemytrip,DEL,BOM,DEL-BOM,DEL,BOM,IndiGo,IndiGo,,00:00,00:00,,,Economy,9098.0,,,False,233839c68f91,
SCR_EAS_1789014533_004,2026-09-10 09:58:48,2026-09-17,7,easemytrip,DEL,BOM,DEL-BOM,DEL,BOM,IndiGo,IndiGo,,00:00,00:00,,,Economy,4000.0,,,False,03d6c5048e20,
SCR_EAS_1789014533_006,2026-09-10 09:58:48,2026-09-17,7,easemytrip,DEL,BOM,DEL-BOM,DEL,BOM,IndiGo,IndiGo,,00:00,00:00,,,Economy,3401.0,,,False,254e34fe12dd,
SCR_EAS_1789014533_008,2026-09-10 09:58:48,2026-09-17,7,easemytrip,DEL,BOM,DEL-BOM,DEL,BOM,IndiGo,IndiGo,,00:00,00:00,,,Economy,500.0,,,False,118c24e24429,
SCR_EAS_1789014539_001,2026-09-10 09:58:54,2026-09-25,15,easemytrip,DEL,BOM,DEL-BOM,DEL,BOM,IndiGo,IndiGo,,00:00,00:00,,,Economy,9098.0,,,False,bae4f7e517ed,
SCR_EAS_1789014539_004,2026-09-10 09:58:54,2026-09-25,15,easemytrip,DEL,BOM,DEL-BOM,DEL,BOM,IndiGo,IndiGo,,00:00,00:00,,,Economy,4000.0,,,False,c7c7b6d524fa,
SCR_EAS_1789014539_006,2026-09-10 09:58:54,2026-09-25,15,easemytrip,DEL,BOM,DEL-BOM,DEL,BOM,IndiGo,IndiGo,,00:00,00:00,,,Economy,3401.0,,,False,c01143c2cebd,
SCR_EAS_1789014539_008,2026-09-10 09:58:54,2026-09-25,15,easemytrip,DEL,BOM,DEL-BOM,DEL,BOM,IndiGo,IndiGo,,00:00,00:00,,,Economy,500.0,,,False,9bae149d6907,
SCR_GF_1789055783_001,2026-09-10 21:26:17,2026-09-11,1,google_flights,DEL,BOM,DEL-BOM,DEL,BOM,Air India,Air India,,5:00 AM,7:20 AM,140.0,2 hr 20 min,Economy,6314.0,,,True,bd328b491ab0,Non-stop
SCR_GF_1789055783_002,2026-09-10 21:26:17,2026-09-11,1,google_flights,DEL,BOM,DEL-BOM,DEL,BOM,IndiGo,IndiGo,,10:15 AM,12:35 PM,140.0,2 hr 20 min,Economy,6425.0,,,True,6c715be2b836,Non-stop
SCR_GF_1789055783_003,2026-09-10 21:26:17,2026-09-11,1,google_flights,DEL,BOM,DEL-BOM,DEL,BOM,Air India Express,Air India Express,,5:35 AM,8:05 AM,150.0,2 hr 30 min,Economy,6610.0,,,True,74c2d592b700,Non-stop
SCR_GF_1789055783_004,2026-09-10 21:26:17,2026-09-11,1,google_flights,DEL,BOM,DEL-BOM,DEL,BOM,Akasa Air,Akasa Air,,10:30 AM,12:45 PM,135.0,2 hr 15 min,Economy,6880.0,,,True,6ded5683cbf1,Non-stop
SCR_GF_1789055783_005,2026-09-10 21:26:17,2026-09-11,1,google_flights,DEL,BOM,DEL-BOM,DEL,BOM,IndiGo,IndiGo,,8:15 AM,1:30 PM,315.0,5 hr 15 min,Economy,6195.0,,,False,49336e008a5a,1 stop
SCR_GF_1789055783_006,2026-09-10 21:26:17,2026-09-11,1,google_flights,DEL,BOM,DEL-BOM,DEL,BOM,IndiGo,IndiGo,,9:00 AM,1:50 PM,290.0,4 hr 50 min,Economy,6195.0,,,False,d1b3f7bd5ebd,1 stop
SCR_GF_1789055783_007,2026-09-10 21:26:17,2026-09-11,1,google_flights,DEL,BOM,DEL-BOM,DEL,BOM,IndiGo,IndiGo,,6:05 AM,8:20 AM,135.0,2 hr 15 min,Economy,6425.0,,,True,739e480a528c,Non-stop
SCR_GF_1789055783_008,2026-09-10 21:26:17,2026-09-11,1,google_flights,DEL,BOM,DEL-BOM,DEL,BOM,IndiGo,IndiGo,,7:15 AM,9:30 AM,135.0,2 hr 15 min,Economy,6425.0,,,True,4a651b4aadbc,Non-stop
SCR_GF_1789055783_009,2026-09-10 21:26:17,2026-09-11,1,google_flights,DEL,BOM,DEL-BOM,DEL,BOM,IndiGo,IndiGo,,8:00 AM,10:20 AM,140.0,2 hr 20 min,Economy,6425.0,,,True,2b38a640d030,Non-stop
SCR_GF_1789055783_010,2026-09-10 21:26:17,2026-09-11,1,google_flights,DEL,BOM,DEL-BOM,DEL,BOM,IndiGo,IndiGo,,9:30 AM,11:55 AM,145.0,2 hr 25 min,Economy,6425.0,,,True,7f1804efad77,Non-stop
SCR_GF_1789055783_011,2026-09-10 21:26:17,2026-09-11,1,google_flights,DEL,BOM,DEL-BOM,DEL,BOM,Air India,Air India,,6:30 AM,8:50 AM,140.0,2 hr 20 min,Economy,6582.0,,,True,431f4c2580ef,Non-stop
SCR_GF_1789055783_012,2026-09-10 21:26:17,2026-09-11,1,google_flights,DEL,BOM,DEL-BOM,DEL,BOM,Air India,Air India,,8:30 AM,10:45 AM,135.0,2 hr 15 min,Economy,6582.0,,,True,3ee6e0156750,Non-stop
SCR_GF_1789055783_013,2026-09-10 21:26:17,2026-09-11,1,google_flights,DEL,BOM,DEL-BOM,DEL,BOM,Air India,Air India,,9:30 AM,12:00 PM,150.0,2 hr 30 min,Economy,6582.0,,,True,9a21358f8cdb,Non-stop
SCR_GF_1789055783_014,2026-09-10 21:26:17,2026-09-11,1,google_flights,DEL,BOM,DEL-BOM,DEL,BOM,Air India,Air India,,10:00 AM,12:25 PM,145.0,2 hr 25 min,Economy,6582.0,,,True,27c9f077794b,Non-stop
SCR_GF_1789055783_015,2026-09-10 21:26:17,2026-09-11,1,google_flights,DEL,BOM,DEL-BOM,DEL,BOM,Air India,Air India,,12:00 PM,2:25 PM,145.0,2 hr 25 min,Economy,6582.0,,,True,657dd2e1d3ef,Non-stop
SCR_GF_1789055783_016,2026-09-10 21:26:17,2026-09-11,1,google_flights,DEL,BOM,DEL-BOM,DEL,BOM,IndiGo,IndiGo,,8:45 AM,11:00 AM,135.0,2 hr 15 min,Economy,6583.0,,,True,11d89f5006ab,Non-stop
SCR_GF_1789055783_017,2026-09-10 21:26:17,2026-09-11,1,google_flights,DEL,BOM,DEL-BOM,DEL,BOM,IndiGo,IndiGo,,11:00 AM,1:15 PM,135.0,2 hr 15 min,Economy,6583.0,,,True,1f6774ef221f,Non-stop
SCR_GF_1789055784_018,2026-09-10 21:26:17,2026-09-11,1,google_flights,DEL,BOM,DEL-BOM,DEL,BOM,IndiGo,IndiGo,,12:00 PM,2:15 PM,135.0,2 hr 15 min,Economy,6583.0,,,True,8fb82f83d9dd,Non-stop
SCR_GF_1789055785_050,2026-09-10 21:26:17,2026-09-11,1,google_flights,DEL,BOM,DEL-BOM,DEL,BOM,Air India,Air India,,5:00,7:20,140.0,2 hr 20 min,Economy,6314.0,,,True,4033e9a72f97,Non-stop
SCR_GF_1789055785_051,2026-09-10 21:26:17,2026-09-11,1,google_flights,DEL,BOM,DEL-BOM,DEL,BOM,IndiGo,IndiGo,,10:15,12:35,140.0,2 hr 20 min,Economy,6425.0,,,True,2d3827f1c43c,Non-stop
SCR_GF_1789055785_052,2026-09-10 21:26:17,2026-09-11,1,google_flights,DEL,BOM,DEL-BOM,DEL,BOM,Air India Express,Air India Express,,5:35,8:05,150.0,2 hr 30 min,Economy,6610.0,,,True,468806699194,Non-stop
SCR_GF_1789055785_053,2026-09-10 21:26:17,2026-09-11,1,google_flights,DEL,BOM,DEL-BOM,DEL,BOM,Akasa Air,Akasa Air,,10:30,12:45,135.0,2 hr 15 min,Economy,6880.0,,,True,242ee1eff65b,Non-stop
SCR_GF_1789055785_054,2026-09-10 21:26:17,2026-09-11,1,google_flights,DEL,BOM,DEL-BOM,DEL,BOM,IndiGo,IndiGo,,8:15,1:30,315.0,5 hr 15 min,Economy,6195.0,,,False,69a0bec4e299,1 stop
SCR_GF_1789055785_055,2026-09-10 21:26:17,2026-09-11,1,google_flights,DEL,BOM,DEL-BOM,DEL,BOM,IndiGo,IndiGo,,9:00,1:50,290.0,4 hr 50 min,Economy,6195.0,,,False,f93b453fbcb7,1 stop
SCR_GF_1789055785_056,2026-09-10 21:26:17,2026-09-11,1,google_flights,DEL,BOM,DEL-BOM,DEL,BOM,IndiGo,IndiGo,,6:05,8:20,135.0,2 hr 15 min,Economy,6425.0,,,True,10d21f1b988a,Non-stop
SCR_GF_1789055785_057,2026-09-10 21:26:17,2026-09-11,1,google_flights,DEL,BOM,DEL-BOM,DEL,BOM,IndiGo,IndiGo,,7:15,9:30,135.0,2 hr 15 min,Economy,6425.0,,,True,f23bf425f519,Non-stop
SCR_GF_1789055785_058,2026-09-10 21:26:17,2026-09-11,1,google_flights,DEL,BOM,DEL-BOM,DEL,BOM,IndiGo,IndiGo,,8:00,10:20,140.0,2 hr 20 min,Economy,6425.0,,,True,273cea942cb9,Non-stop
SCR_GF_1789055785_059,2026-09-10 21:26:17,2026-09-11,1,google_flights,DEL,BOM,DEL-BOM,DEL,BOM,IndiGo,IndiGo,,9:30,11:55,145.0,2 hr 25 min,Economy,6425.0,,,True,bb77c629cf2a,Non-stop
SCR_GF_1789055785_060,2026-09-10 21:26:17,2026-09-11,1,google_flights,DEL,BOM,DEL-BOM,DEL,BOM,Air India,Air India,,6:30,8:50,140.0,2 hr 20 min,Economy,6582.0,,,True,8b9a3fb5e8be,Non-stop
SCR_GF_1789055785_061,2026-09-10 21:26:17,2026-09-11,1,google_flights,DEL,BOM,DEL-BOM,DEL,BOM,Air India,Air India,,8:30,10:45,135.0,2 hr 15 min,Economy,6582.0,,,True,69c844b8b722,Non-stop
SCR_GF_1789055785_062,2026-09-10 21:26:17,2026-09-11,1,google_flights,DEL,BOM,DEL-BOM,DEL,BOM,Air India,Air India,,9:30,12:00,150.0,2 hr 30 min,Economy,6582.0,,,True,a1627f9c48ac,Non-stop
SCR_GF_1789055785_063,2026-09-10 21:26:17,2026-09-11,1,google_flights,DEL,BOM,DEL-BOM,DEL,BOM,Air India,Air India,,10:00,12:25,145.0,2 hr 25 min,Economy,6582.0,,,True,e12acba1fb5a,Non-stop
SCR_GF_1789055785_064,2026-09-10 21:26:17,2026-09-11,1,google_flights,DEL,BOM,DEL-BOM,DEL,BOM,Air India,Air India,,12:00,2:25,145.0,2 hr 25 min,Economy,6582.0,,,True,1926875624ae,Non-stop
SCR_GF_1789055785_065,2026-09-10 21:26:17,2026-09-11,1,google_flights,DEL,BOM,DEL-BOM,DEL,BOM,IndiGo,IndiGo,,8:45,11:00,135.0,2 hr 15 min,Economy,6583.0,,,True,7c16f8f30ef5,Non-stop
SCR_GF_1789055785_066,2026-09-10 21:26:17,2026-09-11,1,google_flights,DEL,BOM,DEL-BOM,DEL,BOM,IndiGo,IndiGo,,11:00,1:15,135.0,2 hr 15 min,Economy,6583.0,,,True,257a9f37fc3e,Non-stop
SCR_GF_1789055785_067,2026-09-10 21:26:17,2026-09-11,1,google_flights,DEL,BOM,DEL-BOM,DEL,BOM,IndiGo,IndiGo,,12:00,2:15,135.0,2 hr 15 min,Economy,6583.0,,,True,cce1050eaac6,Non-stop
SCR_GF_1789055785_068,2026-09-10 21:26:17,2026-09-11,1,google_flights,DEL,BOM,DEL-BOM,DEL,BOM,IndiGo,IndiGo,,1:00,3:10,130.0,2 hr 10 min,Economy,6583.0,,,True,8d3fb5bb1b77,Non-stop
SCR_GF_1789055785_069,2026-09-10 21:26:17,2026-09-11,1,google_flights,DEL,BOM,DEL-BOM,DEL,BOM,IndiGo,IndiGo,,2:00,4:25,145.0,2 hr 25 min,Economy,6583.0,,,True,ffaa8018c8b2,Non-stop
SCR_GF_1789055785_070,2026-09-10 21:26:17,2026-09-11,1,google_flights,DEL,BOM,DEL-BOM,DEL,BOM,IndiGo,IndiGo,,2:45,5:00,135.0,2 hr 15 min,Economy,6583.0,,,True,b4ac40ee989b,Non-stop
SCR_GF_1789055785_071,2026-09-10 21:26:17,2026-09-11,1,google_flights,DEL,BOM,DEL-BOM,DEL,BOM,Air India,Air India,,7:00,9:25,145.0,2 hr 25 min,Economy,6740.0,,,True,ede5aa0bbb74,Non-stop
SCR_GF_1789055785_072,2026-09-10 21:26:17,2026-09-11,1,google_flights,DEL,BOM,DEL-BOM,DEL,BOM,Air India,Air India,,7:30,9:55,145.0,2 hr 25 min,Economy,6740.0,,,True,793b6cb2dc88,Non-stop
SCR_GF_1789055785_073,2026-09-10 21:26:17,2026-09-11,1,google_flights,DEL,BOM,DEL-BOM,DEL,BOM,Air India,Air India,,11:00,1:25,145.0,2 hr 25 min,Economy,6740.0,,,True,ce54ba4216fe,Non-stop
SCR_GF_1789055785_074,2026-09-10 21:26:17,2026-09-11,1,google_flights,DEL,BOM,DEL-BOM,DEL,BOM,Akasa Air,Akasa Air,,6:50,9:10,140.0,2 hr 20 min,Economy,6880.0,,,True,c8b9a15d366f,Non-stop
SCR_GF_1789055785_075,2026-09-10 21:26:17,2026-09-11,1,google_flights,DEL,BOM,DEL-BOM,DEL,BOM,Akasa Air,Akasa Air,,8:40,11:05,145.0,2 hr 25 min,Economy,6880.0,,,True,c43076aeab11,Non-stop
SCR_GF_1789055785_076,2026-09-10 21:26:17,2026-09-11,1,google_flights,DEL,BOM,DEL-BOM,DEL,BOM,Akasa Air,Akasa Air,,12:30,2:55,145.0,2 hr 25 min,Economy,6880.0,,,True,83dc149d7a4b,Non-stop
SCR_GF_1789055785_077,2026-09-10 21:26:17,2026-09-11,1,google_flights,DEL,BOM,DEL-BOM,DEL,BOM,IndiGo,IndiGo,,3:30,5:45,135.0,2 hr 15 min,Economy,7055.0,,,True,590cbb46566d,Non-stop
SCR_GF_1789055785_078,2026-09-10 21:26:17,2026-09-11,1,google_flights,DEL,BOM,DEL-BOM,DEL,BOM,Akasa Air,Akasa Air,,4:00,6:20,140.0,2 hr 20 min,Economy,10235.0,,,True,ffad45e37d4d,Non-stop
SCR_GF_1789055785_079,2026-09-10 21:26:17,2026-09-11,1,google_flights,DEL,BOM,DEL-BOM,DEL,BOM,Akasa Air,Akasa Air,,7:55,10:20,145.0,2 hr 25 min,Economy,11200.0,,,True,cb610cf65724,Non-stop
SCR_GF_1789055785_080,2026-09-10 21:26:17,2026-09-11,1,google_flights,DEL,BOM,DEL-BOM,DEL,BOM,IndiGo,IndiGo,,7:00,9:25,145.0,2 hr 25 min,Economy,11203.0,,,True,385ec1621598,Non-stop
SCR_GF_1789055785_081,2026-09-10 21:26:17,2026-09-11,1,google_flights,DEL,BOM,DEL-BOM,DEL,BOM,IndiGo,IndiGo,,10:45,1:05 AM,140.0,2 hr 20 min,Economy,11203.0,,,True,a34e271fc91a,Non-stop
SCR_GF_1789055785_082,2026-09-10 21:26:17,2026-09-11,1,google_flights,DEL,BOM,DEL-BOM,DEL,BOM,IndiGo,IndiGo,,11:30,1:45 AM,135.0,2 hr 15 min,Economy,11203.0,,,True,9942eb1dc35a,Non-stop
SCR_GF_1789055785_083,2026-09-10 21:26:17,2026-09-11,1,google_flights,DEL,BOM,DEL-BOM,DEL,BOM,Akasa Air,Akasa Air,,5:30,7:45,135.0,2 hr 15 min,Economy,12044.0,,,True,da3a9bc72ff6,Non-stop
SCR_GF_1789055785_084,2026-09-10 21:26:17,2026-09-11,1,google_flights,DEL,BOM,DEL-BOM,DEL,BOM,IndiGo,IndiGo,,8:45,11:00,135.0,2 hr 15 min,Economy,12253.0,,,True,262acf756e88,Non-stop
SCR_GF_1789055785_085,2026-09-10 21:26:17,2026-09-11,1,google_flights,DEL,BOM,DEL-BOM,DEL,BOM,IndiGo,IndiGo,,9:45,12:05 AM,140.0,2 hr 20 min,Economy,12253.0,,,True,bcda5caef446,Non-stop
SCR_GF_1789055785_086,2026-09-10 21:26:17,2026-09-11,1,google_flights,DEL,BOM,DEL-BOM,DEL,BOM,IndiGo,IndiGo,,8:00,10:10,130.0,2 hr 10 min,Economy,13513.0,,,True,188d0c18a263,Non-stop
SCR_GF_1789055785_087,2026-09-10 21:26:17,2026-09-11,1,google_flights,DEL,BOM,DEL-BOM,DEL,BOM,IndiGo,IndiGo,,5:00,7:15,135.0,2 hr 15 min,Economy,15088.0,,,True,35ea16a52c2a,Non-stop
SCR_GF_1789055785_088,2026-09-10 21:26:17,2026-09-11,1,google_flights,DEL,BOM,DEL-BOM,DEL,BOM,IndiGo,IndiGo,,6:00,8:15,135.0,2 hr 15 min,Economy,15088.0,,,True,9c1557c97396,Non-stop
SCR_GF_1789055785_089,2026-09-10 21:26:17,2026-09-11,1,google_flights,DEL,BOM,DEL-BOM,DEL,BOM,Air India,Air India,,9:00,11:20,140.0,2 hr 20 min,Economy,16583.0,,,True,2be17bf6f1f4,Non-stop
SCR_GF_1789055785_090,2026-09-10 21:26:17,2026-09-11,1,google_flights,DEL,BOM,DEL-BOM,DEL,BOM,Air India,Air India,,9:30,11:55,145.0,2 hr 25 min,Economy,16583.0,,,True,1c5d4526f9b8,Non-stop
SCR_GF_1789055785_091,2026-09-10 21:26:17,2026-09-11,1,google_flights,DEL,BOM,DEL-BOM,DEL,BOM,Air India,Air India,,11:00,1:25 AM,145.0,2 hr 25 min,Economy,16583.0,,,True,aa6f10b22e2b,Non-stop
SCR_GF_1789055785_092,2026-09-10 21:26:17,2026-09-11,1,google_flights,DEL,BOM,DEL-BOM,DEL,BOM,Air India Express,Air India Express,,11:25,1:50 AM,145.0,2 hr 25 min,Economy,16844.0,,,True,c0cfeb81cf05,Non-stop
SCR_GF_1789055785_093,2026-09-10 21:26:17,2026-09-11,1,google_flights,DEL,BOM,DEL-BOM,DEL,BOM,Air India,Air India,,6:00,8:25,145.0,2 hr 25 min,Economy,17350.0,,,True,6966661bafac,Non-stop
SCR_GF_1789055785_094,2026-09-10 21:26:17,2026-09-11,1,google_flights,DEL,BOM,DEL-BOM,DEL,BOM,SpiceJet,SpiceJet,,7:55,10:30,155.0,2 hr 35 min,Economy,19603.0,,,True,eeabba7be770,Non-stop
SCR_GF_1789055785_095,2026-09-10 21:26:17,2026-09-11,1,google_flights,DEL,BOM,DEL-BOM,DEL,BOM,Air India,Air India,,4:30,6:50,140.0,2 hr 20 min,Economy,23844.0,,,True,e86191eb53d5,Non-stop
SCR_GF_1789055785_096,2026-09-10 21:26:17,2026-09-11,1,google_flights,DEL,BOM,DEL-BOM,DEL,BOM,Air India,Air India,,5:00,7:25,145.0,2 hr 25 min,Economy,23844.0,,,True,530e623e30c5,Non-stop
SCR_GF_1789055785_097,2026-09-10 21:26:17,2026-09-11,1,google_flights,DEL,BOM,DEL-BOM,DEL,BOM,Air India,Air India,,7:30,9:55,145.0,2 hr 25 min,Economy,24747.0,,,True,7a3b51202000,Non-stop
SCR_GF_1789055786_098,2026-09-10 21:26:17,2026-09-11,1,google_flights,DEL,BOM,DEL-BOM,DEL,BOM,Air India,Air India,,1:30,3:50,140.0,2 hr 20 min,Economy,33304.0,,,True,3af7cb9d44f9,Non-stop
SCR_GF_1789055789_001,2026-09-10 21:26:26,2026-09-17,7,google_flights,DEL,BOM,DEL-BOM,DEL,BOM,Air India,Air India,,11:00 PM,1:25 AM,145.0,2 hr 25 min,Economy,6314.0,,,True,864b496aefdf,Non-stop
SCR_GF_1789055789_002,2026-09-10 21:26:26,2026-09-17,7,google_flights,DEL,BOM,DEL-BOM,DEL,BOM,IndiGo,IndiGo,,2:45 PM,5:00 PM,135.0,2 hr 15 min,Economy,6425.0,,,True,8d4544761afb,Non-stop
SCR_GF_1789055789_003,2026-09-10 21:26:26,2026-09-17,7,google_flights,DEL,BOM,DEL-BOM,DEL,BOM,Air India Express,Air India Express,,11:25 PM,1:50 AM,145.0,2 hr 25 min,Economy,6610.0,,,True,744e17c71d1f,Non-stop
SCR_GF_1789055789_004,2026-09-10 21:26:26,2026-09-17,7,google_flights,DEL,BOM,DEL-BOM,DEL,BOM,Akasa Air,Akasa Air,,5:30 PM,7:45 PM,135.0,2 hr 15 min,Economy,6880.0,,,True,0c80434b3a15,Non-stop
SCR_GF_1789055789_005,2026-09-10 21:26:26,2026-09-17,7,google_flights,DEL,BOM,DEL-BOM,DEL,BOM,Air India,Air India,,5:00 AM,7:20 AM,140.0,2 hr 20 min,Economy,6314.0,,,True,3dad52764b3b,Non-stop
SCR_GF_1789055790_059,2026-09-10 21:26:26,2026-09-17,7,google_flights,DEL,BOM,DEL-BOM,DEL,BOM,Air India,Air India,,11:00,1:25 AM,145.0,2 hr 25 min,Economy,6314.0,,,True,434489574eb0,Non-stop
SCR_GF_1789055790_060,2026-09-10 21:26:26,2026-09-17,7,google_flights,DEL,BOM,DEL-BOM,DEL,BOM,IndiGo,IndiGo,,2:45,5:00,135.0,2 hr 15 min,Economy,6425.0,,,True,f4037983d0b1,Non-stop
SCR_GF_1789055790_061,2026-09-10 21:26:26,2026-09-17,7,google_flights,DEL,BOM,DEL-BOM,DEL,BOM,Air India Express,Air India Express,,11:25,1:50 AM,145.0,2 hr 25 min,Economy,6610.0,,,True,15a595c56568,Non-stop
SCR_GF_1789055790_062,2026-09-10 21:26:26,2026-09-17,7,google_flights,DEL,BOM,DEL-BOM,DEL,BOM,Akasa Air,Akasa Air,,5:30,7:45,135.0,2 hr 15 min,Economy,6880.0,,,True,725fdb0411b2,Non-stop
SCR_GF_1789055790_063,2026-09-10 21:26:26,2026-09-17,7,google_flights,DEL,BOM,DEL-BOM,DEL,BOM,Air India,Air India,,5:00,7:20,140.0,2 hr 20 min,Economy,6314.0,,,True,c6cc509a8a7c,Non-stop
SCR_GF_1789055790_064,2026-09-10 21:26:26,2026-09-17,7,google_flights,DEL,BOM,DEL-BOM,DEL,BOM,IndiGo,IndiGo,,5:00,7:15,135.0,2 hr 15 min,Economy,6425.0,,,True,40e1ef8b0463,Non-stop
SCR_GF_1789055790_065,2026-09-10 21:26:26,2026-09-17,7,google_flights,DEL,BOM,DEL-BOM,DEL,BOM,IndiGo,IndiGo,,6:05,8:20,135.0,2 hr 15 min,Economy,6425.0,,,True,4959623e3fdb,Non-stop
SCR_GF_1789055790_066,2026-09-10 21:26:26,2026-09-17,7,google_flights,DEL,BOM,DEL-BOM,DEL,BOM,IndiGo,IndiGo,,7:15,9:30,135.0,2 hr 15 min,Economy,6425.0,,,True,d52f74a5a991,Non-stop
SCR_GF_1789055790_067,2026-09-10 21:26:26,2026-09-17,7,google_flights,DEL,BOM,DEL-BOM,DEL,BOM,IndiGo,IndiGo,,8:00,10:20,140.0,2 hr 20 min,Economy,6425.0,,,True,8bb4fb5c6e9c,Non-stop
SCR_GF_1789055790_068,2026-09-10 21:26:26,2026-09-17,7,google_flights,DEL,BOM,DEL-BOM,DEL,BOM,IndiGo,IndiGo,,8:45,11:00,135.0,2 hr 15 min,Economy,6425.0,,,True,1b4204b960a5,Non-stop
SCR_GF_1789055790_069,2026-09-10 21:26:26,2026-09-17,7,google_flights,DEL,BOM,DEL-BOM,DEL,BOM,IndiGo,IndiGo,,9:30,11:55,145.0,2 hr 25 min,Economy,6425.0,,,True,0571e74908cc,Non-stop
SCR_GF_1789055790_070,2026-09-10 21:26:26,2026-09-17,7,google_flights,DEL,BOM,DEL-BOM,DEL,BOM,IndiGo,IndiGo,,10:15,12:35,140.0,2 hr 20 min,Economy,6425.0,,,True,bf5723ebc411,Non-stop
SCR_GF_1789055790_071,2026-09-10 21:26:26,2026-09-17,7,google_flights,DEL,BOM,DEL-BOM,DEL,BOM,IndiGo,IndiGo,,11:00,1:15,135.0,2 hr 15 min,Economy,6425.0,,,True,0a8038e82ae6,Non-stop
SCR_GF_1789055790_072,2026-09-10 21:26:26,2026-09-17,7,google_flights,DEL,BOM,DEL-BOM,DEL,BOM,IndiGo,IndiGo,,12:00,2:15,135.0,2 hr 15 min,Economy,6425.0,,,True,f9bf102ee525,Non-stop
SCR_GF_1789055790_073,2026-09-10 21:26:26,2026-09-17,7,google_flights,DEL,BOM,DEL-BOM,DEL,BOM,IndiGo,IndiGo,,1:00,3:10,130.0,2 hr 10 min,Economy,6425.0,,,True,3aa1a8d98429,Non-stop
SCR_GF_1789055790_074,2026-09-10 21:26:26,2026-09-17,7,google_flights,DEL,BOM,DEL-BOM,DEL,BOM,IndiGo,IndiGo,,2:00,4:25,145.0,2 hr 25 min,Economy,6425.0,,,True,04beb5640642,Non-stop
SCR_GF_1789055790_075,2026-09-10 21:26:26,2026-09-17,7,google_flights,DEL,BOM,DEL-BOM,DEL,BOM,IndiGo,IndiGo,,3:30,5:45,135.0,2 hr 15 min,Economy,6425.0,,,True,17f9aa35d60f,Non-stop
SCR_GF_1789055790_076,2026-09-10 21:26:26,2026-09-17,7,google_flights,DEL,BOM,DEL-BOM,DEL,BOM,IndiGo,IndiGo,,4:15,6:35,140.0,2 hr 20 min,Economy,6425.0,,,True,0183b6957fa9,Non-stop
SCR_GF_1789055790_077,2026-09-10 21:26:26,2026-09-17,7,google_flights,DEL,BOM,DEL-BOM,DEL,BOM,IndiGo,IndiGo,,10:45,1:05 AM,140.0,2 hr 20 min,Economy,6425.0,,,True,39fe41166a0b,Non-stop
SCR_GF_1789055790_078,2026-09-10 21:26:26,2026-09-17,7,google_flights,DEL,BOM,DEL-BOM,DEL,BOM,IndiGo,IndiGo,,11:30,1:45 AM,135.0,2 hr 15 min,Economy,6425.0,,,True,457730ab3d93,Non-stop
SCR_GF_1789055790_079,2026-09-10 21:26:26,2026-09-17,7,google_flights,DEL,BOM,DEL-BOM,DEL,BOM,Air India,Air India,,8:30,10:45,135.0,2 hr 15 min,Economy,6582.0,,,True,3483865c5b23,Non-stop
SCR_GF_1789055790_081,2026-09-10 21:26:26,2026-09-17,7,google_flights,DEL,BOM,DEL-BOM,DEL,BOM,Air India,Air India,,9:30,12:00,150.0,2 hr 30 min,Economy,6582.0,,,True,519c6b850d34,Non-stop
SCR_GF_1789055790_082,2026-09-10 21:26:26,2026-09-17,7,google_flights,DEL,BOM,DEL-BOM,DEL,BOM,Air India,Air India,,10:00,12:25,145.0,2 hr 25 min,Economy,6582.0,,,True,f9511baf6493,Non-stop
SCR_GF_1789055790_083,2026-09-10 21:26:26,2026-09-17,7,google_flights,DEL,BOM,DEL-BOM,DEL,BOM,Air India,Air India,,11:00,1:25,145.0,2 hr 25 min,Economy,6582.0,,,True,8abbb804d367,Non-stop
SCR_GF_1789055790_084,2026-09-10 21:26:26,2026-09-17,7,google_flights,DEL,BOM,DEL-BOM,DEL,BOM,Air India,Air India,,12:00,2:25,145.0,2 hr 25 min,Economy,6582.0,,,True,25eb08645961,Non-stop
SCR_GF_1789055790_085,2026-09-10 21:26:26,2026-09-17,7,google_flights,DEL,BOM,DEL-BOM,DEL,BOM,Air India,Air India,,3:30,5:55,145.0,2 hr 25 min,Economy,6582.0,,,True,75a778b852ae,Non-stop
SCR_GF_1789055790_086,2026-09-10 21:26:26,2026-09-17,7,google_flights,DEL,BOM,DEL-BOM,DEL,BOM,Air India,Air India,,4:00,6:25,145.0,2 hr 25 min,Economy,6582.0,,,True,a5cb1162a2d5,Non-stop
SCR_GF_1789055790_087,2026-09-10 21:26:26,2026-09-17,7,google_flights,DEL,BOM,DEL-BOM,DEL,BOM,Air India,Air India,,4:30,6:50,140.0,2 hr 20 min,Economy,6582.0,,,True,ae2a34efebc2,Non-stop
SCR_GF_1789055790_088,2026-09-10 21:26:26,2026-09-17,7,google_flights,DEL,BOM,DEL-BOM,DEL,BOM,Air India,Air India,,5:00,7:25,145.0,2 hr 25 min,Economy,6582.0,,,True,08487fa93eed,Non-stop
SCR_GF_1789055790_089,2026-09-10 21:26:26,2026-09-17,7,google_flights,DEL,BOM,DEL-BOM,DEL,BOM,Air India,Air India,,9:00,11:25,145.0,2 hr 25 min,Economy,6582.0,,,True,ec1b8a98eb57,Non-stop
SCR_GF_1789055790_090,2026-09-10 21:26:26,2026-09-17,7,google_flights,DEL,BOM,DEL-BOM,DEL,BOM,IndiGo,IndiGo,,8:00,10:10,130.0,2 hr 10 min,Economy,6583.0,,,True,8dcb2e1b9624,Non-stop
SCR_GF_1789055790_091,2026-09-10 21:26:26,2026-09-17,7,google_flights,DEL,BOM,DEL-BOM,DEL,BOM,IndiGo,IndiGo,,9:45,12:05 AM,140.0,2 hr 20 min,Economy,6583.0,,,True,0d3fe7fe8e89,Non-stop
SCR_GF_1789055790_092,2026-09-10 21:26:26,2026-09-17,7,google_flights,DEL,BOM,DEL-BOM,DEL,BOM,Air India Express,Air India Express,,5:35,8:05,150.0,2 hr 30 min,Economy,6610.0,,,True,a42aee4bd06f,Non-stop
SCR_GF_1789055791_093,2026-09-10 21:26:26,2026-09-17,7,google_flights,DEL,BOM,DEL-BOM,DEL,BOM,Air India,Air India,,6:30,8:50,140.0,2 hr 20 min,Economy,6740.0,,,True,d62341489f39,Non-stop
SCR_GF_1789055791_094,2026-09-10 21:26:26,2026-09-17,7,google_flights,DEL,BOM,DEL-BOM,DEL,BOM,IndiGo,IndiGo,,5:00,7:15,135.0,2 hr 15 min,Economy,6793.0,,,True,4e073d26f8f2,Non-stop
SCR_GF_1789055791_095,2026-09-10 21:26:26,2026-09-17,7,google_flights,DEL,BOM,DEL-BOM,DEL,BOM,IndiGo,IndiGo,,6:00,8:15,135.0,2 hr 15 min,Economy,6793.0,,,True,54c9ff07ff9a,Non-stop
SCR_GF_1789055791_096,2026-09-10 21:26:26,2026-09-17,7,google_flights,DEL,BOM,DEL-BOM,DEL,BOM,IndiGo,IndiGo,,8:45,11:00,135.0,2 hr 15 min,Economy,6793.0,,,True,7e62bbeef89e,Non-stop
SCR_GF_1789055791_097,2026-09-10 21:26:26,2026-09-17,7,google_flights,DEL,BOM,DEL-BOM,DEL,BOM,Akasa Air,Akasa Air,,6:50,9:10,140.0,2 hr 20 min,Economy,6880.0,,,True,73fd254b6872,Non-stop
SCR_GF_1789055791_098,2026-09-10 21:26:26,2026-09-17,7,google_flights,DEL,BOM,DEL-BOM,DEL,BOM,Akasa Air,Akasa Air,,8:40,10:55,135.0,2 hr 15 min,Economy,6880.0,,,True,e2830e0a5581,Non-stop
SCR_GF_1789055791_099,2026-09-10 21:26:26,2026-09-17,7,google_flights,DEL,BOM,DEL-BOM,DEL,BOM,Akasa Air,Akasa Air,,9:20,11:40,140.0,2 hr 20 min,Economy,6880.0,,,True,adeed56b4022,Non-stop
SCR_GF_1789055791_100,2026-09-10 21:26:26,2026-09-17,7,google_flights,DEL,BOM,DEL-BOM,DEL,BOM,Akasa Air,Akasa Air,,10:30,12:45,135.0,2 hr 15 min,Economy,6880.0,,,True,5d35a302628a,Non-stop
SCR_GF_1789055791_101,2026-09-10 21:26:26,2026-09-17,7,google_flights,DEL,BOM,DEL-BOM,DEL,BOM,Akasa Air,Akasa Air,,12:30,2:55,145.0,2 hr 25 min,Economy,6880.0,,,True,7044e4426789,Non-stop
SCR_GF_1789055791_102,2026-09-10 21:26:26,2026-09-17,7,google_flights,DEL,BOM,DEL-BOM,DEL,BOM,Akasa Air,Akasa Air,,4:00,6:20,140.0,2 hr 20 min,Economy,6880.0,,,True,b5eddf454cc5,Non-stop
SCR_GF_1789055791_103,2026-09-10 21:26:26,2026-09-17,7,google_flights,DEL,BOM,DEL-BOM,DEL,BOM,Akasa Air,Akasa Air,,7:55,10:20,145.0,2 hr 25 min,Economy,6880.0,,,True,72adfb271bf1,Non-stop
SCR_GF_1789055791_104,2026-09-10 21:26:26,2026-09-17,7,google_flights,DEL,BOM,DEL-BOM,DEL,BOM,Air India,Air India,,7:00,9:25,145.0,2 hr 25 min,Economy,6950.0,,,True,943d835d3644,Non-stop
SCR_GF_1789055791_105,2026-09-10 21:26:26,2026-09-17,7,google_flights,DEL,BOM,DEL-BOM,DEL,BOM,Air India,Air India,,7:30,9:55,145.0,2 hr 25 min,Economy,6950.0,,,True,337dad8c7926,Non-stop
SCR_GF_1789055791_106,2026-09-10 21:26:26,2026-09-17,7,google_flights,DEL,BOM,DEL-BOM,DEL,BOM,Air India,Air India,,1:30,3:50,140.0,2 hr 20 min,Economy,6950.0,,,True,57dd076d9530,Non-stop
SCR_GF_1789055791_107,2026-09-10 21:26:26,2026-09-17,7,google_flights,DEL,BOM,DEL-BOM,DEL,BOM,IndiGo,IndiGo,,7:00,9:25,145.0,2 hr 25 min,Economy,7055.0,,,True,fe984a7f3a2a,Non-stop
SCR_GF_1789055791_108,2026-09-10 21:26:26,2026-09-17,7,google_flights,DEL,BOM,DEL-BOM,DEL,BOM,Air India,Air India,,9:30,11:55,145.0,2 hr 25 min,Economy,7123.0,,,True,142d7122ff62,Non-stop
SCR_GF_1789055791_109,2026-09-10 21:26:26,2026-09-17,7,google_flights,DEL,BOM,DEL-BOM,DEL,BOM,Air India,Air India,,8:00,10:25,145.0,2 hr 25 min,Economy,7181.0,,,True,807b0cbbb316,Non-stop
SCR_GF_1789055791_110,2026-09-10 21:26:26,2026-09-17,7,google_flights,DEL,BOM,DEL-BOM,DEL,BOM,Air India,Air India,,7:30,9:55,145.0,2 hr 25 min,Economy,7212.0,,,True,62713d3cb801,Non-stop
SCR_GF_1789055791_111,2026-09-10 21:26:26,2026-09-17,7,google_flights,DEL,BOM,DEL-BOM,DEL,BOM,Air India,Air India,,8:30,11:05,155.0,2 hr 35 min,Economy,7212.0,,,True,96dfd2a326e5,Non-stop
SCR_GF_1789055791_112,2026-09-10 21:26:26,2026-09-17,7,google_flights,DEL,BOM,DEL-BOM,DEL,BOM,Air India,Air India,,9:00,11:20,140.0,2 hr 20 min,Economy,7212.0,,,True,ab649cde3d3a,Non-stop
SCR_GF_1789055791_113,2026-09-10 21:26:26,2026-09-17,7,google_flights,DEL,BOM,DEL-BOM,DEL,BOM,Air India,Air India,,6:00,8:25,145.0,2 hr 25 min,Economy,7349.0,,,True,f386b70e43c2,Non-stop
SCR_GF_1789055791_114,2026-09-10 21:26:26,2026-09-17,7,google_flights,DEL,BOM,DEL-BOM,DEL,BOM,Air India,Air India,,7:00,9:25,145.0,2 hr 25 min,Economy,7511.0,,,True,3446af74866a,Non-stop
SCR_GF_1789055791_115,2026-09-10 21:26:26,2026-09-17,7,google_flights,DEL,BOM,DEL-BOM,DEL,BOM,SpiceJet,SpiceJet,,7:55,10:40,165.0,2 hr 45 min,Economy,9642.0,,,True,d0381cabad54,Non-stop
SCR_GF_1789055791_116,2026-09-10 21:26:26,2026-09-17,7,google_flights,DEL,BOM,DEL-BOM,DEL,BOM,SpiceJet,SpiceJet,,10:45,1:25 AM,160.0,2 hr 40 min,Economy,19603.0,,,True,339ffc6c22c1,Non-stop
SCR_GF_1789055794_001,2026-09-10 21:26:31,2026-10-10,30,google_flights,DEL,BOM,DEL-BOM,DEL,BOM,IndiGo,IndiGo,,6:00 PM,8:15 PM,135.0,2 hr 15 min,Economy,6425.0,,,True,58be48934788,Non-stop
SCR_GF_1789055794_002,2026-09-10 21:26:31,2026-10-10,30,google_flights,DEL,BOM,DEL-BOM,DEL,BOM,Air India,Air India,,3:30 PM,5:55 PM,145.0,2 hr 25 min,Economy,6582.0,,,True,b628e5cb66e2,Non-stop
SCR_GF_1789055794_003,2026-09-10 21:26:31,2026-10-10,30,google_flights,DEL,BOM,DEL-BOM,DEL,BOM,Air India Express,Air India Express,,5:50 PM,8:10 PM,140.0,2 hr 20 min,Economy,6610.0,,,True,91cbf26fd67f,Non-stop
SCR_GF_1789055794_004,2026-09-10 21:26:31,2026-10-10,30,google_flights,DEL,BOM,DEL-BOM,DEL,BOM,IndiGo,IndiGo,,3:00 AM,5:20 AM,140.0,2 hr 20 min,Economy,6425.0,,,True,5f07aae5708e,Non-stop
SCR_GF_1789055794_005,2026-09-10 21:26:31,2026-10-10,30,google_flights,DEL,BOM,DEL-BOM,DEL,BOM,IndiGo,IndiGo,,7:15 AM,9:30 AM,135.0,2 hr 15 min,Economy,6425.0,,,True,63dbc123f235,Non-stop
SCR_GF_1789055794_006,2026-09-10 21:26:31,2026-10-10,30,google_flights,DEL,BOM,DEL-BOM,DEL,BOM,IndiGo,IndiGo,,8:00 AM,10:20 AM,140.0,2 hr 20 min,Economy,6425.0,,,True,6e7c642ac439,Non-stop
SCR_GF_1789055794_007,2026-09-10 21:26:31,2026-10-10,30,google_flights,DEL,BOM,DEL-BOM,DEL,BOM,IndiGo,IndiGo,,8:45 AM,11:00 AM,135.0,2 hr 15 min,Economy,6425.0,,,True,3879750e87e7,Non-stop
SCR_GF_1789055794_008,2026-09-10 21:26:31,2026-10-10,30,google_flights,DEL,BOM,DEL-BOM,DEL,BOM,IndiGo,IndiGo,,9:30 AM,11:55 AM,145.0,2 hr 25 min,Economy,6425.0,,,True,b3eb3dc28b9c,Non-stop
SCR_GF_1789055794_009,2026-09-10 21:26:31,2026-10-10,30,google_flights,DEL,BOM,DEL-BOM,DEL,BOM,IndiGo,IndiGo,,10:15 AM,12:35 PM,140.0,2 hr 20 min,Economy,6425.0,,,True,259375d01f6d,Non-stop
SCR_GF_1789055794_010,2026-09-10 21:26:31,2026-10-10,30,google_flights,DEL,BOM,DEL-BOM,DEL,BOM,IndiGo,IndiGo,,11:00 AM,1:15 PM,135.0,2 hr 15 min,Economy,6425.0,,,True,b7ae017feb8f,Non-stop
SCR_GF_1789055794_011,2026-09-10 21:26:31,2026-10-10,30,google_flights,DEL,BOM,DEL-BOM,DEL,BOM,IndiGo,IndiGo,,12:00 PM,2:15 PM,135.0,2 hr 15 min,Economy,6425.0,,,True,788651c246d0,Non-stop
SCR_GF_1789055794_012,2026-09-10 21:26:31,2026-10-10,30,google_flights,DEL,BOM,DEL-BOM,DEL,BOM,IndiGo,IndiGo,,1:00 PM,3:10 PM,130.0,2 hr 10 min,Economy,6425.0,,,True,06ec7f3a9321,Non-stop
SCR_GF_1789055794_013,2026-09-10 21:26:31,2026-10-10,30,google_flights,DEL,BOM,DEL-BOM,DEL,BOM,IndiGo,IndiGo,,2:45 PM,5:00 PM,135.0,2 hr 15 min,Economy,6425.0,,,True,4a136d3d77e7,Non-stop
SCR_GF_1789055794_014,2026-09-10 21:26:31,2026-10-10,30,google_flights,DEL,BOM,DEL-BOM,DEL,BOM,IndiGo,IndiGo,,3:30 PM,5:45 PM,135.0,2 hr 15 min,Economy,6425.0,,,True,f56feeb89b60,Non-stop
SCR_GF_1789055794_015,2026-09-10 21:26:31,2026-10-10,30,google_flights,DEL,BOM,DEL-BOM,DEL,BOM,IndiGo,IndiGo,,4:15 PM,6:35 PM,140.0,2 hr 20 min,Economy,6425.0,,,True,1337133eb351,Non-stop
SCR_GF_1789055794_016,2026-09-10 21:26:31,2026-10-10,30,google_flights,DEL,BOM,DEL-BOM,DEL,BOM,IndiGo,IndiGo,,7:00 PM,9:25 PM,145.0,2 hr 25 min,Economy,6425.0,,,True,c51a079bcff0,Non-stop
SCR_GF_1789055794_017,2026-09-10 21:26:31,2026-10-10,30,google_flights,DEL,BOM,DEL-BOM,DEL,BOM,IndiGo,IndiGo,,8:00 PM,10:10 PM,130.0,2 hr 10 min,Economy,6425.0,,,True,807443c818a4,Non-stop
SCR_GF_1789055794_018,2026-09-10 21:26:31,2026-10-10,30,google_flights,DEL,BOM,DEL-BOM,DEL,BOM,IndiGo,IndiGo,,10:45 PM,1:05 AM,140.0,2 hr 20 min,Economy,6425.0,,,True,a04c4d4fa897,Non-stop
SCR_GF_1789055794_019,2026-09-10 21:26:31,2026-10-10,30,google_flights,DEL,BOM,DEL-BOM,DEL,BOM,IndiGo,IndiGo,,11:30 PM,1:45 AM,135.0,2 hr 15 min,Economy,6425.0,,,True,22c074a5b1a9,Non-stop
SCR_GF_1789055794_020,2026-09-10 21:26:31,2026-10-10,30,google_flights,DEL,BOM,DEL-BOM,DEL,BOM,Air India,Air India,,11:00 PM,1:25 AM,145.0,2 hr 25 min,Economy,6566.0,,,True,b743649f621e,Non-stop
SCR_GF_1789055794_021,2026-09-10 21:26:31,2026-10-10,30,google_flights,DEL,BOM,DEL-BOM,DEL,BOM,Air India,Air India,,5:00 AM,7:25 AM,145.0,2 hr 25 min,Economy,6582.0,,,True,e2b4e1b77b0d,Non-stop
SCR_GF_1789055794_022,2026-09-10 21:26:31,2026-10-10,30,google_flights,DEL,BOM,DEL-BOM,DEL,BOM,Air India,Air India,,7:00 AM,9:25 AM,145.0,2 hr 25 min,Economy,6582.0,,,True,2683acd59e88,Non-stop
SCR_GF_1789055794_023,2026-09-10 21:26:31,2026-10-10,30,google_flights,DEL,BOM,DEL-BOM,DEL,BOM,Air India,Air India,,8:30 AM,10:45 AM,135.0,2 hr 15 min,Economy,6582.0,,,True,7c6e46e682da,Non-stop
SCR_GF_1789055794_024,2026-09-10 21:26:31,2026-10-10,30,google_flights,DEL,BOM,DEL-BOM,DEL,BOM,Air India,Air India,,9:00 AM,11:15 AM,135.0,2 hr 15 min,Economy,6582.0,,,True,d7a32b121acb,Non-stop
SCR_GF_1789055794_025,2026-09-10 21:26:31,2026-10-10,30,google_flights,DEL,BOM,DEL-BOM,DEL,BOM,Air India,Air India,,9:30 AM,12:00 PM,150.0,2 hr 30 min,Economy,6582.0,,,True,436be2ae6703,Non-stop
SCR_GF_1789055794_026,2026-09-10 21:26:31,2026-10-10,30,google_flights,DEL,BOM,DEL-BOM,DEL,BOM,Air India,Air India,,10:00 AM,12:25 PM,145.0,2 hr 25 min,Economy,6582.0,,,True,16d76f998f3f,Non-stop
SCR_GF_1789055794_027,2026-09-10 21:26:31,2026-10-10,30,google_flights,DEL,BOM,DEL-BOM,DEL,BOM,Air India,Air India,,10:30 AM,12:50 PM,140.0,2 hr 20 min,Economy,6582.0,,,True,fdb38777ea3d,Non-stop
SCR_GF_1789055794_028,2026-09-10 21:26:31,2026-10-10,30,google_flights,DEL,BOM,DEL-BOM,DEL,BOM,Air India,Air India,,11:00 AM,1:25 PM,145.0,2 hr 25 min,Economy,6582.0,,,True,d6bb0fff35f9,Non-stop
SCR_GF_1789055794_029,2026-09-10 21:26:31,2026-10-10,30,google_flights,DEL,BOM,DEL-BOM,DEL,BOM,Air India,Air India,,2:10 PM,4:35 PM,145.0,2 hr 25 min,Economy,6582.0,,,True,6a2dbaddaf6c,Non-stop
SCR_GF_1789055794_030,2026-09-10 21:26:31,2026-10-10,30,google_flights,DEL,BOM,DEL-BOM,DEL,BOM,Air India,Air India,,5:00 PM,7:25 PM,145.0,2 hr 25 min,Economy,6582.0,,,True,7c59e62928e1,Non-stop
SCR_GF_1789055794_031,2026-09-10 21:26:31,2026-10-10,30,google_flights,DEL,BOM,DEL-BOM,DEL,BOM,Air India,Air India,,8:30 PM,11:00 PM,150.0,2 hr 30 min,Economy,6582.0,,,True,e0aeec220f4d,Non-stop
SCR_GF_1789055794_032,2026-09-10 21:26:31,2026-10-10,30,google_flights,DEL,BOM,DEL-BOM,DEL,BOM,IndiGo,IndiGo,,5:00 AM,7:15 AM,135.0,2 hr 15 min,Economy,6583.0,,,True,f954af0a6296,Non-stop
SCR_GF_1789055794_033,2026-09-10 21:26:31,2026-10-10,30,google_flights,DEL,BOM,DEL-BOM,DEL,BOM,IndiGo,IndiGo,,6:05 AM,8:20 AM,135.0,2 hr 15 min,Economy,6583.0,,,True,c5d5ddde8b92,Non-stop
SCR_GF_1789055794_034,2026-09-10 21:26:31,2026-10-10,30,google_flights,DEL,BOM,DEL-BOM,DEL,BOM,IndiGo,IndiGo,,8:45 PM,11:00 PM,135.0,2 hr 15 min,Economy,6583.0,,,True,0c26bcafa802,Non-stop
SCR_GF_1789055794_035,2026-09-10 21:26:31,2026-10-10,30,google_flights,DEL,BOM,DEL-BOM,DEL,BOM,IndiGo,IndiGo,,9:45 PM,12:05 AM,140.0,2 hr 20 min,Economy,6583.0,,,True,13ee82a9b843,Non-stop
SCR_GF_1789055794_036,2026-09-10 21:26:31,2026-10-10,30,google_flights,DEL,BOM,DEL-BOM,DEL,BOM,Air India Express,Air India Express,,11:25 PM,1:50 AM,145.0,2 hr 25 min,Economy,6610.0,,,True,8fc3331dd16a,Non-stop
SCR_GF_1789055794_037,2026-09-10 21:26:31,2026-10-10,30,google_flights,DEL,BOM,DEL-BOM,DEL,BOM,Air India,Air India,,6:30 AM,8:50 AM,140.0,2 hr 20 min,Economy,6740.0,,,True,d501d61636a8,Non-stop
SCR_GF_1789055794_038,2026-09-10 21:26:31,2026-10-10,30,google_flights,DEL,BOM,DEL-BOM,DEL,BOM,Air India,Air India,,9:00 PM,11:20 PM,140.0,2 hr 20 min,Economy,6740.0,,,True,aab16ffc4b14,Non-stop
SCR_GF_1789055794_039,2026-09-10 21:26:31,2026-10-10,30,google_flights,DEL,BOM,DEL-BOM,DEL,BOM,Air India,Air India,,7:30 AM,9:55 AM,145.0,2 hr 25 min,Economy,6745.0,,,True,366c7a4be84c,Non-stop
SCR_GF_1789055794_040,2026-09-10 21:26:31,2026-10-10,30,google_flights,DEL,BOM,DEL-BOM,DEL,BOM,Air India,Air India,,12:00 PM,2:25 PM,145.0,2 hr 25 min,Economy,6745.0,,,True,c7038f5802db,Non-stop
SCR_GF_1789055794_041,2026-09-10 21:26:31,2026-10-10,30,google_flights,DEL,BOM,DEL-BOM,DEL,BOM,Air India,Air India,,4:00 PM,6:25 PM,145.0,2 hr 25 min,Economy,6745.0,,,True,c265c8555d56,Non-stop
SCR_GF_1789055794_042,2026-09-10 21:26:31,2026-10-10,30,google_flights,DEL,BOM,DEL-BOM,DEL,BOM,Air India,Air India,,7:30 PM,9:55 PM,145.0,2 hr 25 min,Economy,6745.0,,,True,8fc1e1b5d8fc,Non-stop
SCR_GF_1789055794_043,2026-09-10 21:26:31,2026-10-10,30,google_flights,DEL,BOM,DEL-BOM,DEL,BOM,SpiceJet,SpiceJet,,9:55 AM,12:25 PM,150.0,2 hr 30 min,Economy,6778.0,,,True,5b722ec8b188,Non-stop
SCR_GF_1789055794_044,2026-09-10 21:26:31,2026-10-10,30,google_flights,DEL,BOM,DEL-BOM,DEL,BOM,SpiceJet,SpiceJet,,10:30 PM,12:50 AM,140.0,2 hr 20 min,Economy,6778.0,,,True,b403e105de59,Non-stop
SCR_GF_1789055794_045,2026-09-10 21:26:31,2026-10-10,30,google_flights,DEL,BOM,DEL-BOM,DEL,BOM,IndiGo,IndiGo,,2:00 PM,4:25 PM,145.0,2 hr 25 min,Economy,6793.0,,,True,3ed629434213,Non-stop
SCR_GF_1789055794_046,2026-09-10 21:26:31,2026-10-10,30,google_flights,DEL,BOM,DEL-BOM,DEL,BOM,IndiGo,IndiGo,,5:00 PM,7:15 PM,135.0,2 hr 15 min,Economy,6793.0,,,True,5f039192ee7f,Non-stop
SCR_GF_1789055794_047,2026-09-10 21:26:31,2026-10-10,30,google_flights,DEL,BOM,DEL-BOM,DEL,BOM,Akasa Air,Akasa Air,,6:50 AM,9:10 AM,140.0,2 hr 20 min,Economy,6880.0,,,True,99b07ab61e54,Non-stop
SCR_GF_1789055794_048,2026-09-10 21:26:31,2026-10-10,30,google_flights,DEL,BOM,DEL-BOM,DEL,BOM,Akasa Air,Akasa Air,,8:40 AM,11:05 AM,145.0,2 hr 25 min,Economy,6880.0,,,True,15ced266f116,Non-stop
SCR_GF_1789055794_049,2026-09-10 21:26:31,2026-10-10,30,google_flights,DEL,BOM,DEL-BOM,DEL,BOM,Akasa Air,Akasa Air,,10:00 AM,12:20 PM,140.0,2 hr 20 min,Economy,6880.0,,,True,764d11f5ac89,Non-stop
SCR_GF_1789055794_050,2026-09-10 21:26:31,2026-10-10,30,google_flights,DEL,BOM,DEL-BOM,DEL,BOM,Akasa Air,Akasa Air,,4:00 PM,6:20 PM,140.0,2 hr 20 min,Economy,6880.0,,,True,d6a6da5d6f6d,Non-stop
SCR_GF_1789055794_051,2026-09-10 21:26:31,2026-10-10,30,google_flights,DEL,BOM,DEL-BOM,DEL,BOM,Akasa Air,Akasa Air,,5:30 PM,7:50 PM,140.0,2 hr 20 min,Economy,6880.0,,,True,51c82774cf9c,Non-stop
SCR_GF_1789055794_052,2026-09-10 21:26:31,2026-10-10,30,google_flights,DEL,BOM,DEL-BOM,DEL,BOM,Akasa Air,Akasa Air,,7:55 PM,10:20 PM,145.0,2 hr 25 min,Economy,6880.0,,,True,8009d0d5cb08,Non-stop
SCR_GF_1789055794_053,2026-09-10 21:26:31,2026-10-10,30,google_flights,DEL,BOM,DEL-BOM,DEL,BOM,Air India,Air India,,6:00 PM,8:25 PM,145.0,2 hr 25 min,Economy,6902.0,,,True,5db3a20a05fa,Non-stop
SCR_GF_1789055794_054,2026-09-10 21:26:31,2026-10-10,30,google_flights,DEL,BOM,DEL-BOM,DEL,BOM,Air India,Air India,,7:00 PM,9:25 PM,145.0,2 hr 25 min,Economy,6902.0,,,True,42eedcd17d69,Non-stop
SCR_GF_1789055794_055,2026-09-10 21:26:31,2026-10-10,30,google_flights,DEL,BOM,DEL-BOM,DEL,BOM,Air India,Air India,,9:30 PM,11:55 PM,145.0,2 hr 25 min,Economy,6908.0,,,True,4db1c48aeece,Non-stop
SCR_GF_1789055794_056,2026-09-10 21:26:31,2026-10-10,30,google_flights,DEL,BOM,DEL-BOM,DEL,BOM,Air India,Air India,,1:30 PM,3:50 PM,140.0,2 hr 20 min,Economy,8042.0,,,True,abf2ebd60d39,Non-stop
SCR_GF_1789055794_057,2026-09-10 21:26:31,2026-10-10,30,google_flights,DEL,BOM,DEL-BOM,DEL,BOM,IndiGo,IndiGo,,6:00,8:15,135.0,2 hr 15 min,Economy,6425.0,,,True,2f39dd2e77d1,Non-stop
SCR_GF_1789055794_058,2026-09-10 21:26:31,2026-10-10,30,google_flights,DEL,BOM,DEL-BOM,DEL,BOM,Air India,Air India,,3:30,5:55,145.0,2 hr 25 min,Economy,6582.0,,,True,e60aab976d11,Non-stop
SCR_GF_1789055794_059,2026-09-10 21:26:31,2026-10-10,30,google_flights,DEL,BOM,DEL-BOM,DEL,BOM,Air India Express,Air India Express,,5:50,8:10,140.0,2 hr 20 min,Economy,6610.0,,,True,5da441720252,Non-stop
SCR_GF_1789055794_060,2026-09-10 21:26:31,2026-10-10,30,google_flights,DEL,BOM,DEL-BOM,DEL,BOM,IndiGo,IndiGo,,3:00,5:20,140.0,2 hr 20 min,Economy,6425.0,,,True,3f8c23901bf9,Non-stop
SCR_GF_1789055794_061,2026-09-10 21:26:31,2026-10-10,30,google_flights,DEL,BOM,DEL-BOM,DEL,BOM,IndiGo,IndiGo,,7:15,9:30,135.0,2 hr 15 min,Economy,6425.0,,,True,f823fd6debe9,Non-stop
SCR_GF_1789055794_063,2026-09-10 21:26:31,2026-10-10,30,google_flights,DEL,BOM,DEL-BOM,DEL,BOM,IndiGo,IndiGo,,8:45,11:00,135.0,2 hr 15 min,Economy,6425.0,,,True,2db9255e3188,Non-stop
SCR_GF_1789055794_064,2026-09-10 21:26:31,2026-10-10,30,google_flights,DEL,BOM,DEL-BOM,DEL,BOM,IndiGo,IndiGo,,9:30,11:55,145.0,2 hr 25 min,Economy,6425.0,,,True,659b3b50491c,Non-stop
SCR_GF_1789055794_065,2026-09-10 21:26:31,2026-10-10,30,google_flights,DEL,BOM,DEL-BOM,DEL,BOM,IndiGo,IndiGo,,10:15,12:35,140.0,2 hr 20 min,Economy,6425.0,,,True,c156f9366074,Non-stop
SCR_GF_1789055794_066,2026-09-10 21:26:31,2026-10-10,30,google_flights,DEL,BOM,DEL-BOM,DEL,BOM,IndiGo,IndiGo,,11:00,1:15,135.0,2 hr 15 min,Economy,6425.0,,,True,dea605da12b9,Non-stop
SCR_GF_1789055794_067,2026-09-10 21:26:31,2026-10-10,30,google_flights,DEL,BOM,DEL-BOM,DEL,BOM,IndiGo,IndiGo,,12:00,2:15,135.0,2 hr 15 min,Economy,6425.0,,,True,89e9298ca197,Non-stop
SCR_GF_1789055794_068,2026-09-10 21:26:31,2026-10-10,30,google_flights,DEL,BOM,DEL-BOM,DEL,BOM,IndiGo,IndiGo,,1:00,3:10,130.0,2 hr 10 min,Economy,6425.0,,,True,2222e5d5e5ec,Non-stop
SCR_GF_1789055794_069,2026-09-10 21:26:31,2026-10-10,30,google_flights,DEL,BOM,DEL-BOM,DEL,BOM,IndiGo,IndiGo,,2:45,5:00,135.0,2 hr 15 min,Economy,6425.0,,,True,a1b3a0f64750,Non-stop
SCR_GF_1789055794_070,2026-09-10 21:26:31,2026-10-10,30,google_flights,DEL,BOM,DEL-BOM,DEL,BOM,IndiGo,IndiGo,,3:30,5:45,135.0,2 hr 15 min,Economy,6425.0,,,True,6a5213a782bd,Non-stop
SCR_GF_1789055794_071,2026-09-10 21:26:31,2026-10-10,30,google_flights,DEL,BOM,DEL-BOM,DEL,BOM,IndiGo,IndiGo,,4:15,6:35,140.0,2 hr 20 min,Economy,6425.0,,,True,802bc789c49a,Non-stop
SCR_GF_1789055794_072,2026-09-10 21:26:31,2026-10-10,30,google_flights,DEL,BOM,DEL-BOM,DEL,BOM,IndiGo,IndiGo,,7:00,9:25,145.0,2 hr 25 min,Economy,6425.0,,,True,1ac5c10e1a11,Non-stop
SCR_GF_1789055794_073,2026-09-10 21:26:31,2026-10-10,30,google_flights,DEL,BOM,DEL-BOM,DEL,BOM,IndiGo,IndiGo,,8:00,10:10,130.0,2 hr 10 min,Economy,6425.0,,,True,6abd6aa755fd,Non-stop
SCR_GF_1789055795_074,2026-09-10 21:26:31,2026-10-10,30,google_flights,DEL,BOM,DEL-BOM,DEL,BOM,IndiGo,IndiGo,,10:45,1:05 AM,140.0,2 hr 20 min,Economy,6425.0,,,True,2dbb794201dd,Non-stop
SCR_GF_1789055795_075,2026-09-10 21:26:31,2026-10-10,30,google_flights,DEL,BOM,DEL-BOM,DEL,BOM,IndiGo,IndiGo,,11:30,1:45 AM,135.0,2 hr 15 min,Economy,6425.0,,,True,91fbcbb421e8,Non-stop
SCR_GF_1789055795_076,2026-09-10 21:26:31,2026-10-10,30,google_flights,DEL,BOM,DEL-BOM,DEL,BOM,Air India,Air India,,11:00,1:25 AM,145.0,2 hr 25 min,Economy,6566.0,,,True,14a9ed26b9be,Non-stop
SCR_GF_1789055795_078,2026-09-10 21:26:31,2026-10-10,30,google_flights,DEL,BOM,DEL-BOM,DEL,BOM,Air India,Air India,,7:00,9:25,145.0,2 hr 25 min,Economy,6582.0,,,True,e87f3588599e,Non-stop
SCR_GF_1789055795_080,2026-09-10 21:26:31,2026-10-10,30,google_flights,DEL,BOM,DEL-BOM,DEL,BOM,Air India,Air India,,9:00,11:15,135.0,2 hr 15 min,Economy,6582.0,,,True,aa6a276ec2ab,Non-stop
SCR_GF_1789055795_081,2026-09-10 21:26:31,2026-10-10,30,google_flights,DEL,BOM,DEL-BOM,DEL,BOM,Air India,Air India,,9:30,12:00,150.0,2 hr 30 min,Economy,6582.0,,,True,edbe52c5e551,Non-stop
SCR_GF_1789055795_082,2026-09-10 21:26:31,2026-10-10,30,google_flights,DEL,BOM,DEL-BOM,DEL,BOM,Air India,Air India,,10:00,12:25,145.0,2 hr 25 min,Economy,6582.0,,,True,c3a171276366,Non-stop
SCR_GF_1789055795_083,2026-09-10 21:26:31,2026-10-10,30,google_flights,DEL,BOM,DEL-BOM,DEL,BOM,Air India,Air India,,10:30,12:50,140.0,2 hr 20 min,Economy,6582.0,,,True,e21a52d79f24,Non-stop
SCR_GF_1789055795_084,2026-09-10 21:26:31,2026-10-10,30,google_flights,DEL,BOM,DEL-BOM,DEL,BOM,Air India,Air India,,11:00,1:25,145.0,2 hr 25 min,Economy,6582.0,,,True,c3609d39f69d,Non-stop
SCR_GF_1789055795_085,2026-09-10 21:26:31,2026-10-10,30,google_flights,DEL,BOM,DEL-BOM,DEL,BOM,Air India,Air India,,2:10,4:35,145.0,2 hr 25 min,Economy,6582.0,,,True,c3046def5b61,Non-stop
SCR_GF_1789055795_086,2026-09-10 21:26:31,2026-10-10,30,google_flights,DEL,BOM,DEL-BOM,DEL,BOM,Air India,Air India,,5:00,7:25,145.0,2 hr 25 min,Economy,6582.0,,,True,fbdd1aea58bf,Non-stop
SCR_GF_1789055795_087,2026-09-10 21:26:31,2026-10-10,30,google_flights,DEL,BOM,DEL-BOM,DEL,BOM,Air India,Air India,,8:30,11:00,150.0,2 hr 30 min,Economy,6582.0,,,True,7286a3a85438,Non-stop
SCR_GF_1789055795_088,2026-09-10 21:26:31,2026-10-10,30,google_flights,DEL,BOM,DEL-BOM,DEL,BOM,IndiGo,IndiGo,,5:00,7:15,135.0,2 hr 15 min,Economy,6583.0,,,True,4cb8d60e8191,Non-stop
SCR_GF_1789055795_089,2026-09-10 21:26:31,2026-10-10,30,google_flights,DEL,BOM,DEL-BOM,DEL,BOM,IndiGo,IndiGo,,6:05,8:20,135.0,2 hr 15 min,Economy,6583.0,,,True,e08363c9b028,Non-stop
SCR_GF_1789055795_090,2026-09-10 21:26:31,2026-10-10,30,google_flights,DEL,BOM,DEL-BOM,DEL,BOM,IndiGo,IndiGo,,8:45,11:00,135.0,2 hr 15 min,Economy,6583.0,,,True,091ad09f96ad,Non-stop
SCR_GF_1789055795_091,2026-09-10 21:26:31,2026-10-10,30,google_flights,DEL,BOM,DEL-BOM,DEL,BOM,IndiGo,IndiGo,,9:45,12:05 AM,140.0,2 hr 20 min,Economy,6583.0,,,True,0a87ae63b8d2,Non-stop
SCR_GF_1789055795_092,2026-09-10 21:26:31,2026-10-10,30,google_flights,DEL,BOM,DEL-BOM,DEL,BOM,Air India Express,Air India Express,,11:25,1:50 AM,145.0,2 hr 25 min,Economy,6610.0,,,True,5b3101408b11,Non-stop
SCR_GF_1789055795_093,2026-09-10 21:26:31,2026-10-10,30,google_flights,DEL,BOM,DEL-BOM,DEL,BOM,Air India,Air India,,6:30,8:50,140.0,2 hr 20 min,Economy,6740.0,,,True,28d994020fa1,Non-stop
SCR_GF_1789055795_094,2026-09-10 21:26:31,2026-10-10,30,google_flights,DEL,BOM,DEL-BOM,DEL,BOM,Air India,Air India,,9:00,11:20,140.0,2 hr 20 min,Economy,6740.0,,,True,0d510c537e37,Non-stop
SCR_GF_1789055795_096,2026-09-10 21:26:31,2026-10-10,30,google_flights,DEL,BOM,DEL-BOM,DEL,BOM,Air India,Air India,,12:00,2:25,145.0,2 hr 25 min,Economy,6745.0,,,True,691dc75cd714,Non-stop
SCR_GF_1789055795_097,2026-09-10 21:26:31,2026-10-10,30,google_flights,DEL,BOM,DEL-BOM,DEL,BOM,Air India,Air India,,4:00,6:25,145.0,2 hr 25 min,Economy,6745.0,,,True,1f14a538f96e,Non-stop
SCR_GF_1789055796_098,2026-09-10 21:26:31,2026-10-10,30,google_flights,DEL,BOM,DEL-BOM,DEL,BOM,Air India,Air India,,7:30,9:55,145.0,2 hr 25 min,Economy,6745.0,,,True,f26081cffb99,Non-stop
SCR_GF_1789055796_099,2026-09-10 21:26:31,2026-10-10,30,google_flights,DEL,BOM,DEL-BOM,DEL,BOM,SpiceJet,SpiceJet,,9:55,12:25,150.0,2 hr 30 min,Economy,6778.0,,,True,21fbee3e77b1,Non-stop
SCR_GF_1789055796_100,2026-09-10 21:26:31,2026-10-10,30,google_flights,DEL,BOM,DEL-BOM,DEL,BOM,SpiceJet,SpiceJet,,10:30,12:50 AM,140.0,2 hr 20 min,Economy,6778.0,,,True,3ec4c1dbb546,Non-stop
SCR_GF_1789055796_101,2026-09-10 21:26:31,2026-10-10,30,google_flights,DEL,BOM,DEL-BOM,DEL,BOM,IndiGo,IndiGo,,2:00,4:25,145.0,2 hr 25 min,Economy,6793.0,,,True,bb649024eaa4,Non-stop
SCR_GF_1789055796_102,2026-09-10 21:26:31,2026-10-10,30,google_flights,DEL,BOM,DEL-BOM,DEL,BOM,IndiGo,IndiGo,,5:00,7:15,135.0,2 hr 15 min,Economy,6793.0,,,True,a38322ffbad2,Non-stop
SCR_GF_1789055796_103,2026-09-10 21:26:31,2026-10-10,30,google_flights,DEL,BOM,DEL-BOM,DEL,BOM,Akasa Air,Akasa Air,,6:50,9:10,140.0,2 hr 20 min,Economy,6880.0,,,True,ba11ff6c42e6,Non-stop
SCR_GF_1789055796_104,2026-09-10 21:26:31,2026-10-10,30,google_flights,DEL,BOM,DEL-BOM,DEL,BOM,Akasa Air,Akasa Air,,8:40,11:05,145.0,2 hr 25 min,Economy,6880.0,,,True,f8fb25ec50f8,Non-stop
SCR_GF_1789055796_105,2026-09-10 21:26:31,2026-10-10,30,google_flights,DEL,BOM,DEL-BOM,DEL,BOM,Akasa Air,Akasa Air,,10:00,12:20,140.0,2 hr 20 min,Economy,6880.0,,,True,058d51fdad35,Non-stop
SCR_GF_1789055796_106,2026-09-10 21:26:31,2026-10-10,30,google_flights,DEL,BOM,DEL-BOM,DEL,BOM,Akasa Air,Akasa Air,,4:00,6:20,140.0,2 hr 20 min,Economy,6880.0,,,True,279e8853fc4d,Non-stop
SCR_GF_1789055796_107,2026-09-10 21:26:31,2026-10-10,30,google_flights,DEL,BOM,DEL-BOM,DEL,BOM,Akasa Air,Akasa Air,,5:30,7:50,140.0,2 hr 20 min,Economy,6880.0,,,True,c313ef9de255,Non-stop
SCR_GF_1789055796_108,2026-09-10 21:26:31,2026-10-10,30,google_flights,DEL,BOM,DEL-BOM,DEL,BOM,Akasa Air,Akasa Air,,7:55,10:20,145.0,2 hr 25 min,Economy,6880.0,,,True,0f92d61b4d38,Non-stop
SCR_GF_1789055796_109,2026-09-10 21:26:31,2026-10-10,30,google_flights,DEL,BOM,DEL-BOM,DEL,BOM,Air India,Air India,,6:00,8:25,145.0,2 hr 25 min,Economy,6902.0,,,True,09789ce50dcb,Non-stop
SCR_GF_1789055796_110,2026-09-10 21:26:31,2026-10-10,30,google_flights,DEL,BOM,DEL-BOM,DEL,BOM,Air India,Air India,,7:00,9:25,145.0,2 hr 25 min,Economy,6902.0,,,True,fa50f2550b8b,Non-stop
SCR_GF_1789055796_111,2026-09-10 21:26:31,2026-10-10,30,google_flights,DEL,BOM,DEL-BOM,DEL,BOM,Air India,Air India,,9:30,11:55,145.0,2 hr 25 min,Economy,6908.0,,,True,64bb8c8bb089,Non-stop
SCR_GF_1789055796_112,2026-09-10 21:26:31,2026-10-10,30,google_flights,DEL,BOM,DEL-BOM,DEL,BOM,Air India,Air India,,1:30,3:50,140.0,2 hr 20 min,Economy,8042.0,,,True,5d95cf3b059b,Non-stop
SCR_GF_1789055798_001,2026-09-10 21:26:36,2026-09-11,1,google_flights,DEL,BLR,DEL-BLR,DEL,BLR,IndiGo,IndiGo,,11:30 PM,2:25 AM,175.0,2 hr 55 min,Economy,8724.0,,,True,aa001ce52f5b,Non-stop
SCR_GF_1789055798_002,2026-09-10 21:26:36,2026-09-11,1,google_flights,DEL,BLR,DEL-BLR,DEL,BLR,Air India,Air India,,8:30 AM,11:20 AM,170.0,2 hr 50 min,Economy,8883.0,,,True,199d28639243,Non-stop
SCR_GF_1789055798_003,2026-09-10 21:26:36,2026-09-11,1,google_flights,DEL,BLR,DEL-BLR,DEL,BLR,Akasa Air,Akasa Air,,9:55 PM,12:50 AM,175.0,2 hr 55 min,Economy,9179.0,,,True,be2f2e578048,Non-stop
SCR_GF_1789055798_004,2026-09-10 21:26:36,2026-09-11,1,google_flights,DEL,BLR,DEL-BLR,DEL,BLR,IndiGo,IndiGo,,7:45 PM,1:00 AM,315.0,5 hr 15 min,Economy,8465.0,,,False,826e8e129b00,1 stop
SCR_GF_1789055798_005,2026-09-10 21:26:36,2026-09-11,1,google_flights,DEL,BLR,DEL-BLR,DEL,BLR,Air India,Air India,,12:15 AM,3:10 AM,175.0,2 hr 55 min,Economy,8731.0,,,True,a458235da783,Non-stop
SCR_GF_1789055798_006,2026-09-10 21:26:36,2026-09-11,1,google_flights,DEL,BLR,DEL-BLR,DEL,BLR,Air India,Air India,,6:30 AM,9:25 AM,175.0,2 hr 55 min,Economy,8883.0,,,True,df5a3e454784,Non-stop
SCR_GF_1789055798_007,2026-09-10 21:26:36,2026-09-11,1,google_flights,DEL,BLR,DEL-BLR,DEL,BLR,Air India,Air India,,7:00 AM,9:55 AM,175.0,2 hr 55 min,Economy,9340.0,,,True,c207c6b92157,Non-stop
SCR_GF_1789055798_008,2026-09-10 21:26:36,2026-09-11,1,google_flights,DEL,BLR,DEL-BLR,DEL,BLR,Air India,Air India,,9:30 AM,12:25 PM,175.0,2 hr 55 min,Economy,9340.0,,,True,911714292194,Non-stop
SCR_GF_1789055798_009,2026-09-10 21:26:36,2026-09-11,1,google_flights,DEL,BLR,DEL-BLR,DEL,BLR,Air India,Air India,,3:50 PM,6:45 PM,175.0,2 hr 55 min,Economy,9340.0,,,True,0ec8ad779ece,Non-stop
SCR_GF_1789055798_010,2026-09-10 21:26:36,2026-09-11,1,google_flights,DEL,BLR,DEL-BLR,DEL,BLR,Akasa Air,Akasa Air,,8:10 PM,11:10 PM,180.0,3 hr,Economy,9342.0,,,True,b1f4caae8ef9,Non-stop
SCR_GF_1789055798_011,2026-09-10 21:26:36,2026-09-11,1,google_flights,DEL,BLR,DEL-BLR,DEL,BLR,Air India,Air India,,3:00 PM,5:55 PM,175.0,2 hr 55 min,Economy,9497.0,,,True,78d73265aac9,Non-stop
SCR_GF_1789055798_012,2026-09-10 21:26:36,2026-09-11,1,google_flights,DEL,BLR,DEL-BLR,DEL,BLR,IndiGo,IndiGo,,7:05 AM,10:00 AM,175.0,2 hr 55 min,Economy,9666.0,,,True,a88dc9a836ce,Non-stop
SCR_GF_1789055799_013,2026-09-10 21:26:36,2026-09-11,1,google_flights,DEL,BLR,DEL-BLR,DEL,BLR,IndiGo,IndiGo,,8:20 AM,11:10 AM,170.0,2 hr 50 min,Economy,9666.0,,,True,ae2f80de46ad,Non-stop
SCR_GF_1789055799_014,2026-09-10 21:26:36,2026-09-11,1,google_flights,DEL,BLR,DEL-BLR,DEL,BLR,IndiGo,IndiGo,,9:30 AM,12:25 PM,175.0,2 hr 55 min,Economy,9666.0,,,True,7e8276ac586b,Non-stop
SCR_GF_1789055799_015,2026-09-10 21:26:36,2026-09-11,1,google_flights,DEL,BLR,DEL-BLR,DEL,BLR,IndiGo,IndiGo,,3:45 PM,6:40 PM,175.0,2 hr 55 min,Economy,9666.0,,,True,e1d447d8e4ea,Non-stop
SCR_GF_1789055799_016,2026-09-10 21:26:36,2026-09-11,1,google_flights,DEL,BLR,DEL-BLR,DEL,BLR,Air India,Air India,,10:30 AM,1:20 PM,170.0,2 hr 50 min,Economy,9823.0,,,True,06c38cf6d62a,Non-stop
SCR_GF_1789055799_017,2026-09-10 21:26:36,2026-09-11,1,google_flights,DEL,BLR,DEL-BLR,DEL,BLR,Air India,Air India,,4:30 PM,7:15 PM,165.0,2 hr 45 min,Economy,9823.0,,,True,e318ff479c59,Non-stop
SCR_GF_1789055799_018,2026-09-10 21:26:36,2026-09-11,1,google_flights,DEL,BLR,DEL-BLR,DEL,BLR,Air India,Air India,,1:00 PM,3:55 PM,175.0,2 hr 55 min,Economy,9991.0,,,True,196e1b7f66e2,Non-stop
SCR_GF_1789055799_019,2026-09-10 21:26:36,2026-09-11,1,google_flights,DEL,BLR,DEL-BLR,DEL,BLR,Akasa Air,Akasa Air,,10:55 PM,1:45 AM,170.0,2 hr 50 min,Economy,10030.0,,,True,fc9af57bf76b,Non-stop
SCR_GF_1789055799_020,2026-09-10 21:26:36,2026-09-11,1,google_flights,DEL,BLR,DEL-BLR,DEL,BLR,Air India Express,Air India Express,,9:00 PM,11:55 PM,175.0,2 hr 55 min,Economy,10079.0,,,True,06127d7707ad,Non-stop
SCR_GF_1789055799_021,2026-09-10 21:26:36,2026-09-11,1,google_flights,DEL,BLR,DEL-BLR,DEL,BLR,IndiGo,IndiGo,,10:45 AM,1:40 PM,175.0,2 hr 55 min,Economy,10180.0,,,True,31c18861b978,Non-stop
SCR_GF_1789055799_022,2026-09-10 21:26:36,2026-09-11,1,google_flights,DEL,BLR,DEL-BLR,DEL,BLR,IndiGo,IndiGo,,2:30 PM,5:25 PM,175.0,2 hr 55 min,Economy,10180.0,,,True,569236907401,Non-stop
SCR_GF_1789055799_023,2026-09-10 21:26:36,2026-09-11,1,google_flights,DEL,BLR,DEL-BLR,DEL,BLR,IndiGo,IndiGo,,10:00 PM,12:55 AM,175.0,2 hr 55 min,Economy,10180.0,,,True,3062b82991de,Non-stop
SCR_GF_1789055799_024,2026-09-10 21:26:36,2026-09-11,1,google_flights,DEL,BLR,DEL-BLR,DEL,BLR,IndiGo,IndiGo,,3:00 AM,5:55 AM,175.0,2 hr 55 min,Economy,10727.0,,,True,c14d6bc063f0,Non-stop
SCR_GF_1789055799_025,2026-09-10 21:26:36,2026-09-11,1,google_flights,DEL,BLR,DEL-BLR,DEL,BLR,IndiGo,IndiGo,,5:45 AM,8:40 AM,175.0,2 hr 55 min,Economy,10727.0,,,True,71ff91b8116c,Non-stop
SCR_GF_1789055799_026,2026-09-10 21:26:36,2026-09-11,1,google_flights,DEL,BLR,DEL-BLR,DEL,BLR,IndiGo,IndiGo,,1:15 PM,4:10 PM,175.0,2 hr 55 min,Economy,10727.0,,,True,f704bfe75b8f,Non-stop
SCR_GF_1789055799_027,2026-09-10 21:26:36,2026-09-11,1,google_flights,DEL,BLR,DEL-BLR,DEL,BLR,IndiGo,IndiGo,,5:00 PM,7:55 PM,175.0,2 hr 55 min,Economy,10727.0,,,True,209b082536cb,Non-stop
SCR_GF_1789055799_028,2026-09-10 21:26:36,2026-09-11,1,google_flights,DEL,BLR,DEL-BLR,DEL,BLR,IndiGo,IndiGo,,6:20 PM,9:10 PM,170.0,2 hr 50 min,Economy,11309.0,,,True,d24a4ecc5359,Non-stop
SCR_GF_1789055799_029,2026-09-10 21:26:36,2026-09-11,1,google_flights,DEL,BLR,DEL-BLR,DEL,BLR,IndiGo,IndiGo,,7:30 PM,10:25 PM,175.0,2 hr 55 min,Economy,11309.0,,,True,c84f37891c1b,Non-stop
SCR_GF_1789055799_030,2026-09-10 21:26:36,2026-09-11,1,google_flights,DEL,BLR,DEL-BLR,DEL,BLR,Akasa Air,Akasa Air,,8:55 PM,11:50 PM,175.0,2 hr 55 min,Economy,11368.0,,,True,924667f898c9,Non-stop
SCR_GF_1789055799_031,2026-09-10 21:26:36,2026-09-11,1,google_flights,DEL,BLR,DEL-BLR,DEL,BLR,Air India Express,Air India Express,,6:20 PM,9:15 PM,175.0,2 hr 55 min,Economy,11559.0,,,True,6265b4ed09d8,Non-stop
SCR_GF_1789055799_040,2026-09-10 21:26:36,2026-09-11,1,google_flights,DEL,BLR,DEL-BLR,DEL,BLR,IndiGo,IndiGo,,11:30,2:25 AM,175.0,2 hr 55 min,Economy,8724.0,,,True,9430f596279d,Non-stop
SCR_GF_1789055799_041,2026-09-10 21:26:36,2026-09-11,1,google_flights,DEL,BLR,DEL-BLR,DEL,BLR,Air India,Air India,,8:30,11:20,170.0,2 hr 50 min,Economy,8883.0,,,True,fe0c54232293,Non-stop
SCR_GF_1789055799_042,2026-09-10 21:26:36,2026-09-11,1,google_flights,DEL,BLR,DEL-BLR,DEL,BLR,Akasa Air,Akasa Air,,9:55,12:50 AM,175.0,2 hr 55 min,Economy,9179.0,,,True,0d47ef0d80f1,Non-stop
SCR_GF_1789055799_043,2026-09-10 21:26:36,2026-09-11,1,google_flights,DEL,BLR,DEL-BLR,DEL,BLR,IndiGo,IndiGo,,7:45,1:00 AM,315.0,5 hr 15 min,Economy,8465.0,,,False,8851df384bd1,1 stop
SCR_GF_1789055800_044,2026-09-10 21:26:36,2026-09-11,1,google_flights,DEL,BLR,DEL-BLR,DEL,BLR,Air India,Air India,,12:15,3:10,175.0,2 hr 55 min,Economy,8731.0,,,True,93908cb86bc8,Non-stop
SCR_GF_1789055800_045,2026-09-10 21:26:36,2026-09-11,1,google_flights,DEL,BLR,DEL-BLR,DEL,BLR,Air India,Air India,,6:30,9:25,175.0,2 hr 55 min,Economy,8883.0,,,True,4c232b39c395,Non-stop
SCR_GF_1789055800_046,2026-09-10 21:26:36,2026-09-11,1,google_flights,DEL,BLR,DEL-BLR,DEL,BLR,Air India,Air India,,7:00,9:55,175.0,2 hr 55 min,Economy,9340.0,,,True,c13393d96350,Non-stop
SCR_GF_1789055800_047,2026-09-10 21:26:36,2026-09-11,1,google_flights,DEL,BLR,DEL-BLR,DEL,BLR,Air India,Air India,,9:30,12:25,175.0,2 hr 55 min,Economy,9340.0,,,True,ce7934606ef2,Non-stop
SCR_GF_1789055800_048,2026-09-10 21:26:36,2026-09-11,1,google_flights,DEL,BLR,DEL-BLR,DEL,BLR,Air India,Air India,,3:50,6:45,175.0,2 hr 55 min,Economy,9340.0,,,True,72be17120a9b,Non-stop
SCR_GF_1789055800_049,2026-09-10 21:26:36,2026-09-11,1,google_flights,DEL,BLR,DEL-BLR,DEL,BLR,Akasa Air,Akasa Air,,8:10,11:10,180.0,3 hr,Economy,9342.0,,,True,d5ed7d78c8ee,Non-stop
SCR_GF_1789055800_050,2026-09-10 21:26:36,2026-09-11,1,google_flights,DEL,BLR,DEL-BLR,DEL,BLR,Air India,Air India,,3:00,5:55,175.0,2 hr 55 min,Economy,9497.0,,,True,32ec6bf58d76,Non-stop
SCR_GF_1789055800_051,2026-09-10 21:26:36,2026-09-11,1,google_flights,DEL,BLR,DEL-BLR,DEL,BLR,IndiGo,IndiGo,,7:05,10:00,175.0,2 hr 55 min,Economy,9666.0,,,True,d20ea97f484e,Non-stop
SCR_GF_1789055800_052,2026-09-10 21:26:36,2026-09-11,1,google_flights,DEL,BLR,DEL-BLR,DEL,BLR,IndiGo,IndiGo,,8:20,11:10,170.0,2 hr 50 min,Economy,9666.0,,,True,d6d4329a5f6d,Non-stop
SCR_GF_1789055800_053,2026-09-10 21:26:36,2026-09-11,1,google_flights,DEL,BLR,DEL-BLR,DEL,BLR,IndiGo,IndiGo,,9:30,12:25,175.0,2 hr 55 min,Economy,9666.0,,,True,dc34014c1cc6,Non-stop
SCR_GF_1789055800_054,2026-09-10 21:26:36,2026-09-11,1,google_flights,DEL,BLR,DEL-BLR,DEL,BLR,IndiGo,IndiGo,,3:45,6:40,175.0,2 hr 55 min,Economy,9666.0,,,True,a57823d0dba3,Non-stop
SCR_GF_1789055800_055,2026-09-10 21:26:36,2026-09-11,1,google_flights,DEL,BLR,DEL-BLR,DEL,BLR,Air India,Air India,,10:30,1:20,170.0,2 hr 50 min,Economy,9823.0,,,True,083e4fd94296,Non-stop
SCR_GF_1789055800_056,2026-09-10 21:26:36,2026-09-11,1,google_flights,DEL,BLR,DEL-BLR,DEL,BLR,Air India,Air India,,4:30,7:15,165.0,2 hr 45 min,Economy,9823.0,,,True,d5cd92bbbc1b,Non-stop
SCR_GF_1789055800_057,2026-09-10 21:26:36,2026-09-11,1,google_flights,DEL,BLR,DEL-BLR,DEL,BLR,Air India,Air India,,1:00,3:55,175.0,2 hr 55 min,Economy,9991.0,,,True,7a579834d8c1,Non-stop
SCR_GF_1789055800_058,2026-09-10 21:26:36,2026-09-11,1,google_flights,DEL,BLR,DEL-BLR,DEL,BLR,Akasa Air,Akasa Air,,10:55,1:45 AM,170.0,2 hr 50 min,Economy,10030.0,,,True,462641e5f218,Non-stop
SCR_GF_1789055800_059,2026-09-10 21:26:36,2026-09-11,1,google_flights,DEL,BLR,DEL-BLR,DEL,BLR,Air India Express,Air India Express,,9:00,11:55,175.0,2 hr 55 min,Economy,10079.0,,,True,44b322cfb052,Non-stop
SCR_GF_1789055800_060,2026-09-10 21:26:36,2026-09-11,1,google_flights,DEL,BLR,DEL-BLR,DEL,BLR,IndiGo,IndiGo,,10:45,1:40,175.0,2 hr 55 min,Economy,10180.0,,,True,340f162c79f9,Non-stop
SCR_GF_1789055800_061,2026-09-10 21:26:36,2026-09-11,1,google_flights,DEL,BLR,DEL-BLR,DEL,BLR,IndiGo,IndiGo,,2:30,5:25,175.0,2 hr 55 min,Economy,10180.0,,,True,2a5ca84f9793,Non-stop
SCR_GF_1789055800_062,2026-09-10 21:26:36,2026-09-11,1,google_flights,DEL,BLR,DEL-BLR,DEL,BLR,IndiGo,IndiGo,,10:00,12:55 AM,175.0,2 hr 55 min,Economy,10180.0,,,True,1dda96053069,Non-stop
SCR_GF_1789055800_063,2026-09-10 21:26:36,2026-09-11,1,google_flights,DEL,BLR,DEL-BLR,DEL,BLR,IndiGo,IndiGo,,3:00,5:55,175.0,2 hr 55 min,Economy,10727.0,,,True,b51850204654,Non-stop
SCR_GF_1789055800_064,2026-09-10 21:26:36,2026-09-11,1,google_flights,DEL,BLR,DEL-BLR,DEL,BLR,IndiGo,IndiGo,,5:45,8:40,175.0,2 hr 55 min,Economy,10727.0,,,True,391359185803,Non-stop
SCR_GF_1789055800_065,2026-09-10 21:26:36,2026-09-11,1,google_flights,DEL,BLR,DEL-BLR,DEL,BLR,IndiGo,IndiGo,,1:15,4:10,175.0,2 hr 55 min,Economy,10727.0,,,True,8c13b9e33e3e,Non-stop
SCR_GF_1789055800_066,2026-09-10 21:26:36,2026-09-11,1,google_flights,DEL,BLR,DEL-BLR,DEL,BLR,IndiGo,IndiGo,,5:00,7:55,175.0,2 hr 55 min,Economy,10727.0,,,True,f53706f3839f,Non-stop
SCR_GF_1789055800_067,2026-09-10 21:26:36,2026-09-11,1,google_flights,DEL,BLR,DEL-BLR,DEL,BLR,IndiGo,IndiGo,,6:20,9:10,170.0,2 hr 50 min,Economy,11309.0,,,True,c2e00ba29e2e,Non-stop
SCR_GF_1789055800_068,2026-09-10 21:26:36,2026-09-11,1,google_flights,DEL,BLR,DEL-BLR,DEL,BLR,IndiGo,IndiGo,,7:30,10:25,175.0,2 hr 55 min,Economy,11309.0,,,True,d9df8e46d5cb,Non-stop
SCR_GF_1789055800_069,2026-09-10 21:26:36,2026-09-11,1,google_flights,DEL,BLR,DEL-BLR,DEL,BLR,Akasa Air,Akasa Air,,8:55,11:50,175.0,2 hr 55 min,Economy,11368.0,,,True,caccc0509ffa,Non-stop
SCR_GF_1789055800_070,2026-09-10 21:26:36,2026-09-11,1,google_flights,DEL,BLR,DEL-BLR,DEL,BLR,Air India Express,Air India Express,,6:20,9:15,175.0,2 hr 55 min,Economy,11559.0,,,True,269b5f5ab806,Non-stop
SCR_GF_1789055800_071,2026-09-10 21:26:36,2026-09-11,1,google_flights,DEL,BLR,DEL-BLR,DEL,BLR,IndiGo,IndiGo,,12:20,3:20,180.0,3 hr,Economy,11925.0,,,True,8b381bb90ea1,Non-stop
SCR_GF_1789055800_072,2026-09-10 21:26:36,2026-09-11,1,google_flights,DEL,BLR,DEL-BLR,DEL,BLR,Air India,Air India,,6:00,8:55,175.0,2 hr 55 min,Economy,12080.0,,,True,7ca2d2a52882,Non-stop
SCR_GF_1789055800_073,2026-09-10 21:26:36,2026-09-11,1,google_flights,DEL,BLR,DEL-BLR,DEL,BLR,Air India,Air India,,6:30,9:25,175.0,2 hr 55 min,Economy,12080.0,,,True,986a5c283a96,Non-stop
SCR_GF_1789055800_074,2026-09-10 21:26:36,2026-09-11,1,google_flights,DEL,BLR,DEL-BLR,DEL,BLR,Air India,Air India,,7:00,9:55,175.0,2 hr 55 min,Economy,12080.0,,,True,77b1f664cbb0,Non-stop
SCR_GF_1789055800_075,2026-09-10 21:26:36,2026-09-11,1,google_flights,DEL,BLR,DEL-BLR,DEL,BLR,Air India,Air India,,7:30,10:20,170.0,2 hr 50 min,Economy,12295.0,,,True,6275191419e6,Non-stop
SCR_GF_1789055800_076,2026-09-10 21:26:36,2026-09-11,1,google_flights,DEL,BLR,DEL-BLR,DEL,BLR,Akasa Air,Akasa Air,,4:40,7:40,180.0,3 hr,Economy,12446.0,,,True,40b9dc823992,Non-stop
SCR_GF_1789055800_077,2026-09-10 21:26:36,2026-09-11,1,google_flights,DEL,BLR,DEL-BLR,DEL,BLR,IndiGo,IndiGo,,8:45,11:40,175.0,2 hr 55 min,Economy,12582.0,,,True,79af4b08708f,Non-stop
SCR_GF_1789055800_078,2026-09-10 21:26:36,2026-09-11,1,google_flights,DEL,BLR,DEL-BLR,DEL,BLR,Air India,Air India,,9:30,12:25 AM,175.0,2 hr 55 min,Economy,15514.0,,,True,f862928d0bca,Non-stop
SCR_GF_1789055803_001,2026-09-10 21:26:40,2026-09-17,7,google_flights,DEL,BLR,DEL-BLR,DEL,BLR,IndiGo,IndiGo,,1:15 PM,4:10 PM,175.0,2 hr 55 min,Economy,8724.0,,,True,c1740ae068d1,Non-stop
SCR_GF_1789055803_002,2026-09-10 21:26:40,2026-09-17,7,google_flights,DEL,BLR,DEL-BLR,DEL,BLR,Air India,Air India,,1:00 PM,3:55 PM,175.0,2 hr 55 min,Economy,8883.0,,,True,0848d559de17,Non-stop
SCR_GF_1789055803_003,2026-09-10 21:26:40,2026-09-17,7,google_flights,DEL,BLR,DEL-BLR,DEL,BLR,Akasa Air,Akasa Air,,10:55 PM,1:45 AM,170.0,2 hr 50 min,Economy,9179.0,,,True,4cd1e4ccce0d,Non-stop
SCR_GF_1789055803_004,2026-09-10 21:26:40,2026-09-17,7,google_flights,DEL,BLR,DEL-BLR,DEL,BLR,IndiGo,IndiGo,,3:00 AM,5:55 AM,175.0,2 hr 55 min,Economy,8724.0,,,True,1fba898b21fe,Non-stop
SCR_GF_1789055803_005,2026-09-10 21:26:40,2026-09-17,7,google_flights,DEL,BLR,DEL-BLR,DEL,BLR,IndiGo,IndiGo,,5:45 AM,8:40 AM,175.0,2 hr 55 min,Economy,8724.0,,,True,7bc6f286bb0f,Non-stop
SCR_GF_1789055803_006,2026-09-10 21:26:40,2026-09-17,7,google_flights,DEL,BLR,DEL-BLR,DEL,BLR,IndiGo,IndiGo,,7:05 AM,10:00 AM,175.0,2 hr 55 min,Economy,8724.0,,,True,7c0c4de5f907,Non-stop
SCR_GF_1789055803_007,2026-09-10 21:26:40,2026-09-17,7,google_flights,DEL,BLR,DEL-BLR,DEL,BLR,IndiGo,IndiGo,,8:20 AM,11:10 AM,170.0,2 hr 50 min,Economy,8724.0,,,True,4a1d9b39f4e7,Non-stop
SCR_GF_1789055803_008,2026-09-10 21:26:40,2026-09-17,7,google_flights,DEL,BLR,DEL-BLR,DEL,BLR,IndiGo,IndiGo,,9:30 AM,12:25 PM,175.0,2 hr 55 min,Economy,8724.0,,,True,0dcc75c756f4,Non-stop
SCR_GF_1789055803_009,2026-09-10 21:26:40,2026-09-17,7,google_flights,DEL,BLR,DEL-BLR,DEL,BLR,IndiGo,IndiGo,,10:45 AM,1:40 PM,175.0,2 hr 55 min,Economy,8724.0,,,True,46bc131c8dfe,Non-stop
SCR_GF_1789055803_010,2026-09-10 21:26:40,2026-09-17,7,google_flights,DEL,BLR,DEL-BLR,DEL,BLR,IndiGo,IndiGo,,12:20 PM,3:20 PM,180.0,3 hr,Economy,8724.0,,,True,9a935ff9ec2b,Non-stop
SCR_GF_1789055804_039,2026-09-10 21:26:40,2026-09-17,7,google_flights,DEL,BLR,DEL-BLR,DEL,BLR,IndiGo,IndiGo,,1:15,4:10,175.0,2 hr 55 min,Economy,8724.0,,,True,bc1e5b69de38,Non-stop
SCR_GF_1789055804_040,2026-09-10 21:26:40,2026-09-17,7,google_flights,DEL,BLR,DEL-BLR,DEL,BLR,Air India,Air India,,1:00,3:55,175.0,2 hr 55 min,Economy,8883.0,,,True,d87fc627e926,Non-stop
SCR_GF_1789055804_041,2026-09-10 21:26:40,2026-09-17,7,google_flights,DEL,BLR,DEL-BLR,DEL,BLR,Akasa Air,Akasa Air,,10:55,1:45 AM,170.0,2 hr 50 min,Economy,9179.0,,,True,000eaac50fce,Non-stop
SCR_GF_1789055804_042,2026-09-10 21:26:40,2026-09-17,7,google_flights,DEL,BLR,DEL-BLR,DEL,BLR,IndiGo,IndiGo,,3:00,5:55,175.0,2 hr 55 min,Economy,8724.0,,,True,18b4b01ba458,Non-stop
SCR_GF_1789055804_043,2026-09-10 21:26:40,2026-09-17,7,google_flights,DEL,BLR,DEL-BLR,DEL,BLR,IndiGo,IndiGo,,5:45,8:40,175.0,2 hr 55 min,Economy,8724.0,,,True,7e56e2dfaa66,Non-stop
SCR_GF_1789055804_044,2026-09-10 21:26:40,2026-09-17,7,google_flights,DEL,BLR,DEL-BLR,DEL,BLR,IndiGo,IndiGo,,7:05,10:00,175.0,2 hr 55 min,Economy,8724.0,,,True,0da7a21eeaab,Non-stop
SCR_GF_1789055804_045,2026-09-10 21:26:40,2026-09-17,7,google_flights,DEL,BLR,DEL-BLR,DEL,BLR,IndiGo,IndiGo,,8:20,11:10,170.0,2 hr 50 min,Economy,8724.0,,,True,394a1d58bba9,Non-stop
SCR_GF_1789055804_046,2026-09-10 21:26:40,2026-09-17,7,google_flights,DEL,BLR,DEL-BLR,DEL,BLR,IndiGo,IndiGo,,9:30,12:25,175.0,2 hr 55 min,Economy,8724.0,,,True,4ed89bfe609c,Non-stop
SCR_GF_1789055804_047,2026-09-10 21:26:40,2026-09-17,7,google_flights,DEL,BLR,DEL-BLR,DEL,BLR,IndiGo,IndiGo,,10:45,1:40,175.0,2 hr 55 min,Economy,8724.0,,,True,ba85aee1365c,Non-stop
SCR_GF_1789055804_048,2026-09-10 21:26:40,2026-09-17,7,google_flights,DEL,BLR,DEL-BLR,DEL,BLR,IndiGo,IndiGo,,12:20,3:20,180.0,3 hr,Economy,8724.0,,,True,b0a032f2e847,Non-stop
SCR_GF_1789055804_049,2026-09-10 21:26:40,2026-09-17,7,google_flights,DEL,BLR,DEL-BLR,DEL,BLR,IndiGo,IndiGo,,2:30,5:25,175.0,2 hr 55 min,Economy,8724.0,,,True,2558ecd0fefe,Non-stop
SCR_GF_1789055804_050,2026-09-10 21:26:40,2026-09-17,7,google_flights,DEL,BLR,DEL-BLR,DEL,BLR,IndiGo,IndiGo,,3:45,6:40,175.0,2 hr 55 min,Economy,8724.0,,,True,5a7ddd7f3caa,Non-stop
SCR_GF_1789055804_051,2026-09-10 21:26:40,2026-09-17,7,google_flights,DEL,BLR,DEL-BLR,DEL,BLR,IndiGo,IndiGo,,5:00,7:55,175.0,2 hr 55 min,Economy,8724.0,,,True,69898bdaf8d4,Non-stop
SCR_GF_1789055804_052,2026-09-10 21:26:40,2026-09-17,7,google_flights,DEL,BLR,DEL-BLR,DEL,BLR,IndiGo,IndiGo,,8:45,11:40,175.0,2 hr 55 min,Economy,8724.0,,,True,1bdb45df35ec,Non-stop
SCR_GF_1789055804_053,2026-09-10 21:26:40,2026-09-17,7,google_flights,DEL,BLR,DEL-BLR,DEL,BLR,IndiGo,IndiGo,,10:00,12:55 AM,175.0,2 hr 55 min,Economy,8724.0,,,True,0740de1e08c8,Non-stop
SCR_GF_1789055804_054,2026-09-10 21:26:40,2026-09-17,7,google_flights,DEL,BLR,DEL-BLR,DEL,BLR,IndiGo,IndiGo,,11:30,2:25 AM,175.0,2 hr 55 min,Economy,8724.0,,,True,de893d94ef2a,Non-stop
SCR_GF_1789055804_055,2026-09-10 21:26:40,2026-09-17,7,google_flights,DEL,BLR,DEL-BLR,DEL,BLR,Air India,Air India,,12:15,3:10,175.0,2 hr 55 min,Economy,8731.0,,,True,7efd80071200,Non-stop
SCR_GF_1789055804_056,2026-09-10 21:26:40,2026-09-17,7,google_flights,DEL,BLR,DEL-BLR,DEL,BLR,Air India,Air India,,4:30,7:20,170.0,2 hr 50 min,Economy,8883.0,,,True,5103131fce03,Non-stop
SCR_GF_1789055804_057,2026-09-10 21:26:40,2026-09-17,7,google_flights,DEL,BLR,DEL-BLR,DEL,BLR,Air India,Air India,,6:00,8:55,175.0,2 hr 55 min,Economy,8883.0,,,True,dbcbdbb94f13,Non-stop
SCR_GF_1789055804_058,2026-09-10 21:26:40,2026-09-17,7,google_flights,DEL,BLR,DEL-BLR,DEL,BLR,Air India,Air India,,6:30,9:25,175.0,2 hr 55 min,Economy,8883.0,,,True,be11f9914b59,Non-stop
SCR_GF_1789055804_059,2026-09-10 21:26:40,2026-09-17,7,google_flights,DEL,BLR,DEL-BLR,DEL,BLR,Air India,Air India,,7:00,9:55,175.0,2 hr 55 min,Economy,8883.0,,,True,3abe5fa428af,Non-stop
SCR_GF_1789055804_060,2026-09-10 21:26:40,2026-09-17,7,google_flights,DEL,BLR,DEL-BLR,DEL,BLR,Air India,Air India,,8:30,11:20,170.0,2 hr 50 min,Economy,8883.0,,,True,834595e71e86,Non-stop
SCR_GF_1789055804_061,2026-09-10 21:26:40,2026-09-17,7,google_flights,DEL,BLR,DEL-BLR,DEL,BLR,Air India,Air India,,9:30,12:25,175.0,2 hr 55 min,Economy,8883.0,,,True,9748961accfe,Non-stop
SCR_GF_1789055804_062,2026-09-10 21:26:40,2026-09-17,7,google_flights,DEL,BLR,DEL-BLR,DEL,BLR,Air India,Air India,,10:30,1:20,170.0,2 hr 50 min,Economy,8883.0,,,True,010ceda04ee9,Non-stop
SCR_GF_1789055804_063,2026-09-10 21:26:40,2026-09-17,7,google_flights,DEL,BLR,DEL-BLR,DEL,BLR,Air India,Air India,,3:00,5:55,175.0,2 hr 55 min,Economy,8883.0,,,True,08a447ab0c6f,Non-stop
SCR_GF_1789055804_064,2026-09-10 21:26:40,2026-09-17,7,google_flights,DEL,BLR,DEL-BLR,DEL,BLR,Air India,Air India,,3:50,6:45,175.0,2 hr 55 min,Economy,8883.0,,,True,88c171dd3361,Non-stop
SCR_GF_1789055804_065,2026-09-10 21:26:40,2026-09-17,7,google_flights,DEL,BLR,DEL-BLR,DEL,BLR,Air India Express,Air India Express,,9:00,11:55,175.0,2 hr 55 min,Economy,9173.0,,,True,dafe54fa1074,Non-stop
SCR_GF_1789055804_066,2026-09-10 21:26:40,2026-09-17,7,google_flights,DEL,BLR,DEL-BLR,DEL,BLR,Akasa Air,Akasa Air,,8:10,11:10,180.0,3 hr,Economy,9179.0,,,True,abaeca2df7a6,Non-stop
SCR_GF_1789055804_067,2026-09-10 21:26:40,2026-09-17,7,google_flights,DEL,BLR,DEL-BLR,DEL,BLR,Akasa Air,Akasa Air,,8:55,11:50,175.0,2 hr 55 min,Economy,9179.0,,,True,b7ddc3e6ea3f,Non-stop
SCR_GF_1789055804_068,2026-09-10 21:26:40,2026-09-17,7,google_flights,DEL,BLR,DEL-BLR,DEL,BLR,Akasa Air,Akasa Air,,9:55,12:50 AM,175.0,2 hr 55 min,Economy,9179.0,,,True,cf4c7876cf96,Non-stop
SCR_GF_1789055804_069,2026-09-10 21:26:40,2026-09-17,7,google_flights,DEL,BLR,DEL-BLR,DEL,BLR,IndiGo,IndiGo,,6:20,9:10,170.0,2 hr 50 min,Economy,9181.0,,,True,33e048ec530d,Non-stop
SCR_GF_1789055804_070,2026-09-10 21:26:40,2026-09-17,7,google_flights,DEL,BLR,DEL-BLR,DEL,BLR,IndiGo,IndiGo,,7:30,10:25,175.0,2 hr 55 min,Economy,9181.0,,,True,3cd9792ad863,Non-stop
SCR_GF_1789055804_071,2026-09-10 21:26:40,2026-09-17,7,google_flights,DEL,BLR,DEL-BLR,DEL,BLR,Air India,Air India,,4:30,7:15,165.0,2 hr 45 min,Economy,9340.0,,,True,d7bd3ddcde45,Non-stop
SCR_GF_1789055804_072,2026-09-10 21:26:40,2026-09-17,7,google_flights,DEL,BLR,DEL-BLR,DEL,BLR,Air India,Air India,,9:30,12:25 AM,175.0,2 hr 55 min,Economy,9340.0,,,True,945855e7dd59,Non-stop
SCR_GF_1789055804_073,2026-09-10 21:26:40,2026-09-17,7,google_flights,DEL,BLR,DEL-BLR,DEL,BLR,Air India Express,Air India Express,,6:20,9:15,175.0,2 hr 55 min,Economy,9430.0,,,True,42f0445a7d76,Non-stop
SCR_GF_1789055804_074,2026-09-10 21:26:40,2026-09-17,7,google_flights,DEL,BLR,DEL-BLR,DEL,BLR,Air India,Air India,,7:00,9:55,175.0,2 hr 55 min,Economy,9823.0,,,True,b204e0f444f8,Non-stop
SCR_GF_1789055804_075,2026-09-10 21:26:40,2026-09-17,7,google_flights,DEL,BLR,DEL-BLR,DEL,BLR,Air India,Air India,,7:30,10:20,170.0,2 hr 50 min,Economy,9823.0,,,True,8fbaca2857bb,Non-stop
SCR_GF_1789055804_076,2026-09-10 21:26:40,2026-09-17,7,google_flights,DEL,BLR,DEL-BLR,DEL,BLR,Air India,Air India,,6:30,9:25,175.0,2 hr 55 min,Economy,10883.0,,,True,2af711b26cef,Non-stop
SCR_GF_1789055808_001,2026-09-10 21:26:44,2026-10-10,30,google_flights,DEL,BLR,DEL-BLR,DEL,BLR,IndiGo,IndiGo,,5:00 PM,7:55 PM,175.0,2 hr 55 min,Economy,8724.0,,,True,645cfe975739,Non-stop
SCR_GF_1789055808_041,2026-09-10 21:26:44,2026-10-10,30,google_flights,DEL,BLR,DEL-BLR,DEL,BLR,IndiGo,IndiGo,,5:00,7:55,175.0,2 hr 55 min,Economy,8724.0,,,True,eca559bf6d16,Non-stop
SCR_GF_1789055808_042,2026-09-10 21:26:44,2026-10-10,30,google_flights,DEL,BLR,DEL-BLR,DEL,BLR,Air India Express,Air India Express,,10:00,12:55 AM,175.0,2 hr 55 min,Economy,9173.0,,,True,05c13a9a275f,Non-stop
SCR_GF_1789055808_043,2026-09-10 21:26:44,2026-10-10,30,google_flights,DEL,BLR,DEL-BLR,DEL,BLR,Akasa Air,Akasa Air,,4:40,7:40,180.0,3 hr,Economy,9179.0,,,True,f2ac9bbd48a6,Non-stop
SCR_GF_1789055808_044,2026-09-10 21:26:44,2026-10-10,30,google_flights,DEL,BLR,DEL-BLR,DEL,BLR,Air India,Air India,,3:50,6:45,175.0,2 hr 55 min,Economy,9340.0,,,True,90cded236782,Non-stop
SCR_GF_1789055808_045,2026-09-10 21:26:44,2026-10-10,30,google_flights,DEL,BLR,DEL-BLR,DEL,BLR,IndiGo,IndiGo,,5:45,8:40,175.0,2 hr 55 min,Economy,8724.0,,,True,df7b3a372361,Non-stop
SCR_GF_1789055808_046,2026-09-10 21:26:44,2026-10-10,30,google_flights,DEL,BLR,DEL-BLR,DEL,BLR,IndiGo,IndiGo,,8:20,11:10,170.0,2 hr 50 min,Economy,8724.0,,,True,2e1e57bf7a15,Non-stop
SCR_GF_1789055808_047,2026-09-10 21:26:44,2026-10-10,30,google_flights,DEL,BLR,DEL-BLR,DEL,BLR,IndiGo,IndiGo,,11:30,2:25 AM,175.0,2 hr 55 min,Economy,8724.0,,,True,d2a50af97813,Non-stop
SCR_GF_1789055808_048,2026-09-10 21:26:44,2026-10-10,30,google_flights,DEL,BLR,DEL-BLR,DEL,BLR,IndiGo,IndiGo,,3:00,5:55,175.0,2 hr 55 min,Economy,9181.0,,,True,4822ac74bf2d,Non-stop
SCR_GF_1789055808_049,2026-09-10 21:26:44,2026-10-10,30,google_flights,DEL,BLR,DEL-BLR,DEL,BLR,IndiGo,IndiGo,,9:30,12:25,175.0,2 hr 55 min,Economy,9181.0,,,True,c4f50f288c04,Non-stop
SCR_GF_1789055808_050,2026-09-10 21:26:44,2026-10-10,30,google_flights,DEL,BLR,DEL-BLR,DEL,BLR,IndiGo,IndiGo,,12:15,3:20,185.0,3 hr 5 min,Economy,9181.0,,,True,033528eb5793,Non-stop
SCR_GF_1789055808_051,2026-09-10 21:26:44,2026-10-10,30,google_flights,DEL,BLR,DEL-BLR,DEL,BLR,IndiGo,IndiGo,,2:30,5:25,175.0,2 hr 55 min,Economy,9181.0,,,True,fd89971d88eb,Non-stop
SCR_GF_1789055808_052,2026-09-10 21:26:44,2026-10-10,30,google_flights,DEL,BLR,DEL-BLR,DEL,BLR,IndiGo,IndiGo,,3:45,6:40,175.0,2 hr 55 min,Economy,9181.0,,,True,c8e49da5e9cc,Non-stop
SCR_GF_1789055808_053,2026-09-10 21:26:44,2026-10-10,30,google_flights,DEL,BLR,DEL-BLR,DEL,BLR,IndiGo,IndiGo,,6:20,9:10,170.0,2 hr 50 min,Economy,9181.0,,,True,977a65cebd0c,Non-stop
SCR_GF_1789055808_054,2026-09-10 21:26:44,2026-10-10,30,google_flights,DEL,BLR,DEL-BLR,DEL,BLR,IndiGo,IndiGo,,8:45,11:40,175.0,2 hr 55 min,Economy,9181.0,,,True,d6c1ceced7ca,Non-stop
SCR_GF_1789055808_055,2026-09-10 21:26:44,2026-10-10,30,google_flights,DEL,BLR,DEL-BLR,DEL,BLR,Air India,Air India,,12:15,3:10,175.0,2 hr 55 min,Economy,9187.0,,,True,f34e57510b5e,Non-stop
SCR_GF_1789055808_058,2026-09-10 21:26:44,2026-10-10,30,google_flights,DEL,BLR,DEL-BLR,DEL,BLR,Air India,Air India,,6:00,8:55,175.0,2 hr 55 min,Economy,9340.0,,,True,4c5a7d987c01,Non-stop
SCR_GF_1789055808_059,2026-09-10 21:26:44,2026-10-10,30,google_flights,DEL,BLR,DEL-BLR,DEL,BLR,Air India,Air India,,6:30,9:25,175.0,2 hr 55 min,Economy,9340.0,,,True,20e76f6c4997,Non-stop
SCR_GF_1789055808_060,2026-09-10 21:26:44,2026-10-10,30,google_flights,DEL,BLR,DEL-BLR,DEL,BLR,Air India,Air India,,7:00,9:55,175.0,2 hr 55 min,Economy,9340.0,,,True,6c481f69973c,Non-stop
SCR_GF_1789055808_061,2026-09-10 21:26:44,2026-10-10,30,google_flights,DEL,BLR,DEL-BLR,DEL,BLR,Akasa Air,Akasa Air,,10:55,2:05 AM,190.0,3 hr 10 min,Economy,9342.0,,,True,3df41a8adfb4,Non-stop
SCR_GF_1789055808_062,2026-09-10 21:26:44,2026-10-10,30,google_flights,DEL,BLR,DEL-BLR,DEL,BLR,Air India,Air India,,8:30,11:20,170.0,2 hr 50 min,Economy,9497.0,,,True,f9cb6a12df3a,Non-stop
SCR_GF_1789055808_063,2026-09-10 21:26:44,2026-10-10,30,google_flights,DEL,BLR,DEL-BLR,DEL,BLR,Air India,Air India,,10:30,1:20,170.0,2 hr 50 min,Economy,9649.0,,,True,f5a0c0fdfa6f,Non-stop
SCR_GF_1789055808_064,2026-09-10 21:26:44,2026-10-10,30,google_flights,DEL,BLR,DEL-BLR,DEL,BLR,IndiGo,IndiGo,,1:05,4:00,175.0,2 hr 55 min,Economy,9666.0,,,True,f40c2b149ade,Non-stop
SCR_GF_1789055808_065,2026-09-10 21:26:44,2026-10-10,30,google_flights,DEL,BLR,DEL-BLR,DEL,BLR,Akasa Air,Akasa Air,,9:55,12:45 AM,170.0,2 hr 50 min,Economy,9678.0,,,True,f6642190edae,Non-stop
SCR_GF_1789055808_068,2026-09-10 21:26:44,2026-10-10,30,google_flights,DEL,BLR,DEL-BLR,DEL,BLR,Air India,Air India,,4:30,7:15,165.0,2 hr 45 min,Economy,9823.0,,,True,07ff16250c4a,Non-stop
SCR_GF_1789055808_069,2026-09-10 21:26:44,2026-10-10,30,google_flights,DEL,BLR,DEL-BLR,DEL,BLR,Air India,Air India,,9:30,12:25 AM,175.0,2 hr 55 min,Economy,9823.0,,,True,4bc4d1a98c8d,Non-stop
SCR_GF_1789055808_070,2026-09-10 21:26:44,2026-10-10,30,google_flights,DEL,BLR,DEL-BLR,DEL,BLR,Akasa Air,Akasa Air,,8:50,11:50,180.0,3 hr,Economy,9851.0,,,True,8d93fae55439,Non-stop
SCR_GF_1789055808_071,2026-09-10 21:26:44,2026-10-10,30,google_flights,DEL,BLR,DEL-BLR,DEL,BLR,Air India Express,Air India Express,,10:25,1:20,175.0,2 hr 55 min,Economy,10492.0,,,True,3e463a6e62f3,Non-stop
SCR_GF_1789055808_072,2026-09-10 21:26:44,2026-10-10,30,google_flights,DEL,BLR,DEL-BLR,DEL,BLR,Air India,Air India,,3:00,5:55,175.0,2 hr 55 min,Economy,10516.0,,,True,8d67d4954a3b,Non-stop
SCR_GF_1789055808_073,2026-09-10 21:26:44,2026-10-10,30,google_flights,DEL,BLR,DEL-BLR,DEL,BLR,IndiGo,IndiGo,,7:05,10:00,175.0,2 hr 55 min,Economy,10727.0,,,True,e4ba86918c84,Non-stop
SCR_GF_1789055808_074,2026-09-10 21:26:44,2026-10-10,30,google_flights,DEL,BLR,DEL-BLR,DEL,BLR,IndiGo,IndiGo,,10:00,12:55 AM,175.0,2 hr 55 min,Economy,10727.0,,,True,ed6acdebfe47,Non-stop
SCR_GF_1789055808_075,2026-09-10 21:26:44,2026-10-10,30,google_flights,DEL,BLR,DEL-BLR,DEL,BLR,Air India,Air India,,7:00,9:55,175.0,2 hr 55 min,Economy,10883.0,,,True,001c4ccf9370,Non-stop
SCR_GF_1789055808_076,2026-09-10 21:26:44,2026-10-10,30,google_flights,DEL,BLR,DEL-BLR,DEL,BLR,IndiGo,IndiGo,,1:15,4:10,175.0,2 hr 55 min,Economy,11309.0,,,True,6e0165c52638,Non-stop
SCR_GF_1789055808_077,2026-09-10 21:26:44,2026-10-10,30,google_flights,DEL,BLR,DEL-BLR,DEL,BLR,Air India,Air India,,1:00,3:55,175.0,2 hr 55 min,Economy,11965.0,,,True,bf60efc575b5,Non-stop
SCR_GF_1789055808_078,2026-09-10 21:26:44,2026-10-10,30,google_flights,DEL,BLR,DEL-BLR,DEL,BLR,IndiGo,IndiGo,,10:45,1:40,175.0,2 hr 55 min,Economy,17464.0,,,True,15a897b7be4f,Non-stop
SCR_GF_1789055808_079,2026-09-10 21:26:44,2026-10-10,30,google_flights,DEL,BLR,DEL-BLR,DEL,BLR,IndiGo,IndiGo,,7:30,10:25,175.0,2 hr 55 min,Economy,18464.0,,,True,733abb85f58a,Non-stop
SCR_GF_1789055808_080,2026-09-10 21:26:44,2026-10-10,30,google_flights,DEL,BLR,DEL-BLR,DEL,BLR,Air India,Air India,,7:30,10:20,170.0,2 hr 50 min,Economy,20690.0,,,True,59b40aa32cdf,Non-stop
SCR_GF_1789055811_001,2026-09-10 21:26:49,2026-09-11,1,google_flights,BOM,BLR,BOM-BLR,BOM,BLR,IndiGo,IndiGo,,9:15 AM,1:35 PM,260.0,4 hr 20 min,Economy,12106.0,,,False,5ccdb921e9a6,1 stop
SCR_GF_1789055811_002,2026-09-10 21:26:49,2026-09-11,1,google_flights,BOM,BLR,BOM-BLR,BOM,BLR,IndiGo,IndiGo,,11:00 AM,12:55 PM,115.0,1 hr 55 min,Economy,16722.0,,,True,058b22e07cf3,Non-stop
SCR_GF_1789055811_003,2026-09-10 21:26:49,2026-09-11,1,google_flights,BOM,BLR,BOM-BLR,BOM,BLR,Air India,Air India,,6:35 AM,8:35 AM,120.0,2 hr,Economy,19076.0,,,True,d0c7946b5cb3,Non-stop
SCR_GF_1789055811_004,2026-09-10 21:26:49,2026-09-11,1,google_flights,BOM,BLR,BOM-BLR,BOM,BLR,IndiGo,IndiGo,,4:40 PM,8:55 PM,255.0,4 hr 15 min,Economy,11975.0,,,False,ae77e3f2b7c1,1 stop
SCR_GF_1789055811_005,2026-09-10 21:26:49,2026-09-11,1,google_flights,BOM,BLR,BOM-BLR,BOM,BLR,IndiGo,IndiGo,,6:30 AM,8:25 AM,115.0,1 hr 55 min,Economy,16722.0,,,True,b6a59dc5f077,Non-stop
SCR_GF_1789055811_006,2026-09-10 21:26:49,2026-09-11,1,google_flights,BOM,BLR,BOM-BLR,BOM,BLR,Air India,Air India,,2:05 AM,4:10 AM,125.0,2 hr 5 min,Economy,19076.0,,,True,e6ccb972d6ba,Non-stop
SCR_GF_1789055811_007,2026-09-10 21:26:49,2026-09-11,1,google_flights,BOM,BLR,BOM-BLR,BOM,BLR,Air India,Air India,,11:40 PM,1:40 AM,120.0,2 hr,Economy,19076.0,,,True,b55735ea548c,Non-stop
SCR_GF_1789055811_008,2026-09-10 21:26:49,2026-09-11,1,google_flights,BOM,BLR,BOM-BLR,BOM,BLR,Air India,Air India,,5:30 PM,7:35 PM,125.0,2 hr 5 min,Economy,19790.0,,,True,6b2c7020060a,Non-stop
SCR_GF_1789055811_009,2026-09-10 21:26:49,2026-09-11,1,google_flights,BOM,BLR,BOM-BLR,BOM,BLR,IndiGo,IndiGo,,9:50 AM,11:55 AM,125.0,2 hr 5 min,Economy,19911.0,,,True,9ce4f8459f76,Non-stop
SCR_GF_1789055811_010,2026-09-10 21:26:49,2026-09-11,1,google_flights,BOM,BLR,BOM-BLR,BOM,BLR,IndiGo,IndiGo,,12:30 PM,2:25 PM,115.0,1 hr 55 min,Economy,19911.0,,,True,bcf0b2e55395,Non-stop
SCR_GF_1789055811_011,2026-09-10 21:26:49,2026-09-11,1,google_flights,BOM,BLR,BOM-BLR,BOM,BLR,IndiGo,IndiGo,,2:30 PM,4:25 PM,115.0,1 hr 55 min,Economy,19911.0,,,True,516cc4f65335,Non-stop
SCR_GF_1789055811_012,2026-09-10 21:26:49,2026-09-11,1,google_flights,BOM,BLR,BOM-BLR,BOM,BLR,IndiGo,IndiGo,,3:35 PM,5:25 PM,110.0,1 hr 50 min,Economy,19911.0,,,True,df4b58bfb80b,Non-stop
SCR_GF_1789055811_013,2026-09-10 21:26:49,2026-09-11,1,google_flights,BOM,BLR,BOM-BLR,BOM,BLR,IndiGo,IndiGo,,5:00 PM,6:55 PM,115.0,1 hr 55 min,Economy,19911.0,,,True,bf1e1100b234,Non-stop
SCR_GF_1789055811_014,2026-09-10 21:26:49,2026-09-11,1,google_flights,BOM,BLR,BOM-BLR,BOM,BLR,IndiGo,IndiGo,,9:30 PM,11:25 PM,115.0,1 hr 55 min,Economy,19911.0,,,True,043a3f10e85a,Non-stop
SCR_GF_1789055811_015,2026-09-10 21:26:49,2026-09-11,1,google_flights,BOM,BLR,BOM-BLR,BOM,BLR,IndiGo,IndiGo,,10:20 PM,12:20 AM,120.0,2 hr,Economy,19911.0,,,True,6d8d76dd88ae,Non-stop
SCR_GF_1789055811_016,2026-09-10 21:26:49,2026-09-11,1,google_flights,BOM,BLR,BOM-BLR,BOM,BLR,Air India,Air India,,7:45 PM,9:50 PM,125.0,2 hr 5 min,Economy,19969.0,,,True,232db19ca681,Non-stop
SCR_GF_1789055811_017,2026-09-10 21:26:49,2026-09-11,1,google_flights,BOM,BLR,BOM-BLR,BOM,BLR,Air India,Air India,,8:45 PM,10:45 PM,120.0,2 hr,Economy,19969.0,,,True,f3bc0b6fd8d2,Non-stop
SCR_GF_1789055811_018,2026-09-10 21:26:49,2026-09-11,1,google_flights,BOM,BLR,BOM-BLR,BOM,BLR,Akasa Air,Akasa Air,,6:25 PM,8:20 PM,115.0,1 hr 55 min,Economy,20048.0,,,True,d78b96cfbbee,Non-stop
SCR_GF_1789055812_019,2026-09-10 21:26:49,2026-09-11,1,google_flights,BOM,BLR,BOM-BLR,BOM,BLR,Akasa Air,Akasa Air,,11:10 PM,1:05 AM,115.0,1 hr 55 min,Economy,20048.0,,,True,d96789edf5b4,Non-stop
SCR_GF_1789055812_028,2026-09-10 21:26:49,2026-09-11,1,google_flights,BOM,BLR,BOM-BLR,BOM,BLR,IndiGo,IndiGo,,9:15,1:35,260.0,4 hr 20 min,Economy,12106.0,,,False,a4ee655aa1b1,1 stop
SCR_GF_1789055812_029,2026-09-10 21:26:49,2026-09-11,1,google_flights,BOM,BLR,BOM-BLR,BOM,BLR,IndiGo,IndiGo,,11:00,12:55,115.0,1 hr 55 min,Economy,16722.0,,,True,a0cb60c78a74,Non-stop
SCR_GF_1789055812_030,2026-09-10 21:26:49,2026-09-11,1,google_flights,BOM,BLR,BOM-BLR,BOM,BLR,Air India,Air India,,6:35,8:35,120.0,2 hr,Economy,19076.0,,,True,50d6c4dd6b3d,Non-stop
SCR_GF_1789055812_031,2026-09-10 21:26:49,2026-09-11,1,google_flights,BOM,BLR,BOM-BLR,BOM,BLR,IndiGo,IndiGo,,4:40,8:55,255.0,4 hr 15 min,Economy,11975.0,,,False,92184a4d3677,1 stop
SCR_GF_1789055812_032,2026-09-10 21:26:49,2026-09-11,1,google_flights,BOM,BLR,BOM-BLR,BOM,BLR,IndiGo,IndiGo,,6:30,8:25,115.0,1 hr 55 min,Economy,16722.0,,,True,d3add6028521,Non-stop
SCR_GF_1789055812_033,2026-09-10 21:26:49,2026-09-11,1,google_flights,BOM,BLR,BOM-BLR,BOM,BLR,Air India,Air India,,2:05,4:10,125.0,2 hr 5 min,Economy,19076.0,,,True,85434a2c7d7a,Non-stop
SCR_GF_1789055812_034,2026-09-10 21:26:49,2026-09-11,1,google_flights,BOM,BLR,BOM-BLR,BOM,BLR,Air India,Air India,,11:40,1:40 AM,120.0,2 hr,Economy,19076.0,,,True,cc0eb5066897,Non-stop
SCR_GF_1789055812_035,2026-09-10 21:26:49,2026-09-11,1,google_flights,BOM,BLR,BOM-BLR,BOM,BLR,Air India,Air India,,5:30,7:35,125.0,2 hr 5 min,Economy,19790.0,,,True,0e2632d2b39d,Non-stop
SCR_GF_1789055812_036,2026-09-10 21:26:49,2026-09-11,1,google_flights,BOM,BLR,BOM-BLR,BOM,BLR,IndiGo,IndiGo,,9:50,11:55,125.0,2 hr 5 min,Economy,19911.0,,,True,fc21e04a2304,Non-stop
SCR_GF_1789055812_037,2026-09-10 21:26:49,2026-09-11,1,google_flights,BOM,BLR,BOM-BLR,BOM,BLR,IndiGo,IndiGo,,12:30,2:25,115.0,1 hr 55 min,Economy,19911.0,,,True,81ea4c0a7b2a,Non-stop
SCR_GF_1789055812_038,2026-09-10 21:26:49,2026-09-11,1,google_flights,BOM,BLR,BOM-BLR,BOM,BLR,IndiGo,IndiGo,,2:30,4:25,115.0,1 hr 55 min,Economy,19911.0,,,True,db1529df9fe3,Non-stop
SCR_GF_1789055812_039,2026-09-10 21:26:49,2026-09-11,1,google_flights,BOM,BLR,BOM-BLR,BOM,BLR,IndiGo,IndiGo,,3:35,5:25,110.0,1 hr 50 min,Economy,19911.0,,,True,26d60c8702b3,Non-stop
SCR_GF_1789055812_040,2026-09-10 21:26:49,2026-09-11,1,google_flights,BOM,BLR,BOM-BLR,BOM,BLR,IndiGo,IndiGo,,5:00,6:55,115.0,1 hr 55 min,Economy,19911.0,,,True,2256cb971437,Non-stop
SCR_GF_1789055812_041,2026-09-10 21:26:49,2026-09-11,1,google_flights,BOM,BLR,BOM-BLR,BOM,BLR,IndiGo,IndiGo,,9:30,11:25,115.0,1 hr 55 min,Economy,19911.0,,,True,8a1044e0cbb4,Non-stop
SCR_GF_1789055812_042,2026-09-10 21:26:49,2026-09-11,1,google_flights,BOM,BLR,BOM-BLR,BOM,BLR,IndiGo,IndiGo,,10:20,12:20 AM,120.0,2 hr,Economy,19911.0,,,True,9c94ae4bb5af,Non-stop
SCR_GF_1789055812_043,2026-09-10 21:26:49,2026-09-11,1,google_flights,BOM,BLR,BOM-BLR,BOM,BLR,Air India,Air India,,7:45,9:50,125.0,2 hr 5 min,Economy,19969.0,,,True,70a6cd8a18f1,Non-stop
SCR_GF_1789055812_044,2026-09-10 21:26:49,2026-09-11,1,google_flights,BOM,BLR,BOM-BLR,BOM,BLR,Air India,Air India,,8:45,10:45,120.0,2 hr,Economy,19969.0,,,True,8f5887efdc83,Non-stop
SCR_GF_1789055812_045,2026-09-10 21:26:49,2026-09-11,1,google_flights,BOM,BLR,BOM-BLR,BOM,BLR,Akasa Air,Akasa Air,,6:25,8:20,115.0,1 hr 55 min,Economy,20048.0,,,True,00c503d8c1c7,Non-stop
SCR_GF_1789055812_046,2026-09-10 21:26:49,2026-09-11,1,google_flights,BOM,BLR,BOM-BLR,BOM,BLR,Akasa Air,Akasa Air,,11:10,1:05 AM,115.0,1 hr 55 min,Economy,20048.0,,,True,a18922d2e9e2,Non-stop
SCR_GF_1789055812_047,2026-09-10 21:26:49,2026-09-11,1,google_flights,BOM,BLR,BOM-BLR,BOM,BLR,Air India,Air India,,7:55,10:05,130.0,2 hr 10 min,Economy,20147.0,,,True,84c98cbd6bcc,Non-stop
SCR_GF_1789055812_048,2026-09-10 21:26:49,2026-09-11,1,google_flights,BOM,BLR,BOM-BLR,BOM,BLR,Air India,Air India,,6:30,8:35,125.0,2 hr 5 min,Economy,20147.0,,,True,67e380cc09e3,Non-stop
SCR_GF_1789055812_049,2026-09-10 21:26:49,2026-09-11,1,google_flights,BOM,BLR,BOM-BLR,BOM,BLR,Air India,Air India,,10:00,12:05,125.0,2 hr 5 min,Economy,26746.0,,,True,62a1485da219,Non-stop
SCR_GF_1789055812_050,2026-09-10 21:26:49,2026-09-11,1,google_flights,BOM,BLR,BOM-BLR,BOM,BLR,Air India,Air India,,12:00,2:05,125.0,2 hr 5 min,Economy,26746.0,,,True,71c15ff5bea3,Non-stop
SCR_GF_1789055812_051,2026-09-10 21:26:49,2026-09-11,1,google_flights,BOM,BLR,BOM-BLR,BOM,BLR,Air India,Air India,,3:25,5:35,130.0,2 hr 10 min,Economy,26746.0,,,True,c8dd1b7116d3,Non-stop
SCR_GF_1789055812_052,2026-09-10 21:26:49,2026-09-11,1,google_flights,BOM,BLR,BOM-BLR,BOM,BLR,Air India,Air India,,11:30,1:35 AM,125.0,2 hr 5 min,Economy,26746.0,,,True,e27e1ea6a014,Non-stop
SCR_GF_1789055812_053,2026-09-10 21:26:49,2026-09-11,1,google_flights,BOM,BLR,BOM-BLR,BOM,BLR,Akasa Air,Akasa Air,,7:40,9:45,125.0,2 hr 5 min,Economy,32494.0,,,True,9935bf17585c,Non-stop
SCR_GF_1789055812_054,2026-09-10 21:26:49,2026-09-11,1,google_flights,BOM,BLR,BOM-BLR,BOM,BLR,Akasa Air,Akasa Air,,9:45,11:45,120.0,2 hr,Economy,32494.0,,,True,00eee3b10fe4,Non-stop
SCR_GF_1789055815_001,2026-09-10 21:26:52,2026-09-17,7,google_flights,BOM,BLR,BOM-BLR,BOM,BLR,IndiGo,IndiGo,,1:10 AM,3:05 AM,115.0,1 hr 55 min,Economy,5325.0,,,True,8c1b5849332f,Non-stop
SCR_GF_1789055815_002,2026-09-10 21:26:52,2026-09-17,7,google_flights,BOM,BLR,BOM-BLR,BOM,BLR,Air India,Air India,,2:05 AM,4:10 AM,125.0,2 hr 5 min,Economy,5326.0,,,True,dce2ccf59e28,Non-stop
SCR_GF_1789055815_003,2026-09-10 21:26:52,2026-09-17,7,google_flights,BOM,BLR,BOM-BLR,BOM,BLR,Air India,Air India,,11:30 PM,1:35 AM,125.0,2 hr 5 min,Economy,5326.0,,,True,5005866c8c08,Non-stop
SCR_GF_1789055815_004,2026-09-10 21:26:52,2026-09-17,7,google_flights,BOM,BLR,BOM-BLR,BOM,BLR,Akasa Air,Akasa Air,,12:35 AM,2:25 AM,110.0,1 hr 50 min,Economy,6249.0,,,True,4e92d3c01f88,Non-stop
SCR_GF_1789055815_006,2026-09-10 21:26:52,2026-09-17,7,google_flights,BOM,BLR,BOM-BLR,BOM,BLR,IndiGo,IndiGo,,4:30 AM,6:25 AM,115.0,1 hr 55 min,Economy,6201.0,,,True,43b7cfbe4a95,Non-stop
SCR_GF_1789055815_007,2026-09-10 21:26:52,2026-09-17,7,google_flights,BOM,BLR,BOM-BLR,BOM,BLR,IndiGo,IndiGo,,6:30 AM,8:25 AM,115.0,1 hr 55 min,Economy,6957.0,,,True,177bdec19683,Non-stop
SCR_GF_1789055815_008,2026-09-10 21:26:52,2026-09-17,7,google_flights,BOM,BLR,BOM-BLR,BOM,BLR,IndiGo,IndiGo,,11:00 AM,12:55 PM,115.0,1 hr 55 min,Economy,6957.0,,,True,db92c56a7425,Non-stop
SCR_GF_1789055815_009,2026-09-10 21:26:52,2026-09-17,7,google_flights,BOM,BLR,BOM-BLR,BOM,BLR,IndiGo,IndiGo,,2:30 PM,4:25 PM,115.0,1 hr 55 min,Economy,6957.0,,,True,16aed69e30cc,Non-stop
SCR_GF_1789055815_010,2026-09-10 21:26:52,2026-09-17,7,google_flights,BOM,BLR,BOM-BLR,BOM,BLR,IndiGo,IndiGo,,3:35 PM,5:25 PM,110.0,1 hr 50 min,Economy,6957.0,,,True,bf4b8763d2b3,Non-stop
SCR_GF_1789055815_011,2026-09-10 21:26:52,2026-09-17,7,google_flights,BOM,BLR,BOM-BLR,BOM,BLR,IndiGo,IndiGo,,5:00 PM,6:55 PM,115.0,1 hr 55 min,Economy,6957.0,,,True,642ca69631ae,Non-stop
SCR_GF_1789055815_012,2026-09-10 21:26:52,2026-09-17,7,google_flights,BOM,BLR,BOM-BLR,BOM,BLR,IndiGo,IndiGo,,6:30 PM,8:25 PM,115.0,1 hr 55 min,Economy,6957.0,,,True,1efc32f80ffc,Non-stop
SCR_GF_1789055815_013,2026-09-10 21:26:52,2026-09-17,7,google_flights,BOM,BLR,BOM-BLR,BOM,BLR,IndiGo,IndiGo,,10:20 PM,12:20 AM,120.0,2 hr,Economy,6957.0,,,True,1e29ebcc9b30,Non-stop
SCR_GF_1789055815_014,2026-09-10 21:26:52,2026-09-17,7,google_flights,BOM,BLR,BOM-BLR,BOM,BLR,Air India,Air India,,12:00 PM,2:05 PM,125.0,2 hr 5 min,Economy,7117.0,,,True,3bda66c16a77,Non-stop
SCR_GF_1789055816_015,2026-09-10 21:26:52,2026-09-17,7,google_flights,BOM,BLR,BOM-BLR,BOM,BLR,Air India,Air India,,3:25 PM,5:35 PM,130.0,2 hr 10 min,Economy,7117.0,,,True,4573ef9c339b,Non-stop
SCR_GF_1789055816_016,2026-09-10 21:26:52,2026-09-17,7,google_flights,BOM,BLR,BOM-BLR,BOM,BLR,IndiGo,IndiGo,,9:50 AM,11:55 AM,125.0,2 hr 5 min,Economy,7272.0,,,True,0b889605d4e9,Non-stop
SCR_GF_1789055816_017,2026-09-10 21:26:52,2026-09-17,7,google_flights,BOM,BLR,BOM-BLR,BOM,BLR,IndiGo,IndiGo,,12:30 PM,2:25 PM,115.0,1 hr 55 min,Economy,7272.0,,,True,9d4fad904a8e,Non-stop
SCR_GF_1789055816_018,2026-09-10 21:26:52,2026-09-17,7,google_flights,BOM,BLR,BOM-BLR,BOM,BLR,Air India,Air India,,6:35 AM,8:35 AM,120.0,2 hr,Economy,7353.0,,,True,02627c1588ff,Non-stop
SCR_GF_1789055816_019,2026-09-10 21:26:52,2026-09-17,7,google_flights,BOM,BLR,BOM-BLR,BOM,BLR,Air India,Air India,,10:00 AM,12:05 PM,125.0,2 hr 5 min,Economy,7353.0,,,True,69fb1065ac5a,Non-stop
SCR_GF_1789055816_020,2026-09-10 21:26:52,2026-09-17,7,google_flights,BOM,BLR,BOM-BLR,BOM,BLR,Air India,Air India,,7:45 PM,9:50 PM,125.0,2 hr 5 min,Economy,7432.0,,,True,8e647e14affc,Non-stop
SCR_GF_1789055816_021,2026-09-10 21:26:52,2026-09-17,7,google_flights,BOM,BLR,BOM-BLR,BOM,BLR,Air India,Air India,,6:30 PM,8:35 PM,125.0,2 hr 5 min,Economy,7468.0,,,True,c4e011efc514,Non-stop
SCR_GF_1789055816_022,2026-09-10 21:26:52,2026-09-17,7,google_flights,BOM,BLR,BOM-BLR,BOM,BLR,Akasa Air,Akasa Air,,5:30 AM,7:25 AM,115.0,1 hr 55 min,Economy,7549.0,,,True,8ce9180e94ba,Non-stop
SCR_GF_1789055816_023,2026-09-10 21:26:52,2026-09-17,7,google_flights,BOM,BLR,BOM-BLR,BOM,BLR,IndiGo,IndiGo,,8:05 AM,9:55 AM,110.0,1 hr 50 min,Economy,7587.0,,,True,5d90381c074f,Non-stop
SCR_GF_1789055816_024,2026-09-10 21:26:52,2026-09-17,7,google_flights,BOM,BLR,BOM-BLR,BOM,BLR,IndiGo,IndiGo,,9:30 PM,11:25 PM,115.0,1 hr 55 min,Economy,7587.0,,,True,fc861603f507,Non-stop
SCR_GF_1789055816_025,2026-09-10 21:26:52,2026-09-17,7,google_flights,BOM,BLR,BOM-BLR,BOM,BLR,Air India,Air India,,5:30 PM,7:35 PM,125.0,2 hr 5 min,Economy,7678.0,,,True,33bcc77f4c26,Non-stop
SCR_GF_1789055816_026,2026-09-10 21:26:52,2026-09-17,7,google_flights,BOM,BLR,BOM-BLR,BOM,BLR,Akasa Air,Akasa Air,,9:45 PM,11:45 PM,120.0,2 hr,Economy,7845.0,,,True,1b8d679e05b8,Non-stop
SCR_GF_1789055816_027,2026-09-10 21:26:52,2026-09-17,7,google_flights,BOM,BLR,BOM-BLR,BOM,BLR,Air India,Air India,,8:45 PM,10:45 PM,120.0,2 hr,Economy,8072.0,,,True,e7231cd29973,Non-stop
SCR_GF_1789055816_028,2026-09-10 21:26:52,2026-09-17,7,google_flights,BOM,BLR,BOM-BLR,BOM,BLR,Air India,Air India,,7:55 AM,10:05 AM,130.0,2 hr 10 min,Economy,8135.0,,,True,5defd2a57018,Non-stop
SCR_GF_1789055816_029,2026-09-10 21:26:52,2026-09-17,7,google_flights,BOM,BLR,BOM-BLR,BOM,BLR,IndiGo,IndiGo,,7:55 PM,9:45 PM,110.0,1 hr 50 min,Economy,8427.0,,,True,14a9a6c4fe02,Non-stop
SCR_GF_1789055816_030,2026-09-10 21:26:52,2026-09-17,7,google_flights,BOM,BLR,BOM-BLR,BOM,BLR,Akasa Air,Akasa Air,,6:25 PM,8:20 PM,115.0,1 hr 55 min,Economy,8819.0,,,True,682c4fdc78bb,Non-stop
SCR_GF_1789055816_031,2026-09-10 21:26:52,2026-09-17,7,google_flights,BOM,BLR,BOM-BLR,BOM,BLR,Akasa Air,Akasa Air,,7:35 AM,9:35 AM,120.0,2 hr,Economy,9175.0,,,True,d669e9072386,Non-stop
SCR_GF_1789055816_032,2026-09-10 21:26:52,2026-09-17,7,google_flights,BOM,BLR,BOM-BLR,BOM,BLR,Akasa Air,Akasa Air,,7:40 PM,9:45 PM,125.0,2 hr 5 min,Economy,9934.0,,,True,53467b6755c6,Non-stop
SCR_GF_1789055816_033,2026-09-10 21:26:52,2026-09-17,7,google_flights,BOM,BLR,BOM-BLR,BOM,BLR,IndiGo,IndiGo,,1:10,3:05,115.0,1 hr 55 min,Economy,5325.0,,,True,cc0ba4cf4660,Non-stop
SCR_GF_1789055816_034,2026-09-10 21:26:52,2026-09-17,7,google_flights,BOM,BLR,BOM-BLR,BOM,BLR,Air India,Air India,,2:05,4:10,125.0,2 hr 5 min,Economy,5326.0,,,True,f2956e875ec5,Non-stop
SCR_GF_1789055816_035,2026-09-10 21:26:52,2026-09-17,7,google_flights,BOM,BLR,BOM-BLR,BOM,BLR,Air India,Air India,,11:30,1:35 AM,125.0,2 hr 5 min,Economy,5326.0,,,True,f7b02926d0fa,Non-stop
SCR_GF_1789055816_036,2026-09-10 21:26:52,2026-09-17,7,google_flights,BOM,BLR,BOM-BLR,BOM,BLR,Akasa Air,Akasa Air,,12:35,2:25,110.0,1 hr 50 min,Economy,6249.0,,,True,759817039756,Non-stop
SCR_GF_1789055816_038,2026-09-10 21:26:52,2026-09-17,7,google_flights,BOM,BLR,BOM-BLR,BOM,BLR,IndiGo,IndiGo,,4:30,6:25,115.0,1 hr 55 min,Economy,6201.0,,,True,2abd479c8af9,Non-stop
SCR_GF_1789055816_040,2026-09-10 21:26:52,2026-09-17,7,google_flights,BOM,BLR,BOM-BLR,BOM,BLR,IndiGo,IndiGo,,11:00,12:55,115.0,1 hr 55 min,Economy,6957.0,,,True,3011f09949de,Non-stop
SCR_GF_1789055816_041,2026-09-10 21:26:52,2026-09-17,7,google_flights,BOM,BLR,BOM-BLR,BOM,BLR,IndiGo,IndiGo,,2:30,4:25,115.0,1 hr 55 min,Economy,6957.0,,,True,006db4b36755,Non-stop
SCR_GF_1789055816_042,2026-09-10 21:26:52,2026-09-17,7,google_flights,BOM,BLR,BOM-BLR,BOM,BLR,IndiGo,IndiGo,,3:35,5:25,110.0,1 hr 50 min,Economy,6957.0,,,True,879505d777d7,Non-stop
SCR_GF_1789055816_043,2026-09-10 21:26:52,2026-09-17,7,google_flights,BOM,BLR,BOM-BLR,BOM,BLR,IndiGo,IndiGo,,5:00,6:55,115.0,1 hr 55 min,Economy,6957.0,,,True,68ca95c74d67,Non-stop
SCR_GF_1789055816_044,2026-09-10 21:26:52,2026-09-17,7,google_flights,BOM,BLR,BOM-BLR,BOM,BLR,IndiGo,IndiGo,,6:30,8:25,115.0,1 hr 55 min,Economy,6957.0,,,True,31ef8174ccf5,Non-stop
SCR_GF_1789055816_045,2026-09-10 21:26:52,2026-09-17,7,google_flights,BOM,BLR,BOM-BLR,BOM,BLR,IndiGo,IndiGo,,10:20,12:20 AM,120.0,2 hr,Economy,6957.0,,,True,481ceea116e7,Non-stop
SCR_GF_1789055816_046,2026-09-10 21:26:52,2026-09-17,7,google_flights,BOM,BLR,BOM-BLR,BOM,BLR,Air India,Air India,,12:00,2:05,125.0,2 hr 5 min,Economy,7117.0,,,True,831f6f971d9f,Non-stop
SCR_GF_1789055816_047,2026-09-10 21:26:52,2026-09-17,7,google_flights,BOM,BLR,BOM-BLR,BOM,BLR,Air India,Air India,,3:25,5:35,130.0,2 hr 10 min,Economy,7117.0,,,True,5561c70a5fa3,Non-stop
SCR_GF_1789055816_048,2026-09-10 21:26:52,2026-09-17,7,google_flights,BOM,BLR,BOM-BLR,BOM,BLR,IndiGo,IndiGo,,9:50,11:55,125.0,2 hr 5 min,Economy,7272.0,,,True,23d5b1398472,Non-stop
SCR_GF_1789055816_049,2026-09-10 21:26:52,2026-09-17,7,google_flights,BOM,BLR,BOM-BLR,BOM,BLR,IndiGo,IndiGo,,12:30,2:25,115.0,1 hr 55 min,Economy,7272.0,,,True,250cb8105fc9,Non-stop
SCR_GF_1789055816_050,2026-09-10 21:26:52,2026-09-17,7,google_flights,BOM,BLR,BOM-BLR,BOM,BLR,Air India,Air India,,6:35,8:35,120.0,2 hr,Economy,7353.0,,,True,cf1f0ab905de,Non-stop
SCR_GF_1789055816_051,2026-09-10 21:26:52,2026-09-17,7,google_flights,BOM,BLR,BOM-BLR,BOM,BLR,Air India,Air India,,10:00,12:05,125.0,2 hr 5 min,Economy,7353.0,,,True,20468b4c4e17,Non-stop
SCR_GF_1789055816_052,2026-09-10 21:26:52,2026-09-17,7,google_flights,BOM,BLR,BOM-BLR,BOM,BLR,Air India,Air India,,7:45,9:50,125.0,2 hr 5 min,Economy,7432.0,,,True,af7f073526b5,Non-stop
SCR_GF_1789055816_053,2026-09-10 21:26:52,2026-09-17,7,google_flights,BOM,BLR,BOM-BLR,BOM,BLR,Air India,Air India,,6:30,8:35,125.0,2 hr 5 min,Economy,7468.0,,,True,3375ba7e62c4,Non-stop
SCR_GF_1789055816_054,2026-09-10 21:26:52,2026-09-17,7,google_flights,BOM,BLR,BOM-BLR,BOM,BLR,Akasa Air,Akasa Air,,5:30,7:25,115.0,1 hr 55 min,Economy,7549.0,,,True,02d35238310f,Non-stop
SCR_GF_1789055816_055,2026-09-10 21:26:52,2026-09-17,7,google_flights,BOM,BLR,BOM-BLR,BOM,BLR,IndiGo,IndiGo,,8:05,9:55,110.0,1 hr 50 min,Economy,7587.0,,,True,ec2eb52041fb,Non-stop
SCR_GF_1789055816_056,2026-09-10 21:26:52,2026-09-17,7,google_flights,BOM,BLR,BOM-BLR,BOM,BLR,IndiGo,IndiGo,,9:30,11:25,115.0,1 hr 55 min,Economy,7587.0,,,True,3e9104b06ecb,Non-stop
SCR_GF_1789055816_057,2026-09-10 21:26:52,2026-09-17,7,google_flights,BOM,BLR,BOM-BLR,BOM,BLR,Air India,Air India,,5:30,7:35,125.0,2 hr 5 min,Economy,7678.0,,,True,eb556e23be12,Non-stop
SCR_GF_1789055816_058,2026-09-10 21:26:52,2026-09-17,7,google_flights,BOM,BLR,BOM-BLR,BOM,BLR,Akasa Air,Akasa Air,,9:45,11:45,120.0,2 hr,Economy,7845.0,,,True,5b6c59a30c82,Non-stop
SCR_GF_1789055816_059,2026-09-10 21:26:52,2026-09-17,7,google_flights,BOM,BLR,BOM-BLR,BOM,BLR,Air India,Air India,,8:45,10:45,120.0,2 hr,Economy,8072.0,,,True,ea306f47a19a,Non-stop
SCR_GF_1789055816_060,2026-09-10 21:26:52,2026-09-17,7,google_flights,BOM,BLR,BOM-BLR,BOM,BLR,Air India,Air India,,7:55,10:05,130.0,2 hr 10 min,Economy,8135.0,,,True,b17f91084803,Non-stop
SCR_GF_1789055816_061,2026-09-10 21:26:52,2026-09-17,7,google_flights,BOM,BLR,BOM-BLR,BOM,BLR,IndiGo,IndiGo,,7:55,9:45,110.0,1 hr 50 min,Economy,8427.0,,,True,bf71b967d523,Non-stop
SCR_GF_1789055816_062,2026-09-10 21:26:52,2026-09-17,7,google_flights,BOM,BLR,BOM-BLR,BOM,BLR,Akasa Air,Akasa Air,,6:25,8:20,115.0,1 hr 55 min,Economy,8819.0,,,True,45167603ee14,Non-stop
SCR_GF_1789055816_063,2026-09-10 21:26:52,2026-09-17,7,google_flights,BOM,BLR,BOM-BLR,BOM,BLR,Akasa Air,Akasa Air,,7:35,9:35,120.0,2 hr,Economy,9175.0,,,True,4f7b07db5830,Non-stop
SCR_GF_1789055816_064,2026-09-10 21:26:52,2026-09-17,7,google_flights,BOM,BLR,BOM-BLR,BOM,BLR,Akasa Air,Akasa Air,,7:40,9:45,125.0,2 hr 5 min,Economy,9934.0,,,True,03e5adba2610,Non-stop
SCR_GF_1789055819_001,2026-09-10 21:26:56,2026-10-10,30,google_flights,BOM,BLR,BOM-BLR,BOM,BLR,IndiGo,IndiGo,,4:30 AM,6:25 AM,115.0,1 hr 55 min,Economy,4945.0,,,True,856a920bda5b,Non-stop
SCR_GF_1789055819_002,2026-09-10 21:26:56,2026-10-10,30,google_flights,BOM,BLR,BOM-BLR,BOM,BLR,Air India,Air India,,2:05 AM,4:10 AM,125.0,2 hr 5 min,Economy,4948.0,,,True,c158c35a3ed7,Non-stop
SCR_GF_1789055819_003,2026-09-10 21:26:56,2026-10-10,30,google_flights,BOM,BLR,BOM-BLR,BOM,BLR,Akasa Air,Akasa Air,,8:05 PM,9:45 PM,100.0,1 hr 40 min,Economy,5400.0,,,True,069bef802af2,Non-stop
SCR_GF_1789055819_005,2026-09-10 21:26:56,2026-10-10,30,google_flights,BOM,BLR,BOM-BLR,BOM,BLR,IndiGo,IndiGo,,1:10 AM,3:05 AM,115.0,1 hr 55 min,Economy,4945.0,,,True,ded4dcced23b,Non-stop
SCR_GF_1789055819_006,2026-09-10 21:26:56,2026-10-10,30,google_flights,BOM,BLR,BOM-BLR,BOM,BLR,Air India,Air India,,11:30 PM,1:35 AM,125.0,2 hr 5 min,Economy,4948.0,,,True,0f0735f91530,Non-stop
SCR_GF_1789055819_007,2026-09-10 21:26:56,2026-10-10,30,google_flights,BOM,BLR,BOM-BLR,BOM,BLR,Akasa Air,Akasa Air,,12:40 AM,2:35 AM,115.0,1 hr 55 min,Economy,5400.0,,,True,4f10e50fc56b,Non-stop
SCR_GF_1789055819_008,2026-09-10 21:26:56,2026-10-10,30,google_flights,BOM,BLR,BOM-BLR,BOM,BLR,Akasa Air,Akasa Air,,9:45 PM,11:35 PM,110.0,1 hr 50 min,Economy,5400.0,,,True,b36466253aa0,Non-stop
SCR_GF_1789055819_009,2026-09-10 21:26:56,2026-10-10,30,google_flights,BOM,BLR,BOM-BLR,BOM,BLR,IndiGo,IndiGo,,6:15 AM,8:00 AM,105.0,1 hr 45 min,Economy,6957.0,,,True,1278b2d4c14f,Non-stop
SCR_GF_1789055819_010,2026-09-10 21:26:56,2026-10-10,30,google_flights,BOM,BLR,BOM-BLR,BOM,BLR,IndiGo,IndiGo,,9:30 PM,11:25 PM,115.0,1 hr 55 min,Economy,6957.0,,,True,1a590de5951f,Non-stop
SCR_GF_1789055819_011,2026-09-10 21:26:56,2026-10-10,30,google_flights,BOM,BLR,BOM-BLR,BOM,BLR,IndiGo,IndiGo,,10:20 PM,12:20 AM,120.0,2 hr,Economy,6957.0,,,True,daee4b88e872,Non-stop
SCR_GF_1789055819_012,2026-09-10 21:26:56,2026-10-10,30,google_flights,BOM,BLR,BOM-BLR,BOM,BLR,Air India,Air India,,6:35 AM,8:35 AM,120.0,2 hr,Economy,7117.0,,,True,8dfe297895c6,Non-stop
SCR_GF_1789055819_013,2026-09-10 21:26:56,2026-10-10,30,google_flights,BOM,BLR,BOM-BLR,BOM,BLR,Air India,Air India,,7:45 PM,9:50 PM,125.0,2 hr 5 min,Economy,7117.0,,,True,1eb90922a000,Non-stop
SCR_GF_1789055819_014,2026-09-10 21:26:56,2026-10-10,30,google_flights,BOM,BLR,BOM-BLR,BOM,BLR,Air India,Air India,,8:45 PM,10:45 PM,120.0,2 hr,Economy,7117.0,,,True,78e1684c719f,Non-stop
SCR_GF_1789055819_015,2026-09-10 21:26:56,2026-10-10,30,google_flights,BOM,BLR,BOM-BLR,BOM,BLR,IndiGo,IndiGo,,7:45 AM,9:45 AM,120.0,2 hr,Economy,7272.0,,,True,f5fdc84b2fc8,Non-stop
SCR_GF_1789055819_016,2026-09-10 21:26:56,2026-10-10,30,google_flights,BOM,BLR,BOM-BLR,BOM,BLR,IndiGo,IndiGo,,7:50 PM,9:45 PM,115.0,1 hr 55 min,Economy,7272.0,,,True,55dedc8f2620,Non-stop
SCR_GF_1789055819_017,2026-09-10 21:26:56,2026-10-10,30,google_flights,BOM,BLR,BOM-BLR,BOM,BLR,IndiGo,IndiGo,,11:00 AM,12:55 PM,115.0,1 hr 55 min,Economy,7587.0,,,True,3012a66ed2ce,Non-stop
SCR_GF_1789055819_018,2026-09-10 21:26:56,2026-10-10,30,google_flights,BOM,BLR,BOM-BLR,BOM,BLR,IndiGo,IndiGo,,12:30 PM,2:25 PM,115.0,1 hr 55 min,Economy,7587.0,,,True,0b40daa78e28,Non-stop
SCR_GF_1789055819_019,2026-09-10 21:26:56,2026-10-10,30,google_flights,BOM,BLR,BOM-BLR,BOM,BLR,IndiGo,IndiGo,,2:30 PM,4:25 PM,115.0,1 hr 55 min,Economy,7587.0,,,True,8efc237feddd,Non-stop
SCR_GF_1789055819_020,2026-09-10 21:26:56,2026-10-10,30,google_flights,BOM,BLR,BOM-BLR,BOM,BLR,IndiGo,IndiGo,,3:35 PM,5:25 PM,110.0,1 hr 50 min,Economy,7587.0,,,True,fff2ac21da60,Non-stop
SCR_GF_1789055819_021,2026-09-10 21:26:56,2026-10-10,30,google_flights,BOM,BLR,BOM-BLR,BOM,BLR,IndiGo,IndiGo,,5:00 PM,6:55 PM,115.0,1 hr 55 min,Economy,7587.0,,,True,b2424aa29471,Non-stop
SCR_GF_1789055820_030,2026-09-10 21:26:56,2026-10-10,30,google_flights,BOM,BLR,BOM-BLR,BOM,BLR,IndiGo,IndiGo,,4:30,6:25,115.0,1 hr 55 min,Economy,4945.0,,,True,a70ebab8e05a,Non-stop
SCR_GF_1789055820_031,2026-09-10 21:26:56,2026-10-10,30,google_flights,BOM,BLR,BOM-BLR,BOM,BLR,Air India,Air India,,2:05,4:10,125.0,2 hr 5 min,Economy,4948.0,,,True,dcb02de517b6,Non-stop
SCR_GF_1789055820_032,2026-09-10 21:26:56,2026-10-10,30,google_flights,BOM,BLR,BOM-BLR,BOM,BLR,Akasa Air,Akasa Air,,8:05,9:45,100.0,1 hr 40 min,Economy,5400.0,,,True,68760dd2d383,Non-stop
SCR_GF_1789055820_034,2026-09-10 21:26:56,2026-10-10,30,google_flights,BOM,BLR,BOM-BLR,BOM,BLR,IndiGo,IndiGo,,1:10,3:05,115.0,1 hr 55 min,Economy,4945.0,,,True,eb5b896ed86d,Non-stop
SCR_GF_1789055820_035,2026-09-10 21:26:56,2026-10-10,30,google_flights,BOM,BLR,BOM-BLR,BOM,BLR,Air India,Air India,,11:30,1:35 AM,125.0,2 hr 5 min,Economy,4948.0,,,True,96dfb2ba81e1,Non-stop
SCR_GF_1789055820_036,2026-09-10 21:26:56,2026-10-10,30,google_flights,BOM,BLR,BOM-BLR,BOM,BLR,Akasa Air,Akasa Air,,12:40,2:35,115.0,1 hr 55 min,Economy,5400.0,,,True,7ffcee6b6d0e,Non-stop
SCR_GF_1789055820_037,2026-09-10 21:26:56,2026-10-10,30,google_flights,BOM,BLR,BOM-BLR,BOM,BLR,Akasa Air,Akasa Air,,9:45,11:35,110.0,1 hr 50 min,Economy,5400.0,,,True,dc622284b3a6,Non-stop
SCR_GF_1789055820_038,2026-09-10 21:26:56,2026-10-10,30,google_flights,BOM,BLR,BOM-BLR,BOM,BLR,IndiGo,IndiGo,,6:15,8:00,105.0,1 hr 45 min,Economy,6957.0,,,True,171a777c4777,Non-stop
SCR_GF_1789055820_039,2026-09-10 21:26:56,2026-10-10,30,google_flights,BOM,BLR,BOM-BLR,BOM,BLR,IndiGo,IndiGo,,9:30,11:25,115.0,1 hr 55 min,Economy,6957.0,,,True,454f19db53a9,Non-stop
SCR_GF_1789055820_040,2026-09-10 21:26:56,2026-10-10,30,google_flights,BOM,BLR,BOM-BLR,BOM,BLR,IndiGo,IndiGo,,10:20,12:20 AM,120.0,2 hr,Economy,6957.0,,,True,dfa0600d5050,Non-stop
SCR_GF_1789055820_041,2026-09-10 21:26:56,2026-10-10,30,google_flights,BOM,BLR,BOM-BLR,BOM,BLR,Air India,Air India,,6:35,8:35,120.0,2 hr,Economy,7117.0,,,True,7bfb41590766,Non-stop
SCR_GF_1789055820_042,2026-09-10 21:26:56,2026-10-10,30,google_flights,BOM,BLR,BOM-BLR,BOM,BLR,Air India,Air India,,7:45,9:50,125.0,2 hr 5 min,Economy,7117.0,,,True,1df3762c2059,Non-stop
SCR_GF_1789055820_043,2026-09-10 21:26:56,2026-10-10,30,google_flights,BOM,BLR,BOM-BLR,BOM,BLR,Air India,Air India,,8:45,10:45,120.0,2 hr,Economy,7117.0,,,True,26eea0b48175,Non-stop
SCR_GF_1789055820_044,2026-09-10 21:26:56,2026-10-10,30,google_flights,BOM,BLR,BOM-BLR,BOM,BLR,IndiGo,IndiGo,,7:45,9:45,120.0,2 hr,Economy,7272.0,,,True,b0c50a40bf27,Non-stop
SCR_GF_1789055820_045,2026-09-10 21:26:56,2026-10-10,30,google_flights,BOM,BLR,BOM-BLR,BOM,BLR,IndiGo,IndiGo,,7:50,9:45,115.0,1 hr 55 min,Economy,7272.0,,,True,ee7f61410350,Non-stop
SCR_GF_1789055820_046,2026-09-10 21:26:56,2026-10-10,30,google_flights,BOM,BLR,BOM-BLR,BOM,BLR,IndiGo,IndiGo,,11:00,12:55,115.0,1 hr 55 min,Economy,7587.0,,,True,3634fe60b8d8,Non-stop
SCR_GF_1789055820_047,2026-09-10 21:26:56,2026-10-10,30,google_flights,BOM,BLR,BOM-BLR,BOM,BLR,IndiGo,IndiGo,,12:30,2:25,115.0,1 hr 55 min,Economy,7587.0,,,True,75d72e0a23aa,Non-stop
SCR_GF_1789055820_048,2026-09-10 21:26:56,2026-10-10,30,google_flights,BOM,BLR,BOM-BLR,BOM,BLR,IndiGo,IndiGo,,2:30,4:25,115.0,1 hr 55 min,Economy,7587.0,,,True,2d770adf7ba8,Non-stop
SCR_GF_1789055820_049,2026-09-10 21:26:56,2026-10-10,30,google_flights,BOM,BLR,BOM-BLR,BOM,BLR,IndiGo,IndiGo,,3:35,5:25,110.0,1 hr 50 min,Economy,7587.0,,,True,ed815ac6f165,Non-stop
SCR_GF_1789055820_050,2026-09-10 21:26:56,2026-10-10,30,google_flights,BOM,BLR,BOM-BLR,BOM,BLR,IndiGo,IndiGo,,5:00,6:55,115.0,1 hr 55 min,Economy,7587.0,,,True,d04d26fff308,Non-stop
SCR_GF_1789055820_051,2026-09-10 21:26:56,2026-10-10,30,google_flights,BOM,BLR,BOM-BLR,BOM,BLR,IndiGo,IndiGo,,6:30,8:15,105.0,1 hr 45 min,Economy,7587.0,,,True,7c8800a306e0,Non-stop
SCR_GF_1789055820_052,2026-09-10 21:26:56,2026-10-10,30,google_flights,BOM,BLR,BOM-BLR,BOM,BLR,Air India,Air India,,7:55,10:05,130.0,2 hr 10 min,Economy,7804.0,,,True,17e721a8ec48,Non-stop
SCR_GF_1789055820_053,2026-09-10 21:26:56,2026-10-10,30,google_flights,BOM,BLR,BOM-BLR,BOM,BLR,Air India,Air India,,12:00,2:05,125.0,2 hr 5 min,Economy,7878.0,,,True,639b4efb39ac,Non-stop
SCR_GF_1789055820_054,2026-09-10 21:26:56,2026-10-10,30,google_flights,BOM,BLR,BOM-BLR,BOM,BLR,Air India,Air India,,3:25,5:35,130.0,2 hr 10 min,Economy,7878.0,,,True,4ff0035eaf92,Non-stop
SCR_GF_1789055820_055,2026-09-10 21:26:56,2026-10-10,30,google_flights,BOM,BLR,BOM-BLR,BOM,BLR,IndiGo,IndiGo,,9:50,11:55,125.0,2 hr 5 min,Economy,8007.0,,,True,70da362361bd,Non-stop
SCR_GF_1789055820_056,2026-09-10 21:26:56,2026-10-10,30,google_flights,BOM,BLR,BOM-BLR,BOM,BLR,Air India,Air India,,5:30,7:35,125.0,2 hr 5 min,Economy,8009.0,,,True,bca248d521de,Non-stop
SCR_GF_1789055820_057,2026-09-10 21:26:56,2026-10-10,30,google_flights,BOM,BLR,BOM-BLR,BOM,BLR,Air India,Air India,,6:30,8:35,125.0,2 hr 5 min,Economy,8009.0,,,True,00bfa090af6b,Non-stop
SCR_GF_1789055820_058,2026-09-10 21:26:56,2026-10-10,30,google_flights,BOM,BLR,BOM-BLR,BOM,BLR,Air India,Air India,,10:00,12:05,125.0,2 hr 5 min,Economy,8445.0,,,True,3d727c6d3283,Non-stop
SCR_GF_1789055823_001,2026-09-10 21:27:00,2026-09-11,1,google_flights,DEL,CCU,DEL-CCU,DEL,CCU,IndiGo,IndiGo,,2:40 PM,7:20 PM,280.0,4 hr 40 min,Economy,7578.0,,,False,2afd8f1cfd0c,1 stop
SCR_GF_1789055823_002,2026-09-10 21:27:00,2026-09-11,1,google_flights,DEL,CCU,DEL-CCU,DEL,CCU,Air India,Air India,,2:30 AM,4:50 AM,140.0,2 hr 20 min,Economy,8724.0,,,True,17ca8705bc9c,Non-stop
SCR_GF_1789055823_003,2026-09-10 21:27:00,2026-09-11,1,google_flights,DEL,CCU,DEL-CCU,DEL,CCU,IndiGo,IndiGo,,11:30 PM,1:45 AM,135.0,2 hr 15 min,Economy,8817.0,,,True,dae13b87cfe4,Non-stop
SCR_GF_1789055823_004,2026-09-10 21:27:00,2026-09-11,1,google_flights,DEL,CCU,DEL-CCU,DEL,CCU,IndiGo,IndiGo,,12:00 PM,6:00 PM,360.0,6 hr,Economy,7920.0,,,False,08f00b601ebc,1 stop
SCR_GF_1789055823_005,2026-09-10 21:27:00,2026-09-11,1,google_flights,DEL,CCU,DEL-CCU,DEL,CCU,Air India,Air India,,6:40 AM,8:50 AM,130.0,2 hr 10 min,Economy,8976.0,,,True,3794589cbecb,Non-stop
SCR_GF_1789055823_006,2026-09-10 21:27:00,2026-09-11,1,google_flights,DEL,CCU,DEL-CCU,DEL,CCU,Air India,Air India,,4:15 PM,6:35 PM,140.0,2 hr 20 min,Economy,8976.0,,,True,26d964f0b299,Non-stop
SCR_GF_1789055823_007,2026-09-10 21:27:00,2026-09-11,1,google_flights,DEL,CCU,DEL-CCU,DEL,CCU,Air India,Air India,,6:00 PM,8:20 PM,140.0,2 hr 20 min,Economy,8976.0,,,True,d237bc0a64e3,Non-stop
SCR_GF_1789055823_008,2026-09-10 21:27:00,2026-09-11,1,google_flights,DEL,CCU,DEL-CCU,DEL,CCU,Air India,Air India,,1:00 PM,3:20 PM,140.0,2 hr 20 min,Economy,9129.0,,,True,02117b55de71,Non-stop
SCR_GF_1789055823_009,2026-09-10 21:27:00,2026-09-11,1,google_flights,DEL,CCU,DEL-CCU,DEL,CCU,Air India,Air India,,7:40 PM,9:50 PM,130.0,2 hr 10 min,Economy,9129.0,,,True,14a222401678,Non-stop
SCR_GF_1789055823_010,2026-09-10 21:27:00,2026-09-11,1,google_flights,DEL,CCU,DEL-CCU,DEL,CCU,IndiGo,IndiGo,,5:00 AM,7:15 AM,135.0,2 hr 15 min,Economy,9395.0,,,True,11890473b0a0,Non-stop
SCR_GF_1789055823_011,2026-09-10 21:27:00,2026-09-11,1,google_flights,DEL,CCU,DEL-CCU,DEL,CCU,IndiGo,IndiGo,,7:20 AM,9:40 AM,140.0,2 hr 20 min,Economy,9395.0,,,True,208a4a665590,Non-stop
SCR_GF_1789055823_012,2026-09-10 21:27:00,2026-09-11,1,google_flights,DEL,CCU,DEL-CCU,DEL,CCU,IndiGo,IndiGo,,12:45 PM,3:05 PM,140.0,2 hr 20 min,Economy,9395.0,,,True,587d7e56a660,Non-stop
SCR_GF_1789055823_013,2026-09-10 21:27:00,2026-09-11,1,google_flights,DEL,CCU,DEL-CCU,DEL,CCU,IndiGo,IndiGo,,2:25 PM,4:45 PM,140.0,2 hr 20 min,Economy,9395.0,,,True,1d947b9b7dbe,Non-stop
SCR_GF_1789055823_014,2026-09-10 21:27:00,2026-09-11,1,google_flights,DEL,CCU,DEL-CCU,DEL,CCU,IndiGo,IndiGo,,4:00 PM,6:15 PM,135.0,2 hr 15 min,Economy,9395.0,,,True,3ccf8c510d08,Non-stop
SCR_GF_1789055823_015,2026-09-10 21:27:00,2026-09-11,1,google_flights,DEL,CCU,DEL-CCU,DEL,CCU,Akasa Air,Akasa Air,,5:05 PM,7:25 PM,140.0,2 hr 20 min,Economy,9700.0,,,True,65f699e57270,Non-stop
SCR_GF_1789055823_016,2026-09-10 21:27:00,2026-09-11,1,google_flights,DEL,CCU,DEL-CCU,DEL,CCU,Air India,Air India,,9:55 AM,12:15 PM,140.0,2 hr 20 min,Economy,9722.0,,,True,b2421e7d80d6,Non-stop
SCR_GF_1789055823_017,2026-09-10 21:27:00,2026-09-11,1,google_flights,DEL,CCU,DEL-CCU,DEL,CCU,IndiGo,IndiGo,,5:55 PM,8:15 PM,140.0,2 hr 20 min,Economy,9867.0,,,True,2cf299ce824d,Non-stop
SCR_GF_1789055823_018,2026-09-10 21:27:00,2026-09-11,1,google_flights,DEL,CCU,DEL-CCU,DEL,CCU,IndiGo,IndiGo,,7:30 PM,9:45 PM,135.0,2 hr 15 min,Economy,9867.0,,,True,df2a34c6ef12,Non-stop
SCR_GF_1789055823_019,2026-09-10 21:27:00,2026-09-11,1,google_flights,DEL,CCU,DEL-CCU,DEL,CCU,IndiGo,IndiGo,,9:50 PM,12:05 AM,135.0,2 hr 15 min,Economy,9867.0,,,True,28971b630ac3,Non-stop
SCR_GF_1789055823_020,2026-09-10 21:27:00,2026-09-11,1,google_flights,DEL,CCU,DEL-CCU,DEL,CCU,Akasa Air,Akasa Air,,5:55 AM,8:15 AM,140.0,2 hr 20 min,Economy,9876.0,,,True,15f17c42ca24,Non-stop
SCR_GF_1789055823_021,2026-09-10 21:27:00,2026-09-11,1,google_flights,DEL,CCU,DEL-CCU,DEL,CCU,IndiGo,IndiGo,,8:30 AM,10:45 AM,135.0,2 hr 15 min,Economy,10392.0,,,True,fb9de199f54e,Non-stop
SCR_GF_1789055823_022,2026-09-10 21:27:00,2026-09-11,1,google_flights,DEL,CCU,DEL-CCU,DEL,CCU,IndiGo,IndiGo,,10:15 AM,12:30 PM,135.0,2 hr 15 min,Economy,10392.0,,,True,8c3d23942e93,Non-stop
SCR_GF_1789055823_023,2026-09-10 21:27:00,2026-09-11,1,google_flights,DEL,CCU,DEL-CCU,DEL,CCU,Air India,Air India,,9:00 PM,11:20 PM,140.0,2 hr 20 min,Economy,11428.0,,,True,07cc325f2431,Non-stop
SCR_GF_1789055823_024,2026-09-10 21:27:00,2026-09-11,1,google_flights,DEL,CCU,DEL-CCU,DEL,CCU,Air India,Air India,,7:30 AM,9:50 AM,140.0,2 hr 20 min,Economy,12431.0,,,True,2f00ced32792,Non-stop
SCR_GF_1789055823_025,2026-09-10 21:27:00,2026-09-11,1,google_flights,DEL,CCU,DEL-CCU,DEL,CCU,IndiGo,IndiGo,,2:40,7:20,280.0,4 hr 40 min,Economy,7578.0,,,False,18ee1ed9ac9a,1 stop
SCR_GF_1789055823_026,2026-09-10 21:27:00,2026-09-11,1,google_flights,DEL,CCU,DEL-CCU,DEL,CCU,Air India,Air India,,2:30,4:50,140.0,2 hr 20 min,Economy,8724.0,,,True,d21a4f312ac6,Non-stop
SCR_GF_1789055823_027,2026-09-10 21:27:00,2026-09-11,1,google_flights,DEL,CCU,DEL-CCU,DEL,CCU,IndiGo,IndiGo,,11:30,1:45 AM,135.0,2 hr 15 min,Economy,8817.0,,,True,1ca4017f87c9,Non-stop
SCR_GF_1789055823_028,2026-09-10 21:27:00,2026-09-11,1,google_flights,DEL,CCU,DEL-CCU,DEL,CCU,IndiGo,IndiGo,,12:00,6:00,360.0,6 hr,Economy,7920.0,,,False,2c5d3130fe00,1 stop
SCR_GF_1789055823_029,2026-09-10 21:27:00,2026-09-11,1,google_flights,DEL,CCU,DEL-CCU,DEL,CCU,Air India,Air India,,6:40,8:50,130.0,2 hr 10 min,Economy,8976.0,,,True,1a9834c4169f,Non-stop
SCR_GF_1789055823_030,2026-09-10 21:27:00,2026-09-11,1,google_flights,DEL,CCU,DEL-CCU,DEL,CCU,Air India,Air India,,4:15,6:35,140.0,2 hr 20 min,Economy,8976.0,,,True,d54139f5a74e,Non-stop
SCR_GF_1789055823_031,2026-09-10 21:27:00,2026-09-11,1,google_flights,DEL,CCU,DEL-CCU,DEL,CCU,Air India,Air India,,6:00,8:20,140.0,2 hr 20 min,Economy,8976.0,,,True,532da0698dcd,Non-stop
SCR_GF_1789055823_032,2026-09-10 21:27:00,2026-09-11,1,google_flights,DEL,CCU,DEL-CCU,DEL,CCU,Air India,Air India,,1:00,3:20,140.0,2 hr 20 min,Economy,9129.0,,,True,7c737fdf93e7,Non-stop
SCR_GF_1789055823_033,2026-09-10 21:27:00,2026-09-11,1,google_flights,DEL,CCU,DEL-CCU,DEL,CCU,Air India,Air India,,7:40,9:50,130.0,2 hr 10 min,Economy,9129.0,,,True,5f0240a1ce24,Non-stop
SCR_GF_1789055823_034,2026-09-10 21:27:00,2026-09-11,1,google_flights,DEL,CCU,DEL-CCU,DEL,CCU,IndiGo,IndiGo,,5:00,7:15,135.0,2 hr 15 min,Economy,9395.0,,,True,5c5d6b5d3f1a,Non-stop
SCR_GF_1789055823_035,2026-09-10 21:27:00,2026-09-11,1,google_flights,DEL,CCU,DEL-CCU,DEL,CCU,IndiGo,IndiGo,,7:20,9:40,140.0,2 hr 20 min,Economy,9395.0,,,True,6e28e7637d44,Non-stop
SCR_GF_1789055823_036,2026-09-10 21:27:00,2026-09-11,1,google_flights,DEL,CCU,DEL-CCU,DEL,CCU,IndiGo,IndiGo,,12:45,3:05,140.0,2 hr 20 min,Economy,9395.0,,,True,c61807435b45,Non-stop
SCR_GF_1789055823_037,2026-09-10 21:27:00,2026-09-11,1,google_flights,DEL,CCU,DEL-CCU,DEL,CCU,IndiGo,IndiGo,,2:25,4:45,140.0,2 hr 20 min,Economy,9395.0,,,True,65081e5ef7a5,Non-stop
SCR_GF_1789055823_038,2026-09-10 21:27:00,2026-09-11,1,google_flights,DEL,CCU,DEL-CCU,DEL,CCU,IndiGo,IndiGo,,4:00,6:15,135.0,2 hr 15 min,Economy,9395.0,,,True,a43a6e888519,Non-stop
SCR_GF_1789055823_039,2026-09-10 21:27:00,2026-09-11,1,google_flights,DEL,CCU,DEL-CCU,DEL,CCU,Akasa Air,Akasa Air,,5:05,7:25,140.0,2 hr 20 min,Economy,9700.0,,,True,bd01fb6e5221,Non-stop
SCR_GF_1789055823_040,2026-09-10 21:27:00,2026-09-11,1,google_flights,DEL,CCU,DEL-CCU,DEL,CCU,Air India,Air India,,9:55,12:15,140.0,2 hr 20 min,Economy,9722.0,,,True,53a60fe138a8,Non-stop
SCR_GF_1789055823_041,2026-09-10 21:27:00,2026-09-11,1,google_flights,DEL,CCU,DEL-CCU,DEL,CCU,IndiGo,IndiGo,,5:55,8:15,140.0,2 hr 20 min,Economy,9867.0,,,True,0a82cd8ecab3,Non-stop
SCR_GF_1789055823_042,2026-09-10 21:27:00,2026-09-11,1,google_flights,DEL,CCU,DEL-CCU,DEL,CCU,IndiGo,IndiGo,,7:30,9:45,135.0,2 hr 15 min,Economy,9867.0,,,True,505ba0fbe6d7,Non-stop
SCR_GF_1789055823_043,2026-09-10 21:27:00,2026-09-11,1,google_flights,DEL,CCU,DEL-CCU,DEL,CCU,IndiGo,IndiGo,,9:50,12:05 AM,135.0,2 hr 15 min,Economy,9867.0,,,True,ecb14f0e2b85,Non-stop
SCR_GF_1789055823_044,2026-09-10 21:27:00,2026-09-11,1,google_flights,DEL,CCU,DEL-CCU,DEL,CCU,Akasa Air,Akasa Air,,5:55,8:15,140.0,2 hr 20 min,Economy,9876.0,,,True,e7dc2a21903d,Non-stop
SCR_GF_1789055823_045,2026-09-10 21:27:00,2026-09-11,1,google_flights,DEL,CCU,DEL-CCU,DEL,CCU,IndiGo,IndiGo,,8:30,10:45,135.0,2 hr 15 min,Economy,10392.0,,,True,28125a90fe04,Non-stop
SCR_GF_1789055823_046,2026-09-10 21:27:00,2026-09-11,1,google_flights,DEL,CCU,DEL-CCU,DEL,CCU,IndiGo,IndiGo,,10:15,12:30,135.0,2 hr 15 min,Economy,10392.0,,,True,527c3362b5bf,Non-stop
SCR_GF_1789055823_047,2026-09-10 21:27:00,2026-09-11,1,google_flights,DEL,CCU,DEL-CCU,DEL,CCU,Air India,Air India,,9:00,11:20,140.0,2 hr 20 min,Economy,11428.0,,,True,64ea5c602207,Non-stop
SCR_GF_1789055823_048,2026-09-10 21:27:00,2026-09-11,1,google_flights,DEL,CCU,DEL-CCU,DEL,CCU,Air India,Air India,,7:30,9:50,140.0,2 hr 20 min,Economy,12431.0,,,True,3c6f293bb124,Non-stop
SCR_GF_1789055826_001,2026-09-10 21:27:03,2026-09-17,7,google_flights,DEL,CCU,DEL-CCU,DEL,CCU,IndiGo,IndiGo,,4:20 PM,9:05 PM,285.0,4 hr 45 min,Economy,7271.0,,,False,7bc704e28e0c,1 stop
SCR_GF_1789055826_002,2026-09-10 21:27:03,2026-09-17,7,google_flights,DEL,CCU,DEL-CCU,DEL,CCU,Akasa Air,Akasa Air,,5:55 AM,8:15 AM,140.0,2 hr 20 min,Economy,8259.0,,,True,ea751a47b195,Non-stop
SCR_GF_1789055827_029,2026-09-10 21:27:03,2026-09-17,7,google_flights,DEL,CCU,DEL-CCU,DEL,CCU,IndiGo,IndiGo,,4:20,9:05,285.0,4 hr 45 min,Economy,7271.0,,,False,9544aee68089,1 stop
SCR_GF_1789055827_030,2026-09-10 21:27:03,2026-09-17,7,google_flights,DEL,CCU,DEL-CCU,DEL,CCU,Akasa Air,Akasa Air,,5:55,8:15,140.0,2 hr 20 min,Economy,8259.0,,,True,207d927d20cb,Non-stop
SCR_GF_1789055827_031,2026-09-10 21:27:03,2026-09-17,7,google_flights,DEL,CCU,DEL-CCU,DEL,CCU,Akasa Air,Akasa Air,,5:05,7:25,140.0,2 hr 20 min,Economy,8259.0,,,True,f544abdb5cdc,Non-stop
SCR_GF_1789055827_032,2026-09-10 21:27:03,2026-09-17,7,google_flights,DEL,CCU,DEL-CCU,DEL,CCU,Air India,Air India,,2:30,4:50,140.0,2 hr 20 min,Economy,8724.0,,,True,3fee9ad64583,Non-stop
SCR_GF_1789055827_033,2026-09-10 21:27:03,2026-09-17,7,google_flights,DEL,CCU,DEL-CCU,DEL,CCU,IndiGo,IndiGo,,4:00,6:15,135.0,2 hr 15 min,Economy,8817.0,,,True,44acc23fb33f,Non-stop
SCR_GF_1789055827_034,2026-09-10 21:27:03,2026-09-17,7,google_flights,DEL,CCU,DEL-CCU,DEL,CCU,IndiGo,IndiGo,,6:20,1:45,445.0,7 hr 25 min,Economy,7271.0,,,False,84cd94afc736,1 stop
SCR_GF_1789055827_035,2026-09-10 21:27:03,2026-09-17,7,google_flights,DEL,CCU,DEL-CCU,DEL,CCU,IndiGo,IndiGo,,4:40,10:05,325.0,5 hr 25 min,Economy,7271.0,,,False,60333164f14f,1 stop
SCR_GF_1789055827_036,2026-09-10 21:27:03,2026-09-17,7,google_flights,DEL,CCU,DEL-CCU,DEL,CCU,IndiGo,IndiGo,,7:40,12:05,265.0,4 hr 25 min,Economy,7481.0,,,False,6d493b8b3852,1 stop
SCR_GF_1789055827_037,2026-09-10 21:27:03,2026-09-17,7,google_flights,DEL,CCU,DEL-CCU,DEL,CCU,IndiGo,IndiGo,,10:50,3:25,275.0,4 hr 35 min,Economy,7586.0,,,False,8ec56b35823b,1 stop
SCR_GF_1789055827_038,2026-09-10 21:27:03,2026-09-17,7,google_flights,DEL,CCU,DEL-CCU,DEL,CCU,IndiGo,IndiGo,,2:40,7:20,280.0,4 hr 40 min,Economy,7586.0,,,False,0e2580e68f59,1 stop
SCR_GF_1789055827_039,2026-09-10 21:27:03,2026-09-17,7,google_flights,DEL,CCU,DEL-CCU,DEL,CCU,IndiGo,IndiGo,,5:00,7:15,135.0,2 hr 15 min,Economy,8817.0,,,True,37f4e459c57a,Non-stop
SCR_GF_1789055827_040,2026-09-10 21:27:03,2026-09-17,7,google_flights,DEL,CCU,DEL-CCU,DEL,CCU,IndiGo,IndiGo,,7:20,9:40,140.0,2 hr 20 min,Economy,8817.0,,,True,75e232fd7bb0,Non-stop
SCR_GF_1789055827_041,2026-09-10 21:27:03,2026-09-17,7,google_flights,DEL,CCU,DEL-CCU,DEL,CCU,IndiGo,IndiGo,,12:45,3:05,140.0,2 hr 20 min,Economy,8817.0,,,True,8812b8768f24,Non-stop
SCR_GF_1789055827_042,2026-09-10 21:27:03,2026-09-17,7,google_flights,DEL,CCU,DEL-CCU,DEL,CCU,IndiGo,IndiGo,,2:25,4:45,140.0,2 hr 20 min,Economy,8817.0,,,True,b98509f2a192,Non-stop
SCR_GF_1789055827_043,2026-09-10 21:27:03,2026-09-17,7,google_flights,DEL,CCU,DEL-CCU,DEL,CCU,IndiGo,IndiGo,,5:55,8:15,140.0,2 hr 20 min,Economy,8817.0,,,True,453a2d2b8064,Non-stop
SCR_GF_1789055827_044,2026-09-10 21:27:03,2026-09-17,7,google_flights,DEL,CCU,DEL-CCU,DEL,CCU,IndiGo,IndiGo,,9:50,12:05 AM,135.0,2 hr 15 min,Economy,8817.0,,,True,86e82774df8b,Non-stop
SCR_GF_1789055827_045,2026-09-10 21:27:03,2026-09-17,7,google_flights,DEL,CCU,DEL-CCU,DEL,CCU,IndiGo,IndiGo,,11:30,1:45 AM,135.0,2 hr 15 min,Economy,8817.0,,,True,5564d256d865,Non-stop
SCR_GF_1789055827_046,2026-09-10 21:27:03,2026-09-17,7,google_flights,DEL,CCU,DEL-CCU,DEL,CCU,Air India,Air India,,6:40,8:50,130.0,2 hr 10 min,Economy,8976.0,,,True,ace889efc28d,Non-stop
SCR_GF_1789055827_047,2026-09-10 21:27:03,2026-09-17,7,google_flights,DEL,CCU,DEL-CCU,DEL,CCU,Air India,Air India,,4:15,6:35,140.0,2 hr 20 min,Economy,8976.0,,,True,d826bd0e8a61,Non-stop
SCR_GF_1789055827_048,2026-09-10 21:27:03,2026-09-17,7,google_flights,DEL,CCU,DEL-CCU,DEL,CCU,Air India,Air India,,6:00,8:20,140.0,2 hr 20 min,Economy,8976.0,,,True,231aa533f51a,Non-stop
SCR_GF_1789055827_049,2026-09-10 21:27:03,2026-09-17,7,google_flights,DEL,CCU,DEL-CCU,DEL,CCU,Air India,Air India,,9:00,11:20,140.0,2 hr 20 min,Economy,8976.0,,,True,e9314daacf66,Non-stop
SCR_GF_1789055827_050,2026-09-10 21:27:03,2026-09-17,7,google_flights,DEL,CCU,DEL-CCU,DEL,CCU,Air India,Air India,,7:30,9:50,140.0,2 hr 20 min,Economy,9129.0,,,True,fff8397bd4cc,Non-stop
SCR_GF_1789055827_051,2026-09-10 21:27:03,2026-09-17,7,google_flights,DEL,CCU,DEL-CCU,DEL,CCU,Air India,Air India,,1:00,3:20,140.0,2 hr 20 min,Economy,9129.0,,,True,5e809cabe6f2,Non-stop
SCR_GF_1789055827_052,2026-09-10 21:27:03,2026-09-17,7,google_flights,DEL,CCU,DEL-CCU,DEL,CCU,IndiGo,IndiGo,,8:30,10:45,135.0,2 hr 15 min,Economy,9395.0,,,True,4ae15e3bfd02,Non-stop
SCR_GF_1789055827_053,2026-09-10 21:27:03,2026-09-17,7,google_flights,DEL,CCU,DEL-CCU,DEL,CCU,Air India,Air India,,7:40,9:50,130.0,2 hr 10 min,Economy,9402.0,,,True,106629e94c49,Non-stop
SCR_GF_1789055827_054,2026-09-10 21:27:03,2026-09-17,7,google_flights,DEL,CCU,DEL-CCU,DEL,CCU,IndiGo,IndiGo,,10:15,12:30,135.0,2 hr 15 min,Economy,9867.0,,,True,d9a7dc798820,Non-stop
SCR_GF_1789055827_055,2026-09-10 21:27:03,2026-09-17,7,google_flights,DEL,CCU,DEL-CCU,DEL,CCU,IndiGo,IndiGo,,7:30,9:45,135.0,2 hr 15 min,Economy,10392.0,,,True,96018a9e8925,Non-stop
SCR_GF_1789055827_056,2026-09-10 21:27:03,2026-09-17,7,google_flights,DEL,CCU,DEL-CCU,DEL,CCU,Air India,Air India,,9:55,12:15,140.0,2 hr 20 min,Economy,10887.0,,,True,27f0292c3b36,Non-stop
SCR_GF_1789055830_001,2026-09-10 21:27:07,2026-10-10,30,google_flights,DEL,CCU,DEL-CCU,DEL,CCU,IndiGo,IndiGo,,8:10 AM,1:45 PM,335.0,5 hr 35 min,Economy,8547.0,,,False,361a766b58dc,1 stop
SCR_GF_1789055830_002,2026-09-10 21:27:07,2026-10-10,30,google_flights,DEL,CCU,DEL-CCU,DEL,CCU,Air India,Air India,,2:30 AM,4:50 AM,140.0,2 hr 20 min,Economy,8724.0,,,True,fe29b970bcbd,Non-stop
SCR_GF_1789055830_003,2026-09-10 21:27:07,2026-10-10,30,google_flights,DEL,CCU,DEL-CCU,DEL,CCU,Akasa Air,Akasa Air,,5:00 PM,7:15 PM,135.0,2 hr 15 min,Economy,10620.0,,,True,ad644a699561,Non-stop
SCR_GF_1789055830_005,2026-09-10 21:27:07,2026-10-10,30,google_flights,DEL,CCU,DEL-CCU,DEL,CCU,IndiGo,IndiGo,,5:25 AM,10:20 AM,295.0,4 hr 55 min,Economy,8678.0,,,False,898efec76892,1 stop
SCR_GF_1789055830_006,2026-09-10 21:27:07,2026-10-10,30,google_flights,DEL,CCU,DEL-CCU,DEL,CCU,IndiGo,IndiGo,,2:40 PM,7:20 PM,280.0,4 hr 40 min,Economy,8862.0,,,False,990fef375003,1 stop
SCR_GF_1789055830_007,2026-09-10 21:27:07,2026-10-10,30,google_flights,DEL,CCU,DEL-CCU,DEL,CCU,Air India,Air India,,7:30 AM,9:50 AM,140.0,2 hr 20 min,Economy,8976.0,,,True,da5a1a56654e,Non-stop
SCR_GF_1789055830_008,2026-09-10 21:27:07,2026-10-10,30,google_flights,DEL,CCU,DEL-CCU,DEL,CCU,Air India,Air India,,9:55 AM,12:15 PM,140.0,2 hr 20 min,Economy,9207.0,,,True,559b15e631a3,Non-stop
SCR_GF_1789055830_009,2026-09-10 21:27:07,2026-10-10,30,google_flights,DEL,CCU,DEL-CCU,DEL,CCU,Air India,Air India,,7:40 PM,9:50 PM,130.0,2 hr 10 min,Economy,9207.0,,,True,ed92c63df168,Non-stop
SCR_GF_1789055830_010,2026-09-10 21:27:07,2026-10-10,30,google_flights,DEL,CCU,DEL-CCU,DEL,CCU,Air India,Air India,,6:40 AM,8:50 AM,130.0,2 hr 10 min,Economy,9554.0,,,True,b5fe36a8f991,Non-stop
SCR_GF_1789055830_011,2026-09-10 21:27:07,2026-10-10,30,google_flights,DEL,CCU,DEL-CCU,DEL,CCU,Air India,Air India,,6:00 PM,8:20 PM,140.0,2 hr 20 min,Economy,9554.0,,,True,eb58254d0bba,Non-stop
SCR_GF_1789055830_012,2026-09-10 21:27:07,2026-10-10,30,google_flights,DEL,CCU,DEL-CCU,DEL,CCU,SpiceJet,SpiceJet,,8:10 PM,10:30 PM,140.0,2 hr 20 min,Economy,11498.0,,,True,fa0a7da5e08a,Non-stop
SCR_GF_1789055830_013,2026-09-10 21:27:07,2026-10-10,30,google_flights,DEL,CCU,DEL-CCU,DEL,CCU,IndiGo,IndiGo,,5:00 AM,7:15 AM,135.0,2 hr 15 min,Economy,11757.0,,,True,36e8a76a13a4,Non-stop
SCR_GF_1789055831_014,2026-09-10 21:27:07,2026-10-10,30,google_flights,DEL,CCU,DEL-CCU,DEL,CCU,IndiGo,IndiGo,,4:00 PM,6:15 PM,135.0,2 hr 15 min,Economy,12545.0,,,True,a2c6e3d8853c,Non-stop
SCR_GF_1789055831_015,2026-09-10 21:27:07,2026-10-10,30,google_flights,DEL,CCU,DEL-CCU,DEL,CCU,IndiGo,IndiGo,,5:55 PM,8:15 PM,140.0,2 hr 20 min,Economy,12545.0,,,True,5f6ffe1d1d47,Non-stop
SCR_GF_1789055831_016,2026-09-10 21:27:07,2026-10-10,30,google_flights,DEL,CCU,DEL-CCU,DEL,CCU,IndiGo,IndiGo,,9:50 PM,12:05 AM,135.0,2 hr 15 min,Economy,12545.0,,,True,685974361799,Non-stop
SCR_GF_1789055831_017,2026-09-10 21:27:07,2026-10-10,30,google_flights,DEL,CCU,DEL-CCU,DEL,CCU,IndiGo,IndiGo,,11:30 PM,1:45 AM,135.0,2 hr 15 min,Economy,12545.0,,,True,6e0d6781fc1e,Non-stop
SCR_GF_1789055831_018,2026-09-10 21:27:07,2026-10-10,30,google_flights,DEL,CCU,DEL-CCU,DEL,CCU,Akasa Air,Akasa Air,,5:55 AM,8:15 AM,140.0,2 hr 20 min,Economy,12755.0,,,True,d49a1f6fb760,Non-stop
SCR_GF_1789055831_019,2026-09-10 21:27:07,2026-10-10,30,google_flights,DEL,CCU,DEL-CCU,DEL,CCU,IndiGo,IndiGo,,2:45 AM,5:00 AM,135.0,2 hr 15 min,Economy,13332.0,,,True,981b80ca8d92,Non-stop
SCR_GF_1789055831_020,2026-09-10 21:27:07,2026-10-10,30,google_flights,DEL,CCU,DEL-CCU,DEL,CCU,Air India,Air India,,9:00 PM,11:20 PM,140.0,2 hr 20 min,Economy,13518.0,,,True,6394d1c91d6f,Non-stop
SCR_GF_1789055831_021,2026-09-10 21:27:07,2026-10-10,30,google_flights,DEL,CCU,DEL-CCU,DEL,CCU,SpiceJet,SpiceJet,,5:20 AM,7:45 AM,145.0,2 hr 25 min,Economy,14164.0,,,True,dd4e1764f24d,Non-stop
SCR_GF_1789055831_022,2026-09-10 21:27:07,2026-10-10,30,google_flights,DEL,CCU,DEL-CCU,DEL,CCU,IndiGo,IndiGo,,7:20 AM,9:40 AM,140.0,2 hr 20 min,Economy,14172.0,,,True,d87d9a616fb5,Non-stop
SCR_GF_1789055831_023,2026-09-10 21:27:07,2026-10-10,30,google_flights,DEL,CCU,DEL-CCU,DEL,CCU,IndiGo,IndiGo,,8:30 AM,10:45 AM,135.0,2 hr 15 min,Economy,14172.0,,,True,3e4868f0d822,Non-stop
SCR_GF_1789055831_024,2026-09-10 21:27:07,2026-10-10,30,google_flights,DEL,CCU,DEL-CCU,DEL,CCU,IndiGo,IndiGo,,10:15 AM,12:30 PM,135.0,2 hr 15 min,Economy,14172.0,,,True,be3cb4ae32a6,Non-stop
SCR_GF_1789055831_025,2026-09-10 21:27:07,2026-10-10,30,google_flights,DEL,CCU,DEL-CCU,DEL,CCU,IndiGo,IndiGo,,11:50 AM,2:00 PM,130.0,2 hr 10 min,Economy,14172.0,,,True,ae97edeae462,Non-stop
SCR_GF_1789055831_026,2026-09-10 21:27:07,2026-10-10,30,google_flights,DEL,CCU,DEL-CCU,DEL,CCU,IndiGo,IndiGo,,2:25 PM,4:45 PM,140.0,2 hr 20 min,Economy,14172.0,,,True,e624f034688e,Non-stop
SCR_GF_1789055831_027,2026-09-10 21:27:07,2026-10-10,30,google_flights,DEL,CCU,DEL-CCU,DEL,CCU,IndiGo,IndiGo,,7:30 PM,9:45 PM,135.0,2 hr 15 min,Economy,14172.0,,,True,c18831b72405,Non-stop
SCR_GF_1789055831_028,2026-09-10 21:27:07,2026-10-10,30,google_flights,DEL,CCU,DEL-CCU,DEL,CCU,IndiGo,IndiGo,,12:45 PM,3:05 PM,140.0,2 hr 20 min,Economy,15065.0,,,True,2ed2b90168b5,Non-stop
SCR_GF_1789055831_029,2026-09-10 21:27:07,2026-10-10,30,google_flights,DEL,CCU,DEL-CCU,DEL,CCU,SpiceJet,SpiceJet,,6:45 AM,9:05 AM,140.0,2 hr 20 min,Economy,16378.0,,,True,ae3668178a7c,Non-stop
SCR_GF_1789055831_030,2026-09-10 21:27:07,2026-10-10,30,google_flights,DEL,CCU,DEL-CCU,DEL,CCU,Air India,Air India,,1:00 PM,3:20 PM,140.0,2 hr 20 min,Economy,18279.0,,,True,e41c9dc6a85d,Non-stop
SCR_GF_1789055831_031,2026-09-10 21:27:07,2026-10-10,30,google_flights,DEL,CCU,DEL-CCU,DEL,CCU,Air India,Air India,,4:15 PM,6:35 PM,140.0,2 hr 20 min,Economy,18279.0,,,True,ac5d9c288ebf,Non-stop
SCR_GF_1789055831_032,2026-09-10 21:27:07,2026-10-10,30,google_flights,DEL,CCU,DEL-CCU,DEL,CCU,IndiGo,IndiGo,,8:10,1:45,335.0,5 hr 35 min,Economy,8547.0,,,False,554d227bb083,1 stop
SCR_GF_1789055831_033,2026-09-10 21:27:07,2026-10-10,30,google_flights,DEL,CCU,DEL-CCU,DEL,CCU,Air India,Air India,,2:30,4:50,140.0,2 hr 20 min,Economy,8724.0,,,True,2d7969512851,Non-stop
SCR_GF_1789055831_034,2026-09-10 21:27:07,2026-10-10,30,google_flights,DEL,CCU,DEL-CCU,DEL,CCU,Akasa Air,Akasa Air,,5:00,7:15,135.0,2 hr 15 min,Economy,10620.0,,,True,67b089482db7,Non-stop
SCR_GF_1789055831_036,2026-09-10 21:27:07,2026-10-10,30,google_flights,DEL,CCU,DEL-CCU,DEL,CCU,IndiGo,IndiGo,,5:25,10:20,295.0,4 hr 55 min,Economy,8678.0,,,False,ade261c3ea01,1 stop
SCR_GF_1789055831_037,2026-09-10 21:27:07,2026-10-10,30,google_flights,DEL,CCU,DEL-CCU,DEL,CCU,IndiGo,IndiGo,,2:40,7:20,280.0,4 hr 40 min,Economy,8862.0,,,False,fced98265c50,1 stop
SCR_GF_1789055831_038,2026-09-10 21:27:07,2026-10-10,30,google_flights,DEL,CCU,DEL-CCU,DEL,CCU,Air India,Air India,,7:30,9:50,140.0,2 hr 20 min,Economy,8976.0,,,True,71f501de9e35,Non-stop
SCR_GF_1789055831_039,2026-09-10 21:27:07,2026-10-10,30,google_flights,DEL,CCU,DEL-CCU,DEL,CCU,Air India,Air India,,9:55,12:15,140.0,2 hr 20 min,Economy,9207.0,,,True,e90cbad1fb53,Non-stop
SCR_GF_1789055831_040,2026-09-10 21:27:07,2026-10-10,30,google_flights,DEL,CCU,DEL-CCU,DEL,CCU,Air India,Air India,,7:40,9:50,130.0,2 hr 10 min,Economy,9207.0,,,True,4fbba7cbb992,Non-stop
SCR_GF_1789055831_041,2026-09-10 21:27:07,2026-10-10,30,google_flights,DEL,CCU,DEL-CCU,DEL,CCU,Air India,Air India,,6:40,8:50,130.0,2 hr 10 min,Economy,9554.0,,,True,b70f7229ea41,Non-stop
SCR_GF_1789055831_042,2026-09-10 21:27:07,2026-10-10,30,google_flights,DEL,CCU,DEL-CCU,DEL,CCU,Air India,Air India,,6:00,8:20,140.0,2 hr 20 min,Economy,9554.0,,,True,a42939fbc963,Non-stop
SCR_GF_1789055831_043,2026-09-10 21:27:07,2026-10-10,30,google_flights,DEL,CCU,DEL-CCU,DEL,CCU,SpiceJet,SpiceJet,,8:10,10:30,140.0,2 hr 20 min,Economy,11498.0,,,True,706d178d003a,Non-stop
SCR_GF_1789055831_044,2026-09-10 21:27:07,2026-10-10,30,google_flights,DEL,CCU,DEL-CCU,DEL,CCU,IndiGo,IndiGo,,5:00,7:15,135.0,2 hr 15 min,Economy,11757.0,,,True,253227d3eb8e,Non-stop
SCR_GF_1789055831_045,2026-09-10 21:27:07,2026-10-10,30,google_flights,DEL,CCU,DEL-CCU,DEL,CCU,IndiGo,IndiGo,,4:00,6:15,135.0,2 hr 15 min,Economy,12545.0,,,True,7ff5df7bf82b,Non-stop
SCR_GF_1789055831_046,2026-09-10 21:27:07,2026-10-10,30,google_flights,DEL,CCU,DEL-CCU,DEL,CCU,IndiGo,IndiGo,,5:55,8:15,140.0,2 hr 20 min,Economy,12545.0,,,True,2e56d74cf98e,Non-stop
SCR_GF_1789055831_047,2026-09-10 21:27:07,2026-10-10,30,google_flights,DEL,CCU,DEL-CCU,DEL,CCU,IndiGo,IndiGo,,9:50,12:05 AM,135.0,2 hr 15 min,Economy,12545.0,,,True,c25067b64afc,Non-stop
SCR_GF_1789055831_048,2026-09-10 21:27:07,2026-10-10,30,google_flights,DEL,CCU,DEL-CCU,DEL,CCU,IndiGo,IndiGo,,11:30,1:45 AM,135.0,2 hr 15 min,Economy,12545.0,,,True,55f326916576,Non-stop
SCR_GF_1789055831_049,2026-09-10 21:27:07,2026-10-10,30,google_flights,DEL,CCU,DEL-CCU,DEL,CCU,Akasa Air,Akasa Air,,5:55,8:15,140.0,2 hr 20 min,Economy,12755.0,,,True,ec8866373a94,Non-stop
SCR_GF_1789055831_050,2026-09-10 21:27:07,2026-10-10,30,google_flights,DEL,CCU,DEL-CCU,DEL,CCU,IndiGo,IndiGo,,2:45,5:00,135.0,2 hr 15 min,Economy,13332.0,,,True,53642b4e3784,Non-stop
SCR_GF_1789055831_051,2026-09-10 21:27:07,2026-10-10,30,google_flights,DEL,CCU,DEL-CCU,DEL,CCU,Air India,Air India,,9:00,11:20,140.0,2 hr 20 min,Economy,13518.0,,,True,e7218448c6d6,Non-stop
SCR_GF_1789055831_052,2026-09-10 21:27:07,2026-10-10,30,google_flights,DEL,CCU,DEL-CCU,DEL,CCU,SpiceJet,SpiceJet,,5:20,7:45,145.0,2 hr 25 min,Economy,14164.0,,,True,2f1036d2a690,Non-stop
SCR_GF_1789055831_053,2026-09-10 21:27:07,2026-10-10,30,google_flights,DEL,CCU,DEL-CCU,DEL,CCU,IndiGo,IndiGo,,7:20,9:40,140.0,2 hr 20 min,Economy,14172.0,,,True,a2b429653b22,Non-stop
SCR_GF_1789055831_054,2026-09-10 21:27:07,2026-10-10,30,google_flights,DEL,CCU,DEL-CCU,DEL,CCU,IndiGo,IndiGo,,8:30,10:45,135.0,2 hr 15 min,Economy,14172.0,,,True,f3625d22fb3e,Non-stop
SCR_GF_1789055831_055,2026-09-10 21:27:07,2026-10-10,30,google_flights,DEL,CCU,DEL-CCU,DEL,CCU,IndiGo,IndiGo,,10:15,12:30,135.0,2 hr 15 min,Economy,14172.0,,,True,5bbe1a753119,Non-stop
SCR_GF_1789055831_056,2026-09-10 21:27:07,2026-10-10,30,google_flights,DEL,CCU,DEL-CCU,DEL,CCU,IndiGo,IndiGo,,11:50,2:00,130.0,2 hr 10 min,Economy,14172.0,,,True,d1533810452e,Non-stop
SCR_GF_1789055831_057,2026-09-10 21:27:07,2026-10-10,30,google_flights,DEL,CCU,DEL-CCU,DEL,CCU,IndiGo,IndiGo,,2:25,4:45,140.0,2 hr 20 min,Economy,14172.0,,,True,a9e9be3b162b,Non-stop
SCR_GF_1789055831_058,2026-09-10 21:27:07,2026-10-10,30,google_flights,DEL,CCU,DEL-CCU,DEL,CCU,IndiGo,IndiGo,,7:30,9:45,135.0,2 hr 15 min,Economy,14172.0,,,True,306665aa1cba,Non-stop
SCR_GF_1789055831_059,2026-09-10 21:27:07,2026-10-10,30,google_flights,DEL,CCU,DEL-CCU,DEL,CCU,IndiGo,IndiGo,,12:45,3:05,140.0,2 hr 20 min,Economy,15065.0,,,True,6f3d309cc812,Non-stop
SCR_GF_1789055831_060,2026-09-10 21:27:07,2026-10-10,30,google_flights,DEL,CCU,DEL-CCU,DEL,CCU,SpiceJet,SpiceJet,,6:45,9:05,140.0,2 hr 20 min,Economy,16378.0,,,True,30223ab0fe3d,Non-stop
SCR_GF_1789055831_061,2026-09-10 21:27:07,2026-10-10,30,google_flights,DEL,CCU,DEL-CCU,DEL,CCU,Air India,Air India,,1:00,3:20,140.0,2 hr 20 min,Economy,18279.0,,,True,2351d012e0e4,Non-stop
SCR_GF_1789055831_062,2026-09-10 21:27:07,2026-10-10,30,google_flights,DEL,CCU,DEL-CCU,DEL,CCU,Air India,Air India,,4:15,6:35,140.0,2 hr 20 min,Economy,18279.0,,,True,28d24266bf6b,Non-stop
SCR_GF_1789055833_001,2026-09-10 21:27:11,2026-09-11,1,google_flights,BLR,HYD,BLR-HYD,BLR,HYD,IndiGo,IndiGo,,12:40 PM,5:40 PM,300.0,5 hr,Economy,9056.0,,,False,94ba76d2aba4,1 stop
SCR_GF_1789055833_002,2026-09-10 21:27:11,2026-09-11,1,google_flights,BLR,HYD,BLR-HYD,BLR,HYD,IndiGo,IndiGo,,7:40 PM,8:55 PM,75.0,1 hr 15 min,Economy,12640.0,,,True,6c3a9249dc4f,Non-stop
SCR_GF_1789055833_003,2026-09-10 21:27:11,2026-09-11,1,google_flights,BLR,HYD,BLR-HYD,BLR,HYD,Air India Express,Air India Express,,10:40 PM,11:50 PM,70.0,1 hr 10 min,Economy,14926.0,,,True,713d1e85997e,Non-stop
SCR_GF_1789055833_004,2026-09-10 21:27:11,2026-09-11,1,google_flights,BLR,HYD,BLR-HYD,BLR,HYD,IndiGo,IndiGo,,4:30 PM,5:45 PM,75.0,1 hr 15 min,Economy,16363.0,,,True,aae23079c133,Non-stop
SCR_GF_1789055833_005,2026-09-10 21:27:11,2026-09-11,1,google_flights,BLR,HYD,BLR-HYD,BLR,HYD,IndiGo,IndiGo,,1:10 PM,5:30 PM,260.0,4 hr 20 min,Economy,10449.0,,,False,05260a817790,1 stop
SCR_GF_1789055833_006,2026-09-10 21:27:11,2026-09-11,1,google_flights,BLR,HYD,BLR-HYD,BLR,HYD,Air India Express,Air India Express,,8:40 AM,3:10 PM,390.0,6 hr 30 min,Economy,14096.0,,,False,6c20c7431029,1 stop
SCR_GF_1789055833_007,2026-09-10 21:27:11,2026-09-11,1,google_flights,BLR,HYD,BLR-HYD,BLR,HYD,Air India Express,Air India Express,,5:15 PM,6:40 PM,85.0,1 hr 25 min,Economy,16927.0,,,True,d819ea0c6227,Non-stop
SCR_GF_1789055833_008,2026-09-10 21:27:11,2026-09-11,1,google_flights,BLR,HYD,BLR-HYD,BLR,HYD,IndiGo,IndiGo,,6:25 AM,7:35 AM,70.0,1 hr 10 min,Economy,17939.0,,,True,762ae5b9e4cd,Non-stop
SCR_GF_1789055833_009,2026-09-10 21:27:11,2026-09-11,1,google_flights,BLR,HYD,BLR-HYD,BLR,HYD,IndiGo,IndiGo,,8:15 AM,9:30 AM,75.0,1 hr 15 min,Economy,17939.0,,,True,e1203aada530,Non-stop
SCR_GF_1789055834_010,2026-09-10 21:27:11,2026-09-11,1,google_flights,BLR,HYD,BLR-HYD,BLR,HYD,IndiGo,IndiGo,,9:15 AM,10:30 AM,75.0,1 hr 15 min,Economy,17939.0,,,True,a3c550865832,Non-stop
SCR_GF_1789055834_011,2026-09-10 21:27:11,2026-09-11,1,google_flights,BLR,HYD,BLR-HYD,BLR,HYD,IndiGo,IndiGo,,10:15 AM,11:30 AM,75.0,1 hr 15 min,Economy,17939.0,,,True,83797f575d52,Non-stop
SCR_GF_1789055834_012,2026-09-10 21:27:11,2026-09-11,1,google_flights,BLR,HYD,BLR-HYD,BLR,HYD,IndiGo,IndiGo,,11:35 AM,12:50 PM,75.0,1 hr 15 min,Economy,17939.0,,,True,4a8a9cfb4418,Non-stop
SCR_GF_1789055834_013,2026-09-10 21:27:11,2026-09-11,1,google_flights,BLR,HYD,BLR-HYD,BLR,HYD,IndiGo,IndiGo,,6:35 PM,7:45 PM,70.0,1 hr 10 min,Economy,17939.0,,,True,da21948be461,Non-stop
SCR_GF_1789055834_014,2026-09-10 21:27:11,2026-09-11,1,google_flights,BLR,HYD,BLR-HYD,BLR,HYD,IndiGo,IndiGo,,7:45 PM,9:00 PM,75.0,1 hr 15 min,Economy,17939.0,,,True,6e9c9587880f,Non-stop
SCR_GF_1789055834_015,2026-09-10 21:27:11,2026-09-11,1,google_flights,BLR,HYD,BLR-HYD,BLR,HYD,IndiGo,IndiGo,,9:30 PM,10:45 PM,75.0,1 hr 15 min,Economy,17939.0,,,True,6e6bad53430b,Non-stop
SCR_GF_1789055834_016,2026-09-10 21:27:11,2026-09-11,1,google_flights,BLR,HYD,BLR-HYD,BLR,HYD,Air India Express,Air India Express,,12:30 PM,1:50 PM,80.0,1 hr 20 min,Economy,19926.0,,,True,6f5da35e7cbb,Non-stop
SCR_GF_1789055834_017,2026-09-10 21:27:11,2026-09-11,1,google_flights,BLR,HYD,BLR-HYD,BLR,HYD,IndiGo,IndiGo,,12:40,5:40,300.0,5 hr,Economy,9056.0,,,False,89e66ce9c138,1 stop
SCR_GF_1789055834_018,2026-09-10 21:27:11,2026-09-11,1,google_flights,BLR,HYD,BLR-HYD,BLR,HYD,IndiGo,IndiGo,,7:40,8:55,75.0,1 hr 15 min,Economy,12640.0,,,True,58a43975c6b4,Non-stop
SCR_GF_1789055834_019,2026-09-10 21:27:11,2026-09-11,1,google_flights,BLR,HYD,BLR-HYD,BLR,HYD,Air India Express,Air India Express,,10:40,11:50,70.0,1 hr 10 min,Economy,14926.0,,,True,d4b18809a860,Non-stop
SCR_GF_1789055834_020,2026-09-10 21:27:11,2026-09-11,1,google_flights,BLR,HYD,BLR-HYD,BLR,HYD,IndiGo,IndiGo,,4:30,5:45,75.0,1 hr 15 min,Economy,16363.0,,,True,ecf6b6bbb9bb,Non-stop
SCR_GF_1789055834_021,2026-09-10 21:27:11,2026-09-11,1,google_flights,BLR,HYD,BLR-HYD,BLR,HYD,IndiGo,IndiGo,,1:10,5:30,260.0,4 hr 20 min,Economy,10449.0,,,False,5ac984467dfc,1 stop
SCR_GF_1789055834_022,2026-09-10 21:27:11,2026-09-11,1,google_flights,BLR,HYD,BLR-HYD,BLR,HYD,Air India Express,Air India Express,,8:40,3:10,390.0,6 hr 30 min,Economy,14096.0,,,False,3d271cadddb4,1 stop
SCR_GF_1789055834_023,2026-09-10 21:27:11,2026-09-11,1,google_flights,BLR,HYD,BLR-HYD,BLR,HYD,Air India Express,Air India Express,,5:15,6:40,85.0,1 hr 25 min,Economy,16927.0,,,True,e737f29fcd25,Non-stop
SCR_GF_1789055834_024,2026-09-10 21:27:11,2026-09-11,1,google_flights,BLR,HYD,BLR-HYD,BLR,HYD,IndiGo,IndiGo,,6:25,7:35,70.0,1 hr 10 min,Economy,17939.0,,,True,073453d09987,Non-stop
SCR_GF_1789055834_025,2026-09-10 21:27:11,2026-09-11,1,google_flights,BLR,HYD,BLR-HYD,BLR,HYD,IndiGo,IndiGo,,8:15,9:30,75.0,1 hr 15 min,Economy,17939.0,,,True,70645f2b4f4e,Non-stop
SCR_GF_1789055834_026,2026-09-10 21:27:11,2026-09-11,1,google_flights,BLR,HYD,BLR-HYD,BLR,HYD,IndiGo,IndiGo,,9:15,10:30,75.0,1 hr 15 min,Economy,17939.0,,,True,5b294bac7a44,Non-stop
SCR_GF_1789055834_027,2026-09-10 21:27:11,2026-09-11,1,google_flights,BLR,HYD,BLR-HYD,BLR,HYD,IndiGo,IndiGo,,10:15,11:30,75.0,1 hr 15 min,Economy,17939.0,,,True,15dcb3b8bbd4,Non-stop
SCR_GF_1789055834_028,2026-09-10 21:27:11,2026-09-11,1,google_flights,BLR,HYD,BLR-HYD,BLR,HYD,IndiGo,IndiGo,,11:35,12:50,75.0,1 hr 15 min,Economy,17939.0,,,True,2f3bf3c79b0d,Non-stop
SCR_GF_1789055834_029,2026-09-10 21:27:11,2026-09-11,1,google_flights,BLR,HYD,BLR-HYD,BLR,HYD,IndiGo,IndiGo,,6:35,7:45,70.0,1 hr 10 min,Economy,17939.0,,,True,e1d55b6baffc,Non-stop
SCR_GF_1789055834_030,2026-09-10 21:27:11,2026-09-11,1,google_flights,BLR,HYD,BLR-HYD,BLR,HYD,IndiGo,IndiGo,,7:45,9:00,75.0,1 hr 15 min,Economy,17939.0,,,True,f31c1bc70e9f,Non-stop
SCR_GF_1789055834_031,2026-09-10 21:27:11,2026-09-11,1,google_flights,BLR,HYD,BLR-HYD,BLR,HYD,IndiGo,IndiGo,,9:30,10:45,75.0,1 hr 15 min,Economy,17939.0,,,True,03a76136412c,Non-stop
SCR_GF_1789055834_032,2026-09-10 21:27:11,2026-09-11,1,google_flights,BLR,HYD,BLR-HYD,BLR,HYD,Air India Express,Air India Express,,12:30,1:50,80.0,1 hr 20 min,Economy,19926.0,,,True,2dc2f6c1481d,Non-stop
SCR_GF_1789055836_001,2026-09-10 21:27:14,2026-09-17,7,google_flights,BLR,HYD,BLR-HYD,BLR,HYD,Air India Express,Air India Express,,5:15 PM,6:40 PM,85.0,1 hr 25 min,Economy,6427.0,,,True,abce78a5428e,Non-stop
SCR_GF_1789055836_002,2026-09-10 21:27:14,2026-09-17,7,google_flights,BLR,HYD,BLR-HYD,BLR,HYD,IndiGo,IndiGo,,7:10 PM,8:25 PM,75.0,1 hr 15 min,Economy,6577.0,,,True,1e989014125f,Non-stop
SCR_GF_1789055836_003,2026-09-10 21:27:14,2026-09-17,7,google_flights,BLR,HYD,BLR-HYD,BLR,HYD,IndiGo,IndiGo,,4:30 PM,5:45 PM,75.0,1 hr 15 min,Economy,6825.0,,,True,359eab903768,Non-stop
SCR_GF_1789055836_005,2026-09-10 21:27:14,2026-09-17,7,google_flights,BLR,HYD,BLR-HYD,BLR,HYD,IndiGo,IndiGo,,2:40 AM,7:50 AM,310.0,5 hr 10 min,Economy,5358.0,,,False,0b407780243a,1 stop
SCR_GF_1789055836_006,2026-09-10 21:27:14,2026-09-17,7,google_flights,BLR,HYD,BLR-HYD,BLR,HYD,IndiGo,IndiGo,,7:05 AM,10:45 AM,220.0,3 hr 40 min,Economy,5358.0,,,False,be47b01cfd7d,1 stop
SCR_GF_1789055836_007,2026-09-10 21:27:14,2026-09-17,7,google_flights,BLR,HYD,BLR-HYD,BLR,HYD,IndiGo,IndiGo,,7:15 AM,1:15 PM,360.0,6 hr,Economy,5358.0,,,False,9b17adfcff85,1 stop
SCR_GF_1789055836_008,2026-09-10 21:27:14,2026-09-17,7,google_flights,BLR,HYD,BLR-HYD,BLR,HYD,IndiGo,IndiGo,,11:40 AM,4:05 PM,265.0,4 hr 25 min,Economy,5358.0,,,False,d314d491b5fb,1 stop
SCR_GF_1789055836_009,2026-09-10 21:27:14,2026-09-17,7,google_flights,BLR,HYD,BLR-HYD,BLR,HYD,IndiGo,IndiGo,,12:45 PM,5:25 PM,280.0,4 hr 40 min,Economy,5358.0,,,False,da1ef39db044,1 stop
SCR_GF_1789055836_010,2026-09-10 21:27:14,2026-09-17,7,google_flights,BLR,HYD,BLR-HYD,BLR,HYD,IndiGo,IndiGo,,1:10 PM,5:30 PM,260.0,4 hr 20 min,Economy,5358.0,,,False,f041f670dbf1,1 stop
SCR_GF_1789055836_011,2026-09-10 21:27:14,2026-09-17,7,google_flights,BLR,HYD,BLR-HYD,BLR,HYD,IndiGo,IndiGo,,5:40 PM,9:15 PM,215.0,3 hr 35 min,Economy,5358.0,,,False,ec4124de94ae,1 stop
SCR_GF_1789055836_012,2026-09-10 21:27:14,2026-09-17,7,google_flights,BLR,HYD,BLR-HYD,BLR,HYD,IndiGo,IndiGo,,6:15 PM,10:40 PM,265.0,4 hr 25 min,Economy,5358.0,,,False,c47bfa409fac,1 stop
SCR_GF_1789055836_013,2026-09-10 21:27:14,2026-09-17,7,google_flights,BLR,HYD,BLR-HYD,BLR,HYD,IndiGo,IndiGo,,7:15 PM,10:50 PM,215.0,3 hr 35 min,Economy,5358.0,,,False,f09a2e9f86ec,1 stop
SCR_GF_1789055836_014,2026-09-10 21:27:14,2026-09-17,7,google_flights,BLR,HYD,BLR-HYD,BLR,HYD,IndiGo,IndiGo,,11:05 PM,3:10 AM,245.0,4 hr 5 min,Economy,5358.0,,,False,dcb4a0f10fa4,1 stop
SCR_GF_1789055836_015,2026-09-10 21:27:14,2026-09-17,7,google_flights,BLR,HYD,BLR-HYD,BLR,HYD,IndiGo,IndiGo,,7:15 AM,11:10 AM,235.0,3 hr 55 min,Economy,5688.0,,,False,568537bc2618,1 stop
SCR_GF_1789055836_016,2026-09-10 21:27:14,2026-09-17,7,google_flights,BLR,HYD,BLR-HYD,BLR,HYD,IndiGo,IndiGo,,10:55 AM,3:00 PM,245.0,4 hr 5 min,Economy,6048.0,,,False,94126c55f192,1 stop
SCR_GF_1789055836_017,2026-09-10 21:27:14,2026-09-17,7,google_flights,BLR,HYD,BLR-HYD,BLR,HYD,IndiGo,IndiGo,,6:35 PM,7:45 PM,70.0,1 hr 10 min,Economy,6825.0,,,True,0790fe012e72,Non-stop
SCR_GF_1789055836_018,2026-09-10 21:27:14,2026-09-17,7,google_flights,BLR,HYD,BLR-HYD,BLR,HYD,Air India Express,Air India Express,,7:15 PM,8:25 PM,70.0,1 hr 10 min,Economy,7026.0,,,True,77d9bb32f25c,Non-stop
SCR_GF_1789055837_028,2026-09-10 21:27:14,2026-09-17,7,google_flights,BLR,HYD,BLR-HYD,BLR,HYD,Air India Express,Air India Express,,5:15,6:40,85.0,1 hr 25 min,Economy,6427.0,,,True,8907ce40e5d2,Non-stop
SCR_GF_1789055837_029,2026-09-10 21:27:14,2026-09-17,7,google_flights,BLR,HYD,BLR-HYD,BLR,HYD,IndiGo,IndiGo,,7:10,8:25,75.0,1 hr 15 min,Economy,6577.0,,,True,e864b83aad01,Non-stop
SCR_GF_1789055837_030,2026-09-10 21:27:14,2026-09-17,7,google_flights,BLR,HYD,BLR-HYD,BLR,HYD,IndiGo,IndiGo,,4:30,5:45,75.0,1 hr 15 min,Economy,6825.0,,,True,99079b10186b,Non-stop
SCR_GF_1789055837_032,2026-09-10 21:27:14,2026-09-17,7,google_flights,BLR,HYD,BLR-HYD,BLR,HYD,IndiGo,IndiGo,,2:40,7:50,310.0,5 hr 10 min,Economy,5358.0,,,False,59bfad8dd84f,1 stop
SCR_GF_1789055837_033,2026-09-10 21:27:14,2026-09-17,7,google_flights,BLR,HYD,BLR-HYD,BLR,HYD,IndiGo,IndiGo,,7:05,10:45,220.0,3 hr 40 min,Economy,5358.0,,,False,a673d91ec56e,1 stop
SCR_GF_1789055837_035,2026-09-10 21:27:14,2026-09-17,7,google_flights,BLR,HYD,BLR-HYD,BLR,HYD,IndiGo,IndiGo,,11:40,4:05,265.0,4 hr 25 min,Economy,5358.0,,,False,bac4aa39ae82,1 stop
SCR_GF_1789055837_036,2026-09-10 21:27:14,2026-09-17,7,google_flights,BLR,HYD,BLR-HYD,BLR,HYD,IndiGo,IndiGo,,12:45,5:25,280.0,4 hr 40 min,Economy,5358.0,,,False,419b10e3ad34,1 stop
SCR_GF_1789055837_037,2026-09-10 21:27:14,2026-09-17,7,google_flights,BLR,HYD,BLR-HYD,BLR,HYD,IndiGo,IndiGo,,1:10,5:30,260.0,4 hr 20 min,Economy,5358.0,,,False,c8a04f9dbe62,1 stop
SCR_GF_1789055837_038,2026-09-10 21:27:14,2026-09-17,7,google_flights,BLR,HYD,BLR-HYD,BLR,HYD,IndiGo,IndiGo,,5:40,9:15,215.0,3 hr 35 min,Economy,5358.0,,,False,542cce506383,1 stop
SCR_GF_1789055837_039,2026-09-10 21:27:14,2026-09-17,7,google_flights,BLR,HYD,BLR-HYD,BLR,HYD,IndiGo,IndiGo,,6:15,10:40,265.0,4 hr 25 min,Economy,5358.0,,,False,77c23624c1cd,1 stop
SCR_GF_1789055837_040,2026-09-10 21:27:14,2026-09-17,7,google_flights,BLR,HYD,BLR-HYD,BLR,HYD,IndiGo,IndiGo,,7:15,10:50,215.0,3 hr 35 min,Economy,5358.0,,,False,6235435b9074,1 stop
SCR_GF_1789055837_041,2026-09-10 21:27:14,2026-09-17,7,google_flights,BLR,HYD,BLR-HYD,BLR,HYD,IndiGo,IndiGo,,11:05,3:10 AM,245.0,4 hr 5 min,Economy,5358.0,,,False,87668389043a,1 stop
SCR_GF_1789055837_042,2026-09-10 21:27:14,2026-09-17,7,google_flights,BLR,HYD,BLR-HYD,BLR,HYD,IndiGo,IndiGo,,7:15,11:10,235.0,3 hr 55 min,Economy,5688.0,,,False,1d70b4c49294,1 stop
SCR_GF_1789055837_043,2026-09-10 21:27:14,2026-09-17,7,google_flights,BLR,HYD,BLR-HYD,BLR,HYD,IndiGo,IndiGo,,10:55,3:00,245.0,4 hr 5 min,Economy,6048.0,,,False,f1e942a4f4f9,1 stop
SCR_GF_1789055837_044,2026-09-10 21:27:14,2026-09-17,7,google_flights,BLR,HYD,BLR-HYD,BLR,HYD,IndiGo,IndiGo,,6:35,7:45,70.0,1 hr 10 min,Economy,6825.0,,,True,87540ef8b259,Non-stop
SCR_GF_1789055837_045,2026-09-10 21:27:14,2026-09-17,7,google_flights,BLR,HYD,BLR-HYD,BLR,HYD,Air India Express,Air India Express,,7:15,8:25,70.0,1 hr 10 min,Economy,7026.0,,,True,c75f43445ce0,Non-stop
SCR_GF_1789055837_046,2026-09-10 21:27:14,2026-09-17,7,google_flights,BLR,HYD,BLR-HYD,BLR,HYD,Air India Express,Air India Express,,12:30,1:50,80.0,1 hr 20 min,Economy,8527.0,,,True,2e654e859b23,Non-stop
SCR_GF_1789055837_047,2026-09-10 21:27:14,2026-09-17,7,google_flights,BLR,HYD,BLR-HYD,BLR,HYD,IndiGo,IndiGo,,11:35,12:50,75.0,1 hr 15 min,Economy,9570.0,,,True,832cfdfb9fca,Non-stop
SCR_GF_1789055837_048,2026-09-10 21:27:14,2026-09-17,7,google_flights,BLR,HYD,BLR-HYD,BLR,HYD,IndiGo,IndiGo,,10:15,11:30,75.0,1 hr 15 min,Economy,10443.0,,,True,6d657e3e4c43,Non-stop
SCR_GF_1789055837_049,2026-09-10 21:27:14,2026-09-17,7,google_flights,BLR,HYD,BLR-HYD,BLR,HYD,Air India Express,Air India Express,,6:05,7:25,80.0,1 hr 20 min,Economy,11627.0,,,True,7a624c04a49f,Non-stop
SCR_GF_1789055837_050,2026-09-10 21:27:14,2026-09-17,7,google_flights,BLR,HYD,BLR-HYD,BLR,HYD,IndiGo,IndiGo,,9:15,10:30,75.0,1 hr 15 min,Economy,12468.0,,,True,e2572320db82,Non-stop
SCR_GF_1789055838_051,2026-09-10 21:27:14,2026-09-17,7,google_flights,BLR,HYD,BLR-HYD,BLR,HYD,IndiGo,IndiGo,,7:45,9:00,75.0,1 hr 15 min,Economy,12468.0,,,True,46dd45c409f1,Non-stop
SCR_GF_1789055838_052,2026-09-10 21:27:14,2026-09-17,7,google_flights,BLR,HYD,BLR-HYD,BLR,HYD,IndiGo,IndiGo,,9:30,10:45,75.0,1 hr 15 min,Economy,13641.0,,,True,e44e32e7de46,Non-stop
SCR_GF_1789055838_053,2026-09-10 21:27:14,2026-09-17,7,google_flights,BLR,HYD,BLR-HYD,BLR,HYD,IndiGo,IndiGo,,6:25,7:35,70.0,1 hr 10 min,Economy,16363.0,,,True,f949e4fc4ca0,Non-stop
SCR_GF_1789055838_054,2026-09-10 21:27:14,2026-09-17,7,google_flights,BLR,HYD,BLR-HYD,BLR,HYD,IndiGo,IndiGo,,8:15,9:30,75.0,1 hr 15 min,Economy,16363.0,,,True,25517dfb9536,Non-stop
SCR_GF_1789055840_001,2026-09-10 21:27:18,2026-10-10,30,google_flights,BLR,HYD,BLR-HYD,BLR,HYD,IndiGo,IndiGo,,7:45 PM,9:00 PM,75.0,1 hr 15 min,Economy,4288.0,,,True,d3d0ca33398e,Non-stop
SCR_GF_1789055841_002,2026-09-10 21:27:18,2026-10-10,30,google_flights,BLR,HYD,BLR-HYD,BLR,HYD,Air India Express,Air India Express,,6:05 AM,7:25 AM,80.0,1 hr 20 min,Economy,4473.0,,,True,8a9d0f2dea00,Non-stop
SCR_GF_1789055841_018,2026-09-10 21:27:18,2026-10-10,30,google_flights,BLR,HYD,BLR-HYD,BLR,HYD,IndiGo,IndiGo,,7:45,9:00,75.0,1 hr 15 min,Economy,4288.0,,,True,94912bebd6be,Non-stop
SCR_GF_1789055841_019,2026-09-10 21:27:18,2026-10-10,30,google_flights,BLR,HYD,BLR-HYD,BLR,HYD,Air India Express,Air India Express,,6:05,7:25,80.0,1 hr 20 min,Economy,4473.0,,,True,abf88c318ac5,Non-stop
SCR_GF_1789055841_020,2026-09-10 21:27:18,2026-10-10,30,google_flights,BLR,HYD,BLR-HYD,BLR,HYD,Air India Express,Air India Express,,7:10,8:20,70.0,1 hr 10 min,Economy,4473.0,,,True,3f0547f94e60,Non-stop
SCR_GF_1789055841_021,2026-09-10 21:27:18,2026-10-10,30,google_flights,BLR,HYD,BLR-HYD,BLR,HYD,Air India Express,Air India Express,,2:55,4:05,70.0,1 hr 10 min,Economy,5526.0,,,True,cbc776f095a9,Non-stop
SCR_GF_1789055841_022,2026-09-10 21:27:18,2026-10-10,30,google_flights,BLR,HYD,BLR-HYD,BLR,HYD,Air India Express,Air India Express,,5:15,6:40,85.0,1 hr 25 min,Economy,5526.0,,,True,91e6c69708ae,Non-stop
SCR_GF_1789055841_023,2026-09-10 21:27:18,2026-10-10,30,google_flights,BLR,HYD,BLR-HYD,BLR,HYD,IndiGo,IndiGo,,9:25,10:40,75.0,1 hr 15 min,Economy,6291.0,,,True,08c829ffb2f0,Non-stop
SCR_GF_1789055841_024,2026-09-10 21:27:18,2026-10-10,30,google_flights,BLR,HYD,BLR-HYD,BLR,HYD,Air India Express,Air India Express,,12:30,1:45,75.0,1 hr 15 min,Economy,6427.0,,,True,458953e75128,Non-stop
SCR_GF_1789055841_025,2026-09-10 21:27:18,2026-10-10,30,google_flights,BLR,HYD,BLR-HYD,BLR,HYD,IndiGo,IndiGo,,6:35,7:45,70.0,1 hr 10 min,Economy,6825.0,,,True,9647573acb37,Non-stop
SCR_GF_1789055841_026,2026-09-10 21:27:18,2026-10-10,30,google_flights,BLR,HYD,BLR-HYD,BLR,HYD,IndiGo,IndiGo,,4:30,5:45,75.0,1 hr 15 min,Economy,8780.0,,,True,df8a50107068,Non-stop
SCR_GF_1789055841_027,2026-09-10 21:27:18,2026-10-10,30,google_flights,BLR,HYD,BLR-HYD,BLR,HYD,IndiGo,IndiGo,,2:50,4:05,75.0,1 hr 15 min,Economy,9570.0,,,True,0407a529b069,Non-stop
SCR_GF_1789055841_028,2026-09-10 21:27:18,2026-10-10,30,google_flights,BLR,HYD,BLR-HYD,BLR,HYD,IndiGo,IndiGo,,6:10,7:20,70.0,1 hr 10 min,Economy,11406.0,,,True,b6057aa4f019,Non-stop
SCR_GF_1789055841_029,2026-09-10 21:27:18,2026-10-10,30,google_flights,BLR,HYD,BLR-HYD,BLR,HYD,IndiGo,IndiGo,,9:15,10:30,75.0,1 hr 15 min,Economy,12468.0,,,True,d9db700eb08f,Non-stop
SCR_GF_1789055841_030,2026-09-10 21:27:18,2026-10-10,30,google_flights,BLR,HYD,BLR-HYD,BLR,HYD,IndiGo,IndiGo,,10:15,11:30,75.0,1 hr 15 min,Economy,12468.0,,,True,c6db13b833bc,Non-stop
SCR_GF_1789055841_031,2026-09-10 21:27:18,2026-10-10,30,google_flights,BLR,HYD,BLR-HYD,BLR,HYD,IndiGo,IndiGo,,11:35,12:50,75.0,1 hr 15 min,Economy,13641.0,,,True,f8cbddb9dc06,Non-stop
SCR_GF_1789055841_032,2026-09-10 21:27:18,2026-10-10,30,google_flights,BLR,HYD,BLR-HYD,BLR,HYD,IndiGo,IndiGo,,8:15,9:30,75.0,1 hr 15 min,Economy,14935.0,,,True,de653f08c6f4,Non-stop
SCR_GF_1789055841_033,2026-09-10 21:27:18,2026-10-10,30,google_flights,BLR,HYD,BLR-HYD,BLR,HYD,IndiGo,IndiGo,,9:00,8:25 AM,685.0,11 hr 25 min,Economy,36312.0,,,False,9776894a3a09,1 stop
SCR_GF_1789055844_001,2026-09-10 21:27:21,2026-09-11,1,google_flights,MAA,DEL,MAA-DEL,MAA,DEL,IndiGo,IndiGo,,1:00 PM,3:55 PM,175.0,2 hr 55 min,Economy,11000.0,,,True,68b98b3578aa,Non-stop
SCR_GF_1789055844_002,2026-09-10 21:27:21,2026-09-11,1,google_flights,MAA,DEL,MAA-DEL,MAA,DEL,IndiGo,IndiGo,,11:10 AM,1:55 PM,165.0,2 hr 45 min,Economy,11518.0,,,True,5cbb275a2d54,Non-stop
SCR_GF_1789055844_003,2026-09-10 21:27:21,2026-09-11,1,google_flights,MAA,DEL,MAA-DEL,MAA,DEL,Air India,Air India,,11:00 AM,2:00 PM,180.0,3 hr,Economy,11963.0,,,True,8b91230f926c,Non-stop
SCR_GF_1789055844_004,2026-09-10 21:27:21,2026-09-11,1,google_flights,MAA,DEL,MAA-DEL,MAA,DEL,Air India,Air India,,9:20 AM,12:15 PM,175.0,2 hr 55 min,Economy,11963.0,,,True,832707b0bfc7,Non-stop
SCR_GF_1789055844_005,2026-09-10 21:27:21,2026-09-11,1,google_flights,MAA,DEL,MAA-DEL,MAA,DEL,Air India,Air India,,2:00 PM,4:55 PM,175.0,2 hr 55 min,Economy,12551.0,,,True,efbeaf872968,Non-stop
SCR_GF_1789055844_006,2026-09-10 21:27:21,2026-09-11,1,google_flights,MAA,DEL,MAA-DEL,MAA,DEL,IndiGo,IndiGo,,9:15 AM,12:10 PM,175.0,2 hr 55 min,Economy,12642.0,,,True,c7e950494a31,Non-stop
SCR_GF_1789055844_007,2026-09-10 21:27:21,2026-09-11,1,google_flights,MAA,DEL,MAA-DEL,MAA,DEL,IndiGo,IndiGo,,2:30 PM,5:30 PM,180.0,3 hr,Economy,12642.0,,,True,8eb406b47f4e,Non-stop
SCR_GF_1789055844_008,2026-09-10 21:27:21,2026-09-11,1,google_flights,MAA,DEL,MAA-DEL,MAA,DEL,Air India,Air India,,4:20 PM,7:20 PM,180.0,3 hr,Economy,15207.0,,,True,c4cab11a6955,Non-stop
SCR_GF_1789055844_009,2026-09-10 21:27:21,2026-09-11,1,google_flights,MAA,DEL,MAA-DEL,MAA,DEL,IndiGo,IndiGo,,6:30 AM,9:25 AM,175.0,2 hr 55 min,Economy,17675.0,,,True,e3ccc18100d4,Non-stop
SCR_GF_1789055844_010,2026-09-10 21:27:21,2026-09-11,1,google_flights,MAA,DEL,MAA-DEL,MAA,DEL,IndiGo,IndiGo,,4:45 PM,7:40 PM,175.0,2 hr 55 min,Economy,18563.0,,,True,1e8bf9bacfa1,Non-stop
SCR_GF_1789055844_011,2026-09-10 21:27:21,2026-09-11,1,google_flights,MAA,DEL,MAA-DEL,MAA,DEL,IndiGo,IndiGo,,11:45 PM,2:40 AM,175.0,2 hr 55 min,Economy,18563.0,,,True,02b7bb0034a2,Non-stop
SCR_GF_1789055844_012,2026-09-10 21:27:21,2026-09-11,1,google_flights,MAA,DEL,MAA-DEL,MAA,DEL,IndiGo,IndiGo,,9:50 PM,12:35 AM,165.0,2 hr 45 min,Economy,19498.0,,,True,10b64593d96c,Non-stop
SCR_GF_1789055844_013,2026-09-10 21:27:21,2026-09-11,1,google_flights,MAA,DEL,MAA-DEL,MAA,DEL,Air India,Air India,,9:40 PM,12:40 AM,180.0,3 hr,Economy,21203.0,,,True,b4466820fe18,Non-stop
SCR_GF_1789055844_014,2026-09-10 21:27:21,2026-09-11,1,google_flights,MAA,DEL,MAA-DEL,MAA,DEL,Air India,Air India,,8:10 PM,11:00 PM,170.0,2 hr 50 min,Economy,21581.0,,,True,c35dd0bca98d,Non-stop
SCR_GF_1789055844_015,2026-09-10 21:27:21,2026-09-11,1,google_flights,MAA,DEL,MAA-DEL,MAA,DEL,IndiGo,IndiGo,,7:00 PM,9:55 PM,175.0,2 hr 55 min,Economy,22626.0,,,True,a39a67313693,Non-stop
SCR_GF_1789055844_016,2026-09-10 21:27:21,2026-09-11,1,google_flights,MAA,DEL,MAA-DEL,MAA,DEL,Air India,Air India,,6:55 AM,9:50 AM,175.0,2 hr 55 min,Economy,30632.0,,,True,82f4da7c02b5,Non-stop
SCR_GF_1789055844_017,2026-09-10 21:27:21,2026-09-11,1,google_flights,MAA,DEL,MAA-DEL,MAA,DEL,IndiGo,IndiGo,,10:05 PM,9:15 AM,670.0,11 hr 10 min,Economy,62248.0,,,False,1db27697b941,1 stop
SCR_GF_1789055844_018,2026-09-10 21:27:21,2026-09-11,1,google_flights,MAA,DEL,MAA-DEL,MAA,DEL,IndiGo,IndiGo,,9:15 PM,4:15 AM,420.0,7 hr,Economy,121388.0,,,False,4f4363101a47,1 stop
SCR_GF_1789055844_019,2026-09-10 21:27:21,2026-09-11,1,google_flights,MAA,DEL,MAA-DEL,MAA,DEL,IndiGo,IndiGo,,1:00,3:55,175.0,2 hr 55 min,Economy,11000.0,,,True,63751ff973a8,Non-stop
SCR_GF_1789055844_020,2026-09-10 21:27:21,2026-09-11,1,google_flights,MAA,DEL,MAA-DEL,MAA,DEL,IndiGo,IndiGo,,11:10,1:55,165.0,2 hr 45 min,Economy,11518.0,,,True,a65d4294248f,Non-stop
SCR_GF_1789055844_021,2026-09-10 21:27:21,2026-09-11,1,google_flights,MAA,DEL,MAA-DEL,MAA,DEL,Air India,Air India,,11:00,2:00,180.0,3 hr,Economy,11963.0,,,True,75e4c6bcff11,Non-stop
SCR_GF_1789055844_022,2026-09-10 21:27:21,2026-09-11,1,google_flights,MAA,DEL,MAA-DEL,MAA,DEL,Air India,Air India,,9:20,12:15,175.0,2 hr 55 min,Economy,11963.0,,,True,3f96a693046d,Non-stop
SCR_GF_1789055844_023,2026-09-10 21:27:21,2026-09-11,1,google_flights,MAA,DEL,MAA-DEL,MAA,DEL,Air India,Air India,,2:00,4:55,175.0,2 hr 55 min,Economy,12551.0,,,True,f76dd4ad1aad,Non-stop
SCR_GF_1789055844_024,2026-09-10 21:27:21,2026-09-11,1,google_flights,MAA,DEL,MAA-DEL,MAA,DEL,IndiGo,IndiGo,,9:15,12:10,175.0,2 hr 55 min,Economy,12642.0,,,True,6c8c4558a072,Non-stop
SCR_GF_1789055844_025,2026-09-10 21:27:21,2026-09-11,1,google_flights,MAA,DEL,MAA-DEL,MAA,DEL,IndiGo,IndiGo,,2:30,5:30,180.0,3 hr,Economy,12642.0,,,True,297964fe14c7,Non-stop
SCR_GF_1789055844_026,2026-09-10 21:27:21,2026-09-11,1,google_flights,MAA,DEL,MAA-DEL,MAA,DEL,Air India,Air India,,4:20,7:20,180.0,3 hr,Economy,15207.0,,,True,0ac1dae81be3,Non-stop
SCR_GF_1789055844_027,2026-09-10 21:27:21,2026-09-11,1,google_flights,MAA,DEL,MAA-DEL,MAA,DEL,IndiGo,IndiGo,,6:30,9:25,175.0,2 hr 55 min,Economy,17675.0,,,True,744039016628,Non-stop
SCR_GF_1789055844_028,2026-09-10 21:27:21,2026-09-11,1,google_flights,MAA,DEL,MAA-DEL,MAA,DEL,IndiGo,IndiGo,,4:45,7:40,175.0,2 hr 55 min,Economy,18563.0,,,True,827c70ccbb9b,Non-stop
SCR_GF_1789055844_029,2026-09-10 21:27:21,2026-09-11,1,google_flights,MAA,DEL,MAA-DEL,MAA,DEL,IndiGo,IndiGo,,11:45,2:40 AM,175.0,2 hr 55 min,Economy,18563.0,,,True,96f708813072,Non-stop
SCR_GF_1789055844_030,2026-09-10 21:27:21,2026-09-11,1,google_flights,MAA,DEL,MAA-DEL,MAA,DEL,IndiGo,IndiGo,,9:50,12:35 AM,165.0,2 hr 45 min,Economy,19498.0,,,True,fe82145e57a8,Non-stop
SCR_GF_1789055844_031,2026-09-10 21:27:21,2026-09-11,1,google_flights,MAA,DEL,MAA-DEL,MAA,DEL,Air India,Air India,,9:40,12:40 AM,180.0,3 hr,Economy,21203.0,,,True,96b2001ef056,Non-stop
SCR_GF_1789055844_032,2026-09-10 21:27:21,2026-09-11,1,google_flights,MAA,DEL,MAA-DEL,MAA,DEL,Air India,Air India,,8:10,11:00,170.0,2 hr 50 min,Economy,21581.0,,,True,5490b707ead8,Non-stop
SCR_GF_1789055844_033,2026-09-10 21:27:21,2026-09-11,1,google_flights,MAA,DEL,MAA-DEL,MAA,DEL,IndiGo,IndiGo,,7:00,9:55,175.0,2 hr 55 min,Economy,22626.0,,,True,636da5173cd4,Non-stop
SCR_GF_1789055844_034,2026-09-10 21:27:21,2026-09-11,1,google_flights,MAA,DEL,MAA-DEL,MAA,DEL,Air India,Air India,,6:55,9:50,175.0,2 hr 55 min,Economy,30632.0,,,True,680a51a42186,Non-stop
SCR_GF_1789055844_035,2026-09-10 21:27:21,2026-09-11,1,google_flights,MAA,DEL,MAA-DEL,MAA,DEL,IndiGo,IndiGo,,10:05,9:15 AM,670.0,11 hr 10 min,Economy,62248.0,,,False,0eb8ff9a26b4,1 stop
SCR_GF_1789055844_036,2026-09-10 21:27:21,2026-09-11,1,google_flights,MAA,DEL,MAA-DEL,MAA,DEL,IndiGo,IndiGo,,9:15,4:15 AM,420.0,7 hr,Economy,121388.0,,,False,84f0a5d1f624,1 stop
SCR_GF_1789055847_001,2026-09-10 21:27:25,2026-09-17,7,google_flights,MAA,DEL,MAA-DEL,MAA,DEL,IndiGo,IndiGo,,1:00 PM,3:55 PM,175.0,2 hr 55 min,Economy,10045.0,,,True,960e8c5728c4,Non-stop
SCR_GF_1789055847_002,2026-09-10 21:27:25,2026-09-17,7,google_flights,MAA,DEL,MAA-DEL,MAA,DEL,IndiGo,IndiGo,,2:30 PM,5:30 PM,180.0,3 hr,Economy,10045.0,,,True,09c1d4e25e4f,Non-stop
SCR_GF_1789055847_003,2026-09-10 21:27:25,2026-09-17,7,google_flights,MAA,DEL,MAA-DEL,MAA,DEL,IndiGo,IndiGo,,9:50 PM,12:35 AM,165.0,2 hr 45 min,Economy,10045.0,,,True,1e0725dec164,Non-stop
SCR_GF_1789055847_004,2026-09-10 21:27:25,2026-09-17,7,google_flights,MAA,DEL,MAA-DEL,MAA,DEL,Air India,Air India,,2:00 PM,4:55 PM,175.0,2 hr 55 min,Economy,10183.0,,,True,0be5aa797457,Non-stop
SCR_GF_1789055847_005,2026-09-10 21:27:25,2026-09-17,7,google_flights,MAA,DEL,MAA-DEL,MAA,DEL,IndiGo,IndiGo,,7:10 AM,12:30 PM,320.0,5 hr 20 min,Economy,10430.0,,,False,8c514499d5bc,1 stop
SCR_GF_1789055847_006,2026-09-10 21:27:25,2026-09-17,7,google_flights,MAA,DEL,MAA-DEL,MAA,DEL,Air India,Air India,,11:00 AM,2:00 PM,180.0,3 hr,Economy,10183.0,,,True,4802138d4ab8,Non-stop
SCR_GF_1789055847_007,2026-09-10 21:27:25,2026-09-17,7,google_flights,MAA,DEL,MAA-DEL,MAA,DEL,Air India,Air India,,8:10 PM,11:00 PM,170.0,2 hr 50 min,Economy,10183.0,,,True,eb5d4bf255e7,Non-stop
SCR_GF_1789055847_008,2026-09-10 21:27:25,2026-09-17,7,google_flights,MAA,DEL,MAA-DEL,MAA,DEL,Air India,Air India,,9:40 PM,12:40 AM,180.0,3 hr,Economy,10183.0,,,True,14dcf466e04b,Non-stop
SCR_GF_1789055847_009,2026-09-10 21:27:25,2026-09-17,7,google_flights,MAA,DEL,MAA-DEL,MAA,DEL,Air India,Air India,,4:20 PM,7:20 PM,180.0,3 hr,Economy,10398.0,,,True,d821ca44926b,Non-stop
SCR_GF_1789055847_010,2026-09-10 21:27:25,2026-09-17,7,google_flights,MAA,DEL,MAA-DEL,MAA,DEL,IndiGo,IndiGo,,3:55 AM,9:15 AM,320.0,5 hr 20 min,Economy,10430.0,,,False,cddd6fe91ba9,1 stop
SCR_GF_1789055847_011,2026-09-10 21:27:25,2026-09-17,7,google_flights,MAA,DEL,MAA-DEL,MAA,DEL,IndiGo,IndiGo,,11:45 PM,2:40 AM,175.0,2 hr 55 min,Economy,10510.0,,,True,41d90c93bf9c,Non-stop
SCR_GF_1789055847_012,2026-09-10 21:27:25,2026-09-17,7,google_flights,MAA,DEL,MAA-DEL,MAA,DEL,IndiGo,IndiGo,,4:45 PM,7:40 PM,175.0,2 hr 55 min,Economy,11000.0,,,True,7edf80febb7c,Non-stop
SCR_GF_1789055847_013,2026-09-10 21:27:25,2026-09-17,7,google_flights,MAA,DEL,MAA-DEL,MAA,DEL,IndiGo,IndiGo,,7:00 PM,9:55 PM,175.0,2 hr 55 min,Economy,11000.0,,,True,6686f2ae2b82,Non-stop
SCR_GF_1789055847_014,2026-09-10 21:27:25,2026-09-17,7,google_flights,MAA,DEL,MAA-DEL,MAA,DEL,Air India,Air India,,9:20 AM,12:15 PM,175.0,2 hr 55 min,Economy,11963.0,,,True,0802fefbebb2,Non-stop
SCR_GF_1789055847_015,2026-09-10 21:27:25,2026-09-17,7,google_flights,MAA,DEL,MAA-DEL,MAA,DEL,IndiGo,IndiGo,,9:15 AM,12:10 PM,175.0,2 hr 55 min,Economy,12065.0,,,True,5f6b60736fc5,Non-stop
SCR_GF_1789055847_016,2026-09-10 21:27:25,2026-09-17,7,google_flights,MAA,DEL,MAA-DEL,MAA,DEL,IndiGo,IndiGo,,11:10 AM,1:55 PM,165.0,2 hr 45 min,Economy,12065.0,,,True,8ad8c214ca47,Non-stop
SCR_GF_1789055847_017,2026-09-10 21:27:25,2026-09-17,7,google_flights,MAA,DEL,MAA-DEL,MAA,DEL,IndiGo,IndiGo,,6:30 AM,9:25 AM,175.0,2 hr 55 min,Economy,13892.0,,,True,7087f090d62e,Non-stop
SCR_GF_1789055847_018,2026-09-10 21:27:25,2026-09-17,7,google_flights,MAA,DEL,MAA-DEL,MAA,DEL,Air India,Air India,,6:55 AM,9:50 AM,175.0,2 hr 55 min,Economy,14567.0,,,True,d279776fd9a5,Non-stop
SCR_GF_1789055847_019,2026-09-10 21:27:25,2026-09-17,7,google_flights,MAA,DEL,MAA-DEL,MAA,DEL,IndiGo,IndiGo,,9:55 AM,5:45 PM,470.0,7 hr 50 min,Economy,29866.0,,,False,6d3783b4ea91,1 stop
SCR_GF_1789055847_020,2026-09-10 21:27:25,2026-09-17,7,google_flights,MAA,DEL,MAA-DEL,MAA,DEL,IndiGo,IndiGo,,9:15 PM,4:15 AM,420.0,7 hr,Economy,36146.0,,,False,3a1b1ac1ac3a,1 stop
SCR_GF_1789055847_021,2026-09-10 21:27:25,2026-09-17,7,google_flights,MAA,DEL,MAA-DEL,MAA,DEL,IndiGo,IndiGo,,1:00,3:55,175.0,2 hr 55 min,Economy,10045.0,,,True,815b5a469883,Non-stop
SCR_GF_1789055847_022,2026-09-10 21:27:25,2026-09-17,7,google_flights,MAA,DEL,MAA-DEL,MAA,DEL,IndiGo,IndiGo,,2:30,5:30,180.0,3 hr,Economy,10045.0,,,True,f471baf73f4b,Non-stop
SCR_GF_1789055847_023,2026-09-10 21:27:25,2026-09-17,7,google_flights,MAA,DEL,MAA-DEL,MAA,DEL,IndiGo,IndiGo,,9:50,12:35 AM,165.0,2 hr 45 min,Economy,10045.0,,,True,00d11df3bb99,Non-stop
SCR_GF_1789055847_024,2026-09-10 21:27:25,2026-09-17,7,google_flights,MAA,DEL,MAA-DEL,MAA,DEL,Air India,Air India,,2:00,4:55,175.0,2 hr 55 min,Economy,10183.0,,,True,be7e8a980707,Non-stop
SCR_GF_1789055847_025,2026-09-10 21:27:25,2026-09-17,7,google_flights,MAA,DEL,MAA-DEL,MAA,DEL,IndiGo,IndiGo,,7:10,12:30,320.0,5 hr 20 min,Economy,10430.0,,,False,18803c267047,1 stop
SCR_GF_1789055847_026,2026-09-10 21:27:25,2026-09-17,7,google_flights,MAA,DEL,MAA-DEL,MAA,DEL,Air India,Air India,,11:00,2:00,180.0,3 hr,Economy,10183.0,,,True,44f30c920729,Non-stop
SCR_GF_1789055847_027,2026-09-10 21:27:25,2026-09-17,7,google_flights,MAA,DEL,MAA-DEL,MAA,DEL,Air India,Air India,,8:10,11:00,170.0,2 hr 50 min,Economy,10183.0,,,True,16c002c592ad,Non-stop
SCR_GF_1789055847_028,2026-09-10 21:27:25,2026-09-17,7,google_flights,MAA,DEL,MAA-DEL,MAA,DEL,Air India,Air India,,9:40,12:40 AM,180.0,3 hr,Economy,10183.0,,,True,775cedd71f1c,Non-stop
SCR_GF_1789055847_029,2026-09-10 21:27:25,2026-09-17,7,google_flights,MAA,DEL,MAA-DEL,MAA,DEL,Air India,Air India,,4:20,7:20,180.0,3 hr,Economy,10398.0,,,True,1530410d3b9c,Non-stop
SCR_GF_1789055847_030,2026-09-10 21:27:25,2026-09-17,7,google_flights,MAA,DEL,MAA-DEL,MAA,DEL,IndiGo,IndiGo,,3:55,9:15,320.0,5 hr 20 min,Economy,10430.0,,,False,91d7580e6fed,1 stop
SCR_GF_1789055847_031,2026-09-10 21:27:25,2026-09-17,7,google_flights,MAA,DEL,MAA-DEL,MAA,DEL,IndiGo,IndiGo,,11:45,2:40 AM,175.0,2 hr 55 min,Economy,10510.0,,,True,6c825eca016e,Non-stop
SCR_GF_1789055847_032,2026-09-10 21:27:25,2026-09-17,7,google_flights,MAA,DEL,MAA-DEL,MAA,DEL,IndiGo,IndiGo,,4:45,7:40,175.0,2 hr 55 min,Economy,11000.0,,,True,dbe7191ff9b9,Non-stop
SCR_GF_1789055847_033,2026-09-10 21:27:25,2026-09-17,7,google_flights,MAA,DEL,MAA-DEL,MAA,DEL,IndiGo,IndiGo,,7:00,9:55,175.0,2 hr 55 min,Economy,11000.0,,,True,626cde7517a0,Non-stop
SCR_GF_1789055847_034,2026-09-10 21:27:25,2026-09-17,7,google_flights,MAA,DEL,MAA-DEL,MAA,DEL,Air India,Air India,,9:20,12:15,175.0,2 hr 55 min,Economy,11963.0,,,True,a0b46a6e0b56,Non-stop
SCR_GF_1789055847_035,2026-09-10 21:27:25,2026-09-17,7,google_flights,MAA,DEL,MAA-DEL,MAA,DEL,IndiGo,IndiGo,,9:15,12:10,175.0,2 hr 55 min,Economy,12065.0,,,True,9d81f5b83d75,Non-stop
SCR_GF_1789055847_036,2026-09-10 21:27:25,2026-09-17,7,google_flights,MAA,DEL,MAA-DEL,MAA,DEL,IndiGo,IndiGo,,11:10,1:55,165.0,2 hr 45 min,Economy,12065.0,,,True,a206e2893069,Non-stop
SCR_GF_1789055847_037,2026-09-10 21:27:25,2026-09-17,7,google_flights,MAA,DEL,MAA-DEL,MAA,DEL,IndiGo,IndiGo,,6:30,9:25,175.0,2 hr 55 min,Economy,13892.0,,,True,7edec2f5e3ba,Non-stop
SCR_GF_1789055847_038,2026-09-10 21:27:25,2026-09-17,7,google_flights,MAA,DEL,MAA-DEL,MAA,DEL,Air India,Air India,,6:55,9:50,175.0,2 hr 55 min,Economy,14567.0,,,True,72ad740cb65b,Non-stop
SCR_GF_1789055847_039,2026-09-10 21:27:25,2026-09-17,7,google_flights,MAA,DEL,MAA-DEL,MAA,DEL,IndiGo,IndiGo,,9:55,5:45,470.0,7 hr 50 min,Economy,29866.0,,,False,8895ac8c5e85,1 stop
SCR_GF_1789055847_040,2026-09-10 21:27:25,2026-09-17,7,google_flights,MAA,DEL,MAA-DEL,MAA,DEL,IndiGo,IndiGo,,9:15,4:15 AM,420.0,7 hr,Economy,36146.0,,,False,2831f93bbd51,1 stop
SCR_GF_1789055850_023,2026-09-10 21:27:27,2026-10-10,30,google_flights,MAA,DEL,MAA-DEL,MAA,DEL,IndiGo,IndiGo,,8:00,2:00 AM,360.0,6 hr,Economy,9752.0,,,False,74c4b6aa1401,1 stop
SCR_GF_1789055850_024,2026-09-10 21:27:27,2026-10-10,30,google_flights,MAA,DEL,MAA-DEL,MAA,DEL,IndiGo,IndiGo,,11:10,1:55,165.0,2 hr 45 min,Economy,10045.0,,,True,3e62ab1b57a6,Non-stop
SCR_GF_1789055850_025,2026-09-10 21:27:27,2026-10-10,30,google_flights,MAA,DEL,MAA-DEL,MAA,DEL,Air India,Air India,,8:05,11:05,180.0,3 hr,Economy,10183.0,,,True,012cdf661feb,Non-stop
SCR_GF_1789055850_026,2026-09-10 21:27:27,2026-10-10,30,google_flights,MAA,DEL,MAA-DEL,MAA,DEL,IndiGo,IndiGo,,2:30,8:10,340.0,5 hr 40 min,Economy,9883.0,,,False,dedea6f08bb2,1 stop
SCR_GF_1789055850_027,2026-09-10 21:27:27,2026-10-10,30,google_flights,MAA,DEL,MAA-DEL,MAA,DEL,IndiGo,IndiGo,,5:00,10:35,335.0,5 hr 35 min,Economy,9883.0,,,False,d2fa64ca9d55,1 stop
SCR_GF_1789055850_028,2026-09-10 21:27:27,2026-10-10,30,google_flights,MAA,DEL,MAA-DEL,MAA,DEL,IndiGo,IndiGo,,2:45,5:40,175.0,2 hr 55 min,Economy,10045.0,,,True,1b820d8fccd9,Non-stop
SCR_GF_1789055850_029,2026-09-10 21:27:27,2026-10-10,30,google_flights,MAA,DEL,MAA-DEL,MAA,DEL,IndiGo,IndiGo,,6:30,9:25,175.0,2 hr 55 min,Economy,10045.0,,,True,9fb1e50f4b2e,Non-stop
SCR_GF_1789055850_030,2026-09-10 21:27:27,2026-10-10,30,google_flights,MAA,DEL,MAA-DEL,MAA,DEL,IndiGo,IndiGo,,9:15,12:10,175.0,2 hr 55 min,Economy,10045.0,,,True,692c6d7991b4,Non-stop
SCR_GF_1789055850_031,2026-09-10 21:27:27,2026-10-10,30,google_flights,MAA,DEL,MAA-DEL,MAA,DEL,IndiGo,IndiGo,,1:00,3:55,175.0,2 hr 55 min,Economy,10045.0,,,True,708f26ad802f,Non-stop
SCR_GF_1789055850_032,2026-09-10 21:27:27,2026-10-10,30,google_flights,MAA,DEL,MAA-DEL,MAA,DEL,IndiGo,IndiGo,,2:30,5:30,180.0,3 hr,Economy,10045.0,,,True,a02a6f59131e,Non-stop
SCR_GF_1789055850_033,2026-09-10 21:27:27,2026-10-10,30,google_flights,MAA,DEL,MAA-DEL,MAA,DEL,IndiGo,IndiGo,,7:00,9:55,175.0,2 hr 55 min,Economy,10045.0,,,True,6e61a7b5af34,Non-stop
SCR_GF_1789055850_034,2026-09-10 21:27:27,2026-10-10,30,google_flights,MAA,DEL,MAA-DEL,MAA,DEL,IndiGo,IndiGo,,9:50,12:35 AM,165.0,2 hr 45 min,Economy,10045.0,,,True,11ad1b3e7098,Non-stop
SCR_GF_1789055850_035,2026-09-10 21:27:27,2026-10-10,30,google_flights,MAA,DEL,MAA-DEL,MAA,DEL,IndiGo,IndiGo,,11:45,2:40 AM,175.0,2 hr 55 min,Economy,10045.0,,,True,bbeaa403ff11,Non-stop
SCR_GF_1789055851_036,2026-09-10 21:27:27,2026-10-10,30,google_flights,MAA,DEL,MAA-DEL,MAA,DEL,Air India,Air India,,6:55,9:45,170.0,2 hr 50 min,Economy,10183.0,,,True,207d707671fa,Non-stop
SCR_GF_1789055851_037,2026-09-10 21:27:27,2026-10-10,30,google_flights,MAA,DEL,MAA-DEL,MAA,DEL,Air India,Air India,,11:00,2:00,180.0,3 hr,Economy,10183.0,,,True,41185b791bf4,Non-stop
SCR_GF_1789055851_038,2026-09-10 21:27:27,2026-10-10,30,google_flights,MAA,DEL,MAA-DEL,MAA,DEL,Air India,Air India,,2:00,4:55,175.0,2 hr 55 min,Economy,10183.0,,,True,7b8626ad1c38,Non-stop
SCR_GF_1789055851_039,2026-09-10 21:27:27,2026-10-10,30,google_flights,MAA,DEL,MAA-DEL,MAA,DEL,Air India,Air India,,4:20,7:20,180.0,3 hr,Economy,10183.0,,,True,6c6a1879229c,Non-stop
SCR_GF_1789055851_040,2026-09-10 21:27:27,2026-10-10,30,google_flights,MAA,DEL,MAA-DEL,MAA,DEL,Air India,Air India,,8:10,10:55,165.0,2 hr 45 min,Economy,10183.0,,,True,145470974496,Non-stop
SCR_GF_1789055851_041,2026-09-10 21:27:27,2026-10-10,30,google_flights,MAA,DEL,MAA-DEL,MAA,DEL,Air India,Air India,,9:40,12:40 AM,180.0,3 hr,Economy,10183.0,,,True,5227ff540ba0,Non-stop
SCR_GF_1789055851_042,2026-09-10 21:27:27,2026-10-10,30,google_flights,MAA,DEL,MAA-DEL,MAA,DEL,IndiGo,IndiGo,,4:45,7:40,175.0,2 hr 55 min,Economy,10510.0,,,True,a8239c4772d9,Non-stop
SCR_GF_1789055851_043,2026-09-10 21:27:27,2026-10-10,30,google_flights,MAA,DEL,MAA-DEL,MAA,DEL,IndiGo,IndiGo,,9:55,4:15 AM,1100.0,18 hr 20 min,Economy,25540.0,,,False,851016f02bde,1 stop
SCR_GF_1789055851_044,2026-09-10 21:27:27,2026-10-10,30,google_flights,MAA,DEL,MAA-DEL,MAA,DEL,IndiGo,IndiGo,,9:15,4:15 AM,420.0,7 hr,Economy,27620.0,,,False,8fea930e3f7f,1 stop
