record_id,search_timestamp,travel_date,lead_time_days,source_platform,origin_iata,dest_iata,route,origin_raw,dest_raw,airline_standardized,airline_raw,flight_number,departure_time,arrival_time,duration_minutes,duration_raw,cabin_class,total_fare_inr,base_fare_inr,fuel_surcharge_inr,udf_psf_inr,gst_inr,convenience_fee_inr,taxes_fees_inr,is_nonstop,stops_count,stop_info,raw_hash
SCR_GF_1789324630_019,2026-09-14 00:07:02,2026-09-15,1,google_flights,DEL,PNQ,DEL-PNQ,DEL,PNQ,SpiceJet,SpiceJet,SG (Direct),4:55 PM,7:25 PM,150,2 hr 30 min,Economy,8282.0,4903.77,2307.66,710.0,360.57,0.0,3378.23,True,0,Non-Stop,2d753b361b96
SCR_GF_1789324630_020,2026-09-14 00:07:02,2026-09-15,1,google_flights,DEL,PNQ,DEL-PNQ,DEL,PNQ,IndiGo,IndiGo,6E (Direct),6:10 AM,8:10 AM,120,2 hr,Economy,8841.0,5265.79,2478.02,710.0,387.19,0.0,3575.21,True,0,Non-Stop,64934cb7e6f3
SCR_GF_1789324631_021,2026-09-14 00:07:02,2026-09-15,1,google_flights,DEL,PNQ,DEL-PNQ,DEL,PNQ,IndiGo,IndiGo,6E (Direct),11:50 AM,2:05 PM,135,2 hr 15 min,Economy,8841.0,5265.79,2478.02,710.0,387.19,0.0,3575.21,True,0,Non-Stop,fa7765bac629
SCR_GF_1789324631_022,2026-09-14 00:07:02,2026-09-15,1,google_flights,DEL,PNQ,DEL-PNQ,DEL,PNQ,Akasa Air,Akasa Air,QP (Direct),10:50 AM,1:05 PM,135,2 hr 15 min,Economy,12065.0,7353.71,3460.58,710.0,540.71,0.0,4711.29,True,0,Non-Stop,5aae425cb62b
SCR_GF_1789324631_023,2026-09-14 00:07:02,2026-09-15,1,google_flights,DEL,PNQ,DEL-PNQ,DEL,PNQ,Air India,Air India,AI (Direct),1:00 PM,3:15 PM,135,2 hr 15 min,Economy,13591.0,8341.98,3925.64,710.0,613.38,0.0,5249.02,True,0,Non-Stop,05238de0dd08
SCR_GF_1789324631_024,2026-09-14 00:07:02,2026-09-15,1,google_flights,DEL,PNQ,DEL-PNQ,DEL,PNQ,IndiGo,IndiGo,6E (Direct),9:40 AM,11:45 AM,125,2 hr 5 min,Economy,14340.0,8827.05,4153.9,710.0,649.05,0.0,5512.95,True,0,Non-Stop,4bde4c9b0fab
SCR_GF_1789324631_025,2026-09-14 00:07:02,2026-09-15,1,google_flights,DEL,PNQ,DEL-PNQ,DEL,PNQ,IndiGo,IndiGo,6E (Direct),5:40,7:50,130,2 hr 10 min,Economy,7139.0,4163.54,1959.32,710.0,306.14,0.0,2975.46,True,0,Non-Stop,9a8058ba58e2
SCR_GF_1789324631_026,2026-09-14 00:07:02,2026-09-15,1,google_flights,DEL,PNQ,DEL-PNQ,DEL,PNQ,IndiGo,IndiGo,6E (Direct),4:25,6:30,125,2 hr 5 min,Economy,7336.0,4291.12,2019.36,710.0,315.52,0.0,3044.88,True,0,Non-Stop,e7318d55ada7
SCR_GF_1789324631_027,2026-09-14 00:07:02,2026-09-15,1,google_flights,DEL,PNQ,DEL-PNQ,DEL,PNQ,IndiGo,IndiGo,6E (Direct),3:00,5:15,135,2 hr 15 min,Economy,7384.0,4322.21,2033.98,710.0,317.81,0.0,3061.79,True,0,Non-Stop,2273d5cc0258
SCR_GF_1789324631_028,2026-09-14 00:07:02,2026-09-15,1,google_flights,DEL,PNQ,DEL-PNQ,DEL,PNQ,IndiGo,IndiGo,6E (Direct),2:00,4:15,135,2 hr 15 min,Economy,6929.0,4027.54,1895.32,710.0,296.14,0.0,2901.46,True,0,Non-Stop,434c837ae26a
SCR_GF_1789324631_029,2026-09-14 00:07:02,2026-09-15,1,google_flights,DEL,PNQ,DEL-PNQ,DEL,PNQ,IndiGo,IndiGo,6E (Direct),4:45,6:55,130,2 hr 10 min,Economy,6929.0,4027.54,1895.32,710.0,296.14,0.0,2901.46,True,0,Non-Stop,feb61ff31ae9
SCR_GF_1789324632_030,2026-09-14 00:07:02,2026-09-15,1,google_flights,DEL,PNQ,DEL-PNQ,DEL,PNQ,IndiGo,IndiGo,6E (Direct),11:50,2:05,135,2 hr 15 min,Economy,6929.0,4027.54,1895.32,710.0,296.14,0.0,2901.46,True,0,Non-Stop,e818aaed2dcb
SCR_GF_1789324632_031,2026-09-14 00:07:02,2026-09-15,1,google_flights,DEL,PNQ,DEL-PNQ,DEL,PNQ,IndiGo,IndiGo,6E (Direct),2:20,4:25,125,2 hr 5 min,Economy,6930.0,4028.19,1895.62,710.0,296.19,0.0,2901.81,True,0,Non-Stop,83d98c2bb050
SCR_GF_1789324632_032,2026-09-14 00:07:02,2026-09-15,1,google_flights,DEL,PNQ,DEL-PNQ,DEL,PNQ,IndiGo,IndiGo,6E (Direct),4:40,6:45,125,2 hr 5 min,Economy,6930.0,4028.19,1895.62,710.0,296.19,0.0,2901.81,True,0,Non-Stop,30a97df7b20f
SCR_GF_1789324632_033,2026-09-14 00:07:02,2026-09-15,1,google_flights,DEL,PNQ,DEL-PNQ,DEL,PNQ,IndiGo,IndiGo,6E (Direct),11:00,1:05,125,2 hr 5 min,Economy,6930.0,4028.19,1895.62,710.0,296.19,0.0,2901.81,True,0,Non-Stop,47f1110ced5a
SCR_GF_1789324632_034,2026-09-14 00:07:02,2026-09-15,1,google_flights,DEL,PNQ,DEL-PNQ,DEL,PNQ,IndiGo,IndiGo,6E (Direct),7:10,9:15,125,2 hr 5 min,Economy,7139.0,4163.54,1959.32,710.0,306.14,0.0,2975.46,True,0,Non-Stop,7a2be4b85b20
SCR_GF_1789324632_035,2026-09-14 00:07:02,2026-09-15,1,google_flights,DEL,PNQ,DEL-PNQ,DEL,PNQ,IndiGo,IndiGo,6E (Direct),5:45,8:05,140,2 hr 20 min,Economy,7333.0,4289.18,2018.44,710.0,315.38,0.0,3043.82,True,0,Non-Stop,fe350b9042be
SCR_GF_1789324632_036,2026-09-14 00:07:02,2026-09-15,1,google_flights,DEL,PNQ,DEL-PNQ,DEL,PNQ,IndiGo,IndiGo,6E (Direct),6:15,8:20,125,2 hr 5 min,Economy,7336.0,4291.12,2019.36,710.0,315.52,0.0,3044.88,True,0,Non-Stop,b49e791a2f82
SCR_GF_1789324632_037,2026-09-14 00:07:02,2026-09-15,1,google_flights,DEL,PNQ,DEL-PNQ,DEL,PNQ,IndiGo,IndiGo,6E (Direct),9:15,11:20,125,2 hr 5 min,Economy,7336.0,4291.12,2019.36,710.0,315.52,0.0,3044.88,True,0,Non-Stop,5d0d09e80fa0
SCR_GF_1789324632_038,2026-09-14 00:07:02,2026-09-15,1,google_flights,DEL,PNQ,DEL-PNQ,DEL,PNQ,IndiGo,IndiGo,6E (Direct),4:00,6:15,135,2 hr 15 min,Economy,7459.0,4370.78,2056.84,710.0,321.38,0.0,3088.22,True,0,Non-Stop,1558969c82e4
SCR_GF_1789324632_039,2026-09-14 00:07:02,2026-09-15,1,google_flights,DEL,PNQ,DEL-PNQ,DEL,PNQ,IndiGo,IndiGo,6E (Direct),8:50,11:05,135,2 hr 15 min,Economy,7522.0,4411.58,2076.04,710.0,324.38,0.0,3110.42,True,0,Non-Stop,7ef74fca0dab
SCR_GF_1789324633_040,2026-09-14 00:07:02,2026-09-15,1,google_flights,DEL,PNQ,DEL-PNQ,DEL,PNQ,IndiGo,IndiGo,6E (Direct),10:25,12:40,135,2 hr 15 min,Economy,7610.0,4468.57,2102.86,710.0,328.57,0.0,3141.43,True,0,Non-Stop,f6bf4bd90340
SCR_GF_1789324633_041,2026-09-14 00:07:02,2026-09-15,1,google_flights,DEL,PNQ,DEL-PNQ,DEL,PNQ,IndiGo,IndiGo,6E (Direct),6:10,8:25,135,2 hr 15 min,Economy,7969.0,4701.07,2212.26,710.0,345.67,0.0,3267.93,True,0,Non-Stop,0545daa78c8a
SCR_GF_1789324633_042,2026-09-14 00:07:02,2026-09-15,1,google_flights,DEL,PNQ,DEL-PNQ,DEL,PNQ,IndiGo,IndiGo,6E (Direct),3:55,6:40,165,2 hr 45 min,Economy,7987.0,4712.72,2217.76,710.0,346.52,0.0,3274.28,True,0,Non-Stop,27f7156fbacc
SCR_GF_1789324633_043,2026-09-14 00:07:02,2026-09-15,1,google_flights,DEL,PNQ,DEL-PNQ,DEL,PNQ,IndiGo,IndiGo,6E (Direct),4:55,7:25,150,2 hr 30 min,Economy,8282.0,4903.77,2307.66,710.0,360.57,0.0,3378.23,True,0,Non-Stop,c085315d5494
SCR_GF_1789324633_044,2026-09-14 00:07:02,2026-09-15,1,google_flights,DEL,PNQ,DEL-PNQ,DEL,PNQ,IndiGo,IndiGo,6E (Direct),6:10,8:10,120,2 hr,Economy,8841.0,5265.79,2478.02,710.0,387.19,0.0,3575.21,True,0,Non-Stop,f9c028fd6ebb
SCR_GF_1789324633_045,2026-09-14 00:07:02,2026-09-15,1,google_flights,DEL,PNQ,DEL-PNQ,DEL,PNQ,IndiGo,IndiGo,6E (Direct),11:50,2:05,135,2 hr 15 min,Economy,8841.0,5265.79,2478.02,710.0,387.19,0.0,3575.21,True,0,Non-Stop,56082fdcced3
SCR_GF_1789324633_046,2026-09-14 00:07:02,2026-09-15,1,google_flights,DEL,PNQ,DEL-PNQ,DEL,PNQ,IndiGo,IndiGo,6E (Direct),10:50,1:05,135,2 hr 15 min,Economy,12065.0,7353.71,3460.58,710.0,540.71,0.0,4711.29,True,0,Non-Stop,ffb43f580309
SCR_GF_1789324633_047,2026-09-14 00:07:02,2026-09-15,1,google_flights,DEL,PNQ,DEL-PNQ,DEL,PNQ,IndiGo,IndiGo,6E (Direct),1:00,3:15,135,2 hr 15 min,Economy,13591.0,8341.98,3925.64,710.0,613.38,0.0,5249.02,True,0,Non-Stop,be8d909df8c4
SCR_GF_1789324633_048,2026-09-14 00:07:02,2026-09-15,1,google_flights,DEL,PNQ,DEL-PNQ,DEL,PNQ,IndiGo,IndiGo,6E (Direct),9:40,11:45,125,2 hr 5 min,Economy,14340.0,8827.05,4153.9,710.0,649.05,0.0,5512.95,True,0,Non-Stop,5e411e4014a1
SCR_GF_1789324639_001,2026-09-14 00:07:14,2026-09-21,7,google_flights,DEL,PNQ,DEL-PNQ,DEL,PNQ,Air India,Air India,AI (Direct),7:10 PM,9:15 PM,125,2 hr 5 min,Economy,6929.0,4027.54,1895.32,710.0,296.14,0.0,2901.46,True,0,Non-Stop,cfcc86fe168a
SCR_GF_1789324639_002,2026-09-14 00:07:14,2026-09-21,7,google_flights,DEL,PNQ,DEL-PNQ,DEL,PNQ,IndiGo,IndiGo,6E (Direct),6:15 PM,8:20 PM,125,2 hr 5 min,Economy,6930.0,4028.19,1895.62,710.0,296.19,0.0,2901.81,True,0,Non-Stop,6b8a259dac51
SCR_GF_1789324640_003,2026-09-14 00:07:14,2026-09-21,7,google_flights,DEL,PNQ,DEL-PNQ,DEL,PNQ,Akasa Air,Akasa Air,QP (Direct),6:10 PM,8:25 PM,135,2 hr 15 min,Economy,7384.0,4322.21,2033.98,710.0,317.81,0.0,3061.79,True,0,Non-Stop,0d50d2f6ce12
SCR_GF_1789324640_004,2026-09-14 00:07:14,2026-09-21,7,google_flights,DEL,PNQ,DEL-PNQ,DEL,PNQ,Air India,Air India,AI (Direct),2:00 AM,4:15 AM,135,2 hr 15 min,Economy,6929.0,4027.54,1895.32,710.0,296.14,0.0,2901.46,True,0,Non-Stop,88f898e088a5
SCR_GF_1789324640_005,2026-09-14 00:07:14,2026-09-21,7,google_flights,DEL,PNQ,DEL-PNQ,DEL,PNQ,Air India,Air India,AI (Direct),4:45 AM,6:55 AM,130,2 hr 10 min,Economy,6929.0,4027.54,1895.32,710.0,296.14,0.0,2901.46,True,0,Non-Stop,5cd42f96178d
SCR_GF_1789324640_006,2026-09-14 00:07:14,2026-09-21,7,google_flights,DEL,PNQ,DEL-PNQ,DEL,PNQ,Air India,Air India,AI (Direct),5:40 PM,7:50 PM,130,2 hr 10 min,Economy,6929.0,4027.54,1895.32,710.0,296.14,0.0,2901.46,True,0,Non-Stop,a9773608e007
SCR_GF_1789324640_007,2026-09-14 00:07:14,2026-09-21,7,google_flights,DEL,PNQ,DEL-PNQ,DEL,PNQ,Air India,Air India,AI (Direct),11:50 PM,2:05 AM,135,2 hr 15 min,Economy,6929.0,4027.54,1895.32,710.0,296.14,0.0,2901.46,True,0,Non-Stop,d536df12465e
SCR_GF_1789324640_008,2026-09-14 00:07:14,2026-09-21,7,google_flights,DEL,PNQ,DEL-PNQ,DEL,PNQ,IndiGo,IndiGo,6E (Direct),2:20 AM,4:25 AM,125,2 hr 5 min,Economy,6930.0,4028.19,1895.62,710.0,296.19,0.0,2901.81,True,0,Non-Stop,38bb9db3255b
SCR_GF_1789324640_009,2026-09-14 00:07:14,2026-09-21,7,google_flights,DEL,PNQ,DEL-PNQ,DEL,PNQ,IndiGo,IndiGo,6E (Direct),4:40 AM,6:45 AM,125,2 hr 5 min,Economy,6930.0,4028.19,1895.62,710.0,296.19,0.0,2901.81,True,0,Non-Stop,eeb657c5547e
SCR_GF_1789324640_010,2026-09-14 00:07:14,2026-09-21,7,google_flights,DEL,PNQ,DEL-PNQ,DEL,PNQ,IndiGo,IndiGo,6E (Direct),11:50 AM,2:05 PM,135,2 hr 15 min,Economy,6930.0,4028.19,1895.62,710.0,296.19,0.0,2901.81,True,0,Non-Stop,29fd9d8edba8
SCR_GF_1789324641_011,2026-09-14 00:07:14,2026-09-21,7,google_flights,DEL,PNQ,DEL-PNQ,DEL,PNQ,Air India Express,Air India Express,IX (Direct),4:40 AM,6:55 AM,135,2 hr 15 min,Economy,7127.0,4155.77,1955.66,710.0,305.57,0.0,2971.23,True,0,Non-Stop,746f8fced8e4
SCR_GF_1789324641_012,2026-09-14 00:07:14,2026-09-21,7,google_flights,DEL,PNQ,DEL-PNQ,DEL,PNQ,Air India,Air India,AI (Direct),1:00 PM,3:15 PM,135,2 hr 15 min,Economy,7139.0,4163.54,1959.32,710.0,306.14,0.0,2975.46,True,0,Non-Stop,9f2dd338b8f8
SCR_GF_1789324641_013,2026-09-14 00:07:14,2026-09-21,7,google_flights,DEL,PNQ,DEL-PNQ,DEL,PNQ,IndiGo,IndiGo,6E (Direct),4:25 PM,6:30 PM,125,2 hr 5 min,Economy,7140.0,4164.19,1959.62,710.0,306.19,0.0,2975.81,True,0,Non-Stop,3e56b1323a1d
SCR_GF_1789324641_014,2026-09-14 00:07:14,2026-09-21,7,google_flights,DEL,PNQ,DEL-PNQ,DEL,PNQ,IndiGo,IndiGo,6E (Direct),11:00 PM,1:05 AM,125,2 hr 5 min,Economy,7140.0,4164.19,1959.62,710.0,306.19,0.0,2975.81,True,0,Non-Stop,a7bf729d99da
SCR_GF_1789324641_015,2026-09-14 00:07:14,2026-09-21,7,google_flights,DEL,PNQ,DEL-PNQ,DEL,PNQ,Air India Express,Air India Express,IX (Direct),10:25 PM,12:40 AM,135,2 hr 15 min,Economy,7331.0,4287.89,2017.82,710.0,315.29,0.0,3043.11,True,0,Non-Stop,d9a89763851c
SCR_GF_1789324641_016,2026-09-14 00:07:14,2026-09-21,7,google_flights,DEL,PNQ,DEL-PNQ,DEL,PNQ,IndiGo,IndiGo,6E (Direct),6:10 AM,8:10 AM,120,2 hr,Economy,7336.0,4291.12,2019.36,710.0,315.52,0.0,3044.88,True,0,Non-Stop,5cdb26cccac9
SCR_GF_1789324641_017,2026-09-14 00:07:14,2026-09-21,7,google_flights,DEL,PNQ,DEL-PNQ,DEL,PNQ,IndiGo,IndiGo,6E (Direct),9:15 PM,11:20 PM,125,2 hr 5 min,Economy,7336.0,4291.12,2019.36,710.0,315.52,0.0,3044.88,True,0,Non-Stop,e408c61c596c
SCR_GF_1789324641_018,2026-09-14 00:07:14,2026-09-21,7,google_flights,DEL,PNQ,DEL-PNQ,DEL,PNQ,Akasa Air,Akasa Air,QP (Direct),10:50 AM,1:05 PM,135,2 hr 15 min,Economy,7384.0,4322.21,2033.98,710.0,317.81,0.0,3061.79,True,0,Non-Stop,b1497afacbc2
SCR_GF_1789324641_019,2026-09-14 00:07:14,2026-09-21,7,google_flights,DEL,PNQ,DEL-PNQ,DEL,PNQ,Akasa Air,Akasa Air,QP (Direct),3:00 PM,5:15 PM,135,2 hr 15 min,Economy,7384.0,4322.21,2033.98,710.0,317.81,0.0,3061.79,True,0,Non-Stop,c1dbaac8c678
SCR_GF_1789324642_020,2026-09-14 00:07:14,2026-09-21,7,google_flights,DEL,PNQ,DEL-PNQ,DEL,PNQ,Air India,Air India,AI (Direct),5:45 AM,8:05 AM,140,2 hr 20 min,Economy,7396.0,4329.98,2037.64,710.0,318.38,0.0,3066.02,True,0,Non-Stop,0ee9c04d5877
SCR_GF_1789324642_021,2026-09-14 00:07:14,2026-09-21,7,google_flights,DEL,PNQ,DEL-PNQ,DEL,PNQ,Air India,Air India,AI (Direct),8:50 PM,11:05 PM,135,2 hr 15 min,Economy,7648.0,4493.18,2114.44,710.0,330.38,0.0,3154.82,True,0,Non-Stop,fd06aece38d7
SCR_GF_1789324642_022,2026-09-14 00:07:14,2026-09-21,7,google_flights,DEL,PNQ,DEL-PNQ,DEL,PNQ,IndiGo,IndiGo,6E (Direct),9:40 AM,11:45 AM,125,2 hr 5 min,Economy,7686.0,4517.79,2126.02,710.0,332.19,0.0,3168.21,True,0,Non-Stop,ce9c2966402b
SCR_GF_1789324642_023,2026-09-14 00:07:14,2026-09-21,7,google_flights,DEL,PNQ,DEL-PNQ,DEL,PNQ,Air India,Air India,AI (Direct),4:00 PM,6:15 PM,135,2 hr 15 min,Economy,7816.0,4601.98,2165.64,710.0,338.38,0.0,3214.02,True,0,Non-Stop,f61be5bccb33
SCR_GF_1789324642_024,2026-09-14 00:07:14,2026-09-21,7,google_flights,DEL,PNQ,DEL-PNQ,DEL,PNQ,SpiceJet,SpiceJet,SG (Direct),4:55 PM,7:25 PM,150,2 hr 30 min,Economy,8600.0,5109.71,2404.58,710.0,375.71,0.0,3490.29,True,0,Non-Stop,9e90aeeb7f98
SCR_GF_1789324642_025,2026-09-14 00:07:14,2026-09-21,7,google_flights,DEL,PNQ,DEL-PNQ,DEL,PNQ,IndiGo,IndiGo,6E (Direct),7:10,9:15,125,2 hr 5 min,Economy,6929.0,4027.54,1895.32,710.0,296.14,0.0,2901.46,True,0,Non-Stop,8c02ac3ffbef
SCR_GF_1789324642_026,2026-09-14 00:07:14,2026-09-21,7,google_flights,DEL,PNQ,DEL-PNQ,DEL,PNQ,IndiGo,IndiGo,6E (Direct),6:15,8:20,125,2 hr 5 min,Economy,6930.0,4028.19,1895.62,710.0,296.19,0.0,2901.81,True,0,Non-Stop,9082b8ef0f8c
SCR_GF_1789324642_027,2026-09-14 00:07:14,2026-09-21,7,google_flights,DEL,PNQ,DEL-PNQ,DEL,PNQ,IndiGo,IndiGo,6E (Direct),6:10,8:25,135,2 hr 15 min,Economy,7384.0,4322.21,2033.98,710.0,317.81,0.0,3061.79,True,0,Non-Stop,b6cc448d83a7
SCR_GF_1789324642_028,2026-09-14 00:07:14,2026-09-21,7,google_flights,DEL,PNQ,DEL-PNQ,DEL,PNQ,IndiGo,IndiGo,6E (Direct),2:00,4:15,135,2 hr 15 min,Economy,6929.0,4027.54,1895.32,710.0,296.14,0.0,2901.46,True,0,Non-Stop,48c9ac5317b7
SCR_GF_1789324642_029,2026-09-14 00:07:14,2026-09-21,7,google_flights,DEL,PNQ,DEL-PNQ,DEL,PNQ,IndiGo,IndiGo,6E (Direct),4:45,6:55,130,2 hr 10 min,Economy,6929.0,4027.54,1895.32,710.0,296.14,0.0,2901.46,True,0,Non-Stop,64eaf7588e4b
SCR_GF_1789324643_030,2026-09-14 00:07:14,2026-09-21,7,google_flights,DEL,PNQ,DEL-PNQ,DEL,PNQ,IndiGo,IndiGo,6E (Direct),5:40,7:50,130,2 hr 10 min,Economy,6929.0,4027.54,1895.32,710.0,296.14,0.0,2901.46,True,0,Non-Stop,1b6d5e7aba8e
SCR_GF_1789324643_031,2026-09-14 00:07:14,2026-09-21,7,google_flights,DEL,PNQ,DEL-PNQ,DEL,PNQ,IndiGo,IndiGo,6E (Direct),11:50,2:05,135,2 hr 15 min,Economy,6929.0,4027.54,1895.32,710.0,296.14,0.0,2901.46,True,0,Non-Stop,8cd9cdd3837d
SCR_GF_1789324643_032,2026-09-14 00:07:14,2026-09-21,7,google_flights,DEL,PNQ,DEL-PNQ,DEL,PNQ,IndiGo,IndiGo,6E (Direct),2:20,4:25,125,2 hr 5 min,Economy,6930.0,4028.19,1895.62,710.0,296.19,0.0,2901.81,True,0,Non-Stop,c9b382fa4a00
SCR_GF_1789324643_033,2026-09-14 00:07:14,2026-09-21,7,google_flights,DEL,PNQ,DEL-PNQ,DEL,PNQ,IndiGo,IndiGo,6E (Direct),4:40,6:45,125,2 hr 5 min,Economy,6930.0,4028.19,1895.62,710.0,296.19,0.0,2901.81,True,0,Non-Stop,0c78c5434072
SCR_GF_1789324643_034,2026-09-14 00:07:14,2026-09-21,7,google_flights,DEL,PNQ,DEL-PNQ,DEL,PNQ,IndiGo,IndiGo,6E (Direct),11:50,2:05,135,2 hr 15 min,Economy,6930.0,4028.19,1895.62,710.0,296.19,0.0,2901.81,True,0,Non-Stop,ae7e49b1d76b
SCR_GF_1789324643_035,2026-09-14 00:07:14,2026-09-21,7,google_flights,DEL,PNQ,DEL-PNQ,DEL,PNQ,IndiGo,IndiGo,6E (Direct),4:40,6:55,135,2 hr 15 min,Economy,7127.0,4155.77,1955.66,710.0,305.57,0.0,2971.23,True,0,Non-Stop,f13e90605802
SCR_GF_1789324643_036,2026-09-14 00:07:14,2026-09-21,7,google_flights,DEL,PNQ,DEL-PNQ,DEL,PNQ,IndiGo,IndiGo,6E (Direct),1:00,3:15,135,2 hr 15 min,Economy,7139.0,4163.54,1959.32,710.0,306.14,0.0,2975.46,True,0,Non-Stop,dca9baf927f0
SCR_GF_1789324643_037,2026-09-14 00:07:14,2026-09-21,7,google_flights,DEL,PNQ,DEL-PNQ,DEL,PNQ,IndiGo,IndiGo,6E (Direct),4:25,6:30,125,2 hr 5 min,Economy,7140.0,4164.19,1959.62,710.0,306.19,0.0,2975.81,True,0,Non-Stop,7939d87154b0
SCR_GF_1789324644_038,2026-09-14 00:07:14,2026-09-21,7,google_flights,DEL,PNQ,DEL-PNQ,DEL,PNQ,IndiGo,IndiGo,6E (Direct),11:00,1:05,125,2 hr 5 min,Economy,7140.0,4164.19,1959.62,710.0,306.19,0.0,2975.81,True,0,Non-Stop,e5750256422a
SCR_GF_1789324644_039,2026-09-14 00:07:14,2026-09-21,7,google_flights,DEL,PNQ,DEL-PNQ,DEL,PNQ,IndiGo,IndiGo,6E (Direct),10:25,12:40,135,2 hr 15 min,Economy,7331.0,4287.89,2017.82,710.0,315.29,0.0,3043.11,True,0,Non-Stop,7a653ca28595
SCR_GF_1789324644_040,2026-09-14 00:07:14,2026-09-21,7,google_flights,DEL,PNQ,DEL-PNQ,DEL,PNQ,IndiGo,IndiGo,6E (Direct),6:10,8:10,120,2 hr,Economy,7336.0,4291.12,2019.36,710.0,315.52,0.0,3044.88,True,0,Non-Stop,b099e37fe96a
SCR_GF_1789324644_041,2026-09-14 00:07:14,2026-09-21,7,google_flights,DEL,PNQ,DEL-PNQ,DEL,PNQ,IndiGo,IndiGo,6E (Direct),9:15,11:20,125,2 hr 5 min,Economy,7336.0,4291.12,2019.36,710.0,315.52,0.0,3044.88,True,0,Non-Stop,1e662ee5240b
SCR_GF_1789324644_042,2026-09-14 00:07:14,2026-09-21,7,google_flights,DEL,PNQ,DEL-PNQ,DEL,PNQ,IndiGo,IndiGo,6E (Direct),10:50,1:05,135,2 hr 15 min,Economy,7384.0,4322.21,2033.98,710.0,317.81,0.0,3061.79,True,0,Non-Stop,75adf3152028
SCR_GF_1789324644_043,2026-09-14 00:07:14,2026-09-21,7,google_flights,DEL,PNQ,DEL-PNQ,DEL,PNQ,IndiGo,IndiGo,6E (Direct),3:00,5:15,135,2 hr 15 min,Economy,7384.0,4322.21,2033.98,710.0,317.81,0.0,3061.79,True,0,Non-Stop,e103430745ba
SCR_GF_1789324644_044,2026-09-14 00:07:14,2026-09-21,7,google_flights,DEL,PNQ,DEL-PNQ,DEL,PNQ,IndiGo,IndiGo,6E (Direct),5:45,8:05,140,2 hr 20 min,Economy,7396.0,4329.98,2037.64,710.0,318.38,0.0,3066.02,True,0,Non-Stop,194c2afa9d90
SCR_GF_1789324644_045,2026-09-14 00:07:14,2026-09-21,7,google_flights,DEL,PNQ,DEL-PNQ,DEL,PNQ,IndiGo,IndiGo,6E (Direct),8:50,11:05,135,2 hr 15 min,Economy,7648.0,4493.18,2114.44,710.0,330.38,0.0,3154.82,True,0,Non-Stop,df65eb44ac95
SCR_GF_1789324645_046,2026-09-14 00:07:14,2026-09-21,7,google_flights,DEL,PNQ,DEL-PNQ,DEL,PNQ,IndiGo,IndiGo,6E (Direct),9:40,11:45,125,2 hr 5 min,Economy,7686.0,4517.79,2126.02,710.0,332.19,0.0,3168.21,True,0,Non-Stop,07471e491dd3
SCR_GF_1789324645_047,2026-09-14 00:07:14,2026-09-21,7,google_flights,DEL,PNQ,DEL-PNQ,DEL,PNQ,IndiGo,IndiGo,6E (Direct),4:00,6:15,135,2 hr 15 min,Economy,7816.0,4601.98,2165.64,710.0,338.38,0.0,3214.02,True,0,Non-Stop,ae166aa49542
SCR_GF_1789324645_048,2026-09-14 00:07:14,2026-09-21,7,google_flights,DEL,PNQ,DEL-PNQ,DEL,PNQ,IndiGo,IndiGo,6E (Direct),4:55,7:25,150,2 hr 30 min,Economy,8600.0,5109.71,2404.58,710.0,375.71,0.0,3490.29,True,0,Non-Stop,138f04b19572
SCR_GF_1789324650_001,2026-09-14 00:07:25,2026-09-29,15,google_flights,DEL,PNQ,DEL-PNQ,DEL,PNQ,Air India,Air India,AI (Direct),5:40 PM,7:50 PM,130,2 hr 10 min,Economy,6929.0,4027.54,1895.32,710.0,296.14,0.0,2901.46,True,0,Non-Stop,fa15a76601d8
SCR_GF_1789324650_002,2026-09-14 00:07:25,2026-09-29,15,google_flights,DEL,PNQ,DEL-PNQ,DEL,PNQ,IndiGo,IndiGo,6E (Direct),6:15 PM,8:20 PM,125,2 hr 5 min,Economy,6930.0,4028.19,1895.62,710.0,296.19,0.0,2901.81,True,0,Non-Stop,98c0adbff878
SCR_GF_1789324650_003,2026-09-14 00:07:25,2026-09-29,15,google_flights,DEL,PNQ,DEL-PNQ,DEL,PNQ,Akasa Air,Akasa Air,QP (Direct),3:00 PM,5:15 PM,135,2 hr 15 min,Economy,7384.0,4322.21,2033.98,710.0,317.81,0.0,3061.79,True,0,Non-Stop,5f89206b2fbc
SCR_GF_1789324650_004,2026-09-14 00:07:25,2026-09-29,15,google_flights,DEL,PNQ,DEL-PNQ,DEL,PNQ,Air India,Air India,AI (Direct),4:45 AM,6:55 AM,130,2 hr 10 min,Economy,6929.0,4027.54,1895.32,710.0,296.14,0.0,2901.46,True,0,Non-Stop,1bcab2b3ed9d
SCR_GF_1789324650_005,2026-09-14 00:07:25,2026-09-29,15,google_flights,DEL,PNQ,DEL-PNQ,DEL,PNQ,Air India,Air India,AI (Direct),4:00 PM,6:15 PM,135,2 hr 15 min,Economy,6929.0,4027.54,1895.32,710.0,296.14,0.0,2901.46,True,0,Non-Stop,6b74bea5e2af
SCR_GF_1789324651_006,2026-09-14 00:07:25,2026-09-29,15,google_flights,DEL,PNQ,DEL-PNQ,DEL,PNQ,Air India,Air India,AI (Direct),11:50 PM,2:05 AM,135,2 hr 15 min,Economy,6929.0,4027.54,1895.32,710.0,296.14,0.0,2901.46,True,0,Non-Stop,af1f4b763a5e
SCR_GF_1789324651_007,2026-09-14 00:07:25,2026-09-29,15,google_flights,DEL,PNQ,DEL-PNQ,DEL,PNQ,IndiGo,IndiGo,6E (Direct),4:40 AM,6:45 AM,125,2 hr 5 min,Economy,6930.0,4028.19,1895.62,710.0,296.19,0.0,2901.81,True,0,Non-Stop,42c94a543908
SCR_GF_1789324651_008,2026-09-14 00:07:25,2026-09-29,15,google_flights,DEL,PNQ,DEL-PNQ,DEL,PNQ,IndiGo,IndiGo,6E (Direct),11:50 AM,2:05 PM,135,2 hr 15 min,Economy,6930.0,4028.19,1895.62,710.0,296.19,0.0,2901.81,True,0,Non-Stop,a2721134c696
SCR_GF_1789324651_009,2026-09-14 00:07:25,2026-09-29,15,google_flights,DEL,PNQ,DEL-PNQ,DEL,PNQ,IndiGo,IndiGo,6E (Direct),11:00 PM,1:05 AM,125,2 hr 5 min,Economy,6930.0,4028.19,1895.62,710.0,296.19,0.0,2901.81,True,0,Non-Stop,fce7d13c81f1
SCR_GF_1789324651_010,2026-09-14 00:07:25,2026-09-29,15,google_flights,DEL,PNQ,DEL-PNQ,DEL,PNQ,Air India Express,Air India Express,IX (Direct),4:40 AM,6:55 AM,135,2 hr 15 min,Economy,7127.0,4155.77,1955.66,710.0,305.57,0.0,2971.23,True,0,Non-Stop,79234d41cf3e
SCR_GF_1789324651_011,2026-09-14 00:07:25,2026-09-29,15,google_flights,DEL,PNQ,DEL-PNQ,DEL,PNQ,Air India Express,Air India Express,IX (Direct),10:25 PM,12:40 AM,135,2 hr 15 min,Economy,7127.0,4155.77,1955.66,710.0,305.57,0.0,2971.23,True,0,Non-Stop,9f36357f7157
SCR_GF_1789324651_012,2026-09-14 00:07:25,2026-09-29,15,google_flights,DEL,PNQ,DEL-PNQ,DEL,PNQ,Air India,Air India,AI (Direct),1:00 PM,3:15 PM,135,2 hr 15 min,Economy,7139.0,4163.54,1959.32,710.0,306.14,0.0,2975.46,True,0,Non-Stop,86a8824bdc68
SCR_GF_1789324651_013,2026-09-14 00:07:25,2026-09-29,15,google_flights,DEL,PNQ,DEL-PNQ,DEL,PNQ,Air India,Air India,AI (Direct),7:10 PM,9:15 PM,125,2 hr 5 min,Economy,7139.0,4163.54,1959.32,710.0,306.14,0.0,2975.46,True,0,Non-Stop,7290199b8a1b
SCR_GF_1789324651_014,2026-09-14 00:07:25,2026-09-29,15,google_flights,DEL,PNQ,DEL-PNQ,DEL,PNQ,Air India,Air India,AI (Direct),5:45 AM,8:05 AM,140,2 hr 20 min,Economy,7333.0,4289.18,2018.44,710.0,315.38,0.0,3043.82,True,0,Non-Stop,d4026bbaddd6
SCR_GF_1789324651_015,2026-09-14 00:07:25,2026-09-29,15,google_flights,DEL,PNQ,DEL-PNQ,DEL,PNQ,IndiGo,IndiGo,6E (Direct),6:10 AM,8:10 AM,120,2 hr,Economy,7336.0,4291.12,2019.36,710.0,315.52,0.0,3044.88,True,0,Non-Stop,82c4c5c96c47
SCR_GF_1789324651_016,2026-09-14 00:07:25,2026-09-29,15,google_flights,DEL,PNQ,DEL-PNQ,DEL,PNQ,IndiGo,IndiGo,6E (Direct),9:40 AM,11:45 AM,125,2 hr 5 min,Economy,7336.0,4291.12,2019.36,710.0,315.52,0.0,3044.88,True,0,Non-Stop,69e182417d25
SCR_GF_1789324652_017,2026-09-14 00:07:25,2026-09-29,15,google_flights,DEL,PNQ,DEL-PNQ,DEL,PNQ,IndiGo,IndiGo,6E (Direct),4:25 PM,6:30 PM,125,2 hr 5 min,Economy,7336.0,4291.12,2019.36,710.0,315.52,0.0,3044.88,True,0,Non-Stop,033e38461df5
SCR_GF_1789324652_018,2026-09-14 00:07:25,2026-09-29,15,google_flights,DEL,PNQ,DEL-PNQ,DEL,PNQ,IndiGo,IndiGo,6E (Direct),9:15 PM,11:20 PM,125,2 hr 5 min,Economy,7336.0,4291.12,2019.36,710.0,315.52,0.0,3044.88,True,0,Non-Stop,27cf07663b23
SCR_GF_1789324652_019,2026-09-14 00:07:25,2026-09-29,15,google_flights,DEL,PNQ,DEL-PNQ,DEL,PNQ,Akasa Air,Akasa Air,QP (Direct),10:50 AM,1:05 PM,135,2 hr 15 min,Economy,7384.0,4322.21,2033.98,710.0,317.81,0.0,3061.79,True,0,Non-Stop,5974828aaf85
SCR_GF_1789324652_020,2026-09-14 00:07:25,2026-09-29,15,google_flights,DEL,PNQ,DEL-PNQ,DEL,PNQ,Akasa Air,Akasa Air,QP (Direct),6:10 PM,8:25 PM,135,2 hr 15 min,Economy,7384.0,4322.21,2033.98,710.0,317.81,0.0,3061.79,True,0,Non-Stop,219b843bff73
SCR_GF_1789324652_021,2026-09-14 00:07:25,2026-09-29,15,google_flights,DEL,PNQ,DEL-PNQ,DEL,PNQ,Air India,Air India,AI (Direct),8:50 PM,11:05 PM,135,2 hr 15 min,Economy,7522.0,4411.58,2076.04,710.0,324.38,0.0,3110.42,True,0,Non-Stop,0a28c330dc01
SCR_GF_1789324652_022,2026-09-14 00:07:25,2026-09-29,15,google_flights,DEL,PNQ,DEL-PNQ,DEL,PNQ,SpiceJet,SpiceJet,SG (Direct),4:55 PM,7:25 PM,150,2 hr 30 min,Economy,9062.0,5408.91,2545.38,710.0,397.71,0.0,3653.09,True,0,Non-Stop,cac18d75469b
SCR_GF_1789324652_023,2026-09-14 00:07:25,2026-09-29,15,google_flights,DEL,PNQ,DEL-PNQ,DEL,PNQ,Air India,Air India,AI (Direct),2:00 AM,4:15 AM,135,2 hr 15 min,Economy,9575.0,5741.14,2701.72,710.0,422.14,0.0,3833.86,True,0,Non-Stop,601acb80789d
SCR_GF_1789324652_024,2026-09-14 00:07:25,2026-09-29,15,google_flights,DEL,PNQ,DEL-PNQ,DEL,PNQ,IndiGo,IndiGo,6E (Direct),2:20 AM,4:25 AM,125,2 hr 5 min,Economy,9576.0,5741.79,2702.02,710.0,422.19,0.0,3834.21,True,0,Non-Stop,dd1a0bc1428e
SCR_GF_1789324652_025,2026-09-14 00:07:25,2026-09-29,15,google_flights,DEL,PNQ,DEL-PNQ,DEL,PNQ,IndiGo,IndiGo,6E (Direct),5:40,7:50,130,2 hr 10 min,Economy,6929.0,4027.54,1895.32,710.0,296.14,0.0,2901.46,True,0,Non-Stop,22dd60f428c2
SCR_GF_1789324653_026,2026-09-14 00:07:25,2026-09-29,15,google_flights,DEL,PNQ,DEL-PNQ,DEL,PNQ,IndiGo,IndiGo,6E (Direct),6:15,8:20,125,2 hr 5 min,Economy,6930.0,4028.19,1895.62,710.0,296.19,0.0,2901.81,True,0,Non-Stop,d39f641593e3
SCR_GF_1789324653_027,2026-09-14 00:07:25,2026-09-29,15,google_flights,DEL,PNQ,DEL-PNQ,DEL,PNQ,IndiGo,IndiGo,6E (Direct),3:00,5:15,135,2 hr 15 min,Economy,7384.0,4322.21,2033.98,710.0,317.81,0.0,3061.79,True,0,Non-Stop,f720567ecedf
SCR_GF_1789324653_028,2026-09-14 00:07:25,2026-09-29,15,google_flights,DEL,PNQ,DEL-PNQ,DEL,PNQ,IndiGo,IndiGo,6E (Direct),4:45,6:55,130,2 hr 10 min,Economy,6929.0,4027.54,1895.32,710.0,296.14,0.0,2901.46,True,0,Non-Stop,db42177b0012
SCR_GF_1789324653_029,2026-09-14 00:07:25,2026-09-29,15,google_flights,DEL,PNQ,DEL-PNQ,DEL,PNQ,IndiGo,IndiGo,6E (Direct),4:00,6:15,135,2 hr 15 min,Economy,6929.0,4027.54,1895.32,710.0,296.14,0.0,2901.46,True,0,Non-Stop,e4e24e09251a
SCR_GF_1789324653_030,2026-09-14 00:07:25,2026-09-29,15,google_flights,DEL,PNQ,DEL-PNQ,DEL,PNQ,IndiGo,IndiGo,6E (Direct),11:50,2:05,135,2 hr 15 min,Economy,6929.0,4027.54,1895.32,710.0,296.14,0.0,2901.46,True,0,Non-Stop,2877cb44d835
SCR_GF_1789324653_031,2026-09-14 00:07:25,2026-09-29,15,google_flights,DEL,PNQ,DEL-PNQ,DEL,PNQ,IndiGo,IndiGo,6E (Direct),4:40,6:45,125,2 hr 5 min,Economy,6930.0,4028.19,1895.62,710.0,296.19,0.0,2901.81,True,0,Non-Stop,e70609905722
SCR_GF_1789324653_032,2026-09-14 00:07:25,2026-09-29,15,google_flights,DEL,PNQ,DEL-PNQ,DEL,PNQ,IndiGo,IndiGo,6E (Direct),11:50,2:05,135,2 hr 15 min,Economy,6930.0,4028.19,1895.62,710.0,296.19,0.0,2901.81,True,0,Non-Stop,e3168d18c770
SCR_GF_1789324653_033,2026-09-14 00:07:25,2026-09-29,15,google_flights,DEL,PNQ,DEL-PNQ,DEL,PNQ,IndiGo,IndiGo,6E (Direct),11:00,1:05,125,2 hr 5 min,Economy,6930.0,4028.19,1895.62,710.0,296.19,0.0,2901.81,True,0,Non-Stop,b69c177fdad2
SCR_GF_1789324654_034,2026-09-14 00:07:25,2026-09-29,15,google_flights,DEL,PNQ,DEL-PNQ,DEL,PNQ,IndiGo,IndiGo,6E (Direct),4:40,6:55,135,2 hr 15 min,Economy,7127.0,4155.77,1955.66,710.0,305.57,0.0,2971.23,True,0,Non-Stop,18d6a229fe02
SCR_GF_1789324654_035,2026-09-14 00:07:25,2026-09-29,15,google_flights,DEL,PNQ,DEL-PNQ,DEL,PNQ,IndiGo,IndiGo,6E (Direct),10:25,12:40,135,2 hr 15 min,Economy,7127.0,4155.77,1955.66,710.0,305.57,0.0,2971.23,True,0,Non-Stop,46aa20569371
SCR_GF_1789324654_036,2026-09-14 00:07:25,2026-09-29,15,google_flights,DEL,PNQ,DEL-PNQ,DEL,PNQ,IndiGo,IndiGo,6E (Direct),1:00,3:15,135,2 hr 15 min,Economy,7139.0,4163.54,1959.32,710.0,306.14,0.0,2975.46,True,0,Non-Stop,ce0133787fbe
SCR_GF_1789324654_037,2026-09-14 00:07:25,2026-09-29,15,google_flights,DEL,PNQ,DEL-PNQ,DEL,PNQ,IndiGo,IndiGo,6E (Direct),7:10,9:15,125,2 hr 5 min,Economy,7139.0,4163.54,1959.32,710.0,306.14,0.0,2975.46,True,0,Non-Stop,a70ac1176f17
SCR_GF_1789324654_038,2026-09-14 00:07:25,2026-09-29,15,google_flights,DEL,PNQ,DEL-PNQ,DEL,PNQ,IndiGo,IndiGo,6E (Direct),5:45,8:05,140,2 hr 20 min,Economy,7333.0,4289.18,2018.44,710.0,315.38,0.0,3043.82,True,0,Non-Stop,197c2e04e941
SCR_GF_1789324654_039,2026-09-14 00:07:25,2026-09-29,15,google_flights,DEL,PNQ,DEL-PNQ,DEL,PNQ,IndiGo,IndiGo,6E (Direct),6:10,8:10,120,2 hr,Economy,7336.0,4291.12,2019.36,710.0,315.52,0.0,3044.88,True,0,Non-Stop,a1ca67797cc0
SCR_GF_1789324654_040,2026-09-14 00:07:25,2026-09-29,15,google_flights,DEL,PNQ,DEL-PNQ,DEL,PNQ,IndiGo,IndiGo,6E (Direct),9:40,11:45,125,2 hr 5 min,Economy,7336.0,4291.12,2019.36,710.0,315.52,0.0,3044.88,True,0,Non-Stop,c3b16c5f4914
SCR_GF_1789324654_041,2026-09-14 00:07:25,2026-09-29,15,google_flights,DEL,PNQ,DEL-PNQ,DEL,PNQ,IndiGo,IndiGo,6E (Direct),4:25,6:30,125,2 hr 5 min,Economy,7336.0,4291.12,2019.36,710.0,315.52,0.0,3044.88,True,0,Non-Stop,cd763a460be6
SCR_GF_1789324654_042,2026-09-14 00:07:25,2026-09-29,15,google_flights,DEL,PNQ,DEL-PNQ,DEL,PNQ,IndiGo,IndiGo,6E (Direct),9:15,11:20,125,2 hr 5 min,Economy,7336.0,4291.12,2019.36,710.0,315.52,0.0,3044.88,True,0,Non-Stop,94fe4840267d
SCR_GF_1789324655_043,2026-09-14 00:07:25,2026-09-29,15,google_flights,DEL,PNQ,DEL-PNQ,DEL,PNQ,IndiGo,IndiGo,6E (Direct),10:50,1:05,135,2 hr 15 min,Economy,7384.0,4322.21,2033.98,710.0,317.81,0.0,3061.79,True,0,Non-Stop,518a80003baf
SCR_GF_1789324655_044,2026-09-14 00:07:25,2026-09-29,15,google_flights,DEL,PNQ,DEL-PNQ,DEL,PNQ,IndiGo,IndiGo,6E (Direct),6:10,8:25,135,2 hr 15 min,Economy,7384.0,4322.21,2033.98,710.0,317.81,0.0,3061.79,True,0,Non-Stop,1da6730d56e6
SCR_GF_1789324655_045,2026-09-14 00:07:25,2026-09-29,15,google_flights,DEL,PNQ,DEL-PNQ,DEL,PNQ,IndiGo,IndiGo,6E (Direct),8:50,11:05,135,2 hr 15 min,Economy,7522.0,4411.58,2076.04,710.0,324.38,0.0,3110.42,True,0,Non-Stop,d6ba9ca416b5
SCR_GF_1789324655_046,2026-09-14 00:07:25,2026-09-29,15,google_flights,DEL,PNQ,DEL-PNQ,DEL,PNQ,IndiGo,IndiGo,6E (Direct),4:55,7:25,150,2 hr 30 min,Economy,9062.0,5408.91,2545.38,710.0,397.71,0.0,3653.09,True,0,Non-Stop,e82cf6100f90
SCR_GF_1789324655_047,2026-09-14 00:07:25,2026-09-29,15,google_flights,DEL,PNQ,DEL-PNQ,DEL,PNQ,IndiGo,IndiGo,6E (Direct),2:00,4:15,135,2 hr 15 min,Economy,9575.0,5741.14,2701.72,710.0,422.14,0.0,3833.86,True,0,Non-Stop,e28c5a07eaa8
SCR_GF_1789324655_048,2026-09-14 00:07:25,2026-09-29,15,google_flights,DEL,PNQ,DEL-PNQ,DEL,PNQ,IndiGo,IndiGo,6E (Direct),2:20,4:25,125,2 hr 5 min,Economy,9576.0,5741.79,2702.02,710.0,422.19,0.0,3834.21,True,0,Non-Stop,87ffd7894749
SCR_GF_1789324660_001,2026-09-14 00:07:35,2026-09-15,1,google_flights,DEL,LKO,DEL-LKO,DEL,LKO,Air India,Air India,AI (Direct),2:20 PM,3:30 PM,70,1 hr 10 min,Economy,3905.0,2069.14,973.72,710.0,152.14,0.0,1835.86,True,0,Non-Stop,a4c96858fe17
SCR_GF_1789324660_002,2026-09-14 00:07:35,2026-09-15,1,google_flights,DEL,LKO,DEL-LKO,DEL,LKO,IndiGo,IndiGo,6E (Direct),11:10 AM,12:35 PM,85,1 hr 25 min,Economy,3955.0,2101.52,988.96,710.0,154.52,0.0,1853.48,True,0,Non-Stop,6776ce12334c
SCR_GF_1789324661_003,2026-09-14 00:07:35,2026-09-15,1,google_flights,DEL,LKO,DEL-LKO,DEL,LKO,IndiGo,IndiGo,6E (Direct),1:20 PM,2:30 PM,70,1 hr 10 min,Economy,3955.0,2101.52,988.96,710.0,154.52,0.0,1853.48,True,0,Non-Stop,b60306307ebf
SCR_GF_1789324661_004,2026-09-14 00:07:35,2026-09-15,1,google_flights,DEL,LKO,DEL-LKO,DEL,LKO,IndiGo,IndiGo,6E (Direct),4:40 PM,5:45 PM,65,1 hr 5 min,Economy,3955.0,2101.52,988.96,710.0,154.52,0.0,1853.48,True,0,Non-Stop,444b1adaebf3
SCR_GF_1789324661_005,2026-09-14 00:07:35,2026-09-15,1,google_flights,DEL,LKO,DEL-LKO,DEL,LKO,Air India,Air India,AI (Direct),5:55 AM,7:05 AM,70,1 hr 10 min,Economy,4126.0,2212.27,1041.06,710.0,162.67,0.0,1913.73,True,0,Non-Stop,bd1e8c25e66c
SCR_GF_1789324661_007,2026-09-14 00:07:35,2026-09-15,1,google_flights,DEL,LKO,DEL-LKO,DEL,LKO,IndiGo,IndiGo,6E (Direct),7:45 PM,8:50 PM,65,1 hr 5 min,Economy,4116.0,2205.79,1038.02,710.0,162.19,0.0,1910.21,True,0,Non-Stop,f96821da277b
SCR_GF_1789324661_008,2026-09-14 00:07:35,2026-09-15,1,google_flights,DEL,LKO,DEL-LKO,DEL,LKO,IndiGo,IndiGo,6E (Direct),9:25 PM,10:40 PM,75,1 hr 15 min,Economy,4116.0,2205.79,1038.02,710.0,162.19,0.0,1910.21,True,0,Non-Stop,7aafe9d2b3bd
SCR_GF_1789324662_009,2026-09-14 00:07:35,2026-09-15,1,google_flights,DEL,LKO,DEL-LKO,DEL,LKO,IndiGo,IndiGo,6E (Direct),7:05 AM,8:25 AM,80,1 hr 20 min,Economy,4536.0,2477.79,1166.02,710.0,182.19,0.0,2058.21,True,0,Non-Stop,4477fae48651
SCR_GF_1789324662_010,2026-09-14 00:07:35,2026-09-15,1,google_flights,DEL,LKO,DEL-LKO,DEL,LKO,Air India,Air India,AI (Direct),8:25 PM,9:30 PM,65,1 hr 5 min,Economy,4598.0,2517.94,1184.92,710.0,185.14,0.0,2080.06,True,0,Non-Stop,38fde670b1bf
SCR_GF_1789324662_011,2026-09-14 00:07:35,2026-09-15,1,google_flights,DEL,LKO,DEL-LKO,DEL,LKO,IndiGo,IndiGo,6E (Direct),9:55 AM,11:05 AM,70,1 hr 10 min,Economy,4956.0,2749.79,1294.02,710.0,202.19,0.0,2206.21,True,0,Non-Stop,974ea6f8a7b5
SCR_GF_1789324662_012,2026-09-14 00:07:35,2026-09-15,1,google_flights,DEL,LKO,DEL-LKO,DEL,LKO,Air India,Air India,AI (Direct),6:35 PM,7:45 PM,70,1 hr 10 min,Economy,5008.0,2783.47,1309.86,710.0,204.67,0.0,2224.53,True,0,Non-Stop,619c53e5493b
SCR_GF_1789324662_014,2026-09-14 00:07:35,2026-09-15,1,google_flights,DEL,LKO,DEL-LKO,DEL,LKO,IndiGo,IndiGo,6E (Direct),2:20,3:30,70,1 hr 10 min,Economy,3905.0,2069.14,973.72,710.0,152.14,0.0,1835.86,True,0,Non-Stop,e55e626948e2
SCR_GF_1789324663_015,2026-09-14 00:07:35,2026-09-15,1,google_flights,DEL,LKO,DEL-LKO,DEL,LKO,IndiGo,IndiGo,6E (Direct),11:10,12:35,85,1 hr 25 min,Economy,3955.0,2101.52,988.96,710.0,154.52,0.0,1853.48,True,0,Non-Stop,a85cfd4be9dc
SCR_GF_1789324663_016,2026-09-14 00:07:35,2026-09-15,1,google_flights,DEL,LKO,DEL-LKO,DEL,LKO,IndiGo,IndiGo,6E (Direct),1:20,2:30,70,1 hr 10 min,Economy,3955.0,2101.52,988.96,710.0,154.52,0.0,1853.48,True,0,Non-Stop,b6b3e4fae3bc
SCR_GF_1789324663_017,2026-09-14 00:07:35,2026-09-15,1,google_flights,DEL,LKO,DEL-LKO,DEL,LKO,IndiGo,IndiGo,6E (Direct),4:40,5:45,65,1 hr 5 min,Economy,3955.0,2101.52,988.96,710.0,154.52,0.0,1853.48,True,0,Non-Stop,f6be2f7f3492
SCR_GF_1789324663_018,2026-09-14 00:07:35,2026-09-15,1,google_flights,DEL,LKO,DEL-LKO,DEL,LKO,IndiGo,IndiGo,6E (Direct),5:55,7:05,70,1 hr 10 min,Economy,4126.0,2212.27,1041.06,710.0,162.67,0.0,1913.73,True,0,Non-Stop,7c75b3159094
SCR_GF_1789324664_020,2026-09-14 00:07:35,2026-09-15,1,google_flights,DEL,LKO,DEL-LKO,DEL,LKO,IndiGo,IndiGo,6E (Direct),7:45,8:50,65,1 hr 5 min,Economy,4116.0,2205.79,1038.02,710.0,162.19,0.0,1910.21,True,0,Non-Stop,16df96ac92d3
SCR_GF_1789324664_021,2026-09-14 00:07:35,2026-09-15,1,google_flights,DEL,LKO,DEL-LKO,DEL,LKO,IndiGo,IndiGo,6E (Direct),9:25,10:40,75,1 hr 15 min,Economy,4116.0,2205.79,1038.02,710.0,162.19,0.0,1910.21,True,0,Non-Stop,6dc03fe84c9c
SCR_GF_1789324664_022,2026-09-14 00:07:35,2026-09-15,1,google_flights,DEL,LKO,DEL-LKO,DEL,LKO,IndiGo,IndiGo,6E (Direct),7:05,8:25,80,1 hr 20 min,Economy,4536.0,2477.79,1166.02,710.0,182.19,0.0,2058.21,True,0,Non-Stop,5d2a8e6379dc
SCR_GF_1789324664_023,2026-09-14 00:07:35,2026-09-15,1,google_flights,DEL,LKO,DEL-LKO,DEL,LKO,IndiGo,IndiGo,6E (Direct),8:25,9:30,65,1 hr 5 min,Economy,4598.0,2517.94,1184.92,710.0,185.14,0.0,2080.06,True,0,Non-Stop,2b38a6ec25a9
SCR_GF_1789324664_024,2026-09-14 00:07:35,2026-09-15,1,google_flights,DEL,LKO,DEL-LKO,DEL,LKO,IndiGo,IndiGo,6E (Direct),9:55,11:05,70,1 hr 10 min,Economy,4956.0,2749.79,1294.02,710.0,202.19,0.0,2206.21,True,0,Non-Stop,adc271eb2ac6
SCR_GF_1789324664_025,2026-09-14 00:07:35,2026-09-15,1,google_flights,DEL,LKO,DEL-LKO,DEL,LKO,IndiGo,IndiGo,6E (Direct),6:35,7:45,70,1 hr 10 min,Economy,5008.0,2783.47,1309.86,710.0,204.67,0.0,2224.53,True,0,Non-Stop,e2ee83f6e305
SCR_GF_1789324670_001,2026-09-14 00:07:45,2026-09-21,7,google_flights,DEL,LKO,DEL-LKO,DEL,LKO,Air India,Air India,AI (Direct),2:20 PM,3:30 PM,70,1 hr 10 min,Economy,3905.0,2069.14,973.72,710.0,152.14,0.0,1835.86,True,0,Non-Stop,d08df988265d
SCR_GF_1789324670_002,2026-09-14 00:07:45,2026-09-21,7,google_flights,DEL,LKO,DEL-LKO,DEL,LKO,IndiGo,IndiGo,6E (Direct),1:20 PM,2:30 PM,70,1 hr 10 min,Economy,3955.0,2101.52,988.96,710.0,154.52,0.0,1853.48,True,0,Non-Stop,05d99c8772c4
SCR_GF_1789324670_003,2026-09-14 00:07:45,2026-09-21,7,google_flights,DEL,LKO,DEL-LKO,DEL,LKO,IndiGo,IndiGo,6E (Direct),9:55 AM,11:05 AM,70,1 hr 10 min,Economy,4116.0,2205.79,1038.02,710.0,162.19,0.0,1910.21,True,0,Non-Stop,9341a647ca30
SCR_GF_1789324671_005,2026-09-14 00:07:45,2026-09-21,7,google_flights,DEL,LKO,DEL-LKO,DEL,LKO,IndiGo,IndiGo,6E (Direct),11:10 AM,12:35 PM,85,1 hr 25 min,Economy,3955.0,2101.52,988.96,710.0,154.52,0.0,1853.48,True,0,Non-Stop,91718fafd1b4
SCR_GF_1789324671_006,2026-09-14 00:07:45,2026-09-21,7,google_flights,DEL,LKO,DEL-LKO,DEL,LKO,IndiGo,IndiGo,6E (Direct),4:40 PM,5:45 PM,65,1 hr 5 min,Economy,3955.0,2101.52,988.96,710.0,154.52,0.0,1853.48,True,0,Non-Stop,421767e4b0c9
SCR_GF_1789324671_007,2026-09-14 00:07:45,2026-09-21,7,google_flights,DEL,LKO,DEL-LKO,DEL,LKO,IndiGo,IndiGo,6E (Direct),7:45 PM,8:50 PM,65,1 hr 5 min,Economy,4116.0,2205.79,1038.02,710.0,162.19,0.0,1910.21,True,0,Non-Stop,b15ab9fdeba5
SCR_GF_1789324671_008,2026-09-14 00:07:45,2026-09-21,7,google_flights,DEL,LKO,DEL-LKO,DEL,LKO,IndiGo,IndiGo,6E (Direct),9:25 PM,10:40 PM,75,1 hr 15 min,Economy,4116.0,2205.79,1038.02,710.0,162.19,0.0,1910.21,True,0,Non-Stop,caec5b6b2794
SCR_GF_1789324672_009,2026-09-14 00:07:45,2026-09-21,7,google_flights,DEL,LKO,DEL-LKO,DEL,LKO,Air India,Air India,AI (Direct),5:55 AM,7:05 AM,70,1 hr 10 min,Economy,4126.0,2212.27,1041.06,710.0,162.67,0.0,1913.73,True,0,Non-Stop,a6fafcf8f1bc
SCR_GF_1789324672_010,2026-09-14 00:07:45,2026-09-21,7,google_flights,DEL,LKO,DEL-LKO,DEL,LKO,Air India,Air India,AI (Direct),6:35 PM,7:45 PM,70,1 hr 10 min,Economy,4168.0,2239.47,1053.86,710.0,164.67,0.0,1928.53,True,0,Non-Stop,fe900b9c454f
SCR_GF_1789324672_011,2026-09-14 00:07:45,2026-09-21,7,google_flights,DEL,LKO,DEL-LKO,DEL,LKO,Air India,Air India,AI (Direct),8:25 PM,9:30 PM,65,1 hr 5 min,Economy,4168.0,2239.47,1053.86,710.0,164.67,0.0,1928.53,True,0,Non-Stop,79470021c2df
SCR_GF_1789324672_012,2026-09-14 00:07:45,2026-09-21,7,google_flights,DEL,LKO,DEL-LKO,DEL,LKO,IndiGo,IndiGo,6E (Direct),7:05 AM,8:25 AM,80,1 hr 20 min,Economy,4536.0,2477.79,1166.02,710.0,182.19,0.0,2058.21,True,0,Non-Stop,92fbb7ee7480
SCR_GF_1789324673_015,2026-09-14 00:07:45,2026-09-21,7,google_flights,DEL,LKO,DEL-LKO,DEL,LKO,IndiGo,IndiGo,6E (Direct),2:20,3:30,70,1 hr 10 min,Economy,3905.0,2069.14,973.72,710.0,152.14,0.0,1835.86,True,0,Non-Stop,1446f11d80b7
SCR_GF_1789324673_016,2026-09-14 00:07:45,2026-09-21,7,google_flights,DEL,LKO,DEL-LKO,DEL,LKO,IndiGo,IndiGo,6E (Direct),1:20,2:30,70,1 hr 10 min,Economy,3955.0,2101.52,988.96,710.0,154.52,0.0,1853.48,True,0,Non-Stop,1d80d56b2728
SCR_GF_1789324673_017,2026-09-14 00:07:45,2026-09-21,7,google_flights,DEL,LKO,DEL-LKO,DEL,LKO,IndiGo,IndiGo,6E (Direct),9:55,11:05,70,1 hr 10 min,Economy,4116.0,2205.79,1038.02,710.0,162.19,0.0,1910.21,True,0,Non-Stop,cc57570a07fc
SCR_GF_1789324674_019,2026-09-14 00:07:45,2026-09-21,7,google_flights,DEL,LKO,DEL-LKO,DEL,LKO,IndiGo,IndiGo,6E (Direct),11:10,12:35,85,1 hr 25 min,Economy,3955.0,2101.52,988.96,710.0,154.52,0.0,1853.48,True,0,Non-Stop,c4f02dbaf391
SCR_GF_1789324674_020,2026-09-14 00:07:45,2026-09-21,7,google_flights,DEL,LKO,DEL-LKO,DEL,LKO,IndiGo,IndiGo,6E (Direct),4:40,5:45,65,1 hr 5 min,Economy,3955.0,2101.52,988.96,710.0,154.52,0.0,1853.48,True,0,Non-Stop,78d8a464427e
SCR_GF_1789324674_021,2026-09-14 00:07:45,2026-09-21,7,google_flights,DEL,LKO,DEL-LKO,DEL,LKO,IndiGo,IndiGo,6E (Direct),7:45,8:50,65,1 hr 5 min,Economy,4116.0,2205.79,1038.02,710.0,162.19,0.0,1910.21,True,0,Non-Stop,8af6799a3bd0
SCR_GF_1789324674_022,2026-09-14 00:07:45,2026-09-21,7,google_flights,DEL,LKO,DEL-LKO,DEL,LKO,IndiGo,IndiGo,6E (Direct),9:25,10:40,75,1 hr 15 min,Economy,4116.0,2205.79,1038.02,710.0,162.19,0.0,1910.21,True,0,Non-Stop,a4e82f42d65d
SCR_GF_1789324675_023,2026-09-14 00:07:45,2026-09-21,7,google_flights,DEL,LKO,DEL-LKO,DEL,LKO,IndiGo,IndiGo,6E (Direct),5:55,7:05,70,1 hr 10 min,Economy,4126.0,2212.27,1041.06,710.0,162.67,0.0,1913.73,True,0,Non-Stop,c76bfceee073
SCR_GF_1789324675_024,2026-09-14 00:07:45,2026-09-21,7,google_flights,DEL,LKO,DEL-LKO,DEL,LKO,IndiGo,IndiGo,6E (Direct),6:35,7:45,70,1 hr 10 min,Economy,4168.0,2239.47,1053.86,710.0,164.67,0.0,1928.53,True,0,Non-Stop,46a2b81ce125
SCR_GF_1789324675_025,2026-09-14 00:07:45,2026-09-21,7,google_flights,DEL,LKO,DEL-LKO,DEL,LKO,IndiGo,IndiGo,6E (Direct),8:25,9:30,65,1 hr 5 min,Economy,4168.0,2239.47,1053.86,710.0,164.67,0.0,1928.53,True,0,Non-Stop,cfa286cb97be
SCR_GF_1789324675_026,2026-09-14 00:07:45,2026-09-21,7,google_flights,DEL,LKO,DEL-LKO,DEL,LKO,IndiGo,IndiGo,6E (Direct),7:05,8:25,80,1 hr 20 min,Economy,4536.0,2477.79,1166.02,710.0,182.19,0.0,2058.21,True,0,Non-Stop,97557f777a0c
SCR_GF_1789324682_001,2026-09-14 00:07:56,2026-09-29,15,google_flights,DEL,LKO,DEL-LKO,DEL,LKO,Air India,Air India,AI (Direct),2:20 PM,3:30 PM,70,1 hr 10 min,Economy,3905.0,2069.14,973.72,710.0,152.14,0.0,1835.86,True,0,Non-Stop,84cb272b26ba
SCR_GF_1789324682_002,2026-09-14 00:07:56,2026-09-29,15,google_flights,DEL,LKO,DEL-LKO,DEL,LKO,IndiGo,IndiGo,6E (Direct),1:20 PM,2:30 PM,70,1 hr 10 min,Economy,3955.0,2101.52,988.96,710.0,154.52,0.0,1853.48,True,0,Non-Stop,59f46410a014
SCR_GF_1789324682_003,2026-09-14 00:07:56,2026-09-29,15,google_flights,DEL,LKO,DEL-LKO,DEL,LKO,IndiGo,IndiGo,6E (Direct),9:55 AM,11:05 AM,70,1 hr 10 min,Economy,4116.0,2205.79,1038.02,710.0,162.19,0.0,1910.21,True,0,Non-Stop,0cb953005123
SCR_GF_1789324683_005,2026-09-14 00:07:56,2026-09-29,15,google_flights,DEL,LKO,DEL-LKO,DEL,LKO,IndiGo,IndiGo,6E (Direct),11:10 AM,12:35 PM,85,1 hr 25 min,Economy,3955.0,2101.52,988.96,710.0,154.52,0.0,1853.48,True,0,Non-Stop,58026778aca3
SCR_GF_1789324683_006,2026-09-14 00:07:56,2026-09-29,15,google_flights,DEL,LKO,DEL-LKO,DEL,LKO,IndiGo,IndiGo,6E (Direct),4:40 PM,5:45 PM,65,1 hr 5 min,Economy,3955.0,2101.52,988.96,710.0,154.52,0.0,1853.48,True,0,Non-Stop,341e300b2267
SCR_GF_1789324683_007,2026-09-14 00:07:56,2026-09-29,15,google_flights,DEL,LKO,DEL-LKO,DEL,LKO,IndiGo,IndiGo,6E (Direct),7:05 AM,8:25 AM,80,1 hr 20 min,Economy,4116.0,2205.79,1038.02,710.0,162.19,0.0,1910.21,True,0,Non-Stop,fe0799e4f9bf
SCR_GF_1789324683_008,2026-09-14 00:07:56,2026-09-29,15,google_flights,DEL,LKO,DEL-LKO,DEL,LKO,IndiGo,IndiGo,6E (Direct),7:45 PM,8:50 PM,65,1 hr 5 min,Economy,4116.0,2205.79,1038.02,710.0,162.19,0.0,1910.21,True,0,Non-Stop,115946f6db9c
SCR_GF_1789324684_009,2026-09-14 00:07:56,2026-09-29,15,google_flights,DEL,LKO,DEL-LKO,DEL,LKO,IndiGo,IndiGo,6E (Direct),9:25 PM,10:40 PM,75,1 hr 15 min,Economy,4116.0,2205.79,1038.02,710.0,162.19,0.0,1910.21,True,0,Non-Stop,1c3d7620105a
SCR_GF_1789324684_010,2026-09-14 00:07:56,2026-09-29,15,google_flights,DEL,LKO,DEL-LKO,DEL,LKO,Air India,Air India,AI (Direct),5:55 AM,7:05 AM,70,1 hr 10 min,Economy,4126.0,2212.27,1041.06,710.0,162.67,0.0,1913.73,True,0,Non-Stop,ad78a0e4936b
SCR_GF_1789324684_011,2026-09-14 00:07:56,2026-09-29,15,google_flights,DEL,LKO,DEL-LKO,DEL,LKO,Air India,Air India,AI (Direct),6:35 PM,7:45 PM,70,1 hr 10 min,Economy,4168.0,2239.47,1053.86,710.0,164.67,0.0,1928.53,True,0,Non-Stop,3b834f48e7d2
SCR_GF_1789324684_012,2026-09-14 00:07:56,2026-09-29,15,google_flights,DEL,LKO,DEL-LKO,DEL,LKO,Air India,Air India,AI (Direct),8:25 PM,9:30 PM,65,1 hr 5 min,Economy,4168.0,2239.47,1053.86,710.0,164.67,0.0,1928.53,True,0,Non-Stop,4a2db9f84510
SCR_GF_1789324684_013,2026-09-14 00:07:56,2026-09-29,15,google_flights,DEL,LKO,DEL-LKO,DEL,LKO,IndiGo,IndiGo,6E (Connecting),4:00 PM,8:05 AM,965,16 hr 5 min,Economy,24953.0,15700.23,7388.34,710.0,1154.43,0.0,9252.77,False,1,1 Stop,e909673122d0
SCR_GF_1789324685_015,2026-09-14 00:07:56,2026-09-29,15,google_flights,DEL,LKO,DEL-LKO,DEL,LKO,IndiGo,IndiGo,6E (Direct),2:20,3:30,70,1 hr 10 min,Economy,3905.0,2069.14,973.72,710.0,152.14,0.0,1835.86,True,0,Non-Stop,1ec611dd79c4
SCR_GF_1789324685_016,2026-09-14 00:07:56,2026-09-29,15,google_flights,DEL,LKO,DEL-LKO,DEL,LKO,IndiGo,IndiGo,6E (Direct),1:20,2:30,70,1 hr 10 min,Economy,3955.0,2101.52,988.96,710.0,154.52,0.0,1853.48,True,0,Non-Stop,6273d29f817c
SCR_GF_1789324685_017,2026-09-14 00:07:56,2026-09-29,15,google_flights,DEL,LKO,DEL-LKO,DEL,LKO,IndiGo,IndiGo,6E (Direct),9:55,11:05,70,1 hr 10 min,Economy,4116.0,2205.79,1038.02,710.0,162.19,0.0,1910.21,True,0,Non-Stop,ce20360f7dac
SCR_GF_1789324686_019,2026-09-14 00:07:56,2026-09-29,15,google_flights,DEL,LKO,DEL-LKO,DEL,LKO,IndiGo,IndiGo,6E (Direct),11:10,12:35,85,1 hr 25 min,Economy,3955.0,2101.52,988.96,710.0,154.52,0.0,1853.48,True,0,Non-Stop,1ca6153d540e
SCR_GF_1789324686_020,2026-09-14 00:07:56,2026-09-29,15,google_flights,DEL,LKO,DEL-LKO,DEL,LKO,IndiGo,IndiGo,6E (Direct),4:40,5:45,65,1 hr 5 min,Economy,3955.0,2101.52,988.96,710.0,154.52,0.0,1853.48,True,0,Non-Stop,28eeb0bcd882
SCR_GF_1789324686_021,2026-09-14 00:07:56,2026-09-29,15,google_flights,DEL,LKO,DEL-LKO,DEL,LKO,IndiGo,IndiGo,6E (Direct),7:05,8:25,80,1 hr 20 min,Economy,4116.0,2205.79,1038.02,710.0,162.19,0.0,1910.21,True,0,Non-Stop,6200e01d1048
SCR_GF_1789324686_022,2026-09-14 00:07:56,2026-09-29,15,google_flights,DEL,LKO,DEL-LKO,DEL,LKO,IndiGo,IndiGo,6E (Direct),7:45,8:50,65,1 hr 5 min,Economy,4116.0,2205.79,1038.02,710.0,162.19,0.0,1910.21,True,0,Non-Stop,65f082222843
SCR_GF_1789324686_023,2026-09-14 00:07:56,2026-09-29,15,google_flights,DEL,LKO,DEL-LKO,DEL,LKO,IndiGo,IndiGo,6E (Direct),9:25,10:40,75,1 hr 15 min,Economy,4116.0,2205.79,1038.02,710.0,162.19,0.0,1910.21,True,0,Non-Stop,a50bb478ab24
SCR_GF_1789324686_024,2026-09-14 00:07:56,2026-09-29,15,google_flights,DEL,LKO,DEL-LKO,DEL,LKO,IndiGo,IndiGo,6E (Direct),5:55,7:05,70,1 hr 10 min,Economy,4126.0,2212.27,1041.06,710.0,162.67,0.0,1913.73,True,0,Non-Stop,846e242de696
SCR_GF_1789324686_025,2026-09-14 00:07:56,2026-09-29,15,google_flights,DEL,LKO,DEL-LKO,DEL,LKO,IndiGo,IndiGo,6E (Direct),6:35,7:45,70,1 hr 10 min,Economy,4168.0,2239.47,1053.86,710.0,164.67,0.0,1928.53,True,0,Non-Stop,70aeaea5ef3f
SCR_GF_1789324686_026,2026-09-14 00:07:56,2026-09-29,15,google_flights,DEL,LKO,DEL-LKO,DEL,LKO,IndiGo,IndiGo,6E (Direct),8:25,9:30,65,1 hr 5 min,Economy,4168.0,2239.47,1053.86,710.0,164.67,0.0,1928.53,True,0,Non-Stop,fc1bbfdaecf9
SCR_GF_1789324686_027,2026-09-14 00:07:56,2026-09-29,15,google_flights,DEL,LKO,DEL-LKO,DEL,LKO,IndiGo,IndiGo,6E (Connecting),4:00,8:05,965,16 hr 5 min,Economy,24953.0,15700.23,7388.34,710.0,1154.43,0.0,9252.77,False,1,1 Stop,78fb163a0351
SCR_GF_1789324691_001,2026-09-14 00:08:07,2026-09-15,1,google_flights,BOM,LKO,BOM-LKO,BOM,LKO,IndiGo,IndiGo,6E (Direct),4:30 AM,6:30 AM,120,2 hr,Economy,6586.0,3844.27,1809.06,650.0,282.67,0.0,2741.73,True,0,Non-Stop,4c85507cdf2f
SCR_GF_1789324691_002,2026-09-14 00:08:07,2026-09-15,1,google_flights,BOM,LKO,BOM-LKO,BOM,LKO,Air India,Air India,AI (Direct),11:15 AM,1:35 PM,140,2 hr 20 min,Economy,6900.0,4047.62,1904.76,650.0,297.62,0.0,2852.38,True,0,Non-Stop,147f653b908a
SCR_GF_1789324691_003,2026-09-14 00:08:07,2026-09-15,1,google_flights,BOM,LKO,BOM-LKO,BOM,LKO,Akasa Air,Akasa Air,QP (Direct),8:40 AM,11:00 AM,140,2 hr 20 min,Economy,6962.0,4087.77,1923.66,650.0,300.57,0.0,2874.23,True,0,Non-Stop,17d97f9ef63e
SCR_GF_1789324692_005,2026-09-14 00:08:07,2026-09-15,1,google_flights,BOM,LKO,BOM-LKO,BOM,LKO,IndiGo,IndiGo,6E (Direct),8:45 PM,11:05 PM,140,2 hr 20 min,Economy,6586.0,3844.27,1809.06,650.0,282.67,0.0,2741.73,True,0,Non-Stop,f963a42bd36d
SCR_GF_1789324692_006,2026-09-14 00:08:07,2026-09-15,1,google_flights,BOM,LKO,BOM-LKO,BOM,LKO,IndiGo,IndiGo,6E (Direct),12:10 PM,2:20 PM,130,2 hr 10 min,Economy,6901.0,4048.27,1905.06,650.0,297.67,0.0,2852.73,True,0,Non-Stop,14d1639cd818
SCR_GF_1789324692_007,2026-09-14 00:08:07,2026-09-15,1,google_flights,BOM,LKO,BOM-LKO,BOM,LKO,IndiGo,IndiGo,6E (Direct),7:20 PM,9:25 PM,125,2 hr 5 min,Economy,6901.0,4048.27,1905.06,650.0,297.67,0.0,2852.73,True,0,Non-Stop,afa4bd5a670b
SCR_GF_1789324692_008,2026-09-14 00:08:07,2026-09-15,1,google_flights,BOM,LKO,BOM-LKO,BOM,LKO,IndiGo,IndiGo,6E (Connecting),1:00 PM,5:45 PM,285,4 hr 45 min,Economy,7602.0,4502.25,2118.7,650.0,331.05,0.0,3099.75,False,1,1 Stop (DEL),4054ae97d125
SCR_GF_1789324693_009,2026-09-14 00:08:07,2026-09-15,1,google_flights,BOM,LKO,BOM-LKO,BOM,LKO,IndiGo,IndiGo,6E (Connecting),3:00 PM,8:50 PM,350,5 hr 50 min,Economy,7602.0,4502.25,2118.7,650.0,331.05,0.0,3099.75,False,1,1 Stop (DEL),b2ecb2313164
SCR_GF_1789324693_010,2026-09-14 00:08:07,2026-09-15,1,google_flights,BOM,LKO,BOM-LKO,BOM,LKO,IndiGo,IndiGo,6E (Direct),4:30,6:30,120,2 hr,Economy,6586.0,3844.27,1809.06,650.0,282.67,0.0,2741.73,True,0,Non-Stop,e546fefabd96
SCR_GF_1789324693_011,2026-09-14 00:08:07,2026-09-15,1,google_flights,BOM,LKO,BOM-LKO,BOM,LKO,IndiGo,IndiGo,6E (Direct),11:15,1:35,140,2 hr 20 min,Economy,6900.0,4047.62,1904.76,650.0,297.62,0.0,2852.38,True,0,Non-Stop,63e59b164ba9
SCR_GF_1789324693_012,2026-09-14 00:08:07,2026-09-15,1,google_flights,BOM,LKO,BOM-LKO,BOM,LKO,IndiGo,IndiGo,6E (Direct),8:40,11:00,140,2 hr 20 min,Economy,6962.0,4087.77,1923.66,650.0,300.57,0.0,2874.23,True,0,Non-Stop,4bf30f272701
SCR_GF_1789324694_014,2026-09-14 00:08:07,2026-09-15,1,google_flights,BOM,LKO,BOM-LKO,BOM,LKO,IndiGo,IndiGo,6E (Direct),8:45,11:05,140,2 hr 20 min,Economy,6586.0,3844.27,1809.06,650.0,282.67,0.0,2741.73,True,0,Non-Stop,21066aa7562a
SCR_GF_1789324694_015,2026-09-14 00:08:07,2026-09-15,1,google_flights,BOM,LKO,BOM-LKO,BOM,LKO,IndiGo,IndiGo,6E (Direct),12:10,2:20,130,2 hr 10 min,Economy,6901.0,4048.27,1905.06,650.0,297.67,0.0,2852.73,True,0,Non-Stop,d8ab098f730b
SCR_GF_1789324694_016,2026-09-14 00:08:07,2026-09-15,1,google_flights,BOM,LKO,BOM-LKO,BOM,LKO,IndiGo,IndiGo,6E (Direct),7:20,9:25,125,2 hr 5 min,Economy,6901.0,4048.27,1905.06,650.0,297.67,0.0,2852.73,True,0,Non-Stop,f5a3e90aadff
SCR_GF_1789324694_017,2026-09-14 00:08:07,2026-09-15,1,google_flights,BOM,LKO,BOM-LKO,BOM,LKO,IndiGo,IndiGo,6E (Connecting),1:00,5:45,285,4 hr 45 min,Economy,7602.0,4502.25,2118.7,650.0,331.05,0.0,3099.75,False,1,1 Stop,38d3c781e944
SCR_GF_1789324694_018,2026-09-14 00:08:07,2026-09-15,1,google_flights,BOM,LKO,BOM-LKO,BOM,LKO,IndiGo,IndiGo,6E (Connecting),3:00,8:50,350,5 hr 50 min,Economy,7602.0,4502.25,2118.7,650.0,331.05,0.0,3099.75,False,1,1 Stop,fece21cd6184
SCR_GF_1789324699_001,2026-09-14 00:08:15,2026-09-21,7,google_flights,BOM,LKO,BOM-LKO,BOM,LKO,IndiGo,IndiGo,6E (Direct),4:30 AM,6:30 AM,120,2 hr,Economy,6586.0,3844.27,1809.06,650.0,282.67,0.0,2741.73,True,0,Non-Stop,d59eaa18cb40
SCR_GF_1789324699_002,2026-09-14 00:08:15,2026-09-21,7,google_flights,BOM,LKO,BOM-LKO,BOM,LKO,IndiGo,IndiGo,6E (Direct),8:45 PM,11:05 PM,140,2 hr 20 min,Economy,6586.0,3844.27,1809.06,650.0,282.67,0.0,2741.73,True,0,Non-Stop,856b806f1270
SCR_GF_1789324699_003,2026-09-14 00:08:15,2026-09-21,7,google_flights,BOM,LKO,BOM-LKO,BOM,LKO,IndiGo,IndiGo,6E (Direct),7:20 PM,9:25 PM,125,2 hr 5 min,Economy,6901.0,4048.27,1905.06,650.0,297.67,0.0,2852.73,True,0,Non-Stop,a6594189fb00
SCR_GF_1789324699_004,2026-09-14 00:08:15,2026-09-21,7,google_flights,BOM,LKO,BOM-LKO,BOM,LKO,Akasa Air,Akasa Air,QP (Direct),8:40 AM,11:00 AM,140,2 hr 20 min,Economy,6962.0,4087.77,1923.66,650.0,300.57,0.0,2874.23,True,0,Non-Stop,63bc7daf9cca
SCR_GF_1789324699_005,2026-09-14 00:08:15,2026-09-21,7,google_flights,BOM,LKO,BOM-LKO,BOM,LKO,Air India,Air India,AI (Direct),11:15 AM,1:35 PM,140,2 hr 20 min,Economy,7582.0,4489.3,2112.6,650.0,330.1,0.0,3092.7,True,0,Non-Stop,754c1e07e683
SCR_GF_1789324700_007,2026-09-14 00:08:15,2026-09-21,7,google_flights,BOM,LKO,BOM-LKO,BOM,LKO,IndiGo,IndiGo,6E (Direct),12:10 PM,2:20 PM,130,2 hr 10 min,Economy,7583.0,4489.94,2112.92,650.0,330.14,0.0,3093.06,True,0,Non-Stop,9a27271a1007
SCR_GF_1789324700_008,2026-09-14 00:08:15,2026-09-21,7,google_flights,BOM,LKO,BOM-LKO,BOM,LKO,IndiGo,IndiGo,6E (Connecting),1:00 PM,5:45 PM,285,4 hr 45 min,Economy,7602.0,4502.25,2118.7,650.0,331.05,0.0,3099.75,False,1,1 Stop (DEL),fc25b74ceef9
SCR_GF_1789324701_009,2026-09-14 00:08:15,2026-09-21,7,google_flights,BOM,LKO,BOM-LKO,BOM,LKO,IndiGo,IndiGo,6E (Connecting),3:00 PM,8:50 PM,350,5 hr 50 min,Economy,7602.0,4502.25,2118.7,650.0,331.05,0.0,3099.75,False,1,1 Stop (DEL),bf9171946f9b
SCR_GF_1789324701_010,2026-09-14 00:08:15,2026-09-21,7,google_flights,BOM,LKO,BOM-LKO,BOM,LKO,IndiGo,IndiGo,6E (Direct),4:30,6:30,120,2 hr,Economy,6586.0,3844.27,1809.06,650.0,282.67,0.0,2741.73,True,0,Non-Stop,91f903e2e4bd
SCR_GF_1789324701_011,2026-09-14 00:08:15,2026-09-21,7,google_flights,BOM,LKO,BOM-LKO,BOM,LKO,IndiGo,IndiGo,6E (Direct),8:45,11:05,140,2 hr 20 min,Economy,6586.0,3844.27,1809.06,650.0,282.67,0.0,2741.73,True,0,Non-Stop,419df7f06d91
SCR_GF_1789324701_012,2026-09-14 00:08:15,2026-09-21,7,google_flights,BOM,LKO,BOM-LKO,BOM,LKO,IndiGo,IndiGo,6E (Direct),7:20,9:25,125,2 hr 5 min,Economy,6901.0,4048.27,1905.06,650.0,297.67,0.0,2852.73,True,0,Non-Stop,6388265beb13
SCR_GF_1789324701_013,2026-09-14 00:08:15,2026-09-21,7,google_flights,BOM,LKO,BOM-LKO,BOM,LKO,IndiGo,IndiGo,6E (Direct),8:40,11:00,140,2 hr 20 min,Economy,6962.0,4087.77,1923.66,650.0,300.57,0.0,2874.23,True,0,Non-Stop,8b63788124e1
SCR_GF_1789324701_014,2026-09-14 00:08:15,2026-09-21,7,google_flights,BOM,LKO,BOM-LKO,BOM,LKO,IndiGo,IndiGo,6E (Direct),11:15,1:35,140,2 hr 20 min,Economy,7582.0,4489.3,2112.6,650.0,330.1,0.0,3092.7,True,0,Non-Stop,279814ae9dd2
SCR_GF_1789324702_016,2026-09-14 00:08:15,2026-09-21,7,google_flights,BOM,LKO,BOM-LKO,BOM,LKO,IndiGo,IndiGo,6E (Direct),12:10,2:20,130,2 hr 10 min,Economy,7583.0,4489.94,2112.92,650.0,330.14,0.0,3093.06,True,0,Non-Stop,116083d3f284
SCR_GF_1789324702_017,2026-09-14 00:08:15,2026-09-21,7,google_flights,BOM,LKO,BOM-LKO,BOM,LKO,IndiGo,IndiGo,6E (Connecting),1:00,5:45,285,4 hr 45 min,Economy,7602.0,4502.25,2118.7,650.0,331.05,0.0,3099.75,False,1,1 Stop,26d7e38036ff
SCR_GF_1789324703_018,2026-09-14 00:08:15,2026-09-21,7,google_flights,BOM,LKO,BOM-LKO,BOM,LKO,IndiGo,IndiGo,6E (Connecting),3:00,8:50,350,5 hr 50 min,Economy,7602.0,4502.25,2118.7,650.0,331.05,0.0,3099.75,False,1,1 Stop,083da3df7243
SCR_GF_1789324710_001,2026-09-14 00:08:23,2026-09-29,15,google_flights,BOM,LKO,BOM-LKO,BOM,LKO,IndiGo,IndiGo,6E (Direct),4:30 AM,6:30 AM,120,2 hr,Economy,6586.0,3844.27,1809.06,650.0,282.67,0.0,2741.73,True,0,Non-Stop,32edb5fde26c
SCR_GF_1789324710_002,2026-09-14 00:08:23,2026-09-29,15,google_flights,BOM,LKO,BOM-LKO,BOM,LKO,IndiGo,IndiGo,6E (Direct),12:10 PM,2:20 PM,130,2 hr 10 min,Economy,6901.0,4048.27,1905.06,650.0,297.67,0.0,2852.73,True,0,Non-Stop,754c41784d68
SCR_GF_1789324710_003,2026-09-14 00:08:23,2026-09-29,15,google_flights,BOM,LKO,BOM-LKO,BOM,LKO,Akasa Air,Akasa Air,QP (Direct),8:40 AM,11:00 AM,140,2 hr 20 min,Economy,6962.0,4087.77,1923.66,650.0,300.57,0.0,2874.23,True,0,Non-Stop,9bfe71675037
SCR_GF_1789324711_005,2026-09-14 00:08:23,2026-09-29,15,google_flights,BOM,LKO,BOM-LKO,BOM,LKO,IndiGo,IndiGo,6E (Direct),8:45 PM,11:05 PM,140,2 hr 20 min,Economy,6586.0,3844.27,1809.06,650.0,282.67,0.0,2741.73,True,0,Non-Stop,e55d7ec7f882
SCR_GF_1789324712_006,2026-09-14 00:08:23,2026-09-29,15,google_flights,BOM,LKO,BOM-LKO,BOM,LKO,IndiGo,IndiGo,6E (Direct),7:20 PM,9:25 PM,125,2 hr 5 min,Economy,6901.0,4048.27,1905.06,650.0,297.67,0.0,2852.73,True,0,Non-Stop,2e32f1dd54b3
SCR_GF_1789324712_007,2026-09-14 00:08:23,2026-09-29,15,google_flights,BOM,LKO,BOM-LKO,BOM,LKO,Air India,Air India,AI (Direct),11:15 AM,1:35 PM,140,2 hr 20 min,Economy,7582.0,4489.3,2112.6,650.0,330.1,0.0,3092.7,True,0,Non-Stop,0acaa50484e4
SCR_GF_1789324712_008,2026-09-14 00:08:23,2026-09-29,15,google_flights,BOM,LKO,BOM-LKO,BOM,LKO,IndiGo,IndiGo,6E (Connecting),1:00 PM,5:45 PM,285,4 hr 45 min,Economy,7602.0,4502.25,2118.7,650.0,331.05,0.0,3099.75,False,1,1 Stop (DEL),ae5bb078e3ab
SCR_GF_1789324712_009,2026-09-14 00:08:23,2026-09-29,15,google_flights,BOM,LKO,BOM-LKO,BOM,LKO,IndiGo,IndiGo,6E (Connecting),3:00 PM,8:50 PM,350,5 hr 50 min,Economy,7602.0,4502.25,2118.7,650.0,331.05,0.0,3099.75,False,1,1 Stop (DEL),51f25fb96e1d
SCR_GF_1789324712_010,2026-09-14 00:08:23,2026-09-29,15,google_flights,BOM,LKO,BOM-LKO,BOM,LKO,IndiGo,IndiGo,6E (Direct),4:30,6:30,120,2 hr,Economy,6586.0,3844.27,1809.06,650.0,282.67,0.0,2741.73,True,0,Non-Stop,3c39839e1657
SCR_GF_1789324712_011,2026-09-14 00:08:23,2026-09-29,15,google_flights,BOM,LKO,BOM-LKO,BOM,LKO,IndiGo,IndiGo,6E (Direct),12:10,2:20,130,2 hr 10 min,Economy,6901.0,4048.27,1905.06,650.0,297.67,0.0,2852.73,True,0,Non-Stop,4df7e19ea0b7
SCR_GF_1789324713_012,2026-09-14 00:08:23,2026-09-29,15,google_flights,BOM,LKO,BOM-LKO,BOM,LKO,IndiGo,IndiGo,6E (Direct),8:40,11:00,140,2 hr 20 min,Economy,6962.0,4087.77,1923.66,650.0,300.57,0.0,2874.23,True,0,Non-Stop,c2e56d3ee374
SCR_GF_1789324714_014,2026-09-14 00:08:23,2026-09-29,15,google_flights,BOM,LKO,BOM-LKO,BOM,LKO,IndiGo,IndiGo,6E (Direct),8:45,11:05,140,2 hr 20 min,Economy,6586.0,3844.27,1809.06,650.0,282.67,0.0,2741.73,True,0,Non-Stop,a18963b08da8
SCR_GF_1789324714_015,2026-09-14 00:08:23,2026-09-29,15,google_flights,BOM,LKO,BOM-LKO,BOM,LKO,IndiGo,IndiGo,6E (Direct),7:20,9:25,125,2 hr 5 min,Economy,6901.0,4048.27,1905.06,650.0,297.67,0.0,2852.73,True,0,Non-Stop,853cc84ae8d5
SCR_GF_1789324714_016,2026-09-14 00:08:23,2026-09-29,15,google_flights,BOM,LKO,BOM-LKO,BOM,LKO,IndiGo,IndiGo,6E (Direct),11:15,1:35,140,2 hr 20 min,Economy,7582.0,4489.3,2112.6,650.0,330.1,0.0,3092.7,True,0,Non-Stop,ceeb5dde4ee8
SCR_GF_1789324714_017,2026-09-14 00:08:23,2026-09-29,15,google_flights,BOM,LKO,BOM-LKO,BOM,LKO,IndiGo,IndiGo,6E (Connecting),1:00,5:45,285,4 hr 45 min,Economy,7602.0,4502.25,2118.7,650.0,331.05,0.0,3099.75,False,1,1 Stop,b80107cea86a
SCR_GF_1789324714_018,2026-09-14 00:08:23,2026-09-29,15,google_flights,BOM,LKO,BOM-LKO,BOM,LKO,IndiGo,IndiGo,6E (Connecting),3:00,8:50,350,5 hr 50 min,Economy,7602.0,4502.25,2118.7,650.0,331.05,0.0,3099.75,False,1,1 Stop,1dcd6538ebd3
SCR_GF_1789324721_001,2026-09-14 00:08:35,2026-09-15,1,google_flights,DEL,UDR,DEL-UDR,DEL,UDR,IndiGo,IndiGo,6E (Direct),10:45 AM,11:55 AM,70,1 hr 10 min,Economy,6583.0,3803.47,1789.86,710.0,279.67,0.0,2779.53,True,0,Non-Stop,3d4435d86139
SCR_GF_1789324721_002,2026-09-14 00:08:35,2026-09-15,1,google_flights,DEL,UDR,DEL-UDR,DEL,UDR,IndiGo,IndiGo,6E (Direct),12:10 PM,1:15 PM,65,1 hr 5 min,Economy,6583.0,3803.47,1789.86,710.0,279.67,0.0,2779.53,True,0,Non-Stop,b77d3374354f
SCR_GF_1789324721_003,2026-09-14 00:08:35,2026-09-15,1,google_flights,DEL,UDR,DEL-UDR,DEL,UDR,Air India,Air India,AI (Direct),11:50 AM,1:10 PM,80,1 hr 20 min,Economy,6740.0,3905.14,1837.72,710.0,287.14,0.0,2834.86,True,0,Non-Stop,53455ca05337
SCR_GF_1789324721_004,2026-09-14 00:08:35,2026-09-15,1,google_flights,DEL,UDR,DEL-UDR,DEL,UDR,IndiGo,IndiGo,6E (Direct),6:10 PM,7:25 PM,75,1 hr 15 min,Economy,6583.0,3803.47,1789.86,710.0,279.67,0.0,2779.53,True,0,Non-Stop,f906c3ca74c8
SCR_GF_1789324721_005,2026-09-14 00:08:35,2026-09-15,1,google_flights,DEL,UDR,DEL-UDR,DEL,UDR,Air India,Air India,AI (Direct),1:50 PM,3:05 PM,75,1 hr 15 min,Economy,6740.0,3905.14,1837.72,710.0,287.14,0.0,2834.86,True,0,Non-Stop,f3e5dbd48686
SCR_GF_1789324721_006,2026-09-14 00:08:35,2026-09-15,1,google_flights,DEL,UDR,DEL-UDR,DEL,UDR,IndiGo,IndiGo,6E (Connecting),7:40 AM,11:25 AM,225,3 hr 45 min,Economy,7707.0,4531.39,2132.42,710.0,333.19,0.0,3175.61,False,1,1 Stop (JAI),b386880273c3
SCR_GF_1789324721_007,2026-09-14 00:08:35,2026-09-15,1,google_flights,DEL,UDR,DEL-UDR,DEL,UDR,IndiGo,IndiGo,6E (Direct),10:45,11:55,70,1 hr 10 min,Economy,6583.0,3803.47,1789.86,710.0,279.67,0.0,2779.53,True,0,Non-Stop,d477cbc69d24
SCR_GF_1789324722_008,2026-09-14 00:08:35,2026-09-15,1,google_flights,DEL,UDR,DEL-UDR,DEL,UDR,IndiGo,IndiGo,6E (Direct),12:10,1:15,65,1 hr 5 min,Economy,6583.0,3803.47,1789.86,710.0,279.67,0.0,2779.53,True,0,Non-Stop,704cd678d173
SCR_GF_1789324722_009,2026-09-14 00:08:35,2026-09-15,1,google_flights,DEL,UDR,DEL-UDR,DEL,UDR,IndiGo,IndiGo,6E (Direct),11:50,1:10,80,1 hr 20 min,Economy,6740.0,3905.14,1837.72,710.0,287.14,0.0,2834.86,True,0,Non-Stop,3dd0d3521c33
SCR_GF_1789324723_010,2026-09-14 00:08:35,2026-09-15,1,google_flights,DEL,UDR,DEL-UDR,DEL,UDR,IndiGo,IndiGo,6E (Direct),6:10,7:25,75,1 hr 15 min,Economy,6583.0,3803.47,1789.86,710.0,279.67,0.0,2779.53,True,0,Non-Stop,917265f1ee7e
SCR_GF_1789324723_011,2026-09-14 00:08:35,2026-09-15,1,google_flights,DEL,UDR,DEL-UDR,DEL,UDR,IndiGo,IndiGo,6E (Direct),1:50,3:05,75,1 hr 15 min,Economy,6740.0,3905.14,1837.72,710.0,287.14,0.0,2834.86,True,0,Non-Stop,5467358fc48f
SCR_GF_1789324724_012,2026-09-14 00:08:35,2026-09-15,1,google_flights,DEL,UDR,DEL-UDR,DEL,UDR,IndiGo,IndiGo,6E (Connecting),7:40,11:25,225,3 hr 45 min,Economy,7707.0,4531.39,2132.42,710.0,333.19,0.0,3175.61,False,1,1 Stop,6ffe3323c58f
SCR_GF_1789324729_001,2026-09-14 00:08:44,2026-09-21,7,google_flights,DEL,UDR,DEL-UDR,DEL,UDR,IndiGo,IndiGo,6E (Direct),12:10 PM,1:15 PM,65,1 hr 5 min,Economy,7316.0,4278.17,2013.26,710.0,314.57,0.0,3037.83,True,0,Non-Stop,5a9e93575dde
SCR_GF_1789324729_002,2026-09-14 00:08:44,2026-09-21,7,google_flights,DEL,UDR,DEL-UDR,DEL,UDR,IndiGo,IndiGo,6E (Direct),6:10 PM,7:25 PM,75,1 hr 15 min,Economy,7316.0,4278.17,2013.26,710.0,314.57,0.0,3037.83,True,0,Non-Stop,43608e393293
SCR_GF_1789324730_003,2026-09-14 00:08:44,2026-09-21,7,google_flights,DEL,UDR,DEL-UDR,DEL,UDR,Air India,Air India,AI (Direct),11:50 AM,1:10 PM,80,1 hr 20 min,Economy,7370.0,4313.14,2029.72,710.0,317.14,0.0,3056.86,True,0,Non-Stop,5ffd0155ca91
SCR_GF_1789324730_004,2026-09-14 00:08:44,2026-09-21,7,google_flights,DEL,UDR,DEL-UDR,DEL,UDR,Air India,Air India,AI (Direct),1:50 PM,3:05 PM,75,1 hr 15 min,Economy,7370.0,4313.14,2029.72,710.0,317.14,0.0,3056.86,True,0,Non-Stop,d2cb13b1e027
SCR_GF_1789324730_005,2026-09-14 00:08:44,2026-09-21,7,google_flights,DEL,UDR,DEL-UDR,DEL,UDR,IndiGo,IndiGo,6E (Direct),10:45 AM,11:55 AM,70,1 hr 10 min,Economy,7843.0,4619.47,2173.86,710.0,339.67,0.0,3223.53,True,0,Non-Stop,301a22c8351c
SCR_GF_1789324730_006,2026-09-14 00:08:44,2026-09-21,7,google_flights,DEL,UDR,DEL-UDR,DEL,UDR,IndiGo,IndiGo,6E (Direct),12:10,1:15,65,1 hr 5 min,Economy,7316.0,4278.17,2013.26,710.0,314.57,0.0,3037.83,True,0,Non-Stop,4cddb85edac9
SCR_GF_1789324730_007,2026-09-14 00:08:44,2026-09-21,7,google_flights,DEL,UDR,DEL-UDR,DEL,UDR,IndiGo,IndiGo,6E (Direct),6:10,7:25,75,1 hr 15 min,Economy,7316.0,4278.17,2013.26,710.0,314.57,0.0,3037.83,True,0,Non-Stop,3d6c90edbb94
SCR_GF_1789324730_008,2026-09-14 00:08:44,2026-09-21,7,google_flights,DEL,UDR,DEL-UDR,DEL,UDR,IndiGo,IndiGo,6E (Direct),11:50,1:10,80,1 hr 20 min,Economy,7370.0,4313.14,2029.72,710.0,317.14,0.0,3056.86,True,0,Non-Stop,2d95bf34aaae
SCR_GF_1789324731_009,2026-09-14 00:08:44,2026-09-21,7,google_flights,DEL,UDR,DEL-UDR,DEL,UDR,IndiGo,IndiGo,6E (Direct),1:50,3:05,75,1 hr 15 min,Economy,7370.0,4313.14,2029.72,710.0,317.14,0.0,3056.86,True,0,Non-Stop,6659218665df
SCR_GF_1789324731_010,2026-09-14 00:08:44,2026-09-21,7,google_flights,DEL,UDR,DEL-UDR,DEL,UDR,IndiGo,IndiGo,6E (Direct),10:45,11:55,70,1 hr 10 min,Economy,7843.0,4619.47,2173.86,710.0,339.67,0.0,3223.53,True,0,Non-Stop,126a9f1387a4
SCR_GF_1789324735_001,2026-09-14 00:08:51,2026-09-29,15,google_flights,DEL,UDR,DEL-UDR,DEL,UDR,IndiGo,IndiGo,6E (Direct),12:10 PM,1:15 PM,65,1 hr 5 min,Economy,7316.0,4278.17,2013.26,710.0,314.57,0.0,3037.83,True,0,Non-Stop,109787b6a383
SCR_GF_1789324735_002,2026-09-14 00:08:51,2026-09-29,15,google_flights,DEL,UDR,DEL-UDR,DEL,UDR,Air India,Air India,AI (Direct),11:50 AM,1:10 PM,80,1 hr 20 min,Economy,7370.0,4313.14,2029.72,710.0,317.14,0.0,3056.86,True,0,Non-Stop,2e607c2b8074
SCR_GF_1789324735_003,2026-09-14 00:08:51,2026-09-29,15,google_flights,DEL,UDR,DEL-UDR,DEL,UDR,IndiGo,IndiGo,6E (Direct),10:45 AM,11:55 AM,70,1 hr 10 min,Economy,7316.0,4278.17,2013.26,710.0,314.57,0.0,3037.83,True,0,Non-Stop,394cdeeed6ae
SCR_GF_1789324735_004,2026-09-14 00:08:51,2026-09-29,15,google_flights,DEL,UDR,DEL-UDR,DEL,UDR,IndiGo,IndiGo,6E (Direct),6:10 PM,7:25 PM,75,1 hr 15 min,Economy,7316.0,4278.17,2013.26,710.0,314.57,0.0,3037.83,True,0,Non-Stop,f115a0427260
SCR_GF_1789324735_005,2026-09-14 00:08:51,2026-09-29,15,google_flights,DEL,UDR,DEL-UDR,DEL,UDR,Air India,Air India,AI (Direct),1:50 PM,3:05 PM,75,1 hr 15 min,Economy,7370.0,4313.14,2029.72,710.0,317.14,0.0,3056.86,True,0,Non-Stop,9a3e36586b82
SCR_GF_1789324735_006,2026-09-14 00:08:51,2026-09-29,15,google_flights,DEL,UDR,DEL-UDR,DEL,UDR,IndiGo,IndiGo,6E (Connecting),7:40 AM,11:25 AM,225,3 hr 45 min,Economy,8992.0,5363.58,2524.04,710.0,394.38,0.0,3628.42,False,1,1 Stop (JAI),0b297cfe606d
SCR_GF_1789324735_007,2026-09-14 00:08:51,2026-09-29,15,google_flights,DEL,UDR,DEL-UDR,DEL,UDR,IndiGo,IndiGo,6E (Direct),12:10,1:15,65,1 hr 5 min,Economy,7316.0,4278.17,2013.26,710.0,314.57,0.0,3037.83,True,0,Non-Stop,3be87746df03
SCR_GF_1789324735_008,2026-09-14 00:08:51,2026-09-29,15,google_flights,DEL,UDR,DEL-UDR,DEL,UDR,IndiGo,IndiGo,6E (Direct),11:50,1:10,80,1 hr 20 min,Economy,7370.0,4313.14,2029.72,710.0,317.14,0.0,3056.86,True,0,Non-Stop,224e30b3ad6b
SCR_GF_1789324735_009,2026-09-14 00:08:51,2026-09-29,15,google_flights,DEL,UDR,DEL-UDR,DEL,UDR,IndiGo,IndiGo,6E (Direct),10:45,11:55,70,1 hr 10 min,Economy,7316.0,4278.17,2013.26,710.0,314.57,0.0,3037.83,True,0,Non-Stop,0a44f6bdb377
SCR_GF_1789324735_010,2026-09-14 00:08:51,2026-09-29,15,google_flights,DEL,UDR,DEL-UDR,DEL,UDR,IndiGo,IndiGo,6E (Direct),6:10,7:25,75,1 hr 15 min,Economy,7316.0,4278.17,2013.26,710.0,314.57,0.0,3037.83,True,0,Non-Stop,b43eaa059033
SCR_GF_1789324735_011,2026-09-14 00:08:51,2026-09-29,15,google_flights,DEL,UDR,DEL-UDR,DEL,UDR,IndiGo,IndiGo,6E (Direct),1:50,3:05,75,1 hr 15 min,Economy,7370.0,4313.14,2029.72,710.0,317.14,0.0,3056.86,True,0,Non-Stop,258e7e51b459
SCR_GF_1789324735_012,2026-09-14 00:08:51,2026-09-29,15,google_flights,DEL,UDR,DEL-UDR,DEL,UDR,IndiGo,IndiGo,6E (Connecting),7:40,11:25,225,3 hr 45 min,Economy,8992.0,5363.58,2524.04,710.0,394.38,0.0,3628.42,False,1,1 Stop,587cbd9a4b91
SCR_GF_1789324739_001,2026-09-14 00:08:55,2026-09-15,1,google_flights,BOM,UDR,BOM-UDR,BOM,UDR,IndiGo,IndiGo,6E (Direct),3:45 PM,5:10 PM,85,1 hr 25 min,Economy,8528.0,5101.94,2400.92,650.0,375.14,0.0,3426.06,True,0,Non-Stop,a1b9db3e0b1c
SCR_GF_1789324739_002,2026-09-14 00:08:55,2026-09-15,1,google_flights,BOM,UDR,BOM-UDR,BOM,UDR,IndiGo,IndiGo,6E (Direct),5:35 PM,7:00 PM,85,1 hr 25 min,Economy,8528.0,5101.94,2400.92,650.0,375.14,0.0,3426.06,True,0,Non-Stop,1a17d2311b09
SCR_GF_1789324739_003,2026-09-14 00:08:55,2026-09-15,1,google_flights,BOM,UDR,BOM-UDR,BOM,UDR,Air India,Air India,AI (Direct),2:25 PM,4:00 PM,95,1 hr 35 min,Economy,8580.0,5135.62,2416.76,650.0,377.62,0.0,3444.38,True,0,Non-Stop,24fa39668ca4
SCR_GF_1789324739_004,2026-09-14 00:08:55,2026-09-15,1,google_flights,BOM,UDR,BOM-UDR,BOM,UDR,IndiGo,IndiGo,6E (Direct),6:15 AM,7:40 AM,85,1 hr 25 min,Economy,8528.0,5101.94,2400.92,650.0,375.14,0.0,3426.06,True,0,Non-Stop,61897c8ae8ed
SCR_GF_1789324739_005,2026-09-14 00:08:55,2026-09-15,1,google_flights,BOM,UDR,BOM-UDR,BOM,UDR,Air India,Air India,AI (Direct),10:35 AM,12:05 PM,90,1 hr 30 min,Economy,9457.0,5703.58,2684.04,650.0,419.38,0.0,3753.42,True,0,Non-Stop,2cb27e889b85
SCR_GF_1789324739_006,2026-09-14 00:08:55,2026-09-15,1,google_flights,BOM,UDR,BOM-UDR,BOM,UDR,IndiGo,IndiGo,6E (Direct),3:45,5:10,85,1 hr 25 min,Economy,8528.0,5101.94,2400.92,650.0,375.14,0.0,3426.06,True,0,Non-Stop,404f011cdf5f
SCR_GF_1789324739_007,2026-09-14 00:08:55,2026-09-15,1,google_flights,BOM,UDR,BOM-UDR,BOM,UDR,IndiGo,IndiGo,6E (Direct),5:35,7:00,85,1 hr 25 min,Economy,8528.0,5101.94,2400.92,650.0,375.14,0.0,3426.06,True,0,Non-Stop,6189213c0a82
SCR_GF_1789324740_008,2026-09-14 00:08:55,2026-09-15,1,google_flights,BOM,UDR,BOM-UDR,BOM,UDR,IndiGo,IndiGo,6E (Direct),2:25,4:00,95,1 hr 35 min,Economy,8580.0,5135.62,2416.76,650.0,377.62,0.0,3444.38,True,0,Non-Stop,13c59a9655de
SCR_GF_1789324740_009,2026-09-14 00:08:55,2026-09-15,1,google_flights,BOM,UDR,BOM-UDR,BOM,UDR,IndiGo,IndiGo,6E (Direct),6:15,7:40,85,1 hr 25 min,Economy,8528.0,5101.94,2400.92,650.0,375.14,0.0,3426.06,True,0,Non-Stop,baf1011fd535
SCR_GF_1789324740_010,2026-09-14 00:08:55,2026-09-15,1,google_flights,BOM,UDR,BOM-UDR,BOM,UDR,IndiGo,IndiGo,6E (Direct),10:35,12:05,90,1 hr 30 min,Economy,9457.0,5703.58,2684.04,650.0,419.38,0.0,3753.42,True,0,Non-Stop,d72a5c82903d
SCR_GF_1789324744_001,2026-09-14 00:09:00,2026-09-21,7,google_flights,BOM,UDR,BOM-UDR,BOM,UDR,IndiGo,IndiGo,6E (Direct),3:45 PM,5:10 PM,85,1 hr 25 min,Economy,8528.0,5101.94,2400.92,650.0,375.14,0.0,3426.06,True,0,Non-Stop,2cd73bc0dd33
SCR_GF_1789324744_002,2026-09-14 00:09:00,2026-09-21,7,google_flights,BOM,UDR,BOM-UDR,BOM,UDR,IndiGo,IndiGo,6E (Direct),5:35 PM,7:00 PM,85,1 hr 25 min,Economy,8528.0,5101.94,2400.92,650.0,375.14,0.0,3426.06,True,0,Non-Stop,4ba656c0a412
SCR_GF_1789324744_003,2026-09-14 00:09:00,2026-09-21,7,google_flights,BOM,UDR,BOM-UDR,BOM,UDR,Air India,Air India,AI (Direct),2:25 PM,4:00 PM,95,1 hr 35 min,Economy,8580.0,5135.62,2416.76,650.0,377.62,0.0,3444.38,True,0,Non-Stop,a8ed2c4b7cb4
SCR_GF_1789324744_004,2026-09-14 00:09:00,2026-09-21,7,google_flights,BOM,UDR,BOM-UDR,BOM,UDR,IndiGo,IndiGo,6E (Direct),6:15 AM,7:40 AM,85,1 hr 25 min,Economy,8738.0,5237.94,2464.92,650.0,385.14,0.0,3500.06,True,0,Non-Stop,df40d0838d73
SCR_GF_1789324744_005,2026-09-14 00:09:00,2026-09-21,7,google_flights,BOM,UDR,BOM-UDR,BOM,UDR,Air India,Air India,AI (Direct),10:35 AM,12:05 PM,90,1 hr 30 min,Economy,10428.0,6332.42,2979.96,650.0,465.62,0.0,4095.58,True,0,Non-Stop,ce8ee0ff4d9a
SCR_GF_1789324744_006,2026-09-14 00:09:00,2026-09-21,7,google_flights,BOM,UDR,BOM-UDR,BOM,UDR,IndiGo,IndiGo,6E (Direct),3:45,5:10,85,1 hr 25 min,Economy,8528.0,5101.94,2400.92,650.0,375.14,0.0,3426.06,True,0,Non-Stop,6af5d0f6b776
SCR_GF_1789324744_007,2026-09-14 00:09:00,2026-09-21,7,google_flights,BOM,UDR,BOM-UDR,BOM,UDR,IndiGo,IndiGo,6E (Direct),5:35,7:00,85,1 hr 25 min,Economy,8528.0,5101.94,2400.92,650.0,375.14,0.0,3426.06,True,0,Non-Stop,60a8f2f935d2
SCR_GF_1789324744_008,2026-09-14 00:09:00,2026-09-21,7,google_flights,BOM,UDR,BOM-UDR,BOM,UDR,IndiGo,IndiGo,6E (Direct),2:25,4:00,95,1 hr 35 min,Economy,8580.0,5135.62,2416.76,650.0,377.62,0.0,3444.38,True,0,Non-Stop,c9e905f57f81
SCR_GF_1789324744_009,2026-09-14 00:09:00,2026-09-21,7,google_flights,BOM,UDR,BOM-UDR,BOM,UDR,IndiGo,IndiGo,6E (Direct),6:15,7:40,85,1 hr 25 min,Economy,8738.0,5237.94,2464.92,650.0,385.14,0.0,3500.06,True,0,Non-Stop,fb0f0288f1ed
SCR_GF_1789324744_010,2026-09-14 00:09:00,2026-09-21,7,google_flights,BOM,UDR,BOM-UDR,BOM,UDR,IndiGo,IndiGo,6E (Direct),10:35,12:05,90,1 hr 30 min,Economy,10428.0,6332.42,2979.96,650.0,465.62,0.0,4095.58,True,0,Non-Stop,9569c8d8312a
SCR_GF_1789324749_001,2026-09-14 00:09:05,2026-09-29,15,google_flights,BOM,UDR,BOM-UDR,BOM,UDR,IndiGo,IndiGo,6E (Direct),3:45 PM,5:10 PM,85,1 hr 25 min,Economy,8528.0,5101.94,2400.92,650.0,375.14,0.0,3426.06,True,0,Non-Stop,aec299a3e4b5
SCR_GF_1789324749_002,2026-09-14 00:09:05,2026-09-29,15,google_flights,BOM,UDR,BOM-UDR,BOM,UDR,Air India,Air India,AI (Direct),2:25 PM,4:00 PM,95,1 hr 35 min,Economy,8580.0,5135.62,2416.76,650.0,377.62,0.0,3444.38,True,0,Non-Stop,d413b11a70fc
SCR_GF_1789324749_003,2026-09-14 00:09:05,2026-09-29,15,google_flights,BOM,UDR,BOM-UDR,BOM,UDR,IndiGo,IndiGo,6E (Direct),6:15 AM,7:40 AM,85,1 hr 25 min,Economy,8528.0,5101.94,2400.92,650.0,375.14,0.0,3426.06,True,0,Non-Stop,65d85f3a7f96
SCR_GF_1789324749_004,2026-09-14 00:09:05,2026-09-29,15,google_flights,BOM,UDR,BOM-UDR,BOM,UDR,IndiGo,IndiGo,6E (Direct),5:35 PM,7:00 PM,85,1 hr 25 min,Economy,8528.0,5101.94,2400.92,650.0,375.14,0.0,3426.06,True,0,Non-Stop,3c0912ac2762
SCR_GF_1789324750_005,2026-09-14 00:09:05,2026-09-29,15,google_flights,BOM,UDR,BOM-UDR,BOM,UDR,Air India,Air India,AI (Direct),10:35 AM,12:05 PM,90,1 hr 30 min,Economy,10864.0,6614.78,3112.84,650.0,486.38,0.0,4249.22,True,0,Non-Stop,b02743f69e4a
SCR_GF_1789324750_006,2026-09-14 00:09:05,2026-09-29,15,google_flights,BOM,UDR,BOM-UDR,BOM,UDR,IndiGo,IndiGo,6E (Direct),3:45,5:10,85,1 hr 25 min,Economy,8528.0,5101.94,2400.92,650.0,375.14,0.0,3426.06,True,0,Non-Stop,989159b49ea5
SCR_GF_1789324750_007,2026-09-14 00:09:05,2026-09-29,15,google_flights,BOM,UDR,BOM-UDR,BOM,UDR,IndiGo,IndiGo,6E (Direct),2:25,4:00,95,1 hr 35 min,Economy,8580.0,5135.62,2416.76,650.0,377.62,0.0,3444.38,True,0,Non-Stop,ca1f7b975d92
SCR_GF_1789324750_008,2026-09-14 00:09:05,2026-09-29,15,google_flights,BOM,UDR,BOM-UDR,BOM,UDR,IndiGo,IndiGo,6E (Direct),6:15,7:40,85,1 hr 25 min,Economy,8528.0,5101.94,2400.92,650.0,375.14,0.0,3426.06,True,0,Non-Stop,160aeca93a8a
SCR_GF_1789324750_009,2026-09-14 00:09:05,2026-09-29,15,google_flights,BOM,UDR,BOM-UDR,BOM,UDR,IndiGo,IndiGo,6E (Direct),5:35,7:00,85,1 hr 25 min,Economy,8528.0,5101.94,2400.92,650.0,375.14,0.0,3426.06,True,0,Non-Stop,dcf8c46acb45
SCR_GF_1789324750_010,2026-09-14 00:09:05,2026-09-29,15,google_flights,BOM,UDR,BOM-UDR,BOM,UDR,IndiGo,IndiGo,6E (Direct),10:35,12:05,90,1 hr 30 min,Economy,10864.0,6614.78,3112.84,650.0,486.38,0.0,4249.22,True,0,Non-Stop,ac2b01a9fcae
SCR_GF_1789324755_001,2026-09-14 00:09:10,2026-09-15,1,google_flights,DEL,SXR,DEL-SXR,DEL,SXR,SpiceJet,SpiceJet,SG (Direct),11:30 AM,12:55 PM,85,1 hr 25 min,Economy,6608.0,3819.66,1797.48,710.0,280.86,0.0,2788.34,True,0,Non-Stop,c8089a791275
SCR_GF_1789324755_002,2026-09-14 00:09:10,2026-09-15,1,google_flights,DEL,SXR,DEL-SXR,DEL,SXR,Air India,Air India,AI (Direct),6:40 AM,8:10 AM,90,1 hr 30 min,Economy,6908.0,4013.94,1888.92,710.0,295.14,0.0,2894.06,True,0,Non-Stop,72af78045999
SCR_GF_1789324755_003,2026-09-14 00:09:10,2026-09-15,1,google_flights,DEL,SXR,DEL-SXR,DEL,SXR,IndiGo,IndiGo,6E (Direct),7:40 AM,9:05 AM,85,1 hr 25 min,Economy,6995.0,4070.29,1915.42,710.0,299.29,0.0,2924.71,True,0,Non-Stop,a8f168b2b83f
SCR_GF_1789324756_005,2026-09-14 00:09:10,2026-09-15,1,google_flights,DEL,SXR,DEL-SXR,DEL,SXR,SpiceJet,SpiceJet,SG (Direct),10:25 AM,12:05 PM,100,1 hr 40 min,Economy,6877.0,3993.87,1879.46,710.0,293.67,0.0,2883.13,True,0,Non-Stop,a5a55cb5c133
SCR_GF_1789324756_006,2026-09-14 00:09:10,2026-09-15,1,google_flights,DEL,SXR,DEL-SXR,DEL,SXR,Air India,Air India,AI (Direct),7:25 AM,9:10 AM,105,1 hr 45 min,Economy,6908.0,4013.94,1888.92,710.0,295.14,0.0,2894.06,True,0,Non-Stop,860eca9be999
SCR_GF_1789324756_007,2026-09-14 00:09:10,2026-09-15,1,google_flights,DEL,SXR,DEL-SXR,DEL,SXR,IndiGo,IndiGo,6E (Direct),9:45 AM,11:20 AM,95,1 hr 35 min,Economy,8368.0,4959.47,2333.86,710.0,364.67,0.0,3408.53,True,0,Non-Stop,2322821762d8
SCR_GF_1789324756_008,2026-09-14 00:09:10,2026-09-15,1,google_flights,DEL,SXR,DEL-SXR,DEL,SXR,Air India,Air India,AI (Direct),9:50 AM,11:30 AM,100,1 hr 40 min,Economy,8588.0,5101.94,2400.92,710.0,375.14,0.0,3486.06,True,0,Non-Stop,1f651c8add34
SCR_GF_1789324756_009,2026-09-14 00:09:10,2026-09-15,1,google_flights,DEL,SXR,DEL-SXR,DEL,SXR,IndiGo,IndiGo,6E (Direct),1:40 PM,3:10 PM,90,1 hr 30 min,Economy,14563.0,8971.47,4221.86,710.0,659.67,0.0,5591.53,True,0,Non-Stop,af2b7ade985c
SCR_GF_1789324756_010,2026-09-14 00:09:10,2026-09-15,1,google_flights,DEL,SXR,DEL-SXR,DEL,SXR,Air India,Air India,AI (Direct),11:30 AM,1:05 PM,95,1 hr 35 min,Economy,14830.0,9144.38,4303.24,710.0,672.38,0.0,5685.62,True,0,Non-Stop,b637a3da5fab
SCR_GF_1789324757_013,2026-09-14 00:09:10,2026-09-15,1,google_flights,DEL,SXR,DEL-SXR,DEL,SXR,IndiGo,IndiGo,6E (Direct),11:30,12:55,85,1 hr 25 min,Economy,6608.0,3819.66,1797.48,710.0,280.86,0.0,2788.34,True,0,Non-Stop,90317b76b0c3
SCR_GF_1789324757_014,2026-09-14 00:09:10,2026-09-15,1,google_flights,DEL,SXR,DEL-SXR,DEL,SXR,IndiGo,IndiGo,6E (Direct),6:40,8:10,90,1 hr 30 min,Economy,6908.0,4013.94,1888.92,710.0,295.14,0.0,2894.06,True,0,Non-Stop,aa4596c585f6
SCR_GF_1789324757_015,2026-09-14 00:09:10,2026-09-15,1,google_flights,DEL,SXR,DEL-SXR,DEL,SXR,IndiGo,IndiGo,6E (Direct),7:40,9:05,85,1 hr 25 min,Economy,6995.0,4070.29,1915.42,710.0,299.29,0.0,2924.71,True,0,Non-Stop,f72573d84dfa
SCR_GF_1789324758_017,2026-09-14 00:09:10,2026-09-15,1,google_flights,DEL,SXR,DEL-SXR,DEL,SXR,IndiGo,IndiGo,6E (Direct),10:25,12:05,100,1 hr 40 min,Economy,6877.0,3993.87,1879.46,710.0,293.67,0.0,2883.13,True,0,Non-Stop,783650fdd1b1
SCR_GF_1789324758_018,2026-09-14 00:09:10,2026-09-15,1,google_flights,DEL,SXR,DEL-SXR,DEL,SXR,IndiGo,IndiGo,6E (Direct),7:25,9:10,105,1 hr 45 min,Economy,6908.0,4013.94,1888.92,710.0,295.14,0.0,2894.06,True,0,Non-Stop,646cee20bd62
SCR_GF_1789324758_019,2026-09-14 00:09:10,2026-09-15,1,google_flights,DEL,SXR,DEL-SXR,DEL,SXR,IndiGo,IndiGo,6E (Direct),9:45,11:20,95,1 hr 35 min,Economy,8368.0,4959.47,2333.86,710.0,364.67,0.0,3408.53,True,0,Non-Stop,5bf5c3689f09
SCR_GF_1789324758_020,2026-09-14 00:09:10,2026-09-15,1,google_flights,DEL,SXR,DEL-SXR,DEL,SXR,IndiGo,IndiGo,6E (Direct),9:50,11:30,100,1 hr 40 min,Economy,8588.0,5101.94,2400.92,710.0,375.14,0.0,3486.06,True,0,Non-Stop,fe74651ce496
SCR_GF_1789324758_021,2026-09-14 00:09:10,2026-09-15,1,google_flights,DEL,SXR,DEL-SXR,DEL,SXR,IndiGo,IndiGo,6E (Direct),1:40,3:10,90,1 hr 30 min,Economy,14563.0,8971.47,4221.86,710.0,659.67,0.0,5591.53,True,0,Non-Stop,fd868b826926
SCR_GF_1789324759_022,2026-09-14 00:09:10,2026-09-15,1,google_flights,DEL,SXR,DEL-SXR,DEL,SXR,IndiGo,IndiGo,6E (Direct),11:30,1:05,95,1 hr 35 min,Economy,14830.0,9144.38,4303.24,710.0,672.38,0.0,5685.62,True,0,Non-Stop,fd15e0c291e6
SCR_GF_1789324764_001,2026-09-14 00:09:20,2026-09-21,7,google_flights,DEL,SXR,DEL-SXR,DEL,SXR,IndiGo,IndiGo,6E (Direct),7:40 AM,9:05 AM,85,1 hr 25 min,Economy,6846.0,3973.79,1870.02,710.0,292.19,0.0,2872.21,True,0,Non-Stop,63aedb3bd143
SCR_GF_1789324764_002,2026-09-14 00:09:20,2026-09-21,7,google_flights,DEL,SXR,DEL-SXR,DEL,SXR,Air India,Air India,AI (Direct),7:25 AM,9:10 AM,105,1 hr 45 min,Economy,6908.0,4013.94,1888.92,710.0,295.14,0.0,2894.06,True,0,Non-Stop,145e1cc31ee4
SCR_GF_1789324764_003,2026-09-14 00:09:20,2026-09-21,7,google_flights,DEL,SXR,DEL-SXR,DEL,SXR,SpiceJet,SpiceJet,SG (Direct),10:25 AM,12:05 PM,100,1 hr 40 min,Economy,7326.0,4284.65,2016.3,710.0,315.05,0.0,3041.35,True,0,Non-Stop,befe223efe0a
SCR_GF_1789324764_005,2026-09-14 00:09:20,2026-09-21,7,google_flights,DEL,SXR,DEL-SXR,DEL,SXR,Air India,Air India,AI (Direct),6:40 AM,8:10 AM,90,1 hr 30 min,Economy,7265.0,4245.14,1997.72,710.0,312.14,0.0,3019.86,True,0,Non-Stop,a90710ff4f5e
SCR_GF_1789324765_006,2026-09-14 00:09:20,2026-09-21,7,google_flights,DEL,SXR,DEL-SXR,DEL,SXR,Air India,Air India,AI (Direct),9:50 AM,11:30 AM,100,1 hr 40 min,Economy,8058.0,4758.7,2239.4,710.0,349.9,0.0,3299.3,True,0,Non-Stop,6ed8352009a1
SCR_GF_1789324765_007,2026-09-14 00:09:20,2026-09-21,7,google_flights,DEL,SXR,DEL-SXR,DEL,SXR,IndiGo,IndiGo,6E (Direct),9:45 AM,11:20 AM,95,1 hr 35 min,Economy,8368.0,4959.47,2333.86,710.0,364.67,0.0,3408.53,True,0,Non-Stop,9d5f06ff9d47
SCR_GF_1789324765_008,2026-09-14 00:09:20,2026-09-21,7,google_flights,DEL,SXR,DEL-SXR,DEL,SXR,Air India,Air India,AI (Direct),11:30 AM,1:05 PM,95,1 hr 35 min,Economy,8740.0,5200.38,2447.24,710.0,382.38,0.0,3539.62,True,0,Non-Stop,c8f0f461c11c
SCR_GF_1789324765_009,2026-09-14 00:09:20,2026-09-21,7,google_flights,DEL,SXR,DEL-SXR,DEL,SXR,IndiGo,IndiGo,6E (Direct),1:40 PM,3:10 PM,90,1 hr 30 min,Economy,11413.0,6931.47,3261.86,710.0,509.67,0.0,4481.53,True,0,Non-Stop,54ddf80f4a08
SCR_GF_1789324765_012,2026-09-14 00:09:20,2026-09-21,7,google_flights,DEL,SXR,DEL-SXR,DEL,SXR,IndiGo,IndiGo,6E (Direct),7:40,9:05,85,1 hr 25 min,Economy,6846.0,3973.79,1870.02,710.0,292.19,0.0,2872.21,True,0,Non-Stop,aac34538bade
SCR_GF_1789324765_013,2026-09-14 00:09:20,2026-09-21,7,google_flights,DEL,SXR,DEL-SXR,DEL,SXR,IndiGo,IndiGo,6E (Direct),7:25,9:10,105,1 hr 45 min,Economy,6908.0,4013.94,1888.92,710.0,295.14,0.0,2894.06,True,0,Non-Stop,545d7d83e6c0
SCR_GF_1789324765_014,2026-09-14 00:09:20,2026-09-21,7,google_flights,DEL,SXR,DEL-SXR,DEL,SXR,IndiGo,IndiGo,6E (Direct),10:25,12:05,100,1 hr 40 min,Economy,7326.0,4284.65,2016.3,710.0,315.05,0.0,3041.35,True,0,Non-Stop,0eb28ceaa7c0
SCR_GF_1789324765_016,2026-09-14 00:09:20,2026-09-21,7,google_flights,DEL,SXR,DEL-SXR,DEL,SXR,IndiGo,IndiGo,6E (Direct),6:40,8:10,90,1 hr 30 min,Economy,7265.0,4245.14,1997.72,710.0,312.14,0.0,3019.86,True,0,Non-Stop,d8c783561935
SCR_GF_1789324765_017,2026-09-14 00:09:20,2026-09-21,7,google_flights,DEL,SXR,DEL-SXR,DEL,SXR,IndiGo,IndiGo,6E (Direct),9:50,11:30,100,1 hr 40 min,Economy,8058.0,4758.7,2239.4,710.0,349.9,0.0,3299.3,True,0,Non-Stop,11457782160d
SCR_GF_1789324765_018,2026-09-14 00:09:20,2026-09-21,7,google_flights,DEL,SXR,DEL-SXR,DEL,SXR,IndiGo,IndiGo,6E (Direct),9:45,11:20,95,1 hr 35 min,Economy,8368.0,4959.47,2333.86,710.0,364.67,0.0,3408.53,True,0,Non-Stop,0cf4b473da0e
SCR_GF_1789324765_019,2026-09-14 00:09:20,2026-09-21,7,google_flights,DEL,SXR,DEL-SXR,DEL,SXR,IndiGo,IndiGo,6E (Direct),11:30,1:05,95,1 hr 35 min,Economy,8740.0,5200.38,2447.24,710.0,382.38,0.0,3539.62,True,0,Non-Stop,654674e92f20
SCR_GF_1789324765_020,2026-09-14 00:09:20,2026-09-21,7,google_flights,DEL,SXR,DEL-SXR,DEL,SXR,IndiGo,IndiGo,6E (Direct),1:40,3:10,90,1 hr 30 min,Economy,11413.0,6931.47,3261.86,710.0,509.67,0.0,4481.53,True,0,Non-Stop,45f3c15c67aa
SCR_GF_1789324770_001,2026-09-14 00:09:26,2026-09-29,15,google_flights,DEL,SXR,DEL-SXR,DEL,SXR,SpiceJet,SpiceJet,SG (Direct),10:25 AM,12:05 PM,100,1 hr 40 min,Economy,6735.0,3901.9,1836.2,710.0,286.9,0.0,2833.1,True,0,Non-Stop,b66e3e389da1
SCR_GF_1789324770_002,2026-09-14 00:09:26,2026-09-29,15,google_flights,DEL,SXR,DEL-SXR,DEL,SXR,IndiGo,IndiGo,6E (Direct),9:45 AM,11:20 AM,95,1 hr 35 min,Economy,6846.0,3973.79,1870.02,710.0,292.19,0.0,2872.21,True,0,Non-Stop,7bf7b0559385
SCR_GF_1789324770_003,2026-09-14 00:09:26,2026-09-29,15,google_flights,DEL,SXR,DEL-SXR,DEL,SXR,Air India,Air India,AI (Direct),11:30 AM,1:05 PM,95,1 hr 35 min,Economy,7023.0,4088.42,1923.96,710.0,300.62,0.0,2934.58,True,0,Non-Stop,7687c0f2fd50
SCR_GF_1789324771_005,2026-09-14 00:09:26,2026-09-29,15,google_flights,DEL,SXR,DEL-SXR,DEL,SXR,Air India,Air India,AI (Direct),7:25 AM,9:10 AM,105,1 hr 45 min,Economy,6908.0,4013.94,1888.92,710.0,295.14,0.0,2894.06,True,0,Non-Stop,2de0057fea06
SCR_GF_1789324771_006,2026-09-14 00:09:26,2026-09-29,15,google_flights,DEL,SXR,DEL-SXR,DEL,SXR,Air India,Air India,AI (Direct),9:50 AM,11:30 AM,100,1 hr 40 min,Economy,6908.0,4013.94,1888.92,710.0,295.14,0.0,2894.06,True,0,Non-Stop,e5a6133f362c
SCR_GF_1789324771_007,2026-09-14 00:09:26,2026-09-29,15,google_flights,DEL,SXR,DEL-SXR,DEL,SXR,SpiceJet,SpiceJet,SG (Direct),11:30 AM,12:55 PM,85,1 hr 25 min,Economy,7006.0,4077.41,1918.78,710.0,299.81,0.0,2928.59,True,0,Non-Stop,ea4634acc9a9
SCR_GF_1789324771_008,2026-09-14 00:09:26,2026-09-29,15,google_flights,DEL,SXR,DEL-SXR,DEL,SXR,Air India,Air India,AI (Direct),6:40 AM,8:10 AM,90,1 hr 30 min,Economy,7265.0,4245.14,1997.72,710.0,312.14,0.0,3019.86,True,0,Non-Stop,93263843d71a
SCR_GF_1789324771_009,2026-09-14 00:09:26,2026-09-29,15,google_flights,DEL,SXR,DEL-SXR,DEL,SXR,IndiGo,IndiGo,6E (Direct),1:40 PM,3:10 PM,90,1 hr 30 min,Economy,12043.0,7339.47,3453.86,710.0,539.67,0.0,4703.53,True,0,Non-Stop,5ec2dfecd459
SCR_GF_1789324771_012,2026-09-14 00:09:26,2026-09-29,15,google_flights,DEL,SXR,DEL-SXR,DEL,SXR,IndiGo,IndiGo,6E (Direct),10:25,12:05,100,1 hr 40 min,Economy,6735.0,3901.9,1836.2,710.0,286.9,0.0,2833.1,True,0,Non-Stop,e9bfd1667c75
SCR_GF_1789324771_013,2026-09-14 00:09:26,2026-09-29,15,google_flights,DEL,SXR,DEL-SXR,DEL,SXR,IndiGo,IndiGo,6E (Direct),9:45,11:20,95,1 hr 35 min,Economy,6846.0,3973.79,1870.02,710.0,292.19,0.0,2872.21,True,0,Non-Stop,b629ad517d2f
SCR_GF_1789324771_014,2026-09-14 00:09:26,2026-09-29,15,google_flights,DEL,SXR,DEL-SXR,DEL,SXR,IndiGo,IndiGo,6E (Direct),11:30,1:05,95,1 hr 35 min,Economy,7023.0,4088.42,1923.96,710.0,300.62,0.0,2934.58,True,0,Non-Stop,0392693330f9
SCR_GF_1789324772_016,2026-09-14 00:09:26,2026-09-29,15,google_flights,DEL,SXR,DEL-SXR,DEL,SXR,IndiGo,IndiGo,6E (Direct),7:25,9:10,105,1 hr 45 min,Economy,6908.0,4013.94,1888.92,710.0,295.14,0.0,2894.06,True,0,Non-Stop,c8a177e62194
SCR_GF_1789324772_017,2026-09-14 00:09:26,2026-09-29,15,google_flights,DEL,SXR,DEL-SXR,DEL,SXR,IndiGo,IndiGo,6E (Direct),9:50,11:30,100,1 hr 40 min,Economy,6908.0,4013.94,1888.92,710.0,295.14,0.0,2894.06,True,0,Non-Stop,d98b55473db1
SCR_GF_1789324772_018,2026-09-14 00:09:26,2026-09-29,15,google_flights,DEL,SXR,DEL-SXR,DEL,SXR,IndiGo,IndiGo,6E (Direct),11:30,12:55,85,1 hr 25 min,Economy,7006.0,4077.41,1918.78,710.0,299.81,0.0,2928.59,True,0,Non-Stop,f54321632a56
SCR_GF_1789324772_019,2026-09-14 00:09:26,2026-09-29,15,google_flights,DEL,SXR,DEL-SXR,DEL,SXR,IndiGo,IndiGo,6E (Direct),6:40,8:10,90,1 hr 30 min,Economy,7265.0,4245.14,1997.72,710.0,312.14,0.0,3019.86,True,0,Non-Stop,dc66e6ed3af6
SCR_GF_1789324772_020,2026-09-14 00:09:26,2026-09-29,15,google_flights,DEL,SXR,DEL-SXR,DEL,SXR,IndiGo,IndiGo,6E (Direct),1:40,3:10,90,1 hr 30 min,Economy,12043.0,7339.47,3453.86,710.0,539.67,0.0,4703.53,True,0,Non-Stop,77a9973895f6
SCR_GF_1789324776_001,2026-09-14 00:09:32,2026-09-15,1,google_flights,DEL,GAU,DEL-GAU,DEL,GAU,Air India Express,Air India Express,IX (Direct),5:45 AM,8:35 AM,170,2 hr 50 min,Economy,7819.0,4603.92,2166.56,710.0,338.52,0.0,3215.08,True,0,Non-Stop,88c66586a4dc
SCR_GF_1789324777_002,2026-09-14 00:09:32,2026-09-15,1,google_flights,DEL,GAU,DEL-GAU,DEL,GAU,Air India,Air India,AI (Direct),6:40 AM,9:15 AM,155,2 hr 35 min,Economy,8020.0,4734.1,2227.8,710.0,348.1,0.0,3285.9,True,0,Non-Stop,0f0243b34bc5
SCR_GF_1789324777_003,2026-09-14 00:09:32,2026-09-15,1,google_flights,DEL,GAU,DEL-GAU,DEL,GAU,IndiGo,IndiGo,6E (Direct),4:45 AM,7:10 AM,145,2 hr 25 min,Economy,8120.0,4798.86,2258.28,710.0,352.86,0.0,3321.14,True,0,Non-Stop,e9f5ad96a653
SCR_GF_1789324777_004,2026-09-14 00:09:32,2026-09-15,1,google_flights,DEL,GAU,DEL-GAU,DEL,GAU,Air India Express,Air India Express,IX (Direct),8:00 PM,10:30 PM,150,2 hr 30 min,Economy,7819.0,4603.92,2166.56,710.0,338.52,0.0,3215.08,True,0,Non-Stop,4593c708f311
SCR_GF_1789324777_005,2026-09-14 00:09:32,2026-09-15,1,google_flights,DEL,GAU,DEL-GAU,DEL,GAU,Air India Express,Air India Express,IX (Direct),8:10 AM,10:40 AM,150,2 hr 30 min,Economy,8069.0,4765.83,2242.74,710.0,350.43,0.0,3303.17,True,0,Non-Stop,d462193c57dd
SCR_GF_1789324777_006,2026-09-14 00:09:32,2026-09-15,1,google_flights,DEL,GAU,DEL-GAU,DEL,GAU,Air India Express,Air India Express,IX (Direct),8:45 AM,11:15 AM,150,2 hr 30 min,Economy,8069.0,4765.83,2242.74,710.0,350.43,0.0,3303.17,True,0,Non-Stop,09d7dd9e2c15
SCR_GF_1789324777_007,2026-09-14 00:09:32,2026-09-15,1,google_flights,DEL,GAU,DEL-GAU,DEL,GAU,IndiGo,IndiGo,6E (Connecting),4:00 PM,8:40 PM,280,4 hr 40 min,Economy,8089.0,4778.78,2248.84,710.0,351.38,0.0,3310.22,False,1,1 Stop (CCU),910c9a6143ba
SCR_GF_1789324777_008,2026-09-14 00:09:32,2026-09-15,1,google_flights,DEL,GAU,DEL-GAU,DEL,GAU,IndiGo,IndiGo,6E (Direct),7:45 AM,10:10 AM,145,2 hr 25 min,Economy,8120.0,4798.86,2258.28,710.0,352.86,0.0,3321.14,True,0,Non-Stop,02dc678f6f49
SCR_GF_1789324777_009,2026-09-14 00:09:32,2026-09-15,1,google_flights,DEL,GAU,DEL-GAU,DEL,GAU,IndiGo,IndiGo,6E (Direct),8:00 PM,10:25 PM,145,2 hr 25 min,Economy,8120.0,4798.86,2258.28,710.0,352.86,0.0,3321.14,True,0,Non-Stop,33d97d10d65e
SCR_GF_1789324777_010,2026-09-14 00:09:32,2026-09-15,1,google_flights,DEL,GAU,DEL-GAU,DEL,GAU,Air India Express,Air India Express,IX (Direct),10:40 AM,1:25 PM,165,2 hr 45 min,Economy,8269.0,4895.35,2303.7,710.0,359.95,0.0,3373.65,True,0,Non-Stop,7a8237b7d637
SCR_GF_1789324777_011,2026-09-14 00:09:32,2026-09-15,1,google_flights,DEL,GAU,DEL-GAU,DEL,GAU,Air India Express,Air India Express,IX (Direct),12:55 PM,3:35 PM,160,2 hr 40 min,Economy,8269.0,4895.35,2303.7,710.0,359.95,0.0,3373.65,True,0,Non-Stop,d0c51b6f3b6d
SCR_GF_1789324777_012,2026-09-14 00:09:32,2026-09-15,1,google_flights,DEL,GAU,DEL-GAU,DEL,GAU,Air India,Air India,AI (Direct),2:30 PM,5:00 PM,150,2 hr 30 min,Economy,8595.0,5106.48,2403.04,710.0,375.48,0.0,3488.52,True,0,Non-Stop,c45eb9400e1b
SCR_GF_1789324777_013,2026-09-14 00:09:32,2026-09-15,1,google_flights,DEL,GAU,DEL-GAU,DEL,GAU,IndiGo,IndiGo,6E (Direct),3:10 PM,5:35 PM,145,2 hr 25 min,Economy,9220.0,5511.24,2593.52,710.0,405.24,0.0,3708.76,True,0,Non-Stop,82801ae5db67
SCR_GF_1789324777_014,2026-09-14 00:09:32,2026-09-15,1,google_flights,DEL,GAU,DEL-GAU,DEL,GAU,IndiGo,IndiGo,6E (Direct),5:45,8:35,170,2 hr 50 min,Economy,7819.0,4603.92,2166.56,710.0,338.52,0.0,3215.08,True,0,Non-Stop,b2f03b0ac3cc
SCR_GF_1789324777_015,2026-09-14 00:09:32,2026-09-15,1,google_flights,DEL,GAU,DEL-GAU,DEL,GAU,IndiGo,IndiGo,6E (Direct),6:40,9:15,155,2 hr 35 min,Economy,8020.0,4734.1,2227.8,710.0,348.1,0.0,3285.9,True,0,Non-Stop,8102725f1da6
SCR_GF_1789324777_016,2026-09-14 00:09:32,2026-09-15,1,google_flights,DEL,GAU,DEL-GAU,DEL,GAU,IndiGo,IndiGo,6E (Direct),4:45,7:10,145,2 hr 25 min,Economy,8120.0,4798.86,2258.28,710.0,352.86,0.0,3321.14,True,0,Non-Stop,8599a27352ea
SCR_GF_1789324777_017,2026-09-14 00:09:32,2026-09-15,1,google_flights,DEL,GAU,DEL-GAU,DEL,GAU,IndiGo,IndiGo,6E (Direct),8:00,10:30,150,2 hr 30 min,Economy,7819.0,4603.92,2166.56,710.0,338.52,0.0,3215.08,True,0,Non-Stop,ed099d19d852
SCR_GF_1789324777_018,2026-09-14 00:09:32,2026-09-15,1,google_flights,DEL,GAU,DEL-GAU,DEL,GAU,IndiGo,IndiGo,6E (Direct),8:10,10:40,150,2 hr 30 min,Economy,8069.0,4765.83,2242.74,710.0,350.43,0.0,3303.17,True,0,Non-Stop,f1f68ff1c733
SCR_GF_1789324777_019,2026-09-14 00:09:32,2026-09-15,1,google_flights,DEL,GAU,DEL-GAU,DEL,GAU,IndiGo,IndiGo,6E (Direct),8:45,11:15,150,2 hr 30 min,Economy,8069.0,4765.83,2242.74,710.0,350.43,0.0,3303.17,True,0,Non-Stop,b22c721d81d7
SCR_GF_1789324777_020,2026-09-14 00:09:32,2026-09-15,1,google_flights,DEL,GAU,DEL-GAU,DEL,GAU,IndiGo,IndiGo,6E (Connecting),4:00,8:40,280,4 hr 40 min,Economy,8089.0,4778.78,2248.84,710.0,351.38,0.0,3310.22,False,1,1 Stop,8035104d4762
SCR_GF_1789324777_021,2026-09-14 00:09:32,2026-09-15,1,google_flights,DEL,GAU,DEL-GAU,DEL,GAU,IndiGo,IndiGo,6E (Direct),7:45,10:10,145,2 hr 25 min,Economy,8120.0,4798.86,2258.28,710.0,352.86,0.0,3321.14,True,0,Non-Stop,923e6a276b7e
SCR_GF_1789324777_022,2026-09-14 00:09:32,2026-09-15,1,google_flights,DEL,GAU,DEL-GAU,DEL,GAU,IndiGo,IndiGo,6E (Direct),8:00,10:25,145,2 hr 25 min,Economy,8120.0,4798.86,2258.28,710.0,352.86,0.0,3321.14,True,0,Non-Stop,b9cb5b0fc8fa
SCR_GF_1789324777_023,2026-09-14 00:09:32,2026-09-15,1,google_flights,DEL,GAU,DEL-GAU,DEL,GAU,IndiGo,IndiGo,6E (Direct),10:40,1:25,165,2 hr 45 min,Economy,8269.0,4895.35,2303.7,710.0,359.95,0.0,3373.65,True,0,Non-Stop,9f69a96d6dca
SCR_GF_1789324778_024,2026-09-14 00:09:32,2026-09-15,1,google_flights,DEL,GAU,DEL-GAU,DEL,GAU,IndiGo,IndiGo,6E (Direct),12:55,3:35,160,2 hr 40 min,Economy,8269.0,4895.35,2303.7,710.0,359.95,0.0,3373.65,True,0,Non-Stop,00896e84317d
SCR_GF_1789324778_025,2026-09-14 00:09:32,2026-09-15,1,google_flights,DEL,GAU,DEL-GAU,DEL,GAU,IndiGo,IndiGo,6E (Direct),2:30,5:00,150,2 hr 30 min,Economy,8595.0,5106.48,2403.04,710.0,375.48,0.0,3488.52,True,0,Non-Stop,d2e24836221b
SCR_GF_1789324778_026,2026-09-14 00:09:32,2026-09-15,1,google_flights,DEL,GAU,DEL-GAU,DEL,GAU,IndiGo,IndiGo,6E (Direct),3:10,5:35,145,2 hr 25 min,Economy,9220.0,5511.24,2593.52,710.0,405.24,0.0,3708.76,True,0,Non-Stop,a0d3d13d8366
SCR_GF_1789324782_001,2026-09-14 00:09:38,2026-09-21,7,google_flights,DEL,GAU,DEL-GAU,DEL,GAU,Air India Express,Air India Express,IX (Direct),5:45 AM,8:35 AM,170,2 hr 50 min,Economy,7819.0,4603.92,2166.56,710.0,338.52,0.0,3215.08,True,0,Non-Stop,253b2827f101
SCR_GF_1789324782_002,2026-09-14 00:09:38,2026-09-21,7,google_flights,DEL,GAU,DEL-GAU,DEL,GAU,Air India,Air India,AI (Direct),6:40 AM,9:15 AM,155,2 hr 35 min,Economy,8020.0,4734.1,2227.8,710.0,348.1,0.0,3285.9,True,0,Non-Stop,75f6227e9fad
SCR_GF_1789324782_003,2026-09-14 00:09:38,2026-09-21,7,google_flights,DEL,GAU,DEL-GAU,DEL,GAU,IndiGo,IndiGo,6E (Direct),4:45 AM,7:10 AM,145,2 hr 25 min,Economy,8120.0,4798.86,2258.28,710.0,352.86,0.0,3321.14,True,0,Non-Stop,8a44d3faa111
SCR_GF_1789324782_004,2026-09-14 00:09:38,2026-09-21,7,google_flights,DEL,GAU,DEL-GAU,DEL,GAU,Air India Express,Air India Express,IX (Direct),8:00 PM,10:30 PM,150,2 hr 30 min,Economy,7819.0,4603.92,2166.56,710.0,338.52,0.0,3215.08,True,0,Non-Stop,4dbc15fa6078
SCR_GF_1789324782_005,2026-09-14 00:09:38,2026-09-21,7,google_flights,DEL,GAU,DEL-GAU,DEL,GAU,Air India Express,Air India Express,IX (Direct),10:40 AM,1:25 PM,165,2 hr 45 min,Economy,8069.0,4765.83,2242.74,710.0,350.43,0.0,3303.17,True,0,Non-Stop,f3c0c406cff3
SCR_GF_1789324782_006,2026-09-14 00:09:38,2026-09-21,7,google_flights,DEL,GAU,DEL-GAU,DEL,GAU,Air India Express,Air India Express,IX (Direct),12:55 PM,3:35 PM,160,2 hr 40 min,Economy,8069.0,4765.83,2242.74,710.0,350.43,0.0,3303.17,True,0,Non-Stop,98ac58b85c06
SCR_GF_1789324783_007,2026-09-14 00:09:38,2026-09-21,7,google_flights,DEL,GAU,DEL-GAU,DEL,GAU,Air India Express,Air India Express,IX (Direct),6:10 PM,8:40 PM,150,2 hr 30 min,Economy,8069.0,4765.83,2242.74,710.0,350.43,0.0,3303.17,True,0,Non-Stop,b6a71922039e
SCR_GF_1789324783_008,2026-09-14 00:09:38,2026-09-21,7,google_flights,DEL,GAU,DEL-GAU,DEL,GAU,IndiGo,IndiGo,6E (Connecting),5:00 AM,10:15 AM,315,5 hr 15 min,Economy,8089.0,4778.78,2248.84,710.0,351.38,0.0,3310.22,False,1,1 Stop (CCU),a5f4622e148b
SCR_GF_1789324783_009,2026-09-14 00:09:38,2026-09-21,7,google_flights,DEL,GAU,DEL-GAU,DEL,GAU,IndiGo,IndiGo,6E (Direct),7:45 AM,10:10 AM,145,2 hr 25 min,Economy,8120.0,4798.86,2258.28,710.0,352.86,0.0,3321.14,True,0,Non-Stop,69b407b54b32
SCR_GF_1789324783_010,2026-09-14 00:09:38,2026-09-21,7,google_flights,DEL,GAU,DEL-GAU,DEL,GAU,Air India,Air India,AI (Direct),2:30 PM,5:00 PM,150,2 hr 30 min,Economy,8120.0,4798.86,2258.28,710.0,352.86,0.0,3321.14,True,0,Non-Stop,bf51ca86075c
SCR_GF_1789324783_011,2026-09-14 00:09:38,2026-09-21,7,google_flights,DEL,GAU,DEL-GAU,DEL,GAU,IndiGo,IndiGo,6E (Direct),3:10 PM,5:35 PM,145,2 hr 25 min,Economy,8120.0,4798.86,2258.28,710.0,352.86,0.0,3321.14,True,0,Non-Stop,26eb7f2c5323
SCR_GF_1789324783_012,2026-09-14 00:09:38,2026-09-21,7,google_flights,DEL,GAU,DEL-GAU,DEL,GAU,IndiGo,IndiGo,6E (Direct),8:00 PM,10:25 PM,145,2 hr 25 min,Economy,8120.0,4798.86,2258.28,710.0,352.86,0.0,3321.14,True,0,Non-Stop,ee03b25b64f1
SCR_GF_1789324783_013,2026-09-14 00:09:38,2026-09-21,7,google_flights,DEL,GAU,DEL-GAU,DEL,GAU,IndiGo,IndiGo,6E (Direct),5:45,8:35,170,2 hr 50 min,Economy,7819.0,4603.92,2166.56,710.0,338.52,0.0,3215.08,True,0,Non-Stop,4edd8952787d
SCR_GF_1789324783_014,2026-09-14 00:09:38,2026-09-21,7,google_flights,DEL,GAU,DEL-GAU,DEL,GAU,IndiGo,IndiGo,6E (Direct),6:40,9:15,155,2 hr 35 min,Economy,8020.0,4734.1,2227.8,710.0,348.1,0.0,3285.9,True,0,Non-Stop,6a0508c0fe0f
SCR_GF_1789324783_015,2026-09-14 00:09:38,2026-09-21,7,google_flights,DEL,GAU,DEL-GAU,DEL,GAU,IndiGo,IndiGo,6E (Direct),4:45,7:10,145,2 hr 25 min,Economy,8120.0,4798.86,2258.28,710.0,352.86,0.0,3321.14,True,0,Non-Stop,ae3e7573f84c
SCR_GF_1789324784_016,2026-09-14 00:09:38,2026-09-21,7,google_flights,DEL,GAU,DEL-GAU,DEL,GAU,IndiGo,IndiGo,6E (Direct),8:00,10:30,150,2 hr 30 min,Economy,7819.0,4603.92,2166.56,710.0,338.52,0.0,3215.08,True,0,Non-Stop,bc9a71f78328
SCR_GF_1789324784_017,2026-09-14 00:09:38,2026-09-21,7,google_flights,DEL,GAU,DEL-GAU,DEL,GAU,IndiGo,IndiGo,6E (Direct),10:40,1:25,165,2 hr 45 min,Economy,8069.0,4765.83,2242.74,710.0,350.43,0.0,3303.17,True,0,Non-Stop,91cd9979675d
SCR_GF_1789324784_018,2026-09-14 00:09:38,2026-09-21,7,google_flights,DEL,GAU,DEL-GAU,DEL,GAU,IndiGo,IndiGo,6E (Direct),12:55,3:35,160,2 hr 40 min,Economy,8069.0,4765.83,2242.74,710.0,350.43,0.0,3303.17,True,0,Non-Stop,ab078a568572
SCR_GF_1789324784_019,2026-09-14 00:09:38,2026-09-21,7,google_flights,DEL,GAU,DEL-GAU,DEL,GAU,IndiGo,IndiGo,6E (Direct),6:10,8:40,150,2 hr 30 min,Economy,8069.0,4765.83,2242.74,710.0,350.43,0.0,3303.17,True,0,Non-Stop,5d3cfa857fbe
SCR_GF_1789324784_020,2026-09-14 00:09:38,2026-09-21,7,google_flights,DEL,GAU,DEL-GAU,DEL,GAU,IndiGo,IndiGo,6E (Connecting),5:00,10:15,315,5 hr 15 min,Economy,8089.0,4778.78,2248.84,710.0,351.38,0.0,3310.22,False,1,1 Stop,44cae1ac46b6
SCR_GF_1789324784_021,2026-09-14 00:09:38,2026-09-21,7,google_flights,DEL,GAU,DEL-GAU,DEL,GAU,IndiGo,IndiGo,6E (Direct),7:45,10:10,145,2 hr 25 min,Economy,8120.0,4798.86,2258.28,710.0,352.86,0.0,3321.14,True,0,Non-Stop,383d22b6160e
SCR_GF_1789324784_022,2026-09-14 00:09:38,2026-09-21,7,google_flights,DEL,GAU,DEL-GAU,DEL,GAU,IndiGo,IndiGo,6E (Direct),2:30,5:00,150,2 hr 30 min,Economy,8120.0,4798.86,2258.28,710.0,352.86,0.0,3321.14,True,0,Non-Stop,7c31aecd5887
SCR_GF_1789324784_023,2026-09-14 00:09:38,2026-09-21,7,google_flights,DEL,GAU,DEL-GAU,DEL,GAU,IndiGo,IndiGo,6E (Direct),3:10,5:35,145,2 hr 25 min,Economy,8120.0,4798.86,2258.28,710.0,352.86,0.0,3321.14,True,0,Non-Stop,c1348d07409d
SCR_GF_1789324784_024,2026-09-14 00:09:38,2026-09-21,7,google_flights,DEL,GAU,DEL-GAU,DEL,GAU,IndiGo,IndiGo,6E (Direct),8:00,10:25,145,2 hr 25 min,Economy,8120.0,4798.86,2258.28,710.0,352.86,0.0,3321.14,True,0,Non-Stop,56635992ddf7
SCR_GF_1789324789_001,2026-09-14 00:09:45,2026-09-29,15,google_flights,DEL,GAU,DEL-GAU,DEL,GAU,Air India,Air India,AI (Direct),6:40 AM,9:15 AM,155,2 hr 35 min,Economy,8020.0,4734.1,2227.8,710.0,348.1,0.0,3285.9,True,0,Non-Stop,bc663f0f0fd7
SCR_GF_1789324789_002,2026-09-14 00:09:45,2026-09-29,15,google_flights,DEL,GAU,DEL-GAU,DEL,GAU,Air India Express,Air India Express,IX (Direct),8:45 AM,11:15 AM,150,2 hr 30 min,Economy,8069.0,4765.83,2242.74,710.0,350.43,0.0,3303.17,True,0,Non-Stop,8d71081b5ead
SCR_GF_1789324789_003,2026-09-14 00:09:45,2026-09-29,15,google_flights,DEL,GAU,DEL-GAU,DEL,GAU,IndiGo,IndiGo,6E (Direct),4:45 AM,7:10 AM,145,2 hr 25 min,Economy,8120.0,4798.86,2258.28,710.0,352.86,0.0,3321.14,True,0,Non-Stop,a2ecafd2d85f
SCR_GF_1789324789_004,2026-09-14 00:09:45,2026-09-29,15,google_flights,DEL,GAU,DEL-GAU,DEL,GAU,IndiGo,IndiGo,6E (Direct),7:45 AM,10:10 AM,145,2 hr 25 min,Economy,8120.0,4798.86,2258.28,710.0,352.86,0.0,3321.14,True,0,Non-Stop,e8f098a124d0
SCR_GF_1789324789_005,2026-09-14 00:09:45,2026-09-29,15,google_flights,DEL,GAU,DEL-GAU,DEL,GAU,Air India Express,Air India Express,IX (Direct),5:45 AM,8:35 AM,170,2 hr 50 min,Economy,8019.0,4733.45,2227.5,710.0,348.05,0.0,3285.55,True,0,Non-Stop,29b6bd36c13b
SCR_GF_1789324790_006,2026-09-14 00:09:45,2026-09-29,15,google_flights,DEL,GAU,DEL-GAU,DEL,GAU,Air India Express,Air India Express,IX (Direct),8:00 PM,10:30 PM,150,2 hr 30 min,Economy,8019.0,4733.45,2227.5,710.0,348.05,0.0,3285.55,True,0,Non-Stop,e7cf6988bc70
SCR_GF_1789324790_007,2026-09-14 00:09:45,2026-09-29,15,google_flights,DEL,GAU,DEL-GAU,DEL,GAU,Air India Express,Air India Express,IX (Direct),8:10 AM,10:40 AM,150,2 hr 30 min,Economy,8069.0,4765.83,2242.74,710.0,350.43,0.0,3303.17,True,0,Non-Stop,8fe4bb45bd6f
SCR_GF_1789324790_008,2026-09-14 00:09:45,2026-09-29,15,google_flights,DEL,GAU,DEL-GAU,DEL,GAU,Air India Express,Air India Express,IX (Direct),10:40 AM,1:25 PM,165,2 hr 45 min,Economy,8069.0,4765.83,2242.74,710.0,350.43,0.0,3303.17,True,0,Non-Stop,5fcd0b8a2a14
SCR_GF_1789324790_009,2026-09-14 00:09:45,2026-09-29,15,google_flights,DEL,GAU,DEL-GAU,DEL,GAU,Air India Express,Air India Express,IX (Direct),12:55 PM,3:35 PM,160,2 hr 40 min,Economy,8069.0,4765.83,2242.74,710.0,350.43,0.0,3303.17,True,0,Non-Stop,4a47358ac3eb
SCR_GF_1789324790_010,2026-09-14 00:09:45,2026-09-29,15,google_flights,DEL,GAU,DEL-GAU,DEL,GAU,Air India,Air India,AI (Direct),2:30 PM,5:00 PM,150,2 hr 30 min,Economy,8120.0,4798.86,2258.28,710.0,352.86,0.0,3321.14,True,0,Non-Stop,f348443a1a83
SCR_GF_1789324790_011,2026-09-14 00:09:45,2026-09-29,15,google_flights,DEL,GAU,DEL-GAU,DEL,GAU,IndiGo,IndiGo,6E (Direct),3:10 PM,5:35 PM,145,2 hr 25 min,Economy,8320.0,4928.38,2319.24,710.0,362.38,0.0,3391.62,True,0,Non-Stop,9bf067e57f0a
SCR_GF_1789324790_012,2026-09-14 00:09:45,2026-09-29,15,google_flights,DEL,GAU,DEL-GAU,DEL,GAU,IndiGo,IndiGo,6E (Direct),8:00 PM,10:25 PM,145,2 hr 25 min,Economy,8520.0,5057.9,2380.2,710.0,371.9,0.0,3462.1,True,0,Non-Stop,f69c1f61c3a7
SCR_GF_1789324790_013,2026-09-14 00:09:45,2026-09-29,15,google_flights,DEL,GAU,DEL-GAU,DEL,GAU,IndiGo,IndiGo,6E (Direct),6:40,9:15,155,2 hr 35 min,Economy,8020.0,4734.1,2227.8,710.0,348.1,0.0,3285.9,True,0,Non-Stop,454a6205c822
SCR_GF_1789324790_014,2026-09-14 00:09:45,2026-09-29,15,google_flights,DEL,GAU,DEL-GAU,DEL,GAU,IndiGo,IndiGo,6E (Direct),8:45,11:15,150,2 hr 30 min,Economy,8069.0,4765.83,2242.74,710.0,350.43,0.0,3303.17,True,0,Non-Stop,d6376d675221
SCR_GF_1789324791_015,2026-09-14 00:09:45,2026-09-29,15,google_flights,DEL,GAU,DEL-GAU,DEL,GAU,IndiGo,IndiGo,6E (Direct),4:45,7:10,145,2 hr 25 min,Economy,8120.0,4798.86,2258.28,710.0,352.86,0.0,3321.14,True,0,Non-Stop,155a4ad849ab
SCR_GF_1789324791_016,2026-09-14 00:09:45,2026-09-29,15,google_flights,DEL,GAU,DEL-GAU,DEL,GAU,IndiGo,IndiGo,6E (Direct),7:45,10:10,145,2 hr 25 min,Economy,8120.0,4798.86,2258.28,710.0,352.86,0.0,3321.14,True,0,Non-Stop,96a4616d9de7
SCR_GF_1789324791_017,2026-09-14 00:09:45,2026-09-29,15,google_flights,DEL,GAU,DEL-GAU,DEL,GAU,IndiGo,IndiGo,6E (Direct),5:45,8:35,170,2 hr 50 min,Economy,8019.0,4733.45,2227.5,710.0,348.05,0.0,3285.55,True,0,Non-Stop,d0c1f4e30f72
SCR_GF_1789324791_018,2026-09-14 00:09:45,2026-09-29,15,google_flights,DEL,GAU,DEL-GAU,DEL,GAU,IndiGo,IndiGo,6E (Direct),8:00,10:30,150,2 hr 30 min,Economy,8019.0,4733.45,2227.5,710.0,348.05,0.0,3285.55,True,0,Non-Stop,c0063c1afaa8
SCR_GF_1789324791_019,2026-09-14 00:09:45,2026-09-29,15,google_flights,DEL,GAU,DEL-GAU,DEL,GAU,IndiGo,IndiGo,6E (Direct),8:10,10:40,150,2 hr 30 min,Economy,8069.0,4765.83,2242.74,710.0,350.43,0.0,3303.17,True,0,Non-Stop,4f7272f42652
SCR_GF_1789324791_020,2026-09-14 00:09:45,2026-09-29,15,google_flights,DEL,GAU,DEL-GAU,DEL,GAU,IndiGo,IndiGo,6E (Direct),10:40,1:25,165,2 hr 45 min,Economy,8069.0,4765.83,2242.74,710.0,350.43,0.0,3303.17,True,0,Non-Stop,a8de3ee076d4
SCR_GF_1789324791_021,2026-09-14 00:09:45,2026-09-29,15,google_flights,DEL,GAU,DEL-GAU,DEL,GAU,IndiGo,IndiGo,6E (Direct),12:55,3:35,160,2 hr 40 min,Economy,8069.0,4765.83,2242.74,710.0,350.43,0.0,3303.17,True,0,Non-Stop,a7eb09811292
SCR_GF_1789324791_022,2026-09-14 00:09:45,2026-09-29,15,google_flights,DEL,GAU,DEL-GAU,DEL,GAU,IndiGo,IndiGo,6E (Direct),2:30,5:00,150,2 hr 30 min,Economy,8120.0,4798.86,2258.28,710.0,352.86,0.0,3321.14,True,0,Non-Stop,37a08d488350
SCR_GF_1789324791_023,2026-09-14 00:09:45,2026-09-29,15,google_flights,DEL,GAU,DEL-GAU,DEL,GAU,IndiGo,IndiGo,6E (Direct),3:10,5:35,145,2 hr 25 min,Economy,8320.0,4928.38,2319.24,710.0,362.38,0.0,3391.62,True,0,Non-Stop,346ddf0d3608
SCR_GF_1789324791_024,2026-09-14 00:09:45,2026-09-29,15,google_flights,DEL,GAU,DEL-GAU,DEL,GAU,IndiGo,IndiGo,6E (Direct),8:00,10:25,145,2 hr 25 min,Economy,8520.0,5057.9,2380.2,710.0,371.9,0.0,3462.1,True,0,Non-Stop,d85c4f6d680e
