record_id,search_timestamp,travel_date,lead_time_days,source_platform,origin_iata,dest_iata,route,origin_raw,dest_raw,airline_standardized,airline_raw,flight_number,departure_time,arrival_time,duration_minutes,duration_raw,cabin_class,total_fare_inr,base_fare_inr,taxes_fees_inr,is_nonstop,raw_hash
SCR_GF_1789021349_001,2026-09-10 11:52:23,2026-09-11,1,google_flights,DEL,BOM,DEL-BOM,DEL,BOM,IndiGo,IndiGo,6E 200,2:45 PM,5:00 PM,135,2 hr 15 min,Economy,6425.0,,,True,cd4422db88cd
SCR_GF_1789021349_002,2026-09-10 11:52:23,2026-09-11,1,google_flights,DEL,BOM,DEL-BOM,DEL,BOM,Air India,Air India,AI 217,2:10 PM,4:30 PM,140,2 hr 20 min,Economy,6582.0,,,True,fc5b6485edfa
SCR_GF_1789021349_003,2026-09-10 11:52:23,2026-09-11,1,google_flights,DEL,BOM,DEL-BOM,DEL,BOM,Akasa Air,Akasa Air,QP 234,10:30 AM,12:45 PM,135,2 hr 15 min,Economy,6880.0,,,True,6ded5683cbf1
SCR_GF_1789021349_004,2026-09-10 11:52:23,2026-09-11,1,google_flights,DEL,BOM,DEL-BOM,DEL,BOM,IndiGo,IndiGo,6E 251,9:00 AM,1:45 PM,285,4 hr 45 min,Economy,6117.0,,,False,5f367cceb6fc
SCR_GF_1789021349_005,2026-09-10 11:52:23,2026-09-11,1,google_flights,DEL,BOM,DEL-BOM,DEL,BOM,Air India,Air India,AI 268,5:00 AM,7:20 AM,140,2 hr 20 min,Economy,6314.0,,,True,bd328b491ab0
SCR_GF_1789021349_006,2026-09-10 11:52:23,2026-09-11,1,google_flights,DEL,BOM,DEL-BOM,DEL,BOM,IndiGo,IndiGo,6E 285,5:00 AM,7:15 AM,135,2 hr 15 min,Economy,6425.0,,,True,6818528f9c7a
SCR_GF_1789021349_007,2026-09-10 11:52:23,2026-09-11,1,google_flights,DEL,BOM,DEL-BOM,DEL,BOM,IndiGo,IndiGo,6E 302,6:05 AM,8:20 AM,135,2 hr 15 min,Economy,6425.0,,,True,739e480a528c
SCR_GF_1789021349_008,2026-09-10 11:52:23,2026-09-11,1,google_flights,DEL,BOM,DEL-BOM,DEL,BOM,IndiGo,IndiGo,6E 319,8:45 AM,11:00 AM,135,2 hr 15 min,Economy,6425.0,,,True,e6a35f4f0f78
SCR_GF_1789021349_009,2026-09-10 11:52:23,2026-09-11,1,google_flights,DEL,BOM,DEL-BOM,DEL,BOM,IndiGo,IndiGo,6E 336,9:30 AM,11:55 AM,145,2 hr 25 min,Economy,6425.0,,,True,7f1804efad77
SCR_GF_1789021349_010,2026-09-10 11:52:23,2026-09-11,1,google_flights,DEL,BOM,DEL-BOM,DEL,BOM,IndiGo,IndiGo,6E 353,10:15 AM,12:35 PM,140,2 hr 20 min,Economy,6425.0,,,True,6c715be2b836
SCR_GF_1789021349_011,2026-09-10 11:52:23,2026-09-11,1,google_flights,DEL,BOM,DEL-BOM,DEL,BOM,IndiGo,IndiGo,6E 370,2:00 PM,4:25 PM,145,2 hr 25 min,Economy,6425.0,,,True,db31b08181e9
SCR_GF_1789021349_012,2026-09-10 11:52:23,2026-09-11,1,google_flights,DEL,BOM,DEL-BOM,DEL,BOM,Air India,Air India,AI 387,7:30 AM,9:55 AM,145,2 hr 25 min,Economy,6582.0,,,True,066318b91084
SCR_GF_1789021349_013,2026-09-10 11:52:23,2026-09-11,1,google_flights,DEL,BOM,DEL-BOM,DEL,BOM,Air India,Air India,AI 404,9:30 AM,12:00 PM,150,2 hr 30 min,Economy,6582.0,,,True,9a21358f8cdb
SCR_GF_1789021349_014,2026-09-10 11:52:23,2026-09-11,1,google_flights,DEL,BOM,DEL-BOM,DEL,BOM,Air India,Air India,AI 421,10:00 AM,12:25 PM,145,2 hr 25 min,Economy,6582.0,,,True,27c9f077794b
SCR_GF_1789021349_015,2026-09-10 11:52:23,2026-09-11,1,google_flights,DEL,BOM,DEL-BOM,DEL,BOM,Air India,Air India,AI 438,11:00 AM,1:25 PM,145,2 hr 25 min,Economy,6582.0,,,True,ed9f6604d6cf
SCR_GF_1789021349_016,2026-09-10 11:52:23,2026-09-11,1,google_flights,DEL,BOM,DEL-BOM,DEL,BOM,Air India,Air India,AI 455,12:00 PM,2:25 PM,145,2 hr 25 min,Economy,6582.0,,,True,657dd2e1d3ef
SCR_GF_1789021349_017,2026-09-10 11:52:23,2026-09-11,1,google_flights,DEL,BOM,DEL-BOM,DEL,BOM,IndiGo,IndiGo,6E 472,8:00 AM,10:20 AM,140,2 hr 20 min,Economy,6583.0,,,True,df701c2463ba
SCR_GF_1789021349_018,2026-09-10 11:52:23,2026-09-11,1,google_flights,DEL,BOM,DEL-BOM,DEL,BOM,IndiGo,IndiGo,6E 489,11:00 AM,1:15 PM,135,2 hr 15 min,Economy,6583.0,,,True,1f6774ef221f
SCR_GF_1789021349_019,2026-09-10 11:52:23,2026-09-11,1,google_flights,DEL,BOM,DEL-BOM,DEL,BOM,IndiGo,IndiGo,6E 506,12:00 PM,2:15 PM,135,2 hr 15 min,Economy,6583.0,,,True,8fb82f83d9dd
SCR_GF_1789021349_020,2026-09-10 11:52:23,2026-09-11,1,google_flights,DEL,BOM,DEL-BOM,DEL,BOM,Air India,Air India,AI 523,6:30 AM,8:50 AM,140,2 hr 20 min,Economy,6740.0,,,True,6380e9539b84
SCR_GF_1789021349_021,2026-09-10 11:52:23,2026-09-11,1,google_flights,DEL,BOM,DEL-BOM,DEL,BOM,Air India,Air India,AI 540,7:00 AM,9:25 AM,145,2 hr 25 min,Economy,6740.0,,,True,92d4babe7e96
SCR_GF_1789021349_022,2026-09-10 11:52:23,2026-09-11,1,google_flights,DEL,BOM,DEL-BOM,DEL,BOM,Air India,Air India,AI 557,8:30 AM,10:45 AM,135,2 hr 15 min,Economy,6740.0,,,True,56fe9046deb5
SCR_GF_1789021349_023,2026-09-10 11:52:23,2026-09-11,1,google_flights,DEL,BOM,DEL-BOM,DEL,BOM,Air India,Air India,AI 574,5:35 AM,8:05 AM,150,2 hr 30 min,Economy,6779.0,,,True,4204e2b5c3f9
SCR_GF_1789021349_024,2026-09-10 11:52:23,2026-09-11,1,google_flights,DEL,BOM,DEL-BOM,DEL,BOM,IndiGo,IndiGo,6E 591,7:15 AM,9:30 AM,135,2 hr 15 min,Economy,6793.0,,,True,ff45ef2ad3de
SCR_GF_1789021349_025,2026-09-10 11:52:23,2026-09-11,1,google_flights,DEL,BOM,DEL-BOM,DEL,BOM,IndiGo,IndiGo,6E 608,1:00 PM,3:10 PM,130,2 hr 10 min,Economy,6793.0,,,True,aa512ab3560a
SCR_GF_1789021349_026,2026-09-10 11:52:23,2026-09-11,1,google_flights,DEL,BOM,DEL-BOM,DEL,BOM,IndiGo,IndiGo,6E 625,3:30 PM,5:45 PM,135,2 hr 15 min,Economy,6793.0,,,True,cbc81e97e80b
SCR_GF_1789021349_027,2026-09-10 11:52:23,2026-09-11,1,google_flights,DEL,BOM,DEL-BOM,DEL,BOM,Akasa Air,Akasa Air,QP 642,6:50 AM,9:10 AM,140,2 hr 20 min,Economy,6880.0,,,True,b85363c250af
SCR_GF_1789021349_028,2026-09-10 11:52:23,2026-09-11,1,google_flights,DEL,BOM,DEL-BOM,DEL,BOM,Akasa Air,Akasa Air,QP 659,8:40 AM,11:05 AM,145,2 hr 25 min,Economy,6880.0,,,True,7c5a500d0887
SCR_GF_1789021349_029,2026-09-10 11:52:23,2026-09-11,1,google_flights,DEL,BOM,DEL-BOM,DEL,BOM,Akasa Air,Akasa Air,QP 676,12:30 PM,2:55 PM,145,2 hr 25 min,Economy,6880.0,,,True,6516652f9afb
SCR_GF_1789021349_030,2026-09-10 11:52:23,2026-09-11,1,google_flights,DEL,BOM,DEL-BOM,DEL,BOM,Air India,Air India,AI 693,3:30 PM,5:55 PM,145,2 hr 25 min,Economy,6950.0,,,True,297a63beb38c
SCR_GF_1789021349_031,2026-09-10 11:52:23,2026-09-11,1,google_flights,DEL,BOM,DEL-BOM,DEL,BOM,Air India,Air India,AI 710,4:00 PM,6:25 PM,145,2 hr 25 min,Economy,6950.0,,,True,a47d3571e5a1
SCR_GF_1789021349_032,2026-09-10 11:52:23,2026-09-11,1,google_flights,DEL,BOM,DEL-BOM,DEL,BOM,IndiGo,IndiGo,6E 727,4:15 PM,6:35 PM,140,2 hr 20 min,Economy,7055.0,,,True,cd4896627e3d
SCR_GF_1789021349_033,2026-09-10 11:52:23,2026-09-11,1,google_flights,DEL,BOM,DEL-BOM,DEL,BOM,Air India,Air India,AI 744,1:30 PM,3:50 PM,140,2 hr 20 min,Economy,7527.0,,,True,f4a2f2d8e446
SCR_GF_1789021349_034,2026-09-10 11:52:23,2026-09-11,1,google_flights,DEL,BOM,DEL-BOM,DEL,BOM,Akasa Air,Akasa Air,QP 761,4:00 PM,6:20 PM,140,2 hr 20 min,Economy,8419.0,,,True,2d2ed794793f
SCR_GF_1789021349_035,2026-09-10 11:52:23,2026-09-11,1,google_flights,DEL,BOM,DEL-BOM,DEL,BOM,Air India,Air India,AI 778,4:30 PM,6:50 PM,140,2 hr 20 min,Economy,9569.0,,,True,2dd878f62780
SCR_GF_1789021349_036,2026-09-10 11:52:23,2026-09-11,1,google_flights,DEL,BOM,DEL-BOM,DEL,BOM,IndiGo,IndiGo,6E 795,5:00 PM,7:15 PM,135,2 hr 15 min,Economy,9628.0,,,True,ab3c6114f550
SCR_GF_1789021349_037,2026-09-10 11:52:23,2026-09-11,1,google_flights,DEL,BOM,DEL-BOM,DEL,BOM,Air India,Air India,AI 812,5:00 PM,7:25 PM,145,2 hr 25 min,Economy,9968.0,,,True,2f7d4e9e2297
SCR_GF_1789021349_038,2026-09-10 11:52:23,2026-09-11,1,google_flights,DEL,BOM,DEL-BOM,DEL,BOM,IndiGo,IndiGo,6E 829,6:00 PM,8:15 PM,135,2 hr 15 min,Economy,13513.0,,,True,f090071cf40f
SCR_GF_1789021350_039,2026-09-10 11:52:23,2026-09-11,1,google_flights,DEL,BOM,DEL-BOM,DEL,BOM,IndiGo,IndiGo,6E 846,8:00 PM,10:10 PM,130,2 hr 10 min,Economy,13513.0,,,True,1624fbf123b6
SCR_GF_1789021350_040,2026-09-10 11:52:23,2026-09-11,1,google_flights,DEL,BOM,DEL-BOM,DEL,BOM,IndiGo,IndiGo,6E 863,8:45 PM,11:00 PM,135,2 hr 15 min,Economy,13513.0,,,True,c1cf038ea00c
SCR_GF_1789021350_041,2026-09-10 11:52:23,2026-09-11,1,google_flights,DEL,BOM,DEL-BOM,DEL,BOM,IndiGo,IndiGo,6E 880,9:45 PM,12:05 AM,140,2 hr 20 min,Economy,13513.0,,,True,a86007f56c1d
SCR_GF_1789021350_042,2026-09-10 11:52:23,2026-09-11,1,google_flights,DEL,BOM,DEL-BOM,DEL,BOM,IndiGo,IndiGo,6E 897,10:45 PM,1:05 AM,140,2 hr 20 min,Economy,13513.0,,,True,94a1f8ae9025
SCR_GF_1789021350_043,2026-09-10 11:52:23,2026-09-11,1,google_flights,DEL,BOM,DEL-BOM,DEL,BOM,IndiGo,IndiGo,6E 914,11:30 PM,1:45 AM,135,2 hr 15 min,Economy,13513.0,,,True,faaa5bb8f446
SCR_GF_1789021350_044,2026-09-10 11:52:23,2026-09-11,1,google_flights,DEL,BOM,DEL-BOM,DEL,BOM,Akasa Air,Akasa Air,QP 931,7:55 PM,10:20 PM,145,2 hr 25 min,Economy,13544.0,,,True,466bc328f430
SCR_GF_1789021350_045,2026-09-10 11:52:23,2026-09-11,1,google_flights,DEL,BOM,DEL-BOM,DEL,BOM,Akasa Air,Akasa Air,QP 948,5:30 PM,7:45 PM,135,2 hr 15 min,Economy,14787.0,,,True,79ebc92144d8
SCR_GF_1789021350_046,2026-09-10 11:52:23,2026-09-11,1,google_flights,DEL,BOM,DEL-BOM,DEL,BOM,IndiGo,IndiGo,6E 965,7:00 PM,9:25 PM,145,2 hr 25 min,Economy,15088.0,,,True,d82bddb87797
SCR_GF_1789021350_047,2026-09-10 11:52:23,2026-09-11,1,google_flights,DEL,BOM,DEL-BOM,DEL,BOM,Air India,Air India,AI 982,9:00 PM,11:20 PM,140,2 hr 20 min,Economy,16583.0,,,True,752a05bd63f1
SCR_GF_1789021350_048,2026-09-10 11:52:23,2026-09-11,1,google_flights,DEL,BOM,DEL-BOM,DEL,BOM,Air India,Air India,AI 999,9:30 PM,11:55 PM,145,2 hr 25 min,Economy,16583.0,,,True,5fd325e61d3b
SCR_GF_1789021350_049,2026-09-10 11:52:23,2026-09-11,1,google_flights,DEL,BOM,DEL-BOM,DEL,BOM,Air India,Air India,AI 216,11:00 PM,1:25 AM,145,2 hr 25 min,Economy,16583.0,,,True,e9f374c26c14
SCR_GF_1789021350_050,2026-09-10 11:52:23,2026-09-11,1,google_flights,DEL,BOM,DEL-BOM,DEL,BOM,Air India,Air India,AI 233,11:25 PM,1:50 AM,145,2 hr 25 min,Economy,16844.0,,,True,856e16b6dbff
SCR_GF_1789021350_051,2026-09-10 11:52:23,2026-09-11,1,google_flights,DEL,BOM,DEL-BOM,DEL,BOM,Air India,Air India,AI 250,6:00 PM,8:25 PM,145,2 hr 25 min,Economy,17350.0,,,True,b8b5642cb97b
SCR_GF_1789021350_052,2026-09-10 11:52:23,2026-09-11,1,google_flights,DEL,BOM,DEL-BOM,DEL,BOM,Air India,Air India,AI 267,8:30 PM,11:05 PM,155,2 hr 35 min,Economy,23844.0,,,True,7b13a79ca29f
SCR_GF_1789021350_053,2026-09-10 11:52:23,2026-09-11,1,google_flights,DEL,BOM,DEL-BOM,DEL,BOM,Air India,Air India,AI 284,7:30 PM,9:55 PM,145,2 hr 25 min,Economy,24747.0,,,True,14ab41436d62
SCR_GF_1789021350_054,2026-09-10 11:52:23,2026-09-11,1,google_flights,DEL,BOM,DEL-BOM,DEL,BOM,Air India,Air India,AI 301,7:00 PM,9:25 PM,145,2 hr 25 min,Economy,24973.0,,,True,df595c880596
SCR_GF_1789021350_055,2026-09-10 11:52:23,2026-09-11,1,google_flights,DEL,BOM,DEL-BOM,DEL,BOM,IndiGo,IndiGo,6E 318,2:45,5:00,135,2 hr 15 min,Economy,6425.0,,,True,7cb8ac535b6d
SCR_GF_1789021350_056,2026-09-10 11:52:23,2026-09-11,1,google_flights,DEL,BOM,DEL-BOM,DEL,BOM,IndiGo,IndiGo,6E 335,2:10,4:30,140,2 hr 20 min,Economy,6582.0,,,True,e07c8425ac6c
SCR_GF_1789021350_057,2026-09-10 11:52:23,2026-09-11,1,google_flights,DEL,BOM,DEL-BOM,DEL,BOM,IndiGo,IndiGo,6E 352,10:30,12:45,135,2 hr 15 min,Economy,6880.0,,,True,c6cad22cc650
SCR_GF_1789021350_058,2026-09-10 11:52:23,2026-09-11,1,google_flights,DEL,BOM,DEL-BOM,DEL,BOM,IndiGo,IndiGo,6E 369,9:00,1:45,285,4 hr 45 min,Economy,6117.0,,,False,1415c44a25ac
SCR_GF_1789021350_059,2026-09-10 11:52:23,2026-09-11,1,google_flights,DEL,BOM,DEL-BOM,DEL,BOM,IndiGo,IndiGo,6E 386,5:00,7:20,140,2 hr 20 min,Economy,6314.0,,,True,6085cce82e1c
SCR_GF_1789021350_060,2026-09-10 11:52:23,2026-09-11,1,google_flights,DEL,BOM,DEL-BOM,DEL,BOM,IndiGo,IndiGo,6E 403,5:00,7:15,135,2 hr 15 min,Economy,6425.0,,,True,f6776b970986
SCR_GF_1789021350_061,2026-09-10 11:52:23,2026-09-11,1,google_flights,DEL,BOM,DEL-BOM,DEL,BOM,IndiGo,IndiGo,6E 420,6:05,8:20,135,2 hr 15 min,Economy,6425.0,,,True,10d21f1b988a
SCR_GF_1789021350_062,2026-09-10 11:52:23,2026-09-11,1,google_flights,DEL,BOM,DEL-BOM,DEL,BOM,IndiGo,IndiGo,6E 437,8:45,11:00,135,2 hr 15 min,Economy,6425.0,,,True,f79736967f2e
SCR_GF_1789021350_063,2026-09-10 11:52:23,2026-09-11,1,google_flights,DEL,BOM,DEL-BOM,DEL,BOM,IndiGo,IndiGo,6E 454,9:30,11:55,145,2 hr 25 min,Economy,6425.0,,,True,bb77c629cf2a
SCR_GF_1789021350_064,2026-09-10 11:52:23,2026-09-11,1,google_flights,DEL,BOM,DEL-BOM,DEL,BOM,IndiGo,IndiGo,6E 471,10:15,12:35,140,2 hr 20 min,Economy,6425.0,,,True,2d3827f1c43c
SCR_GF_1789021350_065,2026-09-10 11:52:23,2026-09-11,1,google_flights,DEL,BOM,DEL-BOM,DEL,BOM,IndiGo,IndiGo,6E 488,2:00,4:25,145,2 hr 25 min,Economy,6425.0,,,True,93cc26c6c67e
SCR_GF_1789021350_066,2026-09-10 11:52:23,2026-09-11,1,google_flights,DEL,BOM,DEL-BOM,DEL,BOM,IndiGo,IndiGo,6E 505,7:30,9:55,145,2 hr 25 min,Economy,6582.0,,,True,23bac23ff867
SCR_GF_1789021350_067,2026-09-10 11:52:23,2026-09-11,1,google_flights,DEL,BOM,DEL-BOM,DEL,BOM,IndiGo,IndiGo,6E 522,9:30,12:00,150,2 hr 30 min,Economy,6582.0,,,True,2cb5221e28f9
SCR_GF_1789021350_068,2026-09-10 11:52:23,2026-09-11,1,google_flights,DEL,BOM,DEL-BOM,DEL,BOM,IndiGo,IndiGo,6E 539,10:00,12:25,145,2 hr 25 min,Economy,6582.0,,,True,d3007d07cbce
SCR_GF_1789021350_069,2026-09-10 11:52:23,2026-09-11,1,google_flights,DEL,BOM,DEL-BOM,DEL,BOM,IndiGo,IndiGo,6E 556,11:00,1:25,145,2 hr 25 min,Economy,6582.0,,,True,20e9f095d641
SCR_GF_1789021350_070,2026-09-10 11:52:23,2026-09-11,1,google_flights,DEL,BOM,DEL-BOM,DEL,BOM,IndiGo,IndiGo,6E 573,12:00,2:25,145,2 hr 25 min,Economy,6582.0,,,True,803d717c2f2b
SCR_GF_1789021350_071,2026-09-10 11:52:23,2026-09-11,1,google_flights,DEL,BOM,DEL-BOM,DEL,BOM,IndiGo,IndiGo,6E 590,8:00,10:20,140,2 hr 20 min,Economy,6583.0,,,True,7aead454ce74
SCR_GF_1789021350_072,2026-09-10 11:52:23,2026-09-11,1,google_flights,DEL,BOM,DEL-BOM,DEL,BOM,IndiGo,IndiGo,6E 607,11:00,1:15,135,2 hr 15 min,Economy,6583.0,,,True,257a9f37fc3e
SCR_GF_1789021350_073,2026-09-10 11:52:23,2026-09-11,1,google_flights,DEL,BOM,DEL-BOM,DEL,BOM,IndiGo,IndiGo,6E 624,12:00,2:15,135,2 hr 15 min,Economy,6583.0,,,True,cce1050eaac6
SCR_GF_1789021350_074,2026-09-10 11:52:23,2026-09-11,1,google_flights,DEL,BOM,DEL-BOM,DEL,BOM,IndiGo,IndiGo,6E 641,6:30,8:50,140,2 hr 20 min,Economy,6740.0,,,True,78c5d6a72a52
SCR_GF_1789021350_075,2026-09-10 11:52:23,2026-09-11,1,google_flights,DEL,BOM,DEL-BOM,DEL,BOM,IndiGo,IndiGo,6E 658,7:00,9:25,145,2 hr 25 min,Economy,6740.0,,,True,ba8616fce79c
SCR_GF_1789021350_076,2026-09-10 11:52:23,2026-09-11,1,google_flights,DEL,BOM,DEL-BOM,DEL,BOM,IndiGo,IndiGo,6E 675,8:30,10:45,135,2 hr 15 min,Economy,6740.0,,,True,352630f1bec7
SCR_GF_1789021350_077,2026-09-10 11:52:23,2026-09-11,1,google_flights,DEL,BOM,DEL-BOM,DEL,BOM,IndiGo,IndiGo,6E 692,5:35,8:05,150,2 hr 30 min,Economy,6779.0,,,True,7c7128d810ba
SCR_GF_1789021350_078,2026-09-10 11:52:23,2026-09-11,1,google_flights,DEL,BOM,DEL-BOM,DEL,BOM,IndiGo,IndiGo,6E 709,7:15,9:30,135,2 hr 15 min,Economy,6793.0,,,True,828fb4a51613
SCR_GF_1789021350_079,2026-09-10 11:52:23,2026-09-11,1,google_flights,DEL,BOM,DEL-BOM,DEL,BOM,IndiGo,IndiGo,6E 726,1:00,3:10,130,2 hr 10 min,Economy,6793.0,,,True,88e286b68119
SCR_GF_1789021350_080,2026-09-10 11:52:23,2026-09-11,1,google_flights,DEL,BOM,DEL-BOM,DEL,BOM,IndiGo,IndiGo,6E 743,3:30,5:45,135,2 hr 15 min,Economy,6793.0,,,True,b2f1c8394a9f
SCR_GF_1789021350_081,2026-09-10 11:52:23,2026-09-11,1,google_flights,DEL,BOM,DEL-BOM,DEL,BOM,IndiGo,IndiGo,6E 760,6:50,9:10,140,2 hr 20 min,Economy,6880.0,,,True,addd93c72eb3
SCR_GF_1789021350_082,2026-09-10 11:52:23,2026-09-11,1,google_flights,DEL,BOM,DEL-BOM,DEL,BOM,IndiGo,IndiGo,6E 777,8:40,11:05,145,2 hr 25 min,Economy,6880.0,,,True,c5faaf22628f
SCR_GF_1789021350_083,2026-09-10 11:52:23,2026-09-11,1,google_flights,DEL,BOM,DEL-BOM,DEL,BOM,IndiGo,IndiGo,6E 794,12:30,2:55,145,2 hr 25 min,Economy,6880.0,,,True,ad1af8377c34
SCR_GF_1789021350_084,2026-09-10 11:52:23,2026-09-11,1,google_flights,DEL,BOM,DEL-BOM,DEL,BOM,IndiGo,IndiGo,6E 811,3:30,5:55,145,2 hr 25 min,Economy,6950.0,,,True,2a949caaeb3c
SCR_GF_1789021350_085,2026-09-10 11:52:23,2026-09-11,1,google_flights,DEL,BOM,DEL-BOM,DEL,BOM,IndiGo,IndiGo,6E 828,4:00,6:25,145,2 hr 25 min,Economy,6950.0,,,True,34a2d88e8ede
SCR_GF_1789021350_086,2026-09-10 11:52:23,2026-09-11,1,google_flights,DEL,BOM,DEL-BOM,DEL,BOM,IndiGo,IndiGo,6E 845,4:15,6:35,140,2 hr 20 min,Economy,7055.0,,,True,80f71e36d9b2
SCR_GF_1789021350_087,2026-09-10 11:52:23,2026-09-11,1,google_flights,DEL,BOM,DEL-BOM,DEL,BOM,IndiGo,IndiGo,6E 862,1:30,3:50,140,2 hr 20 min,Economy,7527.0,,,True,89570d9b9601
SCR_GF_1789021350_088,2026-09-10 11:52:23,2026-09-11,1,google_flights,DEL,BOM,DEL-BOM,DEL,BOM,IndiGo,IndiGo,6E 879,4:00,6:20,140,2 hr 20 min,Economy,8419.0,,,True,8039dc6e87fe
SCR_GF_1789021350_089,2026-09-10 11:52:23,2026-09-11,1,google_flights,DEL,BOM,DEL-BOM,DEL,BOM,IndiGo,IndiGo,6E 896,4:30,6:50,140,2 hr 20 min,Economy,9569.0,,,True,3fa1cdac41d8
SCR_GF_1789021350_090,2026-09-10 11:52:23,2026-09-11,1,google_flights,DEL,BOM,DEL-BOM,DEL,BOM,IndiGo,IndiGo,6E 913,5:00,7:15,135,2 hr 15 min,Economy,9628.0,,,True,27efbbacc19b
SCR_GF_1789021350_091,2026-09-10 11:52:23,2026-09-11,1,google_flights,DEL,BOM,DEL-BOM,DEL,BOM,IndiGo,IndiGo,6E 930,5:00,7:25,145,2 hr 25 min,Economy,9968.0,,,True,04c11c9c4475
SCR_GF_1789021350_092,2026-09-10 11:52:23,2026-09-11,1,google_flights,DEL,BOM,DEL-BOM,DEL,BOM,IndiGo,IndiGo,6E 947,6:00,8:15,135,2 hr 15 min,Economy,13513.0,,,True,7131ba8b136b
SCR_GF_1789021350_093,2026-09-10 11:52:23,2026-09-11,1,google_flights,DEL,BOM,DEL-BOM,DEL,BOM,IndiGo,IndiGo,6E 964,8:00,10:10,130,2 hr 10 min,Economy,13513.0,,,True,188d0c18a263
SCR_GF_1789021350_094,2026-09-10 11:52:23,2026-09-11,1,google_flights,DEL,BOM,DEL-BOM,DEL,BOM,IndiGo,IndiGo,6E 981,8:45,11:00,135,2 hr 15 min,Economy,13513.0,,,True,b3ed4abfcc2f
SCR_GF_1789021350_095,2026-09-10 11:52:23,2026-09-11,1,google_flights,DEL,BOM,DEL-BOM,DEL,BOM,IndiGo,IndiGo,6E 998,9:45,12:05,140,2 hr 20 min,Economy,13513.0,,,True,67084f4d2eef
SCR_GF_1789021350_096,2026-09-10 11:52:23,2026-09-11,1,google_flights,DEL,BOM,DEL-BOM,DEL,BOM,IndiGo,IndiGo,6E 215,10:45,1:05,140,2 hr 20 min,Economy,13513.0,,,True,2fe251804b8a
SCR_GF_1789021350_097,2026-09-10 11:52:23,2026-09-11,1,google_flights,DEL,BOM,DEL-BOM,DEL,BOM,IndiGo,IndiGo,6E 232,11:30,1:45,135,2 hr 15 min,Economy,13513.0,,,True,9a87e70a3735
SCR_GF_1789021350_098,2026-09-10 11:52:23,2026-09-11,1,google_flights,DEL,BOM,DEL-BOM,DEL,BOM,IndiGo,IndiGo,6E 249,7:55,10:20,145,2 hr 25 min,Economy,13544.0,,,True,19412360c8ae
SCR_GF_1789021350_099,2026-09-10 11:52:23,2026-09-11,1,google_flights,DEL,BOM,DEL-BOM,DEL,BOM,IndiGo,IndiGo,6E 266,5:30,7:45,135,2 hr 15 min,Economy,14787.0,,,True,3a101f80ec93
SCR_GF_1789021350_100,2026-09-10 11:52:23,2026-09-11,1,google_flights,DEL,BOM,DEL-BOM,DEL,BOM,IndiGo,IndiGo,6E 283,7:00,9:25,145,2 hr 25 min,Economy,15088.0,,,True,8f200a38f77d
SCR_GF_1789021350_101,2026-09-10 11:52:23,2026-09-11,1,google_flights,DEL,BOM,DEL-BOM,DEL,BOM,IndiGo,IndiGo,6E 300,9:00,11:20,140,2 hr 20 min,Economy,16583.0,,,True,8b4922212de5
SCR_GF_1789021350_102,2026-09-10 11:52:23,2026-09-11,1,google_flights,DEL,BOM,DEL-BOM,DEL,BOM,IndiGo,IndiGo,6E 317,9:30,11:55,145,2 hr 25 min,Economy,16583.0,,,True,7e978dd66a00
SCR_GF_1789021350_103,2026-09-10 11:52:23,2026-09-11,1,google_flights,DEL,BOM,DEL-BOM,DEL,BOM,IndiGo,IndiGo,6E 334,11:00,1:25,145,2 hr 25 min,Economy,16583.0,,,True,d6a19f315c50
SCR_GF_1789021350_104,2026-09-10 11:52:23,2026-09-11,1,google_flights,DEL,BOM,DEL-BOM,DEL,BOM,IndiGo,IndiGo,6E 351,11:25,1:50,145,2 hr 25 min,Economy,16844.0,,,True,eee2af4a17d0
SCR_GF_1789021350_105,2026-09-10 11:52:23,2026-09-11,1,google_flights,DEL,BOM,DEL-BOM,DEL,BOM,IndiGo,IndiGo,6E 368,6:00,8:25,145,2 hr 25 min,Economy,17350.0,,,True,a5ff9d296ece
SCR_GF_1789021350_106,2026-09-10 11:52:23,2026-09-11,1,google_flights,DEL,BOM,DEL-BOM,DEL,BOM,IndiGo,IndiGo,6E 385,8:30,11:05,155,2 hr 35 min,Economy,23844.0,,,True,b65c8ce1f423
SCR_GF_1789021350_107,2026-09-10 11:52:23,2026-09-11,1,google_flights,DEL,BOM,DEL-BOM,DEL,BOM,IndiGo,IndiGo,6E 402,7:30,9:55,145,2 hr 25 min,Economy,24747.0,,,True,f05a9468ef9f
SCR_GF_1789021350_108,2026-09-10 11:52:23,2026-09-11,1,google_flights,DEL,BOM,DEL-BOM,DEL,BOM,IndiGo,IndiGo,6E 419,7:00,9:25,145,2 hr 25 min,Economy,24973.0,,,True,4e88b1400040
SCR_GF_1789021356_001,2026-09-10 11:52:31,2026-09-12,2,google_flights,DEL,BOM,DEL-BOM,DEL,BOM,Air India,Air India,AI 200,11:00 PM,1:25 AM,145,2 hr 25 min,Economy,6314.0,,,True,a982fdd26790
SCR_GF_1789021356_002,2026-09-10 11:52:31,2026-09-12,2,google_flights,DEL,BOM,DEL-BOM,DEL,BOM,IndiGo,IndiGo,6E 217,6:00 PM,8:15 PM,135,2 hr 15 min,Economy,6425.0,,,True,5fd32ca49f2e
SCR_GF_1789021356_003,2026-09-10 11:52:31,2026-09-12,2,google_flights,DEL,BOM,DEL-BOM,DEL,BOM,Akasa Air,Akasa Air,QP 234,5:30 PM,7:45 PM,135,2 hr 15 min,Economy,6880.0,,,True,283dae64b6a0
SCR_GF_1789021356_004,2026-09-10 11:52:31,2026-09-12,2,google_flights,DEL,BOM,DEL-BOM,DEL,BOM,IndiGo,IndiGo,6E 251,6:05 AM,8:20 AM,135,2 hr 15 min,Economy,6425.0,,,True,1a179b699c5b
SCR_GF_1789021356_005,2026-09-10 11:52:31,2026-09-12,2,google_flights,DEL,BOM,DEL-BOM,DEL,BOM,IndiGo,IndiGo,6E 268,3:30 PM,5:45 PM,135,2 hr 15 min,Economy,6425.0,,,True,f2def2361127
SCR_GF_1789021356_006,2026-09-10 11:52:31,2026-09-12,2,google_flights,DEL,BOM,DEL-BOM,DEL,BOM,IndiGo,IndiGo,6E 285,4:15 PM,6:35 PM,140,2 hr 20 min,Economy,6425.0,,,True,02c1c0d6ee06
SCR_GF_1789021356_007,2026-09-10 11:52:31,2026-09-12,2,google_flights,DEL,BOM,DEL-BOM,DEL,BOM,IndiGo,IndiGo,6E 302,5:00 PM,7:15 PM,135,2 hr 15 min,Economy,6425.0,,,True,b0db3f3e6db6
SCR_GF_1789021356_008,2026-09-10 11:52:31,2026-09-12,2,google_flights,DEL,BOM,DEL-BOM,DEL,BOM,IndiGo,IndiGo,6E 319,7:00 PM,9:25 PM,145,2 hr 25 min,Economy,6425.0,,,True,01364cb19fdb
SCR_GF_1789021356_009,2026-09-10 11:52:31,2026-09-12,2,google_flights,DEL,BOM,DEL-BOM,DEL,BOM,IndiGo,IndiGo,6E 336,9:45 PM,12:05 AM,140,2 hr 20 min,Economy,6425.0,,,True,4a114a7b5368
SCR_GF_1789021356_010,2026-09-10 11:52:31,2026-09-12,2,google_flights,DEL,BOM,DEL-BOM,DEL,BOM,IndiGo,IndiGo,6E 353,10:45 PM,1:05 AM,140,2 hr 20 min,Economy,6425.0,,,True,2caa70b812b5
SCR_GF_1789021356_011,2026-09-10 11:52:31,2026-09-12,2,google_flights,DEL,BOM,DEL-BOM,DEL,BOM,IndiGo,IndiGo,6E 370,11:30 PM,1:45 AM,135,2 hr 15 min,Economy,6425.0,,,True,65b6b4b108e0
SCR_GF_1789021356_012,2026-09-10 11:52:31,2026-09-12,2,google_flights,DEL,BOM,DEL-BOM,DEL,BOM,Air India,Air India,AI 387,6:30 AM,8:50 AM,140,2 hr 20 min,Economy,6582.0,,,True,c3940120ca21
SCR_GF_1789021356_013,2026-09-10 11:52:31,2026-09-12,2,google_flights,DEL,BOM,DEL-BOM,DEL,BOM,Air India,Air India,AI 404,7:00 AM,9:25 AM,145,2 hr 25 min,Economy,6582.0,,,True,0c4ba9d07668
SCR_GF_1789021356_014,2026-09-10 11:52:31,2026-09-12,2,google_flights,DEL,BOM,DEL-BOM,DEL,BOM,Air India,Air India,AI 421,7:30 AM,9:55 AM,145,2 hr 25 min,Economy,6582.0,,,True,9142a783a87b
SCR_GF_1789021356_015,2026-09-10 11:52:31,2026-09-12,2,google_flights,DEL,BOM,DEL-BOM,DEL,BOM,Air India,Air India,AI 438,8:30 AM,10:45 AM,135,2 hr 15 min,Economy,6582.0,,,True,311aa346e5c7
SCR_GF_1789021356_016,2026-09-10 11:52:31,2026-09-12,2,google_flights,DEL,BOM,DEL-BOM,DEL,BOM,Air India,Air India,AI 455,8:55 AM,11:10 AM,135,2 hr 15 min,Economy,6582.0,,,True,6709bb802a14
SCR_GF_1789021356_017,2026-09-10 11:52:31,2026-09-12,2,google_flights,DEL,BOM,DEL-BOM,DEL,BOM,Air India,Air India,AI 472,9:00 AM,11:15 AM,135,2 hr 15 min,Economy,6582.0,,,True,c13f90896df0
SCR_GF_1789021356_018,2026-09-10 11:52:31,2026-09-12,2,google_flights,DEL,BOM,DEL-BOM,DEL,BOM,Air India,Air India,AI 489,9:30 AM,12:00 PM,150,2 hr 30 min,Economy,6582.0,,,True,eab4f5e046db
SCR_GF_1789021356_019,2026-09-10 11:52:31,2026-09-12,2,google_flights,DEL,BOM,DEL-BOM,DEL,BOM,Air India,Air India,AI 506,4:00 PM,6:25 PM,145,2 hr 25 min,Economy,6582.0,,,True,aa19515599c3
SCR_GF_1789021356_020,2026-09-10 11:52:31,2026-09-12,2,google_flights,DEL,BOM,DEL-BOM,DEL,BOM,Air India,Air India,AI 523,4:30 PM,6:50 PM,140,2 hr 20 min,Economy,6582.0,,,True,851e58702c43
SCR_GF_1789021356_021,2026-09-10 11:52:31,2026-09-12,2,google_flights,DEL,BOM,DEL-BOM,DEL,BOM,Air India,Air India,AI 540,5:00 PM,7:25 PM,145,2 hr 25 min,Economy,6582.0,,,True,e8dccb70b23f
SCR_GF_1789021356_022,2026-09-10 11:52:31,2026-09-12,2,google_flights,DEL,BOM,DEL-BOM,DEL,BOM,Air India,Air India,AI 557,6:00 PM,8:25 PM,145,2 hr 25 min,Economy,6582.0,,,True,b160dc5e9bad
SCR_GF_1789021356_023,2026-09-10 11:52:31,2026-09-12,2,google_flights,DEL,BOM,DEL-BOM,DEL,BOM,Air India,Air India,AI 574,7:00 PM,9:25 PM,145,2 hr 25 min,Economy,6582.0,,,True,7d0bf38601b6
SCR_GF_1789021356_024,2026-09-10 11:52:31,2026-09-12,2,google_flights,DEL,BOM,DEL-BOM,DEL,BOM,Air India,Air India,AI 591,7:30 PM,9:55 PM,145,2 hr 25 min,Economy,6582.0,,,True,3927819c34b7
SCR_GF_1789021356_025,2026-09-10 11:52:31,2026-09-12,2,google_flights,DEL,BOM,DEL-BOM,DEL,BOM,Air India,Air India,AI 608,9:00 PM,11:20 PM,140,2 hr 20 min,Economy,6582.0,,,True,ea86dc978a6f
SCR_GF_1789021356_026,2026-09-10 11:52:31,2026-09-12,2,google_flights,DEL,BOM,DEL-BOM,DEL,BOM,Air India,Air India,AI 625,9:30 PM,11:55 PM,145,2 hr 25 min,Economy,6582.0,,,True,c5244b451d5e
SCR_GF_1789021356_027,2026-09-10 11:52:31,2026-09-12,2,google_flights,DEL,BOM,DEL-BOM,DEL,BOM,IndiGo,IndiGo,6E 642,7:15 AM,9:30 AM,135,2 hr 15 min,Economy,6583.0,,,True,3e0ca774fbd6
SCR_GF_1789021356_028,2026-09-10 11:52:31,2026-09-12,2,google_flights,DEL,BOM,DEL-BOM,DEL,BOM,IndiGo,IndiGo,6E 659,8:00 AM,10:20 AM,140,2 hr 20 min,Economy,6583.0,,,True,dbde69777842
SCR_GF_1789021356_029,2026-09-10 11:52:31,2026-09-12,2,google_flights,DEL,BOM,DEL-BOM,DEL,BOM,IndiGo,IndiGo,6E 676,8:45 AM,11:00 AM,135,2 hr 15 min,Economy,6583.0,,,True,0a46ca9b1403
SCR_GF_1789021356_030,2026-09-10 11:52:31,2026-09-12,2,google_flights,DEL,BOM,DEL-BOM,DEL,BOM,IndiGo,IndiGo,6E 693,9:30 AM,11:55 AM,145,2 hr 25 min,Economy,6583.0,,,True,5a8a0ab16177
SCR_GF_1789021356_031,2026-09-10 11:52:31,2026-09-12,2,google_flights,DEL,BOM,DEL-BOM,DEL,BOM,IndiGo,IndiGo,6E 710,2:00 PM,4:25 PM,145,2 hr 25 min,Economy,6583.0,,,True,b6bf8067bf90
SCR_GF_1789021356_032,2026-09-10 11:52:31,2026-09-12,2,google_flights,DEL,BOM,DEL-BOM,DEL,BOM,IndiGo,IndiGo,6E 727,2:45 PM,5:00 PM,135,2 hr 15 min,Economy,6583.0,,,True,de3be8725651
SCR_GF_1789021356_033,2026-09-10 11:52:31,2026-09-12,2,google_flights,DEL,BOM,DEL-BOM,DEL,BOM,IndiGo,IndiGo,6E 744,8:00 PM,10:10 PM,130,2 hr 10 min,Economy,6583.0,,,True,f1fe2c6103a9
SCR_GF_1789021356_034,2026-09-10 11:52:31,2026-09-12,2,google_flights,DEL,BOM,DEL-BOM,DEL,BOM,Air India,Air India,AI 761,10:00 AM,12:25 PM,145,2 hr 25 min,Economy,6740.0,,,True,2ff63f93a6a5
SCR_GF_1789021356_035,2026-09-10 11:52:31,2026-09-12,2,google_flights,DEL,BOM,DEL-BOM,DEL,BOM,Air India,Air India,AI 778,3:30 PM,5:55 PM,145,2 hr 25 min,Economy,6740.0,,,True,541debc7ac21
SCR_GF_1789021356_036,2026-09-10 11:52:31,2026-09-12,2,google_flights,DEL,BOM,DEL-BOM,DEL,BOM,Air India,Air India,AI 795,8:30 PM,11:05 PM,155,2 hr 35 min,Economy,6740.0,,,True,88202818659e
SCR_GF_1789021356_037,2026-09-10 11:52:31,2026-09-12,2,google_flights,DEL,BOM,DEL-BOM,DEL,BOM,IndiGo,IndiGo,6E 812,10:15 AM,12:35 PM,140,2 hr 20 min,Economy,6793.0,,,True,d96300cb0d79
SCR_GF_1789021356_038,2026-09-10 11:52:31,2026-09-12,2,google_flights,DEL,BOM,DEL-BOM,DEL,BOM,IndiGo,IndiGo,6E 829,12:00 PM,2:15 PM,135,2 hr 15 min,Economy,6793.0,,,True,e479a5e7a563
SCR_GF_1789021356_039,2026-09-10 11:52:31,2026-09-12,2,google_flights,DEL,BOM,DEL-BOM,DEL,BOM,IndiGo,IndiGo,6E 846,1:00 PM,3:10 PM,130,2 hr 10 min,Economy,6793.0,,,True,620318bb0b1f
SCR_GF_1789021356_040,2026-09-10 11:52:31,2026-09-12,2,google_flights,DEL,BOM,DEL-BOM,DEL,BOM,Akasa Air,Akasa Air,QP 863,6:50 AM,9:10 AM,140,2 hr 20 min,Economy,6880.0,,,True,5e6eb00ed619
SCR_GF_1789021356_041,2026-09-10 11:52:31,2026-09-12,2,google_flights,DEL,BOM,DEL-BOM,DEL,BOM,Akasa Air,Akasa Air,QP 880,8:40 AM,11:05 AM,145,2 hr 25 min,Economy,6880.0,,,True,6b14430f448c
SCR_GF_1789021356_042,2026-09-10 11:52:31,2026-09-12,2,google_flights,DEL,BOM,DEL-BOM,DEL,BOM,Akasa Air,Akasa Air,QP 897,9:20 AM,11:40 AM,140,2 hr 20 min,Economy,6880.0,,,True,9e26c7e3c637
SCR_GF_1789021356_043,2026-09-10 11:52:31,2026-09-12,2,google_flights,DEL,BOM,DEL-BOM,DEL,BOM,Akasa Air,Akasa Air,QP 914,4:00 PM,6:20 PM,140,2 hr 20 min,Economy,6880.0,,,True,496b3f6142ed
SCR_GF_1789021356_044,2026-09-10 11:52:31,2026-09-12,2,google_flights,DEL,BOM,DEL-BOM,DEL,BOM,Akasa Air,Akasa Air,QP 931,7:55 PM,10:20 PM,145,2 hr 25 min,Economy,6880.0,,,True,98d701bce027
SCR_GF_1789021356_045,2026-09-10 11:52:31,2026-09-12,2,google_flights,DEL,BOM,DEL-BOM,DEL,BOM,Air India,Air India,AI 948,11:00 AM,1:25 PM,145,2 hr 25 min,Economy,6950.0,,,True,393fc6519ae7
SCR_GF_1789021356_046,2026-09-10 11:52:31,2026-09-12,2,google_flights,DEL,BOM,DEL-BOM,DEL,BOM,Akasa Air,Akasa Air,QP 965,12:30 PM,2:55 PM,145,2 hr 25 min,Economy,6959.0,,,True,2245049905b1
SCR_GF_1789021356_047,2026-09-10 11:52:31,2026-09-12,2,google_flights,DEL,BOM,DEL-BOM,DEL,BOM,Air India,Air India,AI 982,5:35 AM,8:05 AM,150,2 hr 30 min,Economy,6989.0,,,True,4ea6de536a78
SCR_GF_1789021357_048,2026-09-10 11:52:31,2026-09-12,2,google_flights,DEL,BOM,DEL-BOM,DEL,BOM,IndiGo,IndiGo,6E 999,5:00 AM,7:15 AM,135,2 hr 15 min,Economy,7055.0,,,True,42fc25a46c77
SCR_GF_1789021357_049,2026-09-10 11:52:31,2026-09-12,2,google_flights,DEL,BOM,DEL-BOM,DEL,BOM,IndiGo,IndiGo,6E 216,11:00 AM,1:15 PM,135,2 hr 15 min,Economy,7055.0,,,True,165795899353
SCR_GF_1789021357_050,2026-09-10 11:52:31,2026-09-12,2,google_flights,DEL,BOM,DEL-BOM,DEL,BOM,Akasa Air,Akasa Air,QP 233,2:00 AM,4:15 AM,135,2 hr 15 min,Economy,7079.0,,,True,22e6dc8e26f9
SCR_GF_1789021357_051,2026-09-10 11:52:31,2026-09-12,2,google_flights,DEL,BOM,DEL-BOM,DEL,BOM,Akasa Air,Akasa Air,QP 250,10:30 AM,12:45 PM,135,2 hr 15 min,Economy,7201.0,,,True,5591b463fcfb
SCR_GF_1789021357_052,2026-09-10 11:52:31,2026-09-12,2,google_flights,DEL,BOM,DEL-BOM,DEL,BOM,Air India,Air India,AI 267,5:00 AM,7:20 AM,140,2 hr 20 min,Economy,7212.0,,,True,20e2575572b6
SCR_GF_1789021357_053,2026-09-10 11:52:31,2026-09-12,2,google_flights,DEL,BOM,DEL-BOM,DEL,BOM,Air India,Air India,AI 284,11:25 PM,1:50 AM,145,2 hr 25 min,Economy,8476.0,,,True,7cfce5ac5f14
SCR_GF_1789021357_054,2026-09-10 11:52:31,2026-09-12,2,google_flights,DEL,BOM,DEL-BOM,DEL,BOM,Air India,Air India,AI 301,1:30 PM,3:50 PM,140,2 hr 20 min,Economy,10231.0,,,True,d00d7be916db
SCR_GF_1789021357_055,2026-09-10 11:52:31,2026-09-12,2,google_flights,DEL,BOM,DEL-BOM,DEL,BOM,Air India,Air India,AI 318,12:00 PM,2:25 PM,145,2 hr 25 min,Economy,12887.0,,,True,211d066696a9
SCR_GF_1789021357_056,2026-09-10 11:52:31,2026-09-12,2,google_flights,DEL,BOM,DEL-BOM,DEL,BOM,SpiceJet,SpiceJet,QP 335,10:45 PM,1:25 AM,160,2 hr 40 min,Economy,19603.0,,,True,8c57e3523ac3
SCR_GF_1789021357_057,2026-09-10 11:52:31,2026-09-12,2,google_flights,DEL,BOM,DEL-BOM,DEL,BOM,IndiGo,IndiGo,6E 352,11:00,1:25,145,2 hr 25 min,Economy,6314.0,,,True,6ae3352412e8
SCR_GF_1789021357_058,2026-09-10 11:52:31,2026-09-12,2,google_flights,DEL,BOM,DEL-BOM,DEL,BOM,IndiGo,IndiGo,6E 369,6:00,8:15,135,2 hr 15 min,Economy,6425.0,,,True,94a132b0465f
SCR_GF_1789021357_059,2026-09-10 11:52:31,2026-09-12,2,google_flights,DEL,BOM,DEL-BOM,DEL,BOM,IndiGo,IndiGo,6E 386,5:30,7:45,135,2 hr 15 min,Economy,6880.0,,,True,3468db3b1cad
SCR_GF_1789021357_060,2026-09-10 11:52:31,2026-09-12,2,google_flights,DEL,BOM,DEL-BOM,DEL,BOM,IndiGo,IndiGo,6E 403,6:05,8:20,135,2 hr 15 min,Economy,6425.0,,,True,7aadb0d37c9c
SCR_GF_1789021357_061,2026-09-10 11:52:31,2026-09-12,2,google_flights,DEL,BOM,DEL-BOM,DEL,BOM,IndiGo,IndiGo,6E 420,3:30,5:45,135,2 hr 15 min,Economy,6425.0,,,True,ddfc32d2d3cf
SCR_GF_1789021357_062,2026-09-10 11:52:31,2026-09-12,2,google_flights,DEL,BOM,DEL-BOM,DEL,BOM,IndiGo,IndiGo,6E 437,4:15,6:35,140,2 hr 20 min,Economy,6425.0,,,True,a873bee85659
SCR_GF_1789021357_063,2026-09-10 11:52:31,2026-09-12,2,google_flights,DEL,BOM,DEL-BOM,DEL,BOM,IndiGo,IndiGo,6E 454,5:00,7:15,135,2 hr 15 min,Economy,6425.0,,,True,095d58e6688e
SCR_GF_1789021357_064,2026-09-10 11:52:31,2026-09-12,2,google_flights,DEL,BOM,DEL-BOM,DEL,BOM,IndiGo,IndiGo,6E 471,7:00,9:25,145,2 hr 25 min,Economy,6425.0,,,True,bbf93d2b2825
SCR_GF_1789021357_065,2026-09-10 11:52:31,2026-09-12,2,google_flights,DEL,BOM,DEL-BOM,DEL,BOM,IndiGo,IndiGo,6E 488,9:45,12:05,140,2 hr 20 min,Economy,6425.0,,,True,e2fbdd6229d9
SCR_GF_1789021357_066,2026-09-10 11:52:31,2026-09-12,2,google_flights,DEL,BOM,DEL-BOM,DEL,BOM,IndiGo,IndiGo,6E 505,10:45,1:05,140,2 hr 20 min,Economy,6425.0,,,True,787ad38f34ef
SCR_GF_1789021357_067,2026-09-10 11:52:31,2026-09-12,2,google_flights,DEL,BOM,DEL-BOM,DEL,BOM,IndiGo,IndiGo,6E 522,11:30,1:45,135,2 hr 15 min,Economy,6425.0,,,True,ebaa0854c422
SCR_GF_1789021357_068,2026-09-10 11:52:31,2026-09-12,2,google_flights,DEL,BOM,DEL-BOM,DEL,BOM,IndiGo,IndiGo,6E 539,6:30,8:50,140,2 hr 20 min,Economy,6582.0,,,True,f2b9703b7e45
SCR_GF_1789021357_069,2026-09-10 11:52:31,2026-09-12,2,google_flights,DEL,BOM,DEL-BOM,DEL,BOM,IndiGo,IndiGo,6E 556,7:00,9:25,145,2 hr 25 min,Economy,6582.0,,,True,f2c7eb11a434
SCR_GF_1789021357_070,2026-09-10 11:52:31,2026-09-12,2,google_flights,DEL,BOM,DEL-BOM,DEL,BOM,IndiGo,IndiGo,6E 573,7:30,9:55,145,2 hr 25 min,Economy,6582.0,,,True,e89ea87a4172
SCR_GF_1789021357_071,2026-09-10 11:52:31,2026-09-12,2,google_flights,DEL,BOM,DEL-BOM,DEL,BOM,IndiGo,IndiGo,6E 590,8:30,10:45,135,2 hr 15 min,Economy,6582.0,,,True,7cc92a432768
SCR_GF_1789021357_072,2026-09-10 11:52:31,2026-09-12,2,google_flights,DEL,BOM,DEL-BOM,DEL,BOM,IndiGo,IndiGo,6E 607,8:55,11:10,135,2 hr 15 min,Economy,6582.0,,,True,dca7140a1ed2
SCR_GF_1789021357_073,2026-09-10 11:52:31,2026-09-12,2,google_flights,DEL,BOM,DEL-BOM,DEL,BOM,IndiGo,IndiGo,6E 624,9:00,11:15,135,2 hr 15 min,Economy,6582.0,,,True,2f1781fb7737
SCR_GF_1789021357_074,2026-09-10 11:52:31,2026-09-12,2,google_flights,DEL,BOM,DEL-BOM,DEL,BOM,IndiGo,IndiGo,6E 641,9:30,12:00,150,2 hr 30 min,Economy,6582.0,,,True,d9075c208030
SCR_GF_1789021357_075,2026-09-10 11:52:31,2026-09-12,2,google_flights,DEL,BOM,DEL-BOM,DEL,BOM,IndiGo,IndiGo,6E 658,4:00,6:25,145,2 hr 25 min,Economy,6582.0,,,True,872df8ae976a
SCR_GF_1789021357_076,2026-09-10 11:52:31,2026-09-12,2,google_flights,DEL,BOM,DEL-BOM,DEL,BOM,IndiGo,IndiGo,6E 675,4:30,6:50,140,2 hr 20 min,Economy,6582.0,,,True,3fd5331ed708
SCR_GF_1789021357_077,2026-09-10 11:52:31,2026-09-12,2,google_flights,DEL,BOM,DEL-BOM,DEL,BOM,IndiGo,IndiGo,6E 692,5:00,7:25,145,2 hr 25 min,Economy,6582.0,,,True,0da4f8fbd976
SCR_GF_1789021357_078,2026-09-10 11:52:31,2026-09-12,2,google_flights,DEL,BOM,DEL-BOM,DEL,BOM,IndiGo,IndiGo,6E 709,6:00,8:25,145,2 hr 25 min,Economy,6582.0,,,True,f6c94d25c6d9
SCR_GF_1789021357_079,2026-09-10 11:52:31,2026-09-12,2,google_flights,DEL,BOM,DEL-BOM,DEL,BOM,IndiGo,IndiGo,6E 726,7:00,9:25,145,2 hr 25 min,Economy,6582.0,,,True,f2c7eb11a434
SCR_GF_1789021357_080,2026-09-10 11:52:31,2026-09-12,2,google_flights,DEL,BOM,DEL-BOM,DEL,BOM,IndiGo,IndiGo,6E 743,7:30,9:55,145,2 hr 25 min,Economy,6582.0,,,True,e89ea87a4172
SCR_GF_1789021357_081,2026-09-10 11:52:31,2026-09-12,2,google_flights,DEL,BOM,DEL-BOM,DEL,BOM,IndiGo,IndiGo,6E 760,9:00,11:20,140,2 hr 20 min,Economy,6582.0,,,True,2f1781fb7737
SCR_GF_1789021357_082,2026-09-10 11:52:31,2026-09-12,2,google_flights,DEL,BOM,DEL-BOM,DEL,BOM,IndiGo,IndiGo,6E 777,9:30,11:55,145,2 hr 25 min,Economy,6582.0,,,True,d9075c208030
SCR_GF_1789021357_083,2026-09-10 11:52:31,2026-09-12,2,google_flights,DEL,BOM,DEL-BOM,DEL,BOM,IndiGo,IndiGo,6E 794,7:15,9:30,135,2 hr 15 min,Economy,6583.0,,,True,683977d21b06
SCR_GF_1789021357_084,2026-09-10 11:52:31,2026-09-12,2,google_flights,DEL,BOM,DEL-BOM,DEL,BOM,IndiGo,IndiGo,6E 811,8:00,10:20,140,2 hr 20 min,Economy,6583.0,,,True,e3bee617319e
SCR_GF_1789021357_085,2026-09-10 11:52:31,2026-09-12,2,google_flights,DEL,BOM,DEL-BOM,DEL,BOM,IndiGo,IndiGo,6E 828,8:45,11:00,135,2 hr 15 min,Economy,6583.0,,,True,0f49d35e0a26
SCR_GF_1789021357_086,2026-09-10 11:52:31,2026-09-12,2,google_flights,DEL,BOM,DEL-BOM,DEL,BOM,IndiGo,IndiGo,6E 845,9:30,11:55,145,2 hr 25 min,Economy,6583.0,,,True,8415da01b4ce
SCR_GF_1789021357_087,2026-09-10 11:52:31,2026-09-12,2,google_flights,DEL,BOM,DEL-BOM,DEL,BOM,IndiGo,IndiGo,6E 862,2:00,4:25,145,2 hr 25 min,Economy,6583.0,,,True,18eafacb608f
SCR_GF_1789021357_088,2026-09-10 11:52:31,2026-09-12,2,google_flights,DEL,BOM,DEL-BOM,DEL,BOM,IndiGo,IndiGo,6E 879,2:45,5:00,135,2 hr 15 min,Economy,6583.0,,,True,15d07a93c6bf
SCR_GF_1789021357_089,2026-09-10 11:52:31,2026-09-12,2,google_flights,DEL,BOM,DEL-BOM,DEL,BOM,IndiGo,IndiGo,6E 896,8:00,10:10,130,2 hr 10 min,Economy,6583.0,,,True,e3bee617319e
SCR_GF_1789021357_090,2026-09-10 11:52:31,2026-09-12,2,google_flights,DEL,BOM,DEL-BOM,DEL,BOM,IndiGo,IndiGo,6E 913,10:00,12:25,145,2 hr 25 min,Economy,6740.0,,,True,6b2c3ec7f403
SCR_GF_1789021357_091,2026-09-10 11:52:31,2026-09-12,2,google_flights,DEL,BOM,DEL-BOM,DEL,BOM,IndiGo,IndiGo,6E 930,3:30,5:55,145,2 hr 25 min,Economy,6740.0,,,True,ba949b86864f
SCR_GF_1789021357_092,2026-09-10 11:52:31,2026-09-12,2,google_flights,DEL,BOM,DEL-BOM,DEL,BOM,IndiGo,IndiGo,6E 947,8:30,11:05,155,2 hr 35 min,Economy,6740.0,,,True,1d4981de6e99
SCR_GF_1789021357_093,2026-09-10 11:52:31,2026-09-12,2,google_flights,DEL,BOM,DEL-BOM,DEL,BOM,IndiGo,IndiGo,6E 964,10:15,12:35,140,2 hr 20 min,Economy,6793.0,,,True,4c6bf1be599d
SCR_GF_1789021357_094,2026-09-10 11:52:31,2026-09-12,2,google_flights,DEL,BOM,DEL-BOM,DEL,BOM,IndiGo,IndiGo,6E 981,12:00,2:15,135,2 hr 15 min,Economy,6793.0,,,True,975777f8443a
SCR_GF_1789021357_095,2026-09-10 11:52:31,2026-09-12,2,google_flights,DEL,BOM,DEL-BOM,DEL,BOM,IndiGo,IndiGo,6E 998,1:00,3:10,130,2 hr 10 min,Economy,6793.0,,,True,7f6b113b9bd4
SCR_GF_1789021357_096,2026-09-10 11:52:31,2026-09-12,2,google_flights,DEL,BOM,DEL-BOM,DEL,BOM,IndiGo,IndiGo,6E 215,6:50,9:10,140,2 hr 20 min,Economy,6880.0,,,True,db9e79637612
SCR_GF_1789021357_097,2026-09-10 11:52:31,2026-09-12,2,google_flights,DEL,BOM,DEL-BOM,DEL,BOM,IndiGo,IndiGo,6E 232,8:40,11:05,145,2 hr 25 min,Economy,6880.0,,,True,9bedb7d74f61
SCR_GF_1789021357_098,2026-09-10 11:52:31,2026-09-12,2,google_flights,DEL,BOM,DEL-BOM,DEL,BOM,IndiGo,IndiGo,6E 249,9:20,11:40,140,2 hr 20 min,Economy,6880.0,,,True,e9ebb358488d
SCR_GF_1789021357_099,2026-09-10 11:52:31,2026-09-12,2,google_flights,DEL,BOM,DEL-BOM,DEL,BOM,IndiGo,IndiGo,6E 266,4:00,6:20,140,2 hr 20 min,Economy,6880.0,,,True,1d812a67f144
SCR_GF_1789021357_100,2026-09-10 11:52:31,2026-09-12,2,google_flights,DEL,BOM,DEL-BOM,DEL,BOM,IndiGo,IndiGo,6E 283,7:55,10:20,145,2 hr 25 min,Economy,6880.0,,,True,557cc5fb6a14
SCR_GF_1789021357_101,2026-09-10 11:52:31,2026-09-12,2,google_flights,DEL,BOM,DEL-BOM,DEL,BOM,IndiGo,IndiGo,6E 300,11:00,1:25,145,2 hr 25 min,Economy,6950.0,,,True,f6082ffff15b
SCR_GF_1789021357_102,2026-09-10 11:52:31,2026-09-12,2,google_flights,DEL,BOM,DEL-BOM,DEL,BOM,IndiGo,IndiGo,6E 317,12:30,2:55,145,2 hr 25 min,Economy,6959.0,,,True,59b3169151e9
SCR_GF_1789021357_103,2026-09-10 11:52:31,2026-09-12,2,google_flights,DEL,BOM,DEL-BOM,DEL,BOM,IndiGo,IndiGo,6E 334,5:35,8:05,150,2 hr 30 min,Economy,6989.0,,,True,88b56e39ec0e
SCR_GF_1789021357_104,2026-09-10 11:52:31,2026-09-12,2,google_flights,DEL,BOM,DEL-BOM,DEL,BOM,IndiGo,IndiGo,6E 351,5:00,7:15,135,2 hr 15 min,Economy,7055.0,,,True,eb88d1bcdc76
SCR_GF_1789021357_105,2026-09-10 11:52:31,2026-09-12,2,google_flights,DEL,BOM,DEL-BOM,DEL,BOM,IndiGo,IndiGo,6E 368,11:00,1:15,135,2 hr 15 min,Economy,7055.0,,,True,3ccd8247f510
SCR_GF_1789021357_106,2026-09-10 11:52:31,2026-09-12,2,google_flights,DEL,BOM,DEL-BOM,DEL,BOM,IndiGo,IndiGo,6E 385,2:00,4:15,135,2 hr 15 min,Economy,7079.0,,,True,4984cd89c6e4
SCR_GF_1789021357_107,2026-09-10 11:52:31,2026-09-12,2,google_flights,DEL,BOM,DEL-BOM,DEL,BOM,IndiGo,IndiGo,6E 402,10:30,12:45,135,2 hr 15 min,Economy,7201.0,,,True,9ee70b61391e
SCR_GF_1789021357_108,2026-09-10 11:52:31,2026-09-12,2,google_flights,DEL,BOM,DEL-BOM,DEL,BOM,IndiGo,IndiGo,6E 419,5:00,7:20,140,2 hr 20 min,Economy,7212.0,,,True,7360cbd6b8af
SCR_GF_1789021357_109,2026-09-10 11:52:31,2026-09-12,2,google_flights,DEL,BOM,DEL-BOM,DEL,BOM,IndiGo,IndiGo,6E 436,11:25,1:50,145,2 hr 25 min,Economy,8476.0,,,True,d675cdb596df
SCR_GF_1789021357_110,2026-09-10 11:52:31,2026-09-12,2,google_flights,DEL,BOM,DEL-BOM,DEL,BOM,IndiGo,IndiGo,6E 453,1:30,3:50,140,2 hr 20 min,Economy,10231.0,,,True,ba19561a70e8
SCR_GF_1789021357_111,2026-09-10 11:52:31,2026-09-12,2,google_flights,DEL,BOM,DEL-BOM,DEL,BOM,IndiGo,IndiGo,6E 470,12:00,2:25,145,2 hr 25 min,Economy,12887.0,,,True,7d6cfc3ea8b6
SCR_GF_1789021357_112,2026-09-10 11:52:31,2026-09-12,2,google_flights,DEL,BOM,DEL-BOM,DEL,BOM,IndiGo,IndiGo,6E 487,10:45,1:25,160,2 hr 40 min,Economy,19603.0,,,True,0c88d5ba6ec7
SCR_GF_1789021363_001,2026-09-10 11:52:38,2026-09-17,7,google_flights,DEL,BOM,DEL-BOM,DEL,BOM,IndiGo,IndiGo,6E 200,8:00 PM,10:10 PM,130,2 hr 10 min,Economy,6425.0,,,True,b4ff9d92eb77
SCR_GF_1789021363_002,2026-09-10 11:52:38,2026-09-17,7,google_flights,DEL,BOM,DEL-BOM,DEL,BOM,Air India,Air India,AI 217,4:30 PM,6:50 PM,140,2 hr 20 min,Economy,6582.0,,,True,972f45f5c5ec
SCR_GF_1789021363_003,2026-09-10 11:52:38,2026-09-17,7,google_flights,DEL,BOM,DEL-BOM,DEL,BOM,Air India,Air India,AI 234,11:25 PM,1:50 AM,145,2 hr 25 min,Economy,6610.0,,,True,6bbb36748f3d
SCR_GF_1789021363_004,2026-09-10 11:52:38,2026-09-17,7,google_flights,DEL,BOM,DEL-BOM,DEL,BOM,Akasa Air,Akasa Air,QP 251,5:30 PM,7:45 PM,135,2 hr 15 min,Economy,6880.0,,,True,0c80434b3a15
SCR_GF_1789021363_005,2026-09-10 11:52:38,2026-09-17,7,google_flights,DEL,BOM,DEL-BOM,DEL,BOM,IndiGo,IndiGo,6E 268,5:00 AM,7:15 AM,135,2 hr 15 min,Economy,6425.0,,,True,10ae2e404e52
SCR_GF_1789021363_006,2026-09-10 11:52:38,2026-09-17,7,google_flights,DEL,BOM,DEL-BOM,DEL,BOM,IndiGo,IndiGo,6E 285,6:05 AM,8:20 AM,135,2 hr 15 min,Economy,6425.0,,,True,9ed3b28d5767
SCR_GF_1789021363_007,2026-09-10 11:52:38,2026-09-17,7,google_flights,DEL,BOM,DEL-BOM,DEL,BOM,IndiGo,IndiGo,6E 302,7:15 AM,9:30 AM,135,2 hr 15 min,Economy,6425.0,,,True,29daba627272
SCR_GF_1789021363_008,2026-09-10 11:52:38,2026-09-17,7,google_flights,DEL,BOM,DEL-BOM,DEL,BOM,IndiGo,IndiGo,6E 319,8:00 AM,10:20 AM,140,2 hr 20 min,Economy,6425.0,,,True,0ca70f6a21d1
SCR_GF_1789021363_009,2026-09-10 11:52:38,2026-09-17,7,google_flights,DEL,BOM,DEL-BOM,DEL,BOM,IndiGo,IndiGo,6E 336,8:45 AM,11:00 AM,135,2 hr 15 min,Economy,6425.0,,,True,7b27ccfbc728
SCR_GF_1789021363_010,2026-09-10 11:52:38,2026-09-17,7,google_flights,DEL,BOM,DEL-BOM,DEL,BOM,IndiGo,IndiGo,6E 353,9:30 AM,11:55 AM,145,2 hr 25 min,Economy,6425.0,,,True,2dc392e708e6
SCR_GF_1789021363_011,2026-09-10 11:52:38,2026-09-17,7,google_flights,DEL,BOM,DEL-BOM,DEL,BOM,IndiGo,IndiGo,6E 370,10:15 AM,12:35 PM,140,2 hr 20 min,Economy,6425.0,,,True,1a19570e186e
SCR_GF_1789021363_012,2026-09-10 11:52:38,2026-09-17,7,google_flights,DEL,BOM,DEL-BOM,DEL,BOM,IndiGo,IndiGo,6E 387,11:00 AM,1:15 PM,135,2 hr 15 min,Economy,6425.0,,,True,816d614a9323
SCR_GF_1789021363_013,2026-09-10 11:52:38,2026-09-17,7,google_flights,DEL,BOM,DEL-BOM,DEL,BOM,IndiGo,IndiGo,6E 404,12:00 PM,2:15 PM,135,2 hr 15 min,Economy,6425.0,,,True,8c375dcf1108
SCR_GF_1789021363_014,2026-09-10 11:52:38,2026-09-17,7,google_flights,DEL,BOM,DEL-BOM,DEL,BOM,IndiGo,IndiGo,6E 421,1:00 PM,3:10 PM,130,2 hr 10 min,Economy,6425.0,,,True,114a8b466e61
SCR_GF_1789021363_015,2026-09-10 11:52:38,2026-09-17,7,google_flights,DEL,BOM,DEL-BOM,DEL,BOM,IndiGo,IndiGo,6E 438,2:00 PM,4:25 PM,145,2 hr 25 min,Economy,6425.0,,,True,517e90e22881
SCR_GF_1789021363_016,2026-09-10 11:52:38,2026-09-17,7,google_flights,DEL,BOM,DEL-BOM,DEL,BOM,IndiGo,IndiGo,6E 455,2:45 PM,5:00 PM,135,2 hr 15 min,Economy,6425.0,,,True,8d4544761afb
SCR_GF_1789021363_017,2026-09-10 11:52:38,2026-09-17,7,google_flights,DEL,BOM,DEL-BOM,DEL,BOM,IndiGo,IndiGo,6E 472,3:30 PM,5:45 PM,135,2 hr 15 min,Economy,6425.0,,,True,48328439b2d7
SCR_GF_1789021363_018,2026-09-10 11:52:38,2026-09-17,7,google_flights,DEL,BOM,DEL-BOM,DEL,BOM,IndiGo,IndiGo,6E 489,4:15 PM,6:35 PM,140,2 hr 20 min,Economy,6425.0,,,True,a3c9e8453729
SCR_GF_1789021363_019,2026-09-10 11:52:38,2026-09-17,7,google_flights,DEL,BOM,DEL-BOM,DEL,BOM,IndiGo,IndiGo,6E 506,10:45 PM,1:05 AM,140,2 hr 20 min,Economy,6425.0,,,True,a4b84dfd30ed
SCR_GF_1789021363_020,2026-09-10 11:52:38,2026-09-17,7,google_flights,DEL,BOM,DEL-BOM,DEL,BOM,IndiGo,IndiGo,6E 523,11:30 PM,1:45 AM,135,2 hr 15 min,Economy,6425.0,,,True,0bbae19b6693
SCR_GF_1789021363_021,2026-09-10 11:52:38,2026-09-17,7,google_flights,DEL,BOM,DEL-BOM,DEL,BOM,Air India,Air India,AI 540,8:30 AM,10:45 AM,135,2 hr 15 min,Economy,6582.0,,,True,52269490ad5d
SCR_GF_1789021363_022,2026-09-10 11:52:38,2026-09-17,7,google_flights,DEL,BOM,DEL-BOM,DEL,BOM,Air India,Air India,AI 557,9:00 AM,11:15 AM,135,2 hr 15 min,Economy,6582.0,,,True,7d88a2983d70
SCR_GF_1789021363_023,2026-09-10 11:52:38,2026-09-17,7,google_flights,DEL,BOM,DEL-BOM,DEL,BOM,Air India,Air India,AI 574,9:30 AM,12:00 PM,150,2 hr 30 min,Economy,6582.0,,,True,b37dd21a6603
SCR_GF_1789021363_024,2026-09-10 11:52:38,2026-09-17,7,google_flights,DEL,BOM,DEL-BOM,DEL,BOM,Air India,Air India,AI 591,10:00 AM,12:25 PM,145,2 hr 25 min,Economy,6582.0,,,True,01eb00f901e7
SCR_GF_1789021363_025,2026-09-10 11:52:38,2026-09-17,7,google_flights,DEL,BOM,DEL-BOM,DEL,BOM,Air India,Air India,AI 608,11:00 AM,1:25 PM,145,2 hr 25 min,Economy,6582.0,,,True,5e3bcf60793d
SCR_GF_1789021363_026,2026-09-10 11:52:38,2026-09-17,7,google_flights,DEL,BOM,DEL-BOM,DEL,BOM,Air India,Air India,AI 625,12:00 PM,2:25 PM,145,2 hr 25 min,Economy,6582.0,,,True,b682fe726ed0
SCR_GF_1789021363_027,2026-09-10 11:52:38,2026-09-17,7,google_flights,DEL,BOM,DEL-BOM,DEL,BOM,Air India,Air India,AI 642,3:30 PM,5:55 PM,145,2 hr 25 min,Economy,6582.0,,,True,f3e7ea437e2e
SCR_GF_1789021363_028,2026-09-10 11:52:38,2026-09-17,7,google_flights,DEL,BOM,DEL-BOM,DEL,BOM,Air India,Air India,AI 659,4:00 PM,6:25 PM,145,2 hr 25 min,Economy,6582.0,,,True,5d680f098024
SCR_GF_1789021363_029,2026-09-10 11:52:38,2026-09-17,7,google_flights,DEL,BOM,DEL-BOM,DEL,BOM,Air India,Air India,AI 676,5:00 PM,7:25 PM,145,2 hr 25 min,Economy,6582.0,,,True,167559fc8d72
SCR_GF_1789021363_030,2026-09-10 11:52:38,2026-09-17,7,google_flights,DEL,BOM,DEL-BOM,DEL,BOM,IndiGo,IndiGo,6E 693,9:45 PM,12:05 AM,140,2 hr 20 min,Economy,6583.0,,,True,27f62a9278fa
SCR_GF_1789021363_031,2026-09-10 11:52:38,2026-09-17,7,google_flights,DEL,BOM,DEL-BOM,DEL,BOM,Air India,Air India,AI 710,5:35 AM,8:05 AM,150,2 hr 30 min,Economy,6610.0,,,True,35d1f376c359
SCR_GF_1789021363_032,2026-09-10 11:52:38,2026-09-17,7,google_flights,DEL,BOM,DEL-BOM,DEL,BOM,Air India,Air India,AI 727,6:30 AM,8:50 AM,140,2 hr 20 min,Economy,6740.0,,,True,dffdb169ad85
SCR_GF_1789021363_033,2026-09-10 11:52:38,2026-09-17,7,google_flights,DEL,BOM,DEL-BOM,DEL,BOM,IndiGo,IndiGo,6E 744,5:00 PM,7:15 PM,135,2 hr 15 min,Economy,6793.0,,,True,77e7b2dcbae9
SCR_GF_1789021363_034,2026-09-10 11:52:38,2026-09-17,7,google_flights,DEL,BOM,DEL-BOM,DEL,BOM,IndiGo,IndiGo,6E 761,6:00 PM,8:15 PM,135,2 hr 15 min,Economy,6793.0,,,True,5d9718e47a58
SCR_GF_1789021363_035,2026-09-10 11:52:38,2026-09-17,7,google_flights,DEL,BOM,DEL-BOM,DEL,BOM,IndiGo,IndiGo,6E 778,8:45 PM,11:00 PM,135,2 hr 15 min,Economy,6793.0,,,True,9b400ae92e0d
SCR_GF_1789021363_036,2026-09-10 11:52:38,2026-09-17,7,google_flights,DEL,BOM,DEL-BOM,DEL,BOM,Akasa Air,Akasa Air,QP 795,6:50 AM,9:10 AM,140,2 hr 20 min,Economy,6880.0,,,True,783c34185175
SCR_GF_1789021363_037,2026-09-10 11:52:38,2026-09-17,7,google_flights,DEL,BOM,DEL-BOM,DEL,BOM,Akasa Air,Akasa Air,QP 812,8:40 AM,10:55 AM,135,2 hr 15 min,Economy,6880.0,,,True,83021635b6d7
SCR_GF_1789021363_038,2026-09-10 11:52:38,2026-09-17,7,google_flights,DEL,BOM,DEL-BOM,DEL,BOM,Akasa Air,Akasa Air,QP 829,9:20 AM,11:40 AM,140,2 hr 20 min,Economy,6880.0,,,True,9177a375a1fa
SCR_GF_1789021363_039,2026-09-10 11:52:38,2026-09-17,7,google_flights,DEL,BOM,DEL-BOM,DEL,BOM,Akasa Air,Akasa Air,QP 846,10:30 AM,12:45 PM,135,2 hr 15 min,Economy,6880.0,,,True,99a83eaf014f
SCR_GF_1789021363_040,2026-09-10 11:52:38,2026-09-17,7,google_flights,DEL,BOM,DEL-BOM,DEL,BOM,Akasa Air,Akasa Air,QP 863,12:30 PM,2:55 PM,145,2 hr 25 min,Economy,6880.0,,,True,8eb196cae18c
SCR_GF_1789021363_041,2026-09-10 11:52:38,2026-09-17,7,google_flights,DEL,BOM,DEL-BOM,DEL,BOM,Akasa Air,Akasa Air,QP 880,4:00 PM,6:20 PM,140,2 hr 20 min,Economy,6880.0,,,True,994bd9a94849
SCR_GF_1789021363_042,2026-09-10 11:52:38,2026-09-17,7,google_flights,DEL,BOM,DEL-BOM,DEL,BOM,Akasa Air,Akasa Air,QP 897,7:55 PM,10:20 PM,145,2 hr 25 min,Economy,6880.0,,,True,95199429cefd
SCR_GF_1789021364_043,2026-09-10 11:52:38,2026-09-17,7,google_flights,DEL,BOM,DEL-BOM,DEL,BOM,Air India,Air India,AI 914,7:00 AM,9:25 AM,145,2 hr 25 min,Economy,6950.0,,,True,97e80baac3e3
SCR_GF_1789021364_044,2026-09-10 11:52:38,2026-09-17,7,google_flights,DEL,BOM,DEL-BOM,DEL,BOM,Air India,Air India,AI 931,7:30 AM,9:55 AM,145,2 hr 25 min,Economy,6950.0,,,True,e9968c7e5d6d
SCR_GF_1789021364_045,2026-09-10 11:52:38,2026-09-17,7,google_flights,DEL,BOM,DEL-BOM,DEL,BOM,Air India,Air India,AI 948,1:30 PM,3:50 PM,140,2 hr 20 min,Economy,6950.0,,,True,324790d61f5f
SCR_GF_1789021364_046,2026-09-10 11:52:38,2026-09-17,7,google_flights,DEL,BOM,DEL-BOM,DEL,BOM,Air India,Air India,AI 965,7:30 PM,9:55 PM,145,2 hr 25 min,Economy,6950.0,,,True,51dadeeb700e
SCR_GF_1789021364_047,2026-09-10 11:52:38,2026-09-17,7,google_flights,DEL,BOM,DEL-BOM,DEL,BOM,Air India,Air India,AI 982,9:00 PM,11:20 PM,140,2 hr 20 min,Economy,6950.0,,,True,401d7395eb68
SCR_GF_1789021364_048,2026-09-10 11:52:38,2026-09-17,7,google_flights,DEL,BOM,DEL-BOM,DEL,BOM,Air India,Air India,AI 999,9:00 PM,11:25 PM,145,2 hr 25 min,Economy,6950.0,,,True,401d7395eb68
SCR_GF_1789021364_049,2026-09-10 11:52:38,2026-09-17,7,google_flights,DEL,BOM,DEL-BOM,DEL,BOM,IndiGo,IndiGo,6E 216,7:00 PM,9:25 PM,145,2 hr 25 min,Economy,7055.0,,,True,34cd6d565b28
SCR_GF_1789021364_050,2026-09-10 11:52:38,2026-09-17,7,google_flights,DEL,BOM,DEL-BOM,DEL,BOM,Air India,Air India,AI 233,9:30 PM,11:55 PM,145,2 hr 25 min,Economy,7123.0,,,True,984810e04b84
SCR_GF_1789021364_051,2026-09-10 11:52:38,2026-09-17,7,google_flights,DEL,BOM,DEL-BOM,DEL,BOM,Air India,Air India,AI 250,8:00 PM,10:25 PM,145,2 hr 25 min,Economy,7181.0,,,True,cce449e15fc3
SCR_GF_1789021364_052,2026-09-10 11:52:38,2026-09-17,7,google_flights,DEL,BOM,DEL-BOM,DEL,BOM,Air India,Air India,AI 267,8:30 PM,11:05 PM,155,2 hr 35 min,Economy,7212.0,,,True,b57117c19f4a
SCR_GF_1789021364_053,2026-09-10 11:52:38,2026-09-17,7,google_flights,DEL,BOM,DEL-BOM,DEL,BOM,Air India,Air India,AI 284,6:00 PM,8:25 PM,145,2 hr 25 min,Economy,7349.0,,,True,e1a44f71a0b0
SCR_GF_1789021364_054,2026-09-10 11:52:38,2026-09-17,7,google_flights,DEL,BOM,DEL-BOM,DEL,BOM,Air India,Air India,AI 301,7:00 PM,9:25 PM,145,2 hr 25 min,Economy,7511.0,,,True,de150823e9bb
SCR_GF_1789021364_055,2026-09-10 11:52:38,2026-09-17,7,google_flights,DEL,BOM,DEL-BOM,DEL,BOM,SpiceJet,SpiceJet,QP 318,7:55 PM,10:40 PM,165,2 hr 45 min,Economy,9642.0,,,True,a7f7d694c29f
SCR_GF_1789021364_056,2026-09-10 11:52:38,2026-09-17,7,google_flights,DEL,BOM,DEL-BOM,DEL,BOM,SpiceJet,SpiceJet,QP 335,10:45 PM,1:25 AM,160,2 hr 40 min,Economy,19603.0,,,True,b5b182d37538
SCR_GF_1789021364_059,2026-09-10 11:52:38,2026-09-17,7,google_flights,DEL,BOM,DEL-BOM,DEL,BOM,IndiGo,IndiGo,6E 386,8:00,10:10,130,2 hr 10 min,Economy,6425.0,,,True,8bb4fb5c6e9c
SCR_GF_1789021364_060,2026-09-10 11:52:38,2026-09-17,7,google_flights,DEL,BOM,DEL-BOM,DEL,BOM,IndiGo,IndiGo,6E 403,4:30,6:50,140,2 hr 20 min,Economy,6582.0,,,True,c0c31fb21588
SCR_GF_1789021364_061,2026-09-10 11:52:38,2026-09-17,7,google_flights,DEL,BOM,DEL-BOM,DEL,BOM,IndiGo,IndiGo,6E 420,11:25,1:50,145,2 hr 25 min,Economy,6610.0,,,True,ff4ee3443063
SCR_GF_1789021364_062,2026-09-10 11:52:38,2026-09-17,7,google_flights,DEL,BOM,DEL-BOM,DEL,BOM,IndiGo,IndiGo,6E 437,5:30,7:45,135,2 hr 15 min,Economy,6880.0,,,True,c9f4e3f7065d
SCR_GF_1789021364_063,2026-09-10 11:52:38,2026-09-17,7,google_flights,DEL,BOM,DEL-BOM,DEL,BOM,IndiGo,IndiGo,6E 454,5:00,7:15,135,2 hr 15 min,Economy,6425.0,,,True,40e1ef8b0463
SCR_GF_1789021364_064,2026-09-10 11:52:38,2026-09-17,7,google_flights,DEL,BOM,DEL-BOM,DEL,BOM,IndiGo,IndiGo,6E 471,6:05,8:20,135,2 hr 15 min,Economy,6425.0,,,True,4959623e3fdb
SCR_GF_1789021364_065,2026-09-10 11:52:38,2026-09-17,7,google_flights,DEL,BOM,DEL-BOM,DEL,BOM,IndiGo,IndiGo,6E 488,7:15,9:30,135,2 hr 15 min,Economy,6425.0,,,True,d52f74a5a991
SCR_GF_1789021364_066,2026-09-10 11:52:38,2026-09-17,7,google_flights,DEL,BOM,DEL-BOM,DEL,BOM,IndiGo,IndiGo,6E 505,8:00,10:20,140,2 hr 20 min,Economy,6425.0,,,True,8bb4fb5c6e9c
SCR_GF_1789021364_067,2026-09-10 11:52:38,2026-09-17,7,google_flights,DEL,BOM,DEL-BOM,DEL,BOM,IndiGo,IndiGo,6E 522,8:45,11:00,135,2 hr 15 min,Economy,6425.0,,,True,1b4204b960a5
SCR_GF_1789021364_068,2026-09-10 11:52:38,2026-09-17,7,google_flights,DEL,BOM,DEL-BOM,DEL,BOM,IndiGo,IndiGo,6E 539,9:30,11:55,145,2 hr 25 min,Economy,6425.0,,,True,0571e74908cc
SCR_GF_1789021364_069,2026-09-10 11:52:38,2026-09-17,7,google_flights,DEL,BOM,DEL-BOM,DEL,BOM,IndiGo,IndiGo,6E 556,10:15,12:35,140,2 hr 20 min,Economy,6425.0,,,True,bf5723ebc411
SCR_GF_1789021364_070,2026-09-10 11:52:38,2026-09-17,7,google_flights,DEL,BOM,DEL-BOM,DEL,BOM,IndiGo,IndiGo,6E 573,11:00,1:15,135,2 hr 15 min,Economy,6425.0,,,True,0a8038e82ae6
SCR_GF_1789021364_071,2026-09-10 11:52:38,2026-09-17,7,google_flights,DEL,BOM,DEL-BOM,DEL,BOM,IndiGo,IndiGo,6E 590,12:00,2:15,135,2 hr 15 min,Economy,6425.0,,,True,f9bf102ee525
SCR_GF_1789021364_072,2026-09-10 11:52:38,2026-09-17,7,google_flights,DEL,BOM,DEL-BOM,DEL,BOM,IndiGo,IndiGo,6E 607,1:00,3:10,130,2 hr 10 min,Economy,6425.0,,,True,3aa1a8d98429
SCR_GF_1789021364_073,2026-09-10 11:52:38,2026-09-17,7,google_flights,DEL,BOM,DEL-BOM,DEL,BOM,IndiGo,IndiGo,6E 624,2:00,4:25,145,2 hr 25 min,Economy,6425.0,,,True,04beb5640642
SCR_GF_1789021364_074,2026-09-10 11:52:38,2026-09-17,7,google_flights,DEL,BOM,DEL-BOM,DEL,BOM,IndiGo,IndiGo,6E 641,2:45,5:00,135,2 hr 15 min,Economy,6425.0,,,True,f4037983d0b1
SCR_GF_1789021364_075,2026-09-10 11:52:38,2026-09-17,7,google_flights,DEL,BOM,DEL-BOM,DEL,BOM,IndiGo,IndiGo,6E 658,3:30,5:45,135,2 hr 15 min,Economy,6425.0,,,True,17f9aa35d60f
SCR_GF_1789021364_076,2026-09-10 11:52:38,2026-09-17,7,google_flights,DEL,BOM,DEL-BOM,DEL,BOM,IndiGo,IndiGo,6E 675,4:15,6:35,140,2 hr 20 min,Economy,6425.0,,,True,0183b6957fa9
SCR_GF_1789021364_077,2026-09-10 11:52:38,2026-09-17,7,google_flights,DEL,BOM,DEL-BOM,DEL,BOM,IndiGo,IndiGo,6E 692,10:45,1:05,140,2 hr 20 min,Economy,6425.0,,,True,39fe41166a0b
SCR_GF_1789021364_078,2026-09-10 11:52:38,2026-09-17,7,google_flights,DEL,BOM,DEL-BOM,DEL,BOM,IndiGo,IndiGo,6E 709,11:30,1:45,135,2 hr 15 min,Economy,6425.0,,,True,457730ab3d93
SCR_GF_1789021364_079,2026-09-10 11:52:38,2026-09-17,7,google_flights,DEL,BOM,DEL-BOM,DEL,BOM,IndiGo,IndiGo,6E 726,8:30,10:45,135,2 hr 15 min,Economy,6582.0,,,True,630a16ca9f6e
SCR_GF_1789021364_080,2026-09-10 11:52:38,2026-09-17,7,google_flights,DEL,BOM,DEL-BOM,DEL,BOM,IndiGo,IndiGo,6E 743,9:00,11:15,135,2 hr 15 min,Economy,6582.0,,,True,052737896559
SCR_GF_1789021364_081,2026-09-10 11:52:38,2026-09-17,7,google_flights,DEL,BOM,DEL-BOM,DEL,BOM,IndiGo,IndiGo,6E 760,9:30,12:00,150,2 hr 30 min,Economy,6582.0,,,True,dae0528d8d30
SCR_GF_1789021364_082,2026-09-10 11:52:38,2026-09-17,7,google_flights,DEL,BOM,DEL-BOM,DEL,BOM,IndiGo,IndiGo,6E 777,10:00,12:25,145,2 hr 25 min,Economy,6582.0,,,True,2f82e462a7cb
SCR_GF_1789021364_083,2026-09-10 11:52:38,2026-09-17,7,google_flights,DEL,BOM,DEL-BOM,DEL,BOM,IndiGo,IndiGo,6E 794,11:00,1:25,145,2 hr 25 min,Economy,6582.0,,,True,db7d7433f602
SCR_GF_1789021364_084,2026-09-10 11:52:38,2026-09-17,7,google_flights,DEL,BOM,DEL-BOM,DEL,BOM,IndiGo,IndiGo,6E 811,12:00,2:25,145,2 hr 25 min,Economy,6582.0,,,True,6822cdd87652
SCR_GF_1789021364_085,2026-09-10 11:52:38,2026-09-17,7,google_flights,DEL,BOM,DEL-BOM,DEL,BOM,IndiGo,IndiGo,6E 828,3:30,5:55,145,2 hr 25 min,Economy,6582.0,,,True,abb8f714bedc
SCR_GF_1789021364_086,2026-09-10 11:52:38,2026-09-17,7,google_flights,DEL,BOM,DEL-BOM,DEL,BOM,IndiGo,IndiGo,6E 845,4:00,6:25,145,2 hr 25 min,Economy,6582.0,,,True,bdac4faec7a6
SCR_GF_1789021364_087,2026-09-10 11:52:38,2026-09-17,7,google_flights,DEL,BOM,DEL-BOM,DEL,BOM,IndiGo,IndiGo,6E 862,5:00,7:25,145,2 hr 25 min,Economy,6582.0,,,True,714610953f40
SCR_GF_1789021364_088,2026-09-10 11:52:38,2026-09-17,7,google_flights,DEL,BOM,DEL-BOM,DEL,BOM,IndiGo,IndiGo,6E 879,9:45,12:05,140,2 hr 20 min,Economy,6583.0,,,True,0d3fe7fe8e89
SCR_GF_1789021364_089,2026-09-10 11:52:38,2026-09-17,7,google_flights,DEL,BOM,DEL-BOM,DEL,BOM,IndiGo,IndiGo,6E 896,5:35,8:05,150,2 hr 30 min,Economy,6610.0,,,True,abc9099920fe
SCR_GF_1789021364_090,2026-09-10 11:52:38,2026-09-17,7,google_flights,DEL,BOM,DEL-BOM,DEL,BOM,IndiGo,IndiGo,6E 913,6:30,8:50,140,2 hr 20 min,Economy,6740.0,,,True,c50105abd136
SCR_GF_1789021364_091,2026-09-10 11:52:38,2026-09-17,7,google_flights,DEL,BOM,DEL-BOM,DEL,BOM,IndiGo,IndiGo,6E 930,5:00,7:15,135,2 hr 15 min,Economy,6793.0,,,True,4e073d26f8f2
SCR_GF_1789021364_092,2026-09-10 11:52:38,2026-09-17,7,google_flights,DEL,BOM,DEL-BOM,DEL,BOM,IndiGo,IndiGo,6E 947,6:00,8:15,135,2 hr 15 min,Economy,6793.0,,,True,54c9ff07ff9a
SCR_GF_1789021364_093,2026-09-10 11:52:38,2026-09-17,7,google_flights,DEL,BOM,DEL-BOM,DEL,BOM,IndiGo,IndiGo,6E 964,8:45,11:00,135,2 hr 15 min,Economy,6793.0,,,True,7e62bbeef89e
SCR_GF_1789021364_094,2026-09-10 11:52:38,2026-09-17,7,google_flights,DEL,BOM,DEL-BOM,DEL,BOM,IndiGo,IndiGo,6E 981,6:50,9:10,140,2 hr 20 min,Economy,6880.0,,,True,40b170171e1f
SCR_GF_1789021364_095,2026-09-10 11:52:38,2026-09-17,7,google_flights,DEL,BOM,DEL-BOM,DEL,BOM,IndiGo,IndiGo,6E 998,8:40,10:55,135,2 hr 15 min,Economy,6880.0,,,True,4042a590a89f
SCR_GF_1789021364_096,2026-09-10 11:52:38,2026-09-17,7,google_flights,DEL,BOM,DEL-BOM,DEL,BOM,IndiGo,IndiGo,6E 215,9:20,11:40,140,2 hr 20 min,Economy,6880.0,,,True,2d8247e2cff9
SCR_GF_1789021364_097,2026-09-10 11:52:38,2026-09-17,7,google_flights,DEL,BOM,DEL-BOM,DEL,BOM,IndiGo,IndiGo,6E 232,10:30,12:45,135,2 hr 15 min,Economy,6880.0,,,True,8328ad1ba957
SCR_GF_1789021364_098,2026-09-10 11:52:38,2026-09-17,7,google_flights,DEL,BOM,DEL-BOM,DEL,BOM,IndiGo,IndiGo,6E 249,12:30,2:55,145,2 hr 25 min,Economy,6880.0,,,True,c148b25c0c92
SCR_GF_1789021364_099,2026-09-10 11:52:38,2026-09-17,7,google_flights,DEL,BOM,DEL-BOM,DEL,BOM,IndiGo,IndiGo,6E 266,4:00,6:20,140,2 hr 20 min,Economy,6880.0,,,True,23a745fad467
SCR_GF_1789021364_100,2026-09-10 11:52:38,2026-09-17,7,google_flights,DEL,BOM,DEL-BOM,DEL,BOM,IndiGo,IndiGo,6E 283,7:55,10:20,145,2 hr 25 min,Economy,6880.0,,,True,f567a177b867
SCR_GF_1789021364_101,2026-09-10 11:52:38,2026-09-17,7,google_flights,DEL,BOM,DEL-BOM,DEL,BOM,IndiGo,IndiGo,6E 300,7:00,9:25,145,2 hr 25 min,Economy,6950.0,,,True,be3e2fcec9ec
SCR_GF_1789021364_102,2026-09-10 11:52:38,2026-09-17,7,google_flights,DEL,BOM,DEL-BOM,DEL,BOM,IndiGo,IndiGo,6E 317,7:30,9:55,145,2 hr 25 min,Economy,6950.0,,,True,9efcf411f4c4
SCR_GF_1789021364_103,2026-09-10 11:52:38,2026-09-17,7,google_flights,DEL,BOM,DEL-BOM,DEL,BOM,IndiGo,IndiGo,6E 334,1:30,3:50,140,2 hr 20 min,Economy,6950.0,,,True,2f8c9fceb4c0
SCR_GF_1789021364_104,2026-09-10 11:52:38,2026-09-17,7,google_flights,DEL,BOM,DEL-BOM,DEL,BOM,IndiGo,IndiGo,6E 351,7:30,9:55,145,2 hr 25 min,Economy,6950.0,,,True,9efcf411f4c4
SCR_GF_1789021364_105,2026-09-10 11:52:38,2026-09-17,7,google_flights,DEL,BOM,DEL-BOM,DEL,BOM,IndiGo,IndiGo,6E 368,9:00,11:20,140,2 hr 20 min,Economy,6950.0,,,True,7c1176bc531a
SCR_GF_1789021364_106,2026-09-10 11:52:38,2026-09-17,7,google_flights,DEL,BOM,DEL-BOM,DEL,BOM,IndiGo,IndiGo,6E 385,9:00,11:25,145,2 hr 25 min,Economy,6950.0,,,True,7c1176bc531a
SCR_GF_1789021364_107,2026-09-10 11:52:38,2026-09-17,7,google_flights,DEL,BOM,DEL-BOM,DEL,BOM,IndiGo,IndiGo,6E 402,7:00,9:25,145,2 hr 25 min,Economy,7055.0,,,True,fe984a7f3a2a
SCR_GF_1789021364_108,2026-09-10 11:52:38,2026-09-17,7,google_flights,DEL,BOM,DEL-BOM,DEL,BOM,IndiGo,IndiGo,6E 419,9:30,11:55,145,2 hr 25 min,Economy,7123.0,,,True,a50af73f062e
SCR_GF_1789021364_109,2026-09-10 11:52:38,2026-09-17,7,google_flights,DEL,BOM,DEL-BOM,DEL,BOM,IndiGo,IndiGo,6E 436,8:00,10:25,145,2 hr 25 min,Economy,7181.0,,,True,5d33062c896a
SCR_GF_1789021364_110,2026-09-10 11:52:38,2026-09-17,7,google_flights,DEL,BOM,DEL-BOM,DEL,BOM,IndiGo,IndiGo,6E 453,8:30,11:05,155,2 hr 35 min,Economy,7212.0,,,True,89870b995041
SCR_GF_1789021364_111,2026-09-10 11:52:38,2026-09-17,7,google_flights,DEL,BOM,DEL-BOM,DEL,BOM,IndiGo,IndiGo,6E 470,6:00,8:25,145,2 hr 25 min,Economy,7349.0,,,True,78c8ee57f6a5
SCR_GF_1789021364_112,2026-09-10 11:52:38,2026-09-17,7,google_flights,DEL,BOM,DEL-BOM,DEL,BOM,IndiGo,IndiGo,6E 487,7:00,9:25,145,2 hr 25 min,Economy,7511.0,,,True,25c835513ce6
SCR_GF_1789021364_113,2026-09-10 11:52:38,2026-09-17,7,google_flights,DEL,BOM,DEL-BOM,DEL,BOM,IndiGo,IndiGo,6E 504,7:55,10:40,165,2 hr 45 min,Economy,9642.0,,,True,dbeb172dbb93
SCR_GF_1789021364_114,2026-09-10 11:52:38,2026-09-17,7,google_flights,DEL,BOM,DEL-BOM,DEL,BOM,IndiGo,IndiGo,6E 521,10:45,1:25,160,2 hr 40 min,Economy,19603.0,,,True,e919ff8d4ad6
SCR_GF_1789021370_001,2026-09-10 11:52:45,2026-09-25,15,google_flights,DEL,BOM,DEL-BOM,DEL,BOM,IndiGo,IndiGo,6E 200,2:45 PM,5:00 PM,135,2 hr 15 min,Economy,6425.0,,,True,7ced7ff8ec89
SCR_GF_1789021370_002,2026-09-10 11:52:45,2026-09-25,15,google_flights,DEL,BOM,DEL-BOM,DEL,BOM,Air India,Air India,AI 217,4:00 PM,6:25 PM,145,2 hr 25 min,Economy,6582.0,,,True,5233ddbeaadc
SCR_GF_1789021370_003,2026-09-10 11:52:45,2026-09-25,15,google_flights,DEL,BOM,DEL-BOM,DEL,BOM,Air India,Air India,AI 234,11:25 PM,1:50 AM,145,2 hr 25 min,Economy,6610.0,,,True,6541fd6eb838
SCR_GF_1789021370_004,2026-09-10 11:52:45,2026-09-25,15,google_flights,DEL,BOM,DEL-BOM,DEL,BOM,Akasa Air,Akasa Air,QP 251,5:30 PM,7:45 PM,135,2 hr 15 min,Economy,6880.0,,,True,c76a8c9892be
SCR_GF_1789021370_005,2026-09-10 11:52:45,2026-09-25,15,google_flights,DEL,BOM,DEL-BOM,DEL,BOM,IndiGo,IndiGo,6E 268,5:00 AM,7:15 AM,135,2 hr 15 min,Economy,6425.0,,,True,f17acebb928a
SCR_GF_1789021370_006,2026-09-10 11:52:45,2026-09-25,15,google_flights,DEL,BOM,DEL-BOM,DEL,BOM,IndiGo,IndiGo,6E 285,8:45 AM,11:00 AM,135,2 hr 15 min,Economy,6425.0,,,True,6237accaa4d5
SCR_GF_1789021370_007,2026-09-10 11:52:45,2026-09-25,15,google_flights,DEL,BOM,DEL-BOM,DEL,BOM,IndiGo,IndiGo,6E 302,9:30 AM,11:55 AM,145,2 hr 25 min,Economy,6425.0,,,True,e9fee1571f0b
SCR_GF_1789021370_008,2026-09-10 11:52:45,2026-09-25,15,google_flights,DEL,BOM,DEL-BOM,DEL,BOM,IndiGo,IndiGo,6E 319,10:15 AM,12:35 PM,140,2 hr 20 min,Economy,6425.0,,,True,42e7261c312b
SCR_GF_1789021371_009,2026-09-10 11:52:45,2026-09-25,15,google_flights,DEL,BOM,DEL-BOM,DEL,BOM,IndiGo,IndiGo,6E 336,11:00 AM,1:15 PM,135,2 hr 15 min,Economy,6425.0,,,True,1cb766cb4be7
SCR_GF_1789021371_010,2026-09-10 11:52:45,2026-09-25,15,google_flights,DEL,BOM,DEL-BOM,DEL,BOM,IndiGo,IndiGo,6E 353,12:00 PM,2:15 PM,135,2 hr 15 min,Economy,6425.0,,,True,b8bbc1a678ed
SCR_GF_1789021371_011,2026-09-10 11:52:45,2026-09-25,15,google_flights,DEL,BOM,DEL-BOM,DEL,BOM,IndiGo,IndiGo,6E 370,2:00 PM,4:25 PM,145,2 hr 25 min,Economy,6425.0,,,True,2b653ccbcbb1
SCR_GF_1789021371_012,2026-09-10 11:52:45,2026-09-25,15,google_flights,DEL,BOM,DEL-BOM,DEL,BOM,IndiGo,IndiGo,6E 387,3:30 PM,5:45 PM,135,2 hr 15 min,Economy,6425.0,,,True,1bf2019c6a82
SCR_GF_1789021371_013,2026-09-10 11:52:45,2026-09-25,15,google_flights,DEL,BOM,DEL-BOM,DEL,BOM,Air India,Air India,AI 404,8:30 AM,10:45 AM,135,2 hr 15 min,Economy,6582.0,,,True,28ab1c9f96ea
SCR_GF_1789021371_014,2026-09-10 11:52:45,2026-09-25,15,google_flights,DEL,BOM,DEL-BOM,DEL,BOM,Air India,Air India,AI 421,10:00 AM,12:25 PM,145,2 hr 25 min,Economy,6582.0,,,True,71776b0ab57c
SCR_GF_1789021371_015,2026-09-10 11:52:45,2026-09-25,15,google_flights,DEL,BOM,DEL-BOM,DEL,BOM,Air India,Air India,AI 438,10:30 AM,12:50 PM,140,2 hr 20 min,Economy,6582.0,,,True,5819dd7187aa
SCR_GF_1789021371_016,2026-09-10 11:52:45,2026-09-25,15,google_flights,DEL,BOM,DEL-BOM,DEL,BOM,Air India,Air India,AI 455,11:00 AM,1:25 PM,145,2 hr 25 min,Economy,6582.0,,,True,c48c1af27dea
SCR_GF_1789021371_017,2026-09-10 11:52:45,2026-09-25,15,google_flights,DEL,BOM,DEL-BOM,DEL,BOM,Air India,Air India,AI 472,12:00 PM,2:25 PM,145,2 hr 25 min,Economy,6582.0,,,True,274ed9270ac3
SCR_GF_1789021371_018,2026-09-10 11:52:45,2026-09-25,15,google_flights,DEL,BOM,DEL-BOM,DEL,BOM,Air India,Air India,AI 489,1:30 PM,3:50 PM,140,2 hr 20 min,Economy,6582.0,,,True,3ab9d50fcd64
SCR_GF_1789021371_019,2026-09-10 11:52:45,2026-09-25,15,google_flights,DEL,BOM,DEL-BOM,DEL,BOM,Air India,Air India,AI 506,2:10 PM,4:30 PM,140,2 hr 20 min,Economy,6582.0,,,True,71797cb82cce
SCR_GF_1789021371_020,2026-09-10 11:52:45,2026-09-25,15,google_flights,DEL,BOM,DEL-BOM,DEL,BOM,Air India,Air India,AI 523,3:30 PM,5:55 PM,145,2 hr 25 min,Economy,6582.0,,,True,c993392f4303
SCR_GF_1789021371_021,2026-09-10 11:52:45,2026-09-25,15,google_flights,DEL,BOM,DEL-BOM,DEL,BOM,IndiGo,IndiGo,6E 540,6:05 AM,8:20 AM,135,2 hr 15 min,Economy,6583.0,,,True,cbe0e98bf2c1
SCR_GF_1789021371_022,2026-09-10 11:52:45,2026-09-25,15,google_flights,DEL,BOM,DEL-BOM,DEL,BOM,IndiGo,IndiGo,6E 557,1:00 PM,3:10 PM,130,2 hr 10 min,Economy,6583.0,,,True,1e832881d71e
SCR_GF_1789021371_023,2026-09-10 11:52:45,2026-09-25,15,google_flights,DEL,BOM,DEL-BOM,DEL,BOM,IndiGo,IndiGo,6E 574,4:15 PM,6:35 PM,140,2 hr 20 min,Economy,6583.0,,,True,9a93a4c46cbf
SCR_GF_1789021371_024,2026-09-10 11:52:45,2026-09-25,15,google_flights,DEL,BOM,DEL-BOM,DEL,BOM,Air India,Air India,AI 591,5:35 AM,8:05 AM,150,2 hr 30 min,Economy,6779.0,,,True,680a07574fdd
SCR_GF_1789021371_025,2026-09-10 11:52:45,2026-09-25,15,google_flights,DEL,BOM,DEL-BOM,DEL,BOM,IndiGo,IndiGo,6E 608,7:15 AM,9:30 AM,135,2 hr 15 min,Economy,6793.0,,,True,7aa99d295828
SCR_GF_1789021371_026,2026-09-10 11:52:45,2026-09-25,15,google_flights,DEL,BOM,DEL-BOM,DEL,BOM,IndiGo,IndiGo,6E 625,5:00 PM,7:15 PM,135,2 hr 15 min,Economy,6793.0,,,True,50f7525c25ae
SCR_GF_1789021371_027,2026-09-10 11:52:45,2026-09-25,15,google_flights,DEL,BOM,DEL-BOM,DEL,BOM,IndiGo,IndiGo,6E 642,10:45 PM,1:05 AM,140,2 hr 20 min,Economy,6793.0,,,True,b90816f3696c
SCR_GF_1789021371_028,2026-09-10 11:52:45,2026-09-25,15,google_flights,DEL,BOM,DEL-BOM,DEL,BOM,Akasa Air,Akasa Air,QP 659,6:50 AM,9:10 AM,140,2 hr 20 min,Economy,6880.0,,,True,eb10d449eaff
SCR_GF_1789021371_029,2026-09-10 11:52:45,2026-09-25,15,google_flights,DEL,BOM,DEL-BOM,DEL,BOM,Akasa Air,Akasa Air,QP 676,8:40 AM,11:05 AM,145,2 hr 25 min,Economy,6880.0,,,True,145af1c1ec15
SCR_GF_1789021371_030,2026-09-10 11:52:45,2026-09-25,15,google_flights,DEL,BOM,DEL-BOM,DEL,BOM,Akasa Air,Akasa Air,QP 693,9:20 AM,11:40 AM,140,2 hr 20 min,Economy,6880.0,,,True,db6af351a84d
SCR_GF_1789021371_031,2026-09-10 11:52:45,2026-09-25,15,google_flights,DEL,BOM,DEL-BOM,DEL,BOM,Akasa Air,Akasa Air,QP 710,10:30 AM,12:45 PM,135,2 hr 15 min,Economy,6880.0,,,True,875881e87a60
SCR_GF_1789021371_032,2026-09-10 11:52:45,2026-09-25,15,google_flights,DEL,BOM,DEL-BOM,DEL,BOM,Akasa Air,Akasa Air,QP 727,12:30 PM,2:55 PM,145,2 hr 25 min,Economy,6880.0,,,True,1820dcf2c658
SCR_GF_1789021371_033,2026-09-10 11:52:45,2026-09-25,15,google_flights,DEL,BOM,DEL-BOM,DEL,BOM,Akasa Air,Akasa Air,QP 744,4:00 PM,6:20 PM,140,2 hr 20 min,Economy,6880.0,,,True,52e28274e3f2
SCR_GF_1789021371_034,2026-09-10 11:52:45,2026-09-25,15,google_flights,DEL,BOM,DEL-BOM,DEL,BOM,Akasa Air,Akasa Air,QP 761,7:55 PM,10:20 PM,145,2 hr 25 min,Economy,6880.0,,,True,ea83ec884dd6
SCR_GF_1789021371_035,2026-09-10 11:52:45,2026-09-25,15,google_flights,DEL,BOM,DEL-BOM,DEL,BOM,IndiGo,IndiGo,6E 778,8:00 AM,10:20 AM,140,2 hr 20 min,Economy,7055.0,,,True,c01724f73eb4
SCR_GF_1789021371_036,2026-09-10 11:52:45,2026-09-25,15,google_flights,DEL,BOM,DEL-BOM,DEL,BOM,IndiGo,IndiGo,6E 795,6:00 PM,8:15 PM,135,2 hr 15 min,Economy,7055.0,,,True,1f0c8990174f
SCR_GF_1789021371_037,2026-09-10 11:52:45,2026-09-25,15,google_flights,DEL,BOM,DEL-BOM,DEL,BOM,IndiGo,IndiGo,6E 812,8:45 PM,11:00 PM,135,2 hr 15 min,Economy,7055.0,,,True,fd3b7725801e
SCR_GF_1789021371_038,2026-09-10 11:52:45,2026-09-25,15,google_flights,DEL,BOM,DEL-BOM,DEL,BOM,IndiGo,IndiGo,6E 829,9:45 PM,12:05 AM,140,2 hr 20 min,Economy,7055.0,,,True,d1bb9b42a45f
SCR_GF_1789021371_039,2026-09-10 11:52:45,2026-09-25,15,google_flights,DEL,BOM,DEL-BOM,DEL,BOM,IndiGo,IndiGo,6E 846,11:30 PM,1:45 AM,135,2 hr 15 min,Economy,7055.0,,,True,bdd643b7f3c6
SCR_GF_1789021371_040,2026-09-10 11:52:45,2026-09-25,15,google_flights,DEL,BOM,DEL-BOM,DEL,BOM,Air India,Air India,AI 863,7:30 PM,9:55 PM,145,2 hr 25 min,Economy,7181.0,,,True,1ae5afc89bef
SCR_GF_1789021371_041,2026-09-10 11:52:45,2026-09-25,15,google_flights,DEL,BOM,DEL-BOM,DEL,BOM,Air India,Air India,AI 880,8:30 PM,11:05 PM,155,2 hr 35 min,Economy,7212.0,,,True,6ab8100c706d
SCR_GF_1789021371_042,2026-09-10 11:52:45,2026-09-25,15,google_flights,DEL,BOM,DEL-BOM,DEL,BOM,IndiGo,IndiGo,6E 897,8:00 PM,10:10 PM,130,2 hr 10 min,Economy,7370.0,,,True,b5321f40785d
SCR_GF_1789021371_043,2026-09-10 11:52:45,2026-09-25,15,google_flights,DEL,BOM,DEL-BOM,DEL,BOM,Air India,Air India,AI 914,6:00 PM,8:25 PM,145,2 hr 25 min,Economy,7406.0,,,True,e1267c6df374
SCR_GF_1789021371_044,2026-09-10 11:52:45,2026-09-25,15,google_flights,DEL,BOM,DEL-BOM,DEL,BOM,Air India,Air India,AI 931,7:00 PM,9:25 PM,145,2 hr 25 min,Economy,7406.0,,,True,8e9de2f61ea7
SCR_GF_1789021371_045,2026-09-10 11:52:45,2026-09-25,15,google_flights,DEL,BOM,DEL-BOM,DEL,BOM,Air India,Air India,AI 948,9:30 PM,11:55 PM,145,2 hr 25 min,Economy,7527.0,,,True,c37027c96d96
SCR_GF_1789021371_046,2026-09-10 11:52:45,2026-09-25,15,google_flights,DEL,BOM,DEL-BOM,DEL,BOM,Air India,Air India,AI 965,11:00 PM,1:25 AM,145,2 hr 25 min,Economy,7527.0,,,True,0ddf8b858cb0
SCR_GF_1789021371_047,2026-09-10 11:52:45,2026-09-25,15,google_flights,DEL,BOM,DEL-BOM,DEL,BOM,IndiGo,IndiGo,6E 982,7:00 PM,9:25 PM,145,2 hr 25 min,Economy,7685.0,,,True,86da083084d4
SCR_GF_1789021371_048,2026-09-10 11:52:45,2026-09-25,15,google_flights,DEL,BOM,DEL-BOM,DEL,BOM,Air India,Air India,AI 999,9:00 PM,11:20 PM,140,2 hr 20 min,Economy,7842.0,,,True,8fec86af1410
SCR_GF_1789021371_049,2026-09-10 11:52:45,2026-09-25,15,google_flights,DEL,BOM,DEL-BOM,DEL,BOM,Air India,Air India,AI 216,9:30 AM,12:00 PM,150,2 hr 30 min,Economy,9968.0,,,True,11d81557b42c
SCR_GF_1789021371_050,2026-09-10 11:52:45,2026-09-25,15,google_flights,DEL,BOM,DEL-BOM,DEL,BOM,SpiceJet,SpiceJet,QP 233,10:45 PM,1:25 AM,160,2 hr 40 min,Economy,19603.0,,,True,bbaf5203deac
SCR_GF_1789021371_051,2026-09-10 11:52:45,2026-09-25,15,google_flights,DEL,BOM,DEL-BOM,DEL,BOM,SpiceJet,SpiceJet,QP 250,7:55 PM,10:40 PM,165,2 hr 45 min,Economy,22551.0,,,True,02c816852042
SCR_GF_1789021371_058,2026-09-10 11:52:45,2026-09-25,15,google_flights,DEL,BOM,DEL-BOM,DEL,BOM,IndiGo,IndiGo,6E 369,2:45,5:00,135,2 hr 15 min,Economy,6425.0,,,True,fd2fe3cb7158
SCR_GF_1789021371_059,2026-09-10 11:52:45,2026-09-25,15,google_flights,DEL,BOM,DEL-BOM,DEL,BOM,IndiGo,IndiGo,6E 386,4:00,6:25,145,2 hr 25 min,Economy,6582.0,,,True,dafb97b30a45
SCR_GF_1789021371_060,2026-09-10 11:52:45,2026-09-25,15,google_flights,DEL,BOM,DEL-BOM,DEL,BOM,IndiGo,IndiGo,6E 403,11:25,1:50,145,2 hr 25 min,Economy,6610.0,,,True,d40b0a7808a9
SCR_GF_1789021371_061,2026-09-10 11:52:45,2026-09-25,15,google_flights,DEL,BOM,DEL-BOM,DEL,BOM,IndiGo,IndiGo,6E 420,5:30,7:45,135,2 hr 15 min,Economy,6880.0,,,True,419f746b9cb7
SCR_GF_1789021371_062,2026-09-10 11:52:45,2026-09-25,15,google_flights,DEL,BOM,DEL-BOM,DEL,BOM,IndiGo,IndiGo,6E 437,5:00,7:15,135,2 hr 15 min,Economy,6425.0,,,True,0ebd12484ab7
SCR_GF_1789021371_063,2026-09-10 11:52:45,2026-09-25,15,google_flights,DEL,BOM,DEL-BOM,DEL,BOM,IndiGo,IndiGo,6E 454,8:45,11:00,135,2 hr 15 min,Economy,6425.0,,,True,1d0f36f87717
SCR_GF_1789021371_064,2026-09-10 11:52:45,2026-09-25,15,google_flights,DEL,BOM,DEL-BOM,DEL,BOM,IndiGo,IndiGo,6E 471,9:30,11:55,145,2 hr 25 min,Economy,6425.0,,,True,ecdb053a977f
SCR_GF_1789021371_065,2026-09-10 11:52:45,2026-09-25,15,google_flights,DEL,BOM,DEL-BOM,DEL,BOM,IndiGo,IndiGo,6E 488,10:15,12:35,140,2 hr 20 min,Economy,6425.0,,,True,b5758fdcc865
SCR_GF_1789021372_066,2026-09-10 11:52:45,2026-09-25,15,google_flights,DEL,BOM,DEL-BOM,DEL,BOM,IndiGo,IndiGo,6E 505,11:00,1:15,135,2 hr 15 min,Economy,6425.0,,,True,d201824aa9a8
SCR_GF_1789021372_067,2026-09-10 11:52:45,2026-09-25,15,google_flights,DEL,BOM,DEL-BOM,DEL,BOM,IndiGo,IndiGo,6E 522,12:00,2:15,135,2 hr 15 min,Economy,6425.0,,,True,43d3f3197757
SCR_GF_1789021372_068,2026-09-10 11:52:45,2026-09-25,15,google_flights,DEL,BOM,DEL-BOM,DEL,BOM,IndiGo,IndiGo,6E 539,2:00,4:25,145,2 hr 25 min,Economy,6425.0,,,True,56f24365b8b5
SCR_GF_1789021372_069,2026-09-10 11:52:45,2026-09-25,15,google_flights,DEL,BOM,DEL-BOM,DEL,BOM,IndiGo,IndiGo,6E 556,3:30,5:45,135,2 hr 15 min,Economy,6425.0,,,True,3dc2384a99c3
SCR_GF_1789021372_070,2026-09-10 11:52:45,2026-09-25,15,google_flights,DEL,BOM,DEL-BOM,DEL,BOM,IndiGo,IndiGo,6E 573,8:30,10:45,135,2 hr 15 min,Economy,6582.0,,,True,026a8a32bbbf
SCR_GF_1789021372_071,2026-09-10 11:52:45,2026-09-25,15,google_flights,DEL,BOM,DEL-BOM,DEL,BOM,IndiGo,IndiGo,6E 590,10:00,12:25,145,2 hr 25 min,Economy,6582.0,,,True,fd631b253dab
SCR_GF_1789021372_072,2026-09-10 11:52:45,2026-09-25,15,google_flights,DEL,BOM,DEL-BOM,DEL,BOM,IndiGo,IndiGo,6E 607,10:30,12:50,140,2 hr 20 min,Economy,6582.0,,,True,daab29f50e0a
SCR_GF_1789021372_073,2026-09-10 11:52:45,2026-09-25,15,google_flights,DEL,BOM,DEL-BOM,DEL,BOM,IndiGo,IndiGo,6E 624,11:00,1:25,145,2 hr 25 min,Economy,6582.0,,,True,965b2b127a21
SCR_GF_1789021372_074,2026-09-10 11:52:45,2026-09-25,15,google_flights,DEL,BOM,DEL-BOM,DEL,BOM,IndiGo,IndiGo,6E 641,12:00,2:25,145,2 hr 25 min,Economy,6582.0,,,True,fa2c463ff5ff
SCR_GF_1789021372_075,2026-09-10 11:52:45,2026-09-25,15,google_flights,DEL,BOM,DEL-BOM,DEL,BOM,IndiGo,IndiGo,6E 658,1:30,3:50,140,2 hr 20 min,Economy,6582.0,,,True,d4eae47fed29
SCR_GF_1789021372_076,2026-09-10 11:52:45,2026-09-25,15,google_flights,DEL,BOM,DEL-BOM,DEL,BOM,IndiGo,IndiGo,6E 675,2:10,4:30,140,2 hr 20 min,Economy,6582.0,,,True,7ada19ee0030
SCR_GF_1789021372_077,2026-09-10 11:52:45,2026-09-25,15,google_flights,DEL,BOM,DEL-BOM,DEL,BOM,IndiGo,IndiGo,6E 692,3:30,5:55,145,2 hr 25 min,Economy,6582.0,,,True,480f8a0f5e01
SCR_GF_1789021372_078,2026-09-10 11:52:45,2026-09-25,15,google_flights,DEL,BOM,DEL-BOM,DEL,BOM,IndiGo,IndiGo,6E 709,6:05,8:20,135,2 hr 15 min,Economy,6583.0,,,True,e6cf3162e807
SCR_GF_1789021372_079,2026-09-10 11:52:45,2026-09-25,15,google_flights,DEL,BOM,DEL-BOM,DEL,BOM,IndiGo,IndiGo,6E 726,1:00,3:10,130,2 hr 10 min,Economy,6583.0,,,True,601226ac99ff
SCR_GF_1789021372_080,2026-09-10 11:52:45,2026-09-25,15,google_flights,DEL,BOM,DEL-BOM,DEL,BOM,IndiGo,IndiGo,6E 743,4:15,6:35,140,2 hr 20 min,Economy,6583.0,,,True,e3c4d73c8030
SCR_GF_1789021372_081,2026-09-10 11:52:45,2026-09-25,15,google_flights,DEL,BOM,DEL-BOM,DEL,BOM,IndiGo,IndiGo,6E 760,5:35,8:05,150,2 hr 30 min,Economy,6779.0,,,True,607f6c869dca
SCR_GF_1789021372_082,2026-09-10 11:52:45,2026-09-25,15,google_flights,DEL,BOM,DEL-BOM,DEL,BOM,IndiGo,IndiGo,6E 777,7:15,9:30,135,2 hr 15 min,Economy,6793.0,,,True,eb95c0202f67
SCR_GF_1789021372_083,2026-09-10 11:52:45,2026-09-25,15,google_flights,DEL,BOM,DEL-BOM,DEL,BOM,IndiGo,IndiGo,6E 794,5:00,7:15,135,2 hr 15 min,Economy,6793.0,,,True,e6e9c300e708
SCR_GF_1789021372_084,2026-09-10 11:52:45,2026-09-25,15,google_flights,DEL,BOM,DEL-BOM,DEL,BOM,IndiGo,IndiGo,6E 811,10:45,1:05,140,2 hr 20 min,Economy,6793.0,,,True,657a3447f713
SCR_GF_1789021372_085,2026-09-10 11:52:45,2026-09-25,15,google_flights,DEL,BOM,DEL-BOM,DEL,BOM,IndiGo,IndiGo,6E 828,6:50,9:10,140,2 hr 20 min,Economy,6880.0,,,True,0af399f4596a
SCR_GF_1789021372_086,2026-09-10 11:52:45,2026-09-25,15,google_flights,DEL,BOM,DEL-BOM,DEL,BOM,IndiGo,IndiGo,6E 845,8:40,11:05,145,2 hr 25 min,Economy,6880.0,,,True,79a135ea3edd
SCR_GF_1789021372_087,2026-09-10 11:52:45,2026-09-25,15,google_flights,DEL,BOM,DEL-BOM,DEL,BOM,IndiGo,IndiGo,6E 862,9:20,11:40,140,2 hr 20 min,Economy,6880.0,,,True,b5d96ef3cb98
SCR_GF_1789021372_088,2026-09-10 11:52:45,2026-09-25,15,google_flights,DEL,BOM,DEL-BOM,DEL,BOM,IndiGo,IndiGo,6E 879,10:30,12:45,135,2 hr 15 min,Economy,6880.0,,,True,8be46962faf7
SCR_GF_1789021372_089,2026-09-10 11:52:45,2026-09-25,15,google_flights,DEL,BOM,DEL-BOM,DEL,BOM,IndiGo,IndiGo,6E 896,12:30,2:55,145,2 hr 25 min,Economy,6880.0,,,True,f92196f5838a
SCR_GF_1789021372_090,2026-09-10 11:52:45,2026-09-25,15,google_flights,DEL,BOM,DEL-BOM,DEL,BOM,IndiGo,IndiGo,6E 913,4:00,6:20,140,2 hr 20 min,Economy,6880.0,,,True,8e79401856dc
SCR_GF_1789021372_091,2026-09-10 11:52:45,2026-09-25,15,google_flights,DEL,BOM,DEL-BOM,DEL,BOM,IndiGo,IndiGo,6E 930,7:55,10:20,145,2 hr 25 min,Economy,6880.0,,,True,3a3c90acda59
SCR_GF_1789021372_092,2026-09-10 11:52:45,2026-09-25,15,google_flights,DEL,BOM,DEL-BOM,DEL,BOM,IndiGo,IndiGo,6E 947,8:00,10:20,140,2 hr 20 min,Economy,7055.0,,,True,d8c7d8340dc6
SCR_GF_1789021372_093,2026-09-10 11:52:45,2026-09-25,15,google_flights,DEL,BOM,DEL-BOM,DEL,BOM,IndiGo,IndiGo,6E 964,6:00,8:15,135,2 hr 15 min,Economy,7055.0,,,True,0067ea8f26c5
SCR_GF_1789021372_094,2026-09-10 11:52:45,2026-09-25,15,google_flights,DEL,BOM,DEL-BOM,DEL,BOM,IndiGo,IndiGo,6E 981,8:45,11:00,135,2 hr 15 min,Economy,7055.0,,,True,369ff1e9102a
SCR_GF_1789021372_095,2026-09-10 11:52:45,2026-09-25,15,google_flights,DEL,BOM,DEL-BOM,DEL,BOM,IndiGo,IndiGo,6E 998,9:45,12:05,140,2 hr 20 min,Economy,7055.0,,,True,b5a5ac4ba771
SCR_GF_1789021372_096,2026-09-10 11:52:45,2026-09-25,15,google_flights,DEL,BOM,DEL-BOM,DEL,BOM,IndiGo,IndiGo,6E 215,11:30,1:45,135,2 hr 15 min,Economy,7055.0,,,True,dd6fd4beee4e
SCR_GF_1789021372_097,2026-09-10 11:52:45,2026-09-25,15,google_flights,DEL,BOM,DEL-BOM,DEL,BOM,IndiGo,IndiGo,6E 232,7:30,9:55,145,2 hr 25 min,Economy,7181.0,,,True,3f5c52e5c351
SCR_GF_1789021372_098,2026-09-10 11:52:45,2026-09-25,15,google_flights,DEL,BOM,DEL-BOM,DEL,BOM,IndiGo,IndiGo,6E 249,8:30,11:05,155,2 hr 35 min,Economy,7212.0,,,True,dc85d52ff988
SCR_GF_1789021372_099,2026-09-10 11:52:45,2026-09-25,15,google_flights,DEL,BOM,DEL-BOM,DEL,BOM,IndiGo,IndiGo,6E 266,8:00,10:10,130,2 hr 10 min,Economy,7370.0,,,True,6f991f18104a
SCR_GF_1789021372_100,2026-09-10 11:52:45,2026-09-25,15,google_flights,DEL,BOM,DEL-BOM,DEL,BOM,IndiGo,IndiGo,6E 283,6:00,8:25,145,2 hr 25 min,Economy,7406.0,,,True,89f5faa53204
SCR_GF_1789021372_101,2026-09-10 11:52:45,2026-09-25,15,google_flights,DEL,BOM,DEL-BOM,DEL,BOM,IndiGo,IndiGo,6E 300,7:00,9:25,145,2 hr 25 min,Economy,7406.0,,,True,56fcec943e04
SCR_GF_1789021372_102,2026-09-10 11:52:45,2026-09-25,15,google_flights,DEL,BOM,DEL-BOM,DEL,BOM,IndiGo,IndiGo,6E 317,9:30,11:55,145,2 hr 25 min,Economy,7527.0,,,True,2592181fd19c
SCR_GF_1789021372_103,2026-09-10 11:52:45,2026-09-25,15,google_flights,DEL,BOM,DEL-BOM,DEL,BOM,IndiGo,IndiGo,6E 334,11:00,1:25,145,2 hr 25 min,Economy,7527.0,,,True,b549e3decaa7
SCR_GF_1789021372_104,2026-09-10 11:52:45,2026-09-25,15,google_flights,DEL,BOM,DEL-BOM,DEL,BOM,IndiGo,IndiGo,6E 351,7:00,9:25,145,2 hr 25 min,Economy,7685.0,,,True,657713ec90eb
SCR_GF_1789021372_105,2026-09-10 11:52:45,2026-09-25,15,google_flights,DEL,BOM,DEL-BOM,DEL,BOM,IndiGo,IndiGo,6E 368,9:00,11:20,140,2 hr 20 min,Economy,7842.0,,,True,4d788d8b1621
SCR_GF_1789021372_106,2026-09-10 11:52:45,2026-09-25,15,google_flights,DEL,BOM,DEL-BOM,DEL,BOM,IndiGo,IndiGo,6E 385,9:30,12:00,150,2 hr 30 min,Economy,9968.0,,,True,c47ada427f28
SCR_GF_1789021372_107,2026-09-10 11:52:45,2026-09-25,15,google_flights,DEL,BOM,DEL-BOM,DEL,BOM,IndiGo,IndiGo,6E 402,10:45,1:25,160,2 hr 40 min,Economy,19603.0,,,True,d5aadd2cd3a3
SCR_GF_1789021372_108,2026-09-10 11:52:45,2026-09-25,15,google_flights,DEL,BOM,DEL-BOM,DEL,BOM,IndiGo,IndiGo,6E 419,7:55,10:40,165,2 hr 45 min,Economy,22551.0,,,True,3eeff2283b0c
SCR_GF_1789021378_001,2026-09-10 11:52:53,2026-09-11,1,google_flights,BOM,BLR,BOM-BLR,BOM,BLR,IndiGo,IndiGo,6E 200,4:30 AM,6:25 AM,115,1 hr 55 min,Economy,11873.0,,,True,53c2b6c34c6b
SCR_GF_1789021378_002,2026-09-10 11:52:53,2026-09-11,1,google_flights,BOM,BLR,BOM-BLR,BOM,BLR,Akasa Air,Akasa Air,QP 217,12:40 AM,2:35 AM,115,1 hr 55 min,Economy,12159.0,,,True,8d706a140e23
SCR_GF_1789021378_003,2026-09-10 11:52:53,2026-09-11,1,google_flights,BOM,BLR,BOM-BLR,BOM,BLR,Air India,Air India,AI 234,2:05 AM,4:10 AM,125,2 hr 5 min,Economy,12319.0,,,True,5881744678a0
SCR_GF_1789021378_004,2026-09-10 11:52:53,2026-09-11,1,google_flights,BOM,BLR,BOM-BLR,BOM,BLR,IndiGo,IndiGo,6E 251,5:35 AM,1:15 PM,460,7 hr 40 min,Economy,8261.0,,,False,d292337b066b
SCR_GF_1789021378_005,2026-09-10 11:52:53,2026-09-11,1,google_flights,BOM,BLR,BOM-BLR,BOM,BLR,IndiGo,IndiGo,6E 268,6:15 AM,12:00 PM,345,5 hr 45 min,Economy,8926.0,,,False,4e3985bedca3
SCR_GF_1789021378_006,2026-09-10 11:52:53,2026-09-11,1,google_flights,BOM,BLR,BOM-BLR,BOM,BLR,IndiGo,IndiGo,6E 285,11:20 AM,3:45 PM,265,4 hr 25 min,Economy,11975.0,,,False,f3ec54c3c7ec
SCR_GF_1789021378_007,2026-09-10 11:52:53,2026-09-11,1,google_flights,BOM,BLR,BOM-BLR,BOM,BLR,IndiGo,IndiGo,6E 302,1:10 AM,3:05 AM,115,1 hr 55 min,Economy,12923.0,,,True,cbe07698d8b2
SCR_GF_1789021378_008,2026-09-10 11:52:53,2026-09-11,1,google_flights,BOM,BLR,BOM-BLR,BOM,BLR,IndiGo,IndiGo,6E 319,8:05 AM,9:55 AM,110,1 hr 50 min,Economy,14412.0,,,True,c4c816cf8718
SCR_GF_1789021378_009,2026-09-10 11:52:53,2026-09-11,1,google_flights,BOM,BLR,BOM-BLR,BOM,BLR,IndiGo,IndiGo,6E 336,11:00 AM,12:55 PM,115,1 hr 55 min,Economy,14412.0,,,True,91707d5f8c5b
SCR_GF_1789021378_010,2026-09-10 11:52:53,2026-09-11,1,google_flights,BOM,BLR,BOM-BLR,BOM,BLR,IndiGo,IndiGo,6E 353,12:30 PM,2:25 PM,115,1 hr 55 min,Economy,14412.0,,,True,a5758aeb8918
SCR_GF_1789021378_011,2026-09-10 11:52:53,2026-09-11,1,google_flights,BOM,BLR,BOM-BLR,BOM,BLR,Air India,Air India,AI 370,10:00 AM,12:05 PM,125,2 hr 5 min,Economy,14734.0,,,True,cb45c83a5a6b
SCR_GF_1789021378_012,2026-09-10 11:52:53,2026-09-11,1,google_flights,BOM,BLR,BOM-BLR,BOM,BLR,Air India,Air India,AI 387,7:55 AM,10:05 AM,130,2 hr 10 min,Economy,14992.0,,,True,d3b0f48b9917
SCR_GF_1789021378_013,2026-09-10 11:52:53,2026-09-11,1,google_flights,BOM,BLR,BOM-BLR,BOM,BLR,Akasa Air,Akasa Air,QP 404,7:35 AM,9:35 AM,120,2 hr,Economy,15576.0,,,True,e8b330db07e4
SCR_GF_1789021378_014,2026-09-10 11:52:53,2026-09-11,1,google_flights,BOM,BLR,BOM-BLR,BOM,BLR,Air India,Air India,AI 421,6:35 AM,8:35 AM,120,2 hr,Economy,16672.0,,,True,3578fbcc8aad
SCR_GF_1789021378_015,2026-09-10 11:52:53,2026-09-11,1,google_flights,BOM,BLR,BOM-BLR,BOM,BLR,Air India,Air India,AI 438,12:00 PM,2:05 PM,125,2 hr 5 min,Economy,16672.0,,,True,3c794539097b
SCR_GF_1789021378_016,2026-09-10 11:52:53,2026-09-11,1,google_flights,BOM,BLR,BOM-BLR,BOM,BLR,IndiGo,IndiGo,6E 455,6:30 AM,8:25 AM,115,1 hr 55 min,Economy,16722.0,,,True,b6a59dc5f077
SCR_GF_1789021378_017,2026-09-10 11:52:53,2026-09-11,1,google_flights,BOM,BLR,BOM-BLR,BOM,BLR,Air India,Air India,AI 472,3:25 PM,5:35 PM,130,2 hr 10 min,Economy,19076.0,,,True,16e24b51bdef
SCR_GF_1789021379_018,2026-09-10 11:52:53,2026-09-11,1,google_flights,BOM,BLR,BOM-BLR,BOM,BLR,Air India,Air India,AI 489,11:30 PM,1:35 AM,125,2 hr 5 min,Economy,19433.0,,,True,1456c207d9bf
SCR_GF_1789021379_019,2026-09-10 11:52:53,2026-09-11,1,google_flights,BOM,BLR,BOM-BLR,BOM,BLR,IndiGo,IndiGo,6E 506,9:50 AM,11:55 AM,125,2 hr 5 min,Economy,19911.0,,,True,9ce4f8459f76
SCR_GF_1789021379_020,2026-09-10 11:52:53,2026-09-11,1,google_flights,BOM,BLR,BOM-BLR,BOM,BLR,IndiGo,IndiGo,6E 523,2:30 PM,4:25 PM,115,1 hr 55 min,Economy,19911.0,,,True,516cc4f65335
SCR_GF_1789021379_021,2026-09-10 11:52:53,2026-09-11,1,google_flights,BOM,BLR,BOM-BLR,BOM,BLR,IndiGo,IndiGo,6E 540,3:35 PM,5:25 PM,110,1 hr 50 min,Economy,19911.0,,,True,df4b58bfb80b
SCR_GF_1789021379_022,2026-09-10 11:52:53,2026-09-11,1,google_flights,BOM,BLR,BOM-BLR,BOM,BLR,IndiGo,IndiGo,6E 557,5:00 PM,6:55 PM,115,1 hr 55 min,Economy,19911.0,,,True,bf1e1100b234
SCR_GF_1789021379_023,2026-09-10 11:52:53,2026-09-11,1,google_flights,BOM,BLR,BOM-BLR,BOM,BLR,IndiGo,IndiGo,6E 574,6:30 PM,8:25 PM,115,1 hr 55 min,Economy,19911.0,,,True,2cf57e4c5baf
SCR_GF_1789021379_024,2026-09-10 11:52:53,2026-09-11,1,google_flights,BOM,BLR,BOM-BLR,BOM,BLR,IndiGo,IndiGo,6E 591,7:55 PM,9:45 PM,110,1 hr 50 min,Economy,19911.0,,,True,fbab70e29922
SCR_GF_1789021379_025,2026-09-10 11:52:53,2026-09-11,1,google_flights,BOM,BLR,BOM-BLR,BOM,BLR,Akasa Air,Akasa Air,QP 608,11:10 PM,1:05 AM,115,1 hr 55 min,Economy,20048.0,,,True,d96789edf5b4
SCR_GF_1789021379_026,2026-09-10 11:52:53,2026-09-11,1,google_flights,BOM,BLR,BOM-BLR,BOM,BLR,Akasa Air,Akasa Air,QP 625,6:25 PM,8:20 PM,115,1 hr 55 min,Economy,26387.0,,,True,bea9d1934435
SCR_GF_1789021379_027,2026-09-10 11:52:53,2026-09-11,1,google_flights,BOM,BLR,BOM-BLR,BOM,BLR,Air India,Air India,AI 642,5:30 PM,7:35 PM,125,2 hr 5 min,Economy,26746.0,,,True,a66dcea757e4
SCR_GF_1789021379_028,2026-09-10 11:52:53,2026-09-11,1,google_flights,BOM,BLR,BOM-BLR,BOM,BLR,Air India,Air India,AI 659,6:30 PM,8:35 PM,125,2 hr 5 min,Economy,26746.0,,,True,5252c782a3cd
SCR_GF_1789021379_029,2026-09-10 11:52:53,2026-09-11,1,google_flights,BOM,BLR,BOM-BLR,BOM,BLR,Akasa Air,Akasa Air,QP 676,9:45 PM,11:45 PM,120,2 hr,Economy,30310.0,,,True,2637abc94ca5
SCR_GF_1789021379_030,2026-09-10 11:52:53,2026-09-11,1,google_flights,BOM,BLR,BOM-BLR,BOM,BLR,Akasa Air,Akasa Air,QP 693,7:40 PM,9:45 PM,125,2 hr 5 min,Economy,32494.0,,,True,00c3e1e48b17
SCR_GF_1789021379_031,2026-09-10 11:52:53,2026-09-11,1,google_flights,BOM,BLR,BOM-BLR,BOM,BLR,Air India,Air India,AI 710,11:40 PM,1:40 AM,120,2 hr,Economy,35247.0,,,True,248bca1e63bc
SCR_GF_1789021379_032,2026-09-10 11:52:53,2026-09-11,1,google_flights,BOM,BLR,BOM-BLR,BOM,BLR,Air India,Air India,AI 727,8:45 PM,10:45 PM,120,2 hr,Economy,51885.0,,,True,34c2786183d7
SCR_GF_1789021379_033,2026-09-10 11:52:53,2026-09-11,1,google_flights,BOM,BLR,BOM-BLR,BOM,BLR,IndiGo,IndiGo,6E 744,4:30,6:25,115,1 hr 55 min,Economy,11873.0,,,True,9435b4e9f2f3
SCR_GF_1789021379_034,2026-09-10 11:52:53,2026-09-11,1,google_flights,BOM,BLR,BOM-BLR,BOM,BLR,IndiGo,IndiGo,6E 761,12:40,2:35,115,1 hr 55 min,Economy,12159.0,,,True,051f9fbec94c
SCR_GF_1789021379_035,2026-09-10 11:52:53,2026-09-11,1,google_flights,BOM,BLR,BOM-BLR,BOM,BLR,IndiGo,IndiGo,6E 778,2:05,4:10,125,2 hr 5 min,Economy,12319.0,,,True,eb1ca74f9c2a
SCR_GF_1789021379_036,2026-09-10 11:52:53,2026-09-11,1,google_flights,BOM,BLR,BOM-BLR,BOM,BLR,IndiGo,IndiGo,6E 795,5:35,1:15,460,7 hr 40 min,Economy,8261.0,,,False,6e2fd9342c52
SCR_GF_1789021379_037,2026-09-10 11:52:53,2026-09-11,1,google_flights,BOM,BLR,BOM-BLR,BOM,BLR,IndiGo,IndiGo,6E 812,6:15,12:00,345,5 hr 45 min,Economy,8926.0,,,False,5b0541055bfb
SCR_GF_1789021379_038,2026-09-10 11:52:53,2026-09-11,1,google_flights,BOM,BLR,BOM-BLR,BOM,BLR,IndiGo,IndiGo,6E 829,11:20,3:45,265,4 hr 25 min,Economy,11975.0,,,False,f1d5d0921538
SCR_GF_1789021379_039,2026-09-10 11:52:53,2026-09-11,1,google_flights,BOM,BLR,BOM-BLR,BOM,BLR,IndiGo,IndiGo,6E 846,1:10,3:05,115,1 hr 55 min,Economy,12923.0,,,True,2056f1566368
SCR_GF_1789021379_040,2026-09-10 11:52:53,2026-09-11,1,google_flights,BOM,BLR,BOM-BLR,BOM,BLR,IndiGo,IndiGo,6E 863,8:05,9:55,110,1 hr 50 min,Economy,14412.0,,,True,9b25f5502939
SCR_GF_1789021379_041,2026-09-10 11:52:53,2026-09-11,1,google_flights,BOM,BLR,BOM-BLR,BOM,BLR,IndiGo,IndiGo,6E 880,11:00,12:55,115,1 hr 55 min,Economy,14412.0,,,True,2c63ea2a0ae1
SCR_GF_1789021379_042,2026-09-10 11:52:53,2026-09-11,1,google_flights,BOM,BLR,BOM-BLR,BOM,BLR,IndiGo,IndiGo,6E 897,12:30,2:25,115,1 hr 55 min,Economy,14412.0,,,True,5f9fab10f6b6
SCR_GF_1789021379_043,2026-09-10 11:52:53,2026-09-11,1,google_flights,BOM,BLR,BOM-BLR,BOM,BLR,IndiGo,IndiGo,6E 914,10:00,12:05,125,2 hr 5 min,Economy,14734.0,,,True,8a9027e2e8e5
SCR_GF_1789021379_044,2026-09-10 11:52:53,2026-09-11,1,google_flights,BOM,BLR,BOM-BLR,BOM,BLR,IndiGo,IndiGo,6E 931,7:55,10:05,130,2 hr 10 min,Economy,14992.0,,,True,e61ebfebdb11
SCR_GF_1789021379_045,2026-09-10 11:52:53,2026-09-11,1,google_flights,BOM,BLR,BOM-BLR,BOM,BLR,IndiGo,IndiGo,6E 948,7:35,9:35,120,2 hr,Economy,15576.0,,,True,4f87fa2c296f
SCR_GF_1789021379_046,2026-09-10 11:52:53,2026-09-11,1,google_flights,BOM,BLR,BOM-BLR,BOM,BLR,IndiGo,IndiGo,6E 965,6:35,8:35,120,2 hr,Economy,16672.0,,,True,75f0e0a683f3
SCR_GF_1789021379_047,2026-09-10 11:52:53,2026-09-11,1,google_flights,BOM,BLR,BOM-BLR,BOM,BLR,IndiGo,IndiGo,6E 982,12:00,2:05,125,2 hr 5 min,Economy,16672.0,,,True,873e5df93483
SCR_GF_1789021379_048,2026-09-10 11:52:53,2026-09-11,1,google_flights,BOM,BLR,BOM-BLR,BOM,BLR,IndiGo,IndiGo,6E 999,6:30,8:25,115,1 hr 55 min,Economy,16722.0,,,True,d3add6028521
SCR_GF_1789021380_049,2026-09-10 11:52:53,2026-09-11,1,google_flights,BOM,BLR,BOM-BLR,BOM,BLR,IndiGo,IndiGo,6E 216,3:25,5:35,130,2 hr 10 min,Economy,19076.0,,,True,bd0885c28365
SCR_GF_1789021380_050,2026-09-10 11:52:53,2026-09-11,1,google_flights,BOM,BLR,BOM-BLR,BOM,BLR,IndiGo,IndiGo,6E 233,11:30,1:35,125,2 hr 5 min,Economy,19433.0,,,True,7f14cc798196
SCR_GF_1789021380_051,2026-09-10 11:52:53,2026-09-11,1,google_flights,BOM,BLR,BOM-BLR,BOM,BLR,IndiGo,IndiGo,6E 250,9:50,11:55,125,2 hr 5 min,Economy,19911.0,,,True,fc21e04a2304
SCR_GF_1789021380_052,2026-09-10 11:52:53,2026-09-11,1,google_flights,BOM,BLR,BOM-BLR,BOM,BLR,IndiGo,IndiGo,6E 267,2:30,4:25,115,1 hr 55 min,Economy,19911.0,,,True,db1529df9fe3
SCR_GF_1789021380_053,2026-09-10 11:52:53,2026-09-11,1,google_flights,BOM,BLR,BOM-BLR,BOM,BLR,IndiGo,IndiGo,6E 284,3:35,5:25,110,1 hr 50 min,Economy,19911.0,,,True,26d60c8702b3
SCR_GF_1789021380_054,2026-09-10 11:52:53,2026-09-11,1,google_flights,BOM,BLR,BOM-BLR,BOM,BLR,IndiGo,IndiGo,6E 301,5:00,6:55,115,1 hr 55 min,Economy,19911.0,,,True,2256cb971437
SCR_GF_1789021380_055,2026-09-10 11:52:53,2026-09-11,1,google_flights,BOM,BLR,BOM-BLR,BOM,BLR,IndiGo,IndiGo,6E 318,6:30,8:25,115,1 hr 55 min,Economy,19911.0,,,True,96235fec07f0
SCR_GF_1789021380_056,2026-09-10 11:52:53,2026-09-11,1,google_flights,BOM,BLR,BOM-BLR,BOM,BLR,IndiGo,IndiGo,6E 335,7:55,9:45,110,1 hr 50 min,Economy,19911.0,,,True,d2a8bd1b650a
SCR_GF_1789021380_057,2026-09-10 11:52:53,2026-09-11,1,google_flights,BOM,BLR,BOM-BLR,BOM,BLR,IndiGo,IndiGo,6E 352,11:10,1:05,115,1 hr 55 min,Economy,20048.0,,,True,90ec5640ae9b
SCR_GF_1789021380_058,2026-09-10 11:52:53,2026-09-11,1,google_flights,BOM,BLR,BOM-BLR,BOM,BLR,IndiGo,IndiGo,6E 369,6:25,8:20,115,1 hr 55 min,Economy,26387.0,,,True,d97b02755a7c
SCR_GF_1789021380_059,2026-09-10 11:52:53,2026-09-11,1,google_flights,BOM,BLR,BOM-BLR,BOM,BLR,IndiGo,IndiGo,6E 386,5:30,7:35,125,2 hr 5 min,Economy,26746.0,,,True,4292a1990f4e
SCR_GF_1789021380_060,2026-09-10 11:52:53,2026-09-11,1,google_flights,BOM,BLR,BOM-BLR,BOM,BLR,IndiGo,IndiGo,6E 403,6:30,8:35,125,2 hr 5 min,Economy,26746.0,,,True,7441f9ade69c
SCR_GF_1789021380_061,2026-09-10 11:52:53,2026-09-11,1,google_flights,BOM,BLR,BOM-BLR,BOM,BLR,IndiGo,IndiGo,6E 420,9:45,11:45,120,2 hr,Economy,30310.0,,,True,1113fc41721a
SCR_GF_1789021380_062,2026-09-10 11:52:53,2026-09-11,1,google_flights,BOM,BLR,BOM-BLR,BOM,BLR,IndiGo,IndiGo,6E 437,7:40,9:45,125,2 hr 5 min,Economy,32494.0,,,True,77ab94a59cc0
SCR_GF_1789021380_063,2026-09-10 11:52:53,2026-09-11,1,google_flights,BOM,BLR,BOM-BLR,BOM,BLR,IndiGo,IndiGo,6E 454,11:40,1:40,120,2 hr,Economy,35247.0,,,True,513e6f83ee1a
SCR_GF_1789021380_064,2026-09-10 11:52:53,2026-09-11,1,google_flights,BOM,BLR,BOM-BLR,BOM,BLR,IndiGo,IndiGo,6E 471,8:45,10:45,120,2 hr,Economy,51885.0,,,True,bfa2a9842fe2
SCR_GF_1789021386_001,2026-09-10 11:53:01,2026-09-12,2,google_flights,BOM,BLR,BOM-BLR,BOM,BLR,Air India,Air India,AI 200,11:30 PM,1:35 AM,125,2 hr 5 min,Economy,8167.0,,,True,1ba698ff3387
SCR_GF_1789021386_002,2026-09-10 11:53:01,2026-09-12,2,google_flights,BOM,BLR,BOM-BLR,BOM,BLR,IndiGo,IndiGo,6E 217,10:20 PM,12:20 AM,120,2 hr,Economy,8427.0,,,True,2cf57e4bddc2
SCR_GF_1789021386_003,2026-09-10 11:53:01,2026-09-12,2,google_flights,BOM,BLR,BOM-BLR,BOM,BLR,Akasa Air,Akasa Air,QP 234,9:45 PM,11:45 PM,120,2 hr,Economy,9546.0,,,True,39c730930cae
SCR_GF_1789021386_004,2026-09-10 11:53:01,2026-09-12,2,google_flights,BOM,BLR,BOM-BLR,BOM,BLR,IndiGo,IndiGo,6E 251,4:40 PM,8:55 PM,255,4 hr 15 min,Economy,7138.0,,,False,f378b1aa0638
SCR_GF_1789021386_005,2026-09-10 11:53:01,2026-09-12,2,google_flights,BOM,BLR,BOM-BLR,BOM,BLR,IndiGo,IndiGo,6E 268,3:10 PM,8:05 PM,295,4 hr 55 min,Economy,7269.0,,,False,c3f2d4efd4a6
SCR_GF_1789021386_006,2026-09-10 11:53:01,2026-09-12,2,google_flights,BOM,BLR,BOM-BLR,BOM,BLR,IndiGo,IndiGo,6E 285,4:55 PM,9:20 PM,265,4 hr 25 min,Economy,7400.0,,,False,a74e8731cea8
SCR_GF_1789021386_007,2026-09-10 11:53:01,2026-09-12,2,google_flights,BOM,BLR,BOM-BLR,BOM,BLR,IndiGo,IndiGo,6E 302,1:45 PM,6:45 PM,300,5 hr,Economy,7479.0,,,False,cae81096caa5
SCR_GF_1789021386_008,2026-09-10 11:53:01,2026-09-12,2,google_flights,BOM,BLR,BOM-BLR,BOM,BLR,IndiGo,IndiGo,6E 319,3:25 PM,8:10 PM,285,4 hr 45 min,Economy,7479.0,,,False,7764016d8d97
SCR_GF_1789021386_009,2026-09-10 11:53:01,2026-09-12,2,google_flights,BOM,BLR,BOM-BLR,BOM,BLR,IndiGo,IndiGo,6E 336,9:30 PM,11:25 PM,115,1 hr 55 min,Economy,10002.0,,,True,a0c6730eb974
SCR_GF_1789021386_010,2026-09-10 11:53:01,2026-09-12,2,google_flights,BOM,BLR,BOM-BLR,BOM,BLR,IndiGo,IndiGo,6E 353,4:30 AM,6:25 AM,115,1 hr 55 min,Economy,10042.0,,,True,f7be8a12207a
SCR_GF_1789021386_011,2026-09-10 11:53:01,2026-09-12,2,google_flights,BOM,BLR,BOM-BLR,BOM,BLR,Air India,Air India,AI 370,7:45 PM,9:50 PM,125,2 hr 5 min,Economy,10429.0,,,True,f0e91d1a54f6
SCR_GF_1789021386_012,2026-09-10 11:53:01,2026-09-12,2,google_flights,BOM,BLR,BOM-BLR,BOM,BLR,Air India,Air India,AI 387,8:45 PM,10:45 PM,120,2 hr,Economy,10429.0,,,True,15ddc72c2046
SCR_GF_1789021386_013,2026-09-10 11:53:01,2026-09-12,2,google_flights,BOM,BLR,BOM-BLR,BOM,BLR,IndiGo,IndiGo,6E 404,12:30 PM,2:25 PM,115,1 hr 55 min,Economy,10632.0,,,True,7f0818dbb71a
SCR_GF_1789021387_014,2026-09-10 11:53:01,2026-09-12,2,google_flights,BOM,BLR,BOM-BLR,BOM,BLR,IndiGo,IndiGo,6E 421,5:00 PM,6:55 PM,115,1 hr 55 min,Economy,10632.0,,,True,11910f791d9f
SCR_GF_1789021387_015,2026-09-10 11:53:01,2026-09-12,2,google_flights,BOM,BLR,BOM-BLR,BOM,BLR,IndiGo,IndiGo,6E 438,6:30 PM,8:25 PM,115,1 hr 55 min,Economy,10632.0,,,True,d7feb60364ba
SCR_GF_1789021387_016,2026-09-10 11:53:01,2026-09-12,2,google_flights,BOM,BLR,BOM-BLR,BOM,BLR,Air India,Air India,AI 455,10:00 AM,12:05 PM,125,2 hr 5 min,Economy,10802.0,,,True,85a7e3b69f52
SCR_GF_1789021387_017,2026-09-10 11:53:01,2026-09-12,2,google_flights,BOM,BLR,BOM-BLR,BOM,BLR,Air India,Air India,AI 472,5:30 PM,7:35 PM,125,2 hr 5 min,Economy,10802.0,,,True,0f2b263f2c11
SCR_GF_1789021387_018,2026-09-10 11:53:01,2026-09-12,2,google_flights,BOM,BLR,BOM-BLR,BOM,BLR,Air India,Air India,AI 489,6:30 PM,8:35 PM,125,2 hr 5 min,Economy,10802.0,,,True,f64dbb0f58eb
SCR_GF_1789021387_019,2026-09-10 11:53:01,2026-09-12,2,google_flights,BOM,BLR,BOM-BLR,BOM,BLR,IndiGo,IndiGo,6E 506,2:30 PM,4:25 PM,115,1 hr 55 min,Economy,11997.0,,,True,3cb5d3e3ba9d
SCR_GF_1789021387_020,2026-09-10 11:53:01,2026-09-12,2,google_flights,BOM,BLR,BOM-BLR,BOM,BLR,IndiGo,IndiGo,6E 523,3:35 PM,5:25 PM,110,1 hr 50 min,Economy,11997.0,,,True,edcb43622c7e
SCR_GF_1789021387_021,2026-09-10 11:53:01,2026-09-12,2,google_flights,BOM,BLR,BOM-BLR,BOM,BLR,Akasa Air,Akasa Air,QP 540,6:25 PM,8:20 PM,115,1 hr 55 min,Economy,12159.0,,,True,73cf83a473d6
SCR_GF_1789021387_022,2026-09-10 11:53:01,2026-09-12,2,google_flights,BOM,BLR,BOM-BLR,BOM,BLR,Air India,Air India,AI 557,5:30 AM,7:35 AM,125,2 hr 5 min,Economy,12319.0,,,True,9bdf429e93f2
SCR_GF_1789021387_023,2026-09-10 11:53:01,2026-09-12,2,google_flights,BOM,BLR,BOM-BLR,BOM,BLR,Air India,Air India,AI 574,3:25 PM,5:35 PM,130,2 hr 10 min,Economy,12545.0,,,True,ba7e7875466a
SCR_GF_1789021387_024,2026-09-10 11:53:01,2026-09-12,2,google_flights,BOM,BLR,BOM-BLR,BOM,BLR,Akasa Air,Akasa Air,QP 591,7:40 PM,9:45 PM,125,2 hr 5 min,Economy,12666.0,,,True,0fb7097c55ed
SCR_GF_1789021387_025,2026-09-10 11:53:01,2026-09-12,2,google_flights,BOM,BLR,BOM-BLR,BOM,BLR,IndiGo,IndiGo,6E 608,11:00 AM,12:55 PM,115,1 hr 55 min,Economy,12732.0,,,True,8d57c8eb79d7
SCR_GF_1789021387_026,2026-09-10 11:53:01,2026-09-12,2,google_flights,BOM,BLR,BOM-BLR,BOM,BLR,IndiGo,IndiGo,6E 625,6:30 AM,8:25 AM,115,1 hr 55 min,Economy,13572.0,,,True,cb434eac54cc
SCR_GF_1789021387_027,2026-09-10 11:53:01,2026-09-12,2,google_flights,BOM,BLR,BOM-BLR,BOM,BLR,IndiGo,IndiGo,6E 642,1:10 AM,3:05 AM,115,1 hr 55 min,Economy,14075.0,,,True,c091c1f38c50
SCR_GF_1789021387_028,2026-09-10 11:53:01,2026-09-12,2,google_flights,BOM,BLR,BOM-BLR,BOM,BLR,IndiGo,IndiGo,6E 659,9:50 AM,11:55 AM,125,2 hr 5 min,Economy,14412.0,,,True,16b97efae91b
SCR_GF_1789021387_029,2026-09-10 11:53:01,2026-09-12,2,google_flights,BOM,BLR,BOM-BLR,BOM,BLR,Akasa Air,Akasa Air,QP 676,7:35 AM,9:35 AM,120,2 hr,Economy,14941.0,,,True,1855102d5198
SCR_GF_1789021387_030,2026-09-10 11:53:01,2026-09-12,2,google_flights,BOM,BLR,BOM-BLR,BOM,BLR,IndiGo,IndiGo,6E 693,8:05 AM,9:55 AM,110,1 hr 50 min,Economy,15462.0,,,True,44da61216fc8
SCR_GF_1789021387_031,2026-09-10 11:53:01,2026-09-12,2,google_flights,BOM,BLR,BOM-BLR,BOM,BLR,Air India,Air India,AI 710,2:05 AM,4:10 AM,125,2 hr 5 min,Economy,16672.0,,,True,b3adb569e266
SCR_GF_1789021387_032,2026-09-10 11:53:01,2026-09-12,2,google_flights,BOM,BLR,BOM-BLR,BOM,BLR,Air India,Air India,AI 727,6:35 AM,8:35 AM,120,2 hr,Economy,16672.0,,,True,47ed8269e42a
SCR_GF_1789021387_033,2026-09-10 11:53:01,2026-09-12,2,google_flights,BOM,BLR,BOM-BLR,BOM,BLR,Air India,Air India,AI 744,12:00 PM,2:05 PM,125,2 hr 5 min,Economy,16981.0,,,True,29ab830ce3c2
SCR_GF_1789021387_034,2026-09-10 11:53:01,2026-09-12,2,google_flights,BOM,BLR,BOM-BLR,BOM,BLR,Air India,Air India,AI 761,7:55 AM,10:05 AM,130,2 hr 10 min,Economy,17601.0,,,True,c924850bcc33
SCR_GF_1789021387_035,2026-09-10 11:53:01,2026-09-12,2,google_flights,BOM,BLR,BOM-BLR,BOM,BLR,Akasa Air,Akasa Air,QP 778,12:35 AM,2:25 AM,110,1 hr 50 min,Economy,18422.0,,,True,6714ceae86b4
SCR_GF_1789021387_036,2026-09-10 11:53:01,2026-09-12,2,google_flights,BOM,BLR,BOM-BLR,BOM,BLR,IndiGo,IndiGo,6E 795,11:30,1:35,125,2 hr 5 min,Economy,8167.0,,,True,d34c146786db
SCR_GF_1789021387_037,2026-09-10 11:53:01,2026-09-12,2,google_flights,BOM,BLR,BOM-BLR,BOM,BLR,IndiGo,IndiGo,6E 812,10:20,12:20,120,2 hr,Economy,8427.0,,,True,30e56a2fe86c
SCR_GF_1789021387_038,2026-09-10 11:53:01,2026-09-12,2,google_flights,BOM,BLR,BOM-BLR,BOM,BLR,IndiGo,IndiGo,6E 829,9:45,11:45,120,2 hr,Economy,9546.0,,,True,6638195bc7db
SCR_GF_1789021387_039,2026-09-10 11:53:01,2026-09-12,2,google_flights,BOM,BLR,BOM-BLR,BOM,BLR,IndiGo,IndiGo,6E 846,4:40,8:55,255,4 hr 15 min,Economy,7138.0,,,False,82e115db42af
SCR_GF_1789021387_040,2026-09-10 11:53:01,2026-09-12,2,google_flights,BOM,BLR,BOM-BLR,BOM,BLR,IndiGo,IndiGo,6E 863,3:10,8:05,295,4 hr 55 min,Economy,7269.0,,,False,96dd4c7cf5bc
SCR_GF_1789021387_041,2026-09-10 11:53:01,2026-09-12,2,google_flights,BOM,BLR,BOM-BLR,BOM,BLR,IndiGo,IndiGo,6E 880,4:55,9:20,265,4 hr 25 min,Economy,7400.0,,,False,8cd675ba1e22
SCR_GF_1789021387_042,2026-09-10 11:53:01,2026-09-12,2,google_flights,BOM,BLR,BOM-BLR,BOM,BLR,IndiGo,IndiGo,6E 897,1:45,6:45,300,5 hr,Economy,7479.0,,,False,f809bcb33b50
SCR_GF_1789021387_043,2026-09-10 11:53:01,2026-09-12,2,google_flights,BOM,BLR,BOM-BLR,BOM,BLR,IndiGo,IndiGo,6E 914,3:25,8:10,285,4 hr 45 min,Economy,7479.0,,,False,96502ec47f87
SCR_GF_1789021388_044,2026-09-10 11:53:01,2026-09-12,2,google_flights,BOM,BLR,BOM-BLR,BOM,BLR,IndiGo,IndiGo,6E 931,9:30,11:25,115,1 hr 55 min,Economy,10002.0,,,True,830eec501c34
SCR_GF_1789021388_045,2026-09-10 11:53:01,2026-09-12,2,google_flights,BOM,BLR,BOM-BLR,BOM,BLR,IndiGo,IndiGo,6E 948,4:30,6:25,115,1 hr 55 min,Economy,10042.0,,,True,295984c23d3c
SCR_GF_1789021388_046,2026-09-10 11:53:01,2026-09-12,2,google_flights,BOM,BLR,BOM-BLR,BOM,BLR,IndiGo,IndiGo,6E 965,7:45,9:50,125,2 hr 5 min,Economy,10429.0,,,True,3cdd4fe5621e
SCR_GF_1789021388_047,2026-09-10 11:53:01,2026-09-12,2,google_flights,BOM,BLR,BOM-BLR,BOM,BLR,IndiGo,IndiGo,6E 982,8:45,10:45,120,2 hr,Economy,10429.0,,,True,c940a6050347
SCR_GF_1789021388_048,2026-09-10 11:53:01,2026-09-12,2,google_flights,BOM,BLR,BOM-BLR,BOM,BLR,IndiGo,IndiGo,6E 999,12:30,2:25,115,1 hr 55 min,Economy,10632.0,,,True,79e4f8279686
SCR_GF_1789021388_049,2026-09-10 11:53:01,2026-09-12,2,google_flights,BOM,BLR,BOM-BLR,BOM,BLR,IndiGo,IndiGo,6E 216,5:00,6:55,115,1 hr 55 min,Economy,10632.0,,,True,949425d5fd72
SCR_GF_1789021388_050,2026-09-10 11:53:01,2026-09-12,2,google_flights,BOM,BLR,BOM-BLR,BOM,BLR,IndiGo,IndiGo,6E 233,6:30,8:25,115,1 hr 55 min,Economy,10632.0,,,True,51d42de42ef5
SCR_GF_1789021388_051,2026-09-10 11:53:01,2026-09-12,2,google_flights,BOM,BLR,BOM-BLR,BOM,BLR,IndiGo,IndiGo,6E 250,10:00,12:05,125,2 hr 5 min,Economy,10802.0,,,True,a308c070c82c
SCR_GF_1789021388_052,2026-09-10 11:53:01,2026-09-12,2,google_flights,BOM,BLR,BOM-BLR,BOM,BLR,IndiGo,IndiGo,6E 267,5:30,7:35,125,2 hr 5 min,Economy,10802.0,,,True,dd31253994a8
SCR_GF_1789021388_053,2026-09-10 11:53:01,2026-09-12,2,google_flights,BOM,BLR,BOM-BLR,BOM,BLR,IndiGo,IndiGo,6E 284,6:30,8:35,125,2 hr 5 min,Economy,10802.0,,,True,c5635e3f3776
SCR_GF_1789021388_054,2026-09-10 11:53:01,2026-09-12,2,google_flights,BOM,BLR,BOM-BLR,BOM,BLR,IndiGo,IndiGo,6E 301,2:30,4:25,115,1 hr 55 min,Economy,11997.0,,,True,9f6c4ed1b70e
SCR_GF_1789021388_055,2026-09-10 11:53:01,2026-09-12,2,google_flights,BOM,BLR,BOM-BLR,BOM,BLR,IndiGo,IndiGo,6E 318,3:35,5:25,110,1 hr 50 min,Economy,11997.0,,,True,c6e50883dc64
SCR_GF_1789021388_056,2026-09-10 11:53:01,2026-09-12,2,google_flights,BOM,BLR,BOM-BLR,BOM,BLR,IndiGo,IndiGo,6E 335,6:25,8:20,115,1 hr 55 min,Economy,12159.0,,,True,ecb5a641cadc
SCR_GF_1789021388_057,2026-09-10 11:53:01,2026-09-12,2,google_flights,BOM,BLR,BOM-BLR,BOM,BLR,IndiGo,IndiGo,6E 352,5:30,7:35,125,2 hr 5 min,Economy,12319.0,,,True,93da6c2e9394
SCR_GF_1789021388_058,2026-09-10 11:53:01,2026-09-12,2,google_flights,BOM,BLR,BOM-BLR,BOM,BLR,IndiGo,IndiGo,6E 369,3:25,5:35,130,2 hr 10 min,Economy,12545.0,,,True,6dec26f351e2
SCR_GF_1789021388_059,2026-09-10 11:53:01,2026-09-12,2,google_flights,BOM,BLR,BOM-BLR,BOM,BLR,IndiGo,IndiGo,6E 386,7:40,9:45,125,2 hr 5 min,Economy,12666.0,,,True,2ac24a9a6e86
SCR_GF_1789021388_060,2026-09-10 11:53:01,2026-09-12,2,google_flights,BOM,BLR,BOM-BLR,BOM,BLR,IndiGo,IndiGo,6E 403,11:00,12:55,115,1 hr 55 min,Economy,12732.0,,,True,b177450aa557
SCR_GF_1789021388_061,2026-09-10 11:53:01,2026-09-12,2,google_flights,BOM,BLR,BOM-BLR,BOM,BLR,IndiGo,IndiGo,6E 420,6:30,8:25,115,1 hr 55 min,Economy,13572.0,,,True,6d68e6abaa63
SCR_GF_1789021388_062,2026-09-10 11:53:01,2026-09-12,2,google_flights,BOM,BLR,BOM-BLR,BOM,BLR,IndiGo,IndiGo,6E 437,1:10,3:05,115,1 hr 55 min,Economy,14075.0,,,True,617bbe43ca8f
SCR_GF_1789021388_063,2026-09-10 11:53:01,2026-09-12,2,google_flights,BOM,BLR,BOM-BLR,BOM,BLR,IndiGo,IndiGo,6E 454,9:50,11:55,125,2 hr 5 min,Economy,14412.0,,,True,c7e7d4fe1f2e
SCR_GF_1789021388_064,2026-09-10 11:53:01,2026-09-12,2,google_flights,BOM,BLR,BOM-BLR,BOM,BLR,IndiGo,IndiGo,6E 471,7:35,9:35,120,2 hr,Economy,14941.0,,,True,5f53078e1d7e
SCR_GF_1789021388_065,2026-09-10 11:53:01,2026-09-12,2,google_flights,BOM,BLR,BOM-BLR,BOM,BLR,IndiGo,IndiGo,6E 488,8:05,9:55,110,1 hr 50 min,Economy,15462.0,,,True,6ab553a99955
SCR_GF_1789021388_066,2026-09-10 11:53:01,2026-09-12,2,google_flights,BOM,BLR,BOM-BLR,BOM,BLR,IndiGo,IndiGo,6E 505,2:05,4:10,125,2 hr 5 min,Economy,16672.0,,,True,10a346728255
SCR_GF_1789021388_067,2026-09-10 11:53:01,2026-09-12,2,google_flights,BOM,BLR,BOM-BLR,BOM,BLR,IndiGo,IndiGo,6E 522,6:35,8:35,120,2 hr,Economy,16672.0,,,True,5200da986c3e
SCR_GF_1789021388_068,2026-09-10 11:53:01,2026-09-12,2,google_flights,BOM,BLR,BOM-BLR,BOM,BLR,IndiGo,IndiGo,6E 539,12:00,2:05,125,2 hr 5 min,Economy,16981.0,,,True,433a07850b7a
SCR_GF_1789021388_069,2026-09-10 11:53:01,2026-09-12,2,google_flights,BOM,BLR,BOM-BLR,BOM,BLR,IndiGo,IndiGo,6E 556,7:55,10:05,130,2 hr 10 min,Economy,17601.0,,,True,30cfbe94d1bf
SCR_GF_1789021388_070,2026-09-10 11:53:01,2026-09-12,2,google_flights,BOM,BLR,BOM-BLR,BOM,BLR,IndiGo,IndiGo,6E 573,12:35,2:25,110,1 hr 50 min,Economy,18422.0,,,True,08581f6f4073
SCR_GF_1789021394_001,2026-09-10 11:53:09,2026-09-17,7,google_flights,BOM,BLR,BOM-BLR,BOM,BLR,Air India,Air India,AI 200,2:05 AM,4:10 AM,125,2 hr 5 min,Economy,4948.0,,,True,84c43c6470b4
SCR_GF_1789021394_002,2026-09-10 11:53:09,2026-09-17,7,google_flights,BOM,BLR,BOM-BLR,BOM,BLR,IndiGo,IndiGo,6E 217,1:10 AM,3:05 AM,115,1 hr 55 min,Economy,5325.0,,,True,8c1b5849332f
SCR_GF_1789021394_003,2026-09-10 11:53:09,2026-09-17,7,google_flights,BOM,BLR,BOM-BLR,BOM,BLR,Akasa Air,Akasa Air,QP 234,12:35 AM,2:25 AM,110,1 hr 50 min,Economy,6023.0,,,True,b63f17dce9fa
SCR_GF_1789021394_005,2026-09-10 11:53:09,2026-09-17,7,google_flights,BOM,BLR,BOM-BLR,BOM,BLR,IndiGo,IndiGo,6E 268,4:30 AM,6:25 AM,115,1 hr 55 min,Economy,6201.0,,,True,43b7cfbe4a95
SCR_GF_1789021394_006,2026-09-10 11:53:09,2026-09-17,7,google_flights,BOM,BLR,BOM-BLR,BOM,BLR,Akasa Air,Akasa Air,QP 285,6:25 PM,8:20 PM,115,1 hr 55 min,Economy,6487.0,,,True,ed517f59e248
SCR_GF_1789021394_007,2026-09-10 11:53:09,2026-09-17,7,google_flights,BOM,BLR,BOM-BLR,BOM,BLR,Air India,Air India,AI 302,11:30 PM,1:35 AM,125,2 hr 5 min,Economy,6623.0,,,True,8bcd84589f2d
SCR_GF_1789021394_008,2026-09-10 11:53:09,2026-09-17,7,google_flights,BOM,BLR,BOM-BLR,BOM,BLR,IndiGo,IndiGo,6E 319,6:30 AM,8:25 AM,115,1 hr 55 min,Economy,6957.0,,,True,177bdec19683
SCR_GF_1789021394_009,2026-09-10 11:53:09,2026-09-17,7,google_flights,BOM,BLR,BOM-BLR,BOM,BLR,IndiGo,IndiGo,6E 336,9:50 AM,11:55 AM,125,2 hr 5 min,Economy,6957.0,,,True,ff27ef546872
SCR_GF_1789021394_010,2026-09-10 11:53:09,2026-09-17,7,google_flights,BOM,BLR,BOM-BLR,BOM,BLR,IndiGo,IndiGo,6E 353,11:00 AM,12:55 PM,115,1 hr 55 min,Economy,6957.0,,,True,db92c56a7425
SCR_GF_1789021394_011,2026-09-10 11:53:09,2026-09-17,7,google_flights,BOM,BLR,BOM-BLR,BOM,BLR,IndiGo,IndiGo,6E 370,2:30 PM,4:25 PM,115,1 hr 55 min,Economy,6957.0,,,True,16aed69e30cc
SCR_GF_1789021394_012,2026-09-10 11:53:09,2026-09-17,7,google_flights,BOM,BLR,BOM-BLR,BOM,BLR,IndiGo,IndiGo,6E 387,3:35 PM,5:25 PM,110,1 hr 50 min,Economy,6957.0,,,True,bf4b8763d2b3
SCR_GF_1789021394_013,2026-09-10 11:53:09,2026-09-17,7,google_flights,BOM,BLR,BOM-BLR,BOM,BLR,IndiGo,IndiGo,6E 404,5:00 PM,6:55 PM,115,1 hr 55 min,Economy,6957.0,,,True,642ca69631ae
SCR_GF_1789021395_014,2026-09-10 11:53:09,2026-09-17,7,google_flights,BOM,BLR,BOM-BLR,BOM,BLR,IndiGo,IndiGo,6E 421,6:30 PM,8:25 PM,115,1 hr 55 min,Economy,6957.0,,,True,1efc32f80ffc
SCR_GF_1789021395_015,2026-09-10 11:53:09,2026-09-17,7,google_flights,BOM,BLR,BOM-BLR,BOM,BLR,IndiGo,IndiGo,6E 438,9:30 PM,11:25 PM,115,1 hr 55 min,Economy,6957.0,,,True,900fa82fae14
SCR_GF_1789021395_016,2026-09-10 11:53:09,2026-09-17,7,google_flights,BOM,BLR,BOM-BLR,BOM,BLR,IndiGo,IndiGo,6E 455,10:20 PM,12:20 AM,120,2 hr,Economy,6957.0,,,True,1e29ebcc9b30
SCR_GF_1789021395_017,2026-09-10 11:53:09,2026-09-17,7,google_flights,BOM,BLR,BOM-BLR,BOM,BLR,Air India,Air India,AI 472,12:00 PM,2:05 PM,125,2 hr 5 min,Economy,7117.0,,,True,3bda66c16a77
SCR_GF_1789021395_018,2026-09-10 11:53:09,2026-09-17,7,google_flights,BOM,BLR,BOM-BLR,BOM,BLR,Air India,Air India,AI 489,3:25 PM,5:35 PM,130,2 hr 10 min,Economy,7117.0,,,True,4573ef9c339b
SCR_GF_1789021395_019,2026-09-10 11:53:09,2026-09-17,7,google_flights,BOM,BLR,BOM-BLR,BOM,BLR,Air India,Air India,AI 506,7:45 PM,9:50 PM,125,2 hr 5 min,Economy,7117.0,,,True,6ffd304d9ed3
SCR_GF_1789021395_020,2026-09-10 11:53:09,2026-09-17,7,google_flights,BOM,BLR,BOM-BLR,BOM,BLR,Akasa Air,Akasa Air,QP 523,9:45 PM,11:45 PM,120,2 hr,Economy,7264.0,,,True,819a4f910fed
SCR_GF_1789021395_021,2026-09-10 11:53:09,2026-09-17,7,google_flights,BOM,BLR,BOM-BLR,BOM,BLR,IndiGo,IndiGo,6E 540,12:30 PM,2:25 PM,115,1 hr 55 min,Economy,7272.0,,,True,9d4fad904a8e
SCR_GF_1789021395_022,2026-09-10 11:53:09,2026-09-17,7,google_flights,BOM,BLR,BOM-BLR,BOM,BLR,Air India,Air India,AI 557,6:35 AM,8:35 AM,120,2 hr,Economy,7353.0,,,True,02627c1588ff
SCR_GF_1789021395_023,2026-09-10 11:53:09,2026-09-17,7,google_flights,BOM,BLR,BOM-BLR,BOM,BLR,Air India,Air India,AI 574,10:00 AM,12:05 PM,125,2 hr 5 min,Economy,7353.0,,,True,69fb1065ac5a
SCR_GF_1789021395_024,2026-09-10 11:53:09,2026-09-17,7,google_flights,BOM,BLR,BOM-BLR,BOM,BLR,Air India,Air India,AI 591,8:45 PM,10:45 PM,120,2 hr,Economy,7411.0,,,True,27bd2f2036d3
SCR_GF_1789021395_025,2026-09-10 11:53:09,2026-09-17,7,google_flights,BOM,BLR,BOM-BLR,BOM,BLR,Air India,Air India,AI 608,7:55 AM,10:05 AM,130,2 hr 10 min,Economy,7468.0,,,True,996ff07cadec
SCR_GF_1789021395_026,2026-09-10 11:53:09,2026-09-17,7,google_flights,BOM,BLR,BOM-BLR,BOM,BLR,Air India,Air India,AI 625,6:30 PM,8:35 PM,125,2 hr 5 min,Economy,7468.0,,,True,c4e011efc514
SCR_GF_1789021395_027,2026-09-10 11:53:09,2026-09-17,7,google_flights,BOM,BLR,BOM-BLR,BOM,BLR,Akasa Air,Akasa Air,QP 642,5:30 AM,7:25 AM,115,1 hr 55 min,Economy,7549.0,,,True,8ce9180e94ba
SCR_GF_1789021395_028,2026-09-10 11:53:09,2026-09-17,7,google_flights,BOM,BLR,BOM-BLR,BOM,BLR,IndiGo,IndiGo,6E 659,8:05 AM,9:55 AM,110,1 hr 50 min,Economy,7587.0,,,True,5d90381c074f
SCR_GF_1789021395_029,2026-09-10 11:53:09,2026-09-17,7,google_flights,BOM,BLR,BOM-BLR,BOM,BLR,Air India,Air India,AI 676,5:30 PM,7:35 PM,125,2 hr 5 min,Economy,7678.0,,,True,33bcc77f4c26
SCR_GF_1789021395_030,2026-09-10 11:53:09,2026-09-17,7,google_flights,BOM,BLR,BOM-BLR,BOM,BLR,Akasa Air,Akasa Air,QP 693,7:35 AM,9:35 AM,120,2 hr,Economy,8157.0,,,True,066968877b79
SCR_GF_1789021395_031,2026-09-10 11:53:09,2026-09-17,7,google_flights,BOM,BLR,BOM-BLR,BOM,BLR,IndiGo,IndiGo,6E 710,7:55 PM,9:45 PM,110,1 hr 50 min,Economy,8427.0,,,True,14a9a6c4fe02
SCR_GF_1789021395_032,2026-09-10 11:53:09,2026-09-17,7,google_flights,BOM,BLR,BOM-BLR,BOM,BLR,Akasa Air,Akasa Air,QP 727,7:40 PM,9:45 PM,125,2 hr 5 min,Economy,10341.0,,,True,e20752344a1c
SCR_GF_1789021395_033,2026-09-10 11:53:09,2026-09-17,7,google_flights,BOM,BLR,BOM-BLR,BOM,BLR,IndiGo,IndiGo,6E 744,2:05,4:10,125,2 hr 5 min,Economy,4948.0,,,True,71c5ed1402e2
SCR_GF_1789021395_034,2026-09-10 11:53:09,2026-09-17,7,google_flights,BOM,BLR,BOM-BLR,BOM,BLR,IndiGo,IndiGo,6E 761,1:10,3:05,115,1 hr 55 min,Economy,5325.0,,,True,cc0ba4cf4660
SCR_GF_1789021395_035,2026-09-10 11:53:09,2026-09-17,7,google_flights,BOM,BLR,BOM-BLR,BOM,BLR,IndiGo,IndiGo,6E 778,12:35,2:25,110,1 hr 50 min,Economy,6023.0,,,True,bf1cdb1a2992
SCR_GF_1789021395_037,2026-09-10 11:53:09,2026-09-17,7,google_flights,BOM,BLR,BOM-BLR,BOM,BLR,IndiGo,IndiGo,6E 812,4:30,6:25,115,1 hr 55 min,Economy,6201.0,,,True,2abd479c8af9
SCR_GF_1789021395_038,2026-09-10 11:53:09,2026-09-17,7,google_flights,BOM,BLR,BOM-BLR,BOM,BLR,IndiGo,IndiGo,6E 829,6:25,8:20,115,1 hr 55 min,Economy,6487.0,,,True,1493563d1d3e
SCR_GF_1789021395_039,2026-09-10 11:53:09,2026-09-17,7,google_flights,BOM,BLR,BOM-BLR,BOM,BLR,IndiGo,IndiGo,6E 846,11:30,1:35,125,2 hr 5 min,Economy,6623.0,,,True,5451bb9a52db
SCR_GF_1789021395_040,2026-09-10 11:53:09,2026-09-17,7,google_flights,BOM,BLR,BOM-BLR,BOM,BLR,IndiGo,IndiGo,6E 863,6:30,8:25,115,1 hr 55 min,Economy,6957.0,,,True,31ef8174ccf5
SCR_GF_1789021395_041,2026-09-10 11:53:09,2026-09-17,7,google_flights,BOM,BLR,BOM-BLR,BOM,BLR,IndiGo,IndiGo,6E 880,9:50,11:55,125,2 hr 5 min,Economy,6957.0,,,True,ef362df7cf2d
SCR_GF_1789021395_042,2026-09-10 11:53:09,2026-09-17,7,google_flights,BOM,BLR,BOM-BLR,BOM,BLR,IndiGo,IndiGo,6E 897,11:00,12:55,115,1 hr 55 min,Economy,6957.0,,,True,3011f09949de
SCR_GF_1789021395_043,2026-09-10 11:53:09,2026-09-17,7,google_flights,BOM,BLR,BOM-BLR,BOM,BLR,IndiGo,IndiGo,6E 914,2:30,4:25,115,1 hr 55 min,Economy,6957.0,,,True,006db4b36755
SCR_GF_1789021395_044,2026-09-10 11:53:09,2026-09-17,7,google_flights,BOM,BLR,BOM-BLR,BOM,BLR,IndiGo,IndiGo,6E 931,3:35,5:25,110,1 hr 50 min,Economy,6957.0,,,True,879505d777d7
SCR_GF_1789021395_045,2026-09-10 11:53:09,2026-09-17,7,google_flights,BOM,BLR,BOM-BLR,BOM,BLR,IndiGo,IndiGo,6E 948,5:00,6:55,115,1 hr 55 min,Economy,6957.0,,,True,68ca95c74d67
SCR_GF_1789021395_046,2026-09-10 11:53:09,2026-09-17,7,google_flights,BOM,BLR,BOM-BLR,BOM,BLR,IndiGo,IndiGo,6E 965,6:30,8:25,115,1 hr 55 min,Economy,6957.0,,,True,31ef8174ccf5
SCR_GF_1789021395_047,2026-09-10 11:53:09,2026-09-17,7,google_flights,BOM,BLR,BOM-BLR,BOM,BLR,IndiGo,IndiGo,6E 982,9:30,11:25,115,1 hr 55 min,Economy,6957.0,,,True,1ad24f4a7693
SCR_GF_1789021395_048,2026-09-10 11:53:09,2026-09-17,7,google_flights,BOM,BLR,BOM-BLR,BOM,BLR,IndiGo,IndiGo,6E 999,10:20,12:20,120,2 hr,Economy,6957.0,,,True,481ceea116e7
SCR_GF_1789021395_049,2026-09-10 11:53:09,2026-09-17,7,google_flights,BOM,BLR,BOM-BLR,BOM,BLR,IndiGo,IndiGo,6E 216,12:00,2:05,125,2 hr 5 min,Economy,7117.0,,,True,97737dc87308
SCR_GF_1789021395_050,2026-09-10 11:53:09,2026-09-17,7,google_flights,BOM,BLR,BOM-BLR,BOM,BLR,IndiGo,IndiGo,6E 233,3:25,5:35,130,2 hr 10 min,Economy,7117.0,,,True,b8dbbcab40e2
SCR_GF_1789021395_051,2026-09-10 11:53:09,2026-09-17,7,google_flights,BOM,BLR,BOM-BLR,BOM,BLR,IndiGo,IndiGo,6E 250,7:45,9:50,125,2 hr 5 min,Economy,7117.0,,,True,8ac319289491
SCR_GF_1789021395_052,2026-09-10 11:53:09,2026-09-17,7,google_flights,BOM,BLR,BOM-BLR,BOM,BLR,IndiGo,IndiGo,6E 267,9:45,11:45,120,2 hr,Economy,7264.0,,,True,79b04213b112
SCR_GF_1789021395_053,2026-09-10 11:53:09,2026-09-17,7,google_flights,BOM,BLR,BOM-BLR,BOM,BLR,IndiGo,IndiGo,6E 284,12:30,2:25,115,1 hr 55 min,Economy,7272.0,,,True,250cb8105fc9
SCR_GF_1789021395_054,2026-09-10 11:53:09,2026-09-17,7,google_flights,BOM,BLR,BOM-BLR,BOM,BLR,IndiGo,IndiGo,6E 301,6:35,8:35,120,2 hr,Economy,7353.0,,,True,e95b69b34ae1
SCR_GF_1789021395_055,2026-09-10 11:53:09,2026-09-17,7,google_flights,BOM,BLR,BOM-BLR,BOM,BLR,IndiGo,IndiGo,6E 318,10:00,12:05,125,2 hr 5 min,Economy,7353.0,,,True,e5392c7ae3b6
SCR_GF_1789021395_056,2026-09-10 11:53:09,2026-09-17,7,google_flights,BOM,BLR,BOM-BLR,BOM,BLR,IndiGo,IndiGo,6E 335,8:45,10:45,120,2 hr,Economy,7411.0,,,True,42bc206e5cc7
SCR_GF_1789021395_057,2026-09-10 11:53:09,2026-09-17,7,google_flights,BOM,BLR,BOM-BLR,BOM,BLR,IndiGo,IndiGo,6E 352,7:55,10:05,130,2 hr 10 min,Economy,7468.0,,,True,af8b7cdd9b5f
SCR_GF_1789021395_058,2026-09-10 11:53:09,2026-09-17,7,google_flights,BOM,BLR,BOM-BLR,BOM,BLR,IndiGo,IndiGo,6E 369,6:30,8:35,125,2 hr 5 min,Economy,7468.0,,,True,b98e34391273
SCR_GF_1789021395_059,2026-09-10 11:53:09,2026-09-17,7,google_flights,BOM,BLR,BOM-BLR,BOM,BLR,IndiGo,IndiGo,6E 386,5:30,7:25,115,1 hr 55 min,Economy,7549.0,,,True,0d8f1b56008d
SCR_GF_1789021396_060,2026-09-10 11:53:09,2026-09-17,7,google_flights,BOM,BLR,BOM-BLR,BOM,BLR,IndiGo,IndiGo,6E 403,8:05,9:55,110,1 hr 50 min,Economy,7587.0,,,True,ec2eb52041fb
SCR_GF_1789021396_061,2026-09-10 11:53:09,2026-09-17,7,google_flights,BOM,BLR,BOM-BLR,BOM,BLR,IndiGo,IndiGo,6E 420,5:30,7:35,125,2 hr 5 min,Economy,7678.0,,,True,c8bfd5e5d1c0
SCR_GF_1789021396_062,2026-09-10 11:53:09,2026-09-17,7,google_flights,BOM,BLR,BOM-BLR,BOM,BLR,IndiGo,IndiGo,6E 437,7:35,9:35,120,2 hr,Economy,8157.0,,,True,42837eb20244
SCR_GF_1789021396_063,2026-09-10 11:53:09,2026-09-17,7,google_flights,BOM,BLR,BOM-BLR,BOM,BLR,IndiGo,IndiGo,6E 454,7:55,9:45,110,1 hr 50 min,Economy,8427.0,,,True,bf71b967d523
SCR_GF_1789021396_064,2026-09-10 11:53:09,2026-09-17,7,google_flights,BOM,BLR,BOM-BLR,BOM,BLR,IndiGo,IndiGo,6E 471,7:40,9:45,125,2 hr 5 min,Economy,10341.0,,,True,ccfd1b7e6630
SCR_GF_1789021401_001,2026-09-10 11:53:16,2026-09-25,15,google_flights,BOM,BLR,BOM-BLR,BOM,BLR,IndiGo,IndiGo,6E 200,1:10 AM,3:05 AM,115,1 hr 55 min,Economy,4945.0,,,True,ee6e355b3010
SCR_GF_1789021401_002,2026-09-10 11:53:16,2026-09-25,15,google_flights,BOM,BLR,BOM-BLR,BOM,BLR,IndiGo,IndiGo,6E 217,4:30 AM,6:25 AM,115,1 hr 55 min,Economy,4945.0,,,True,c249212cea5a
SCR_GF_1789021401_003,2026-09-10 11:53:16,2026-09-25,15,google_flights,BOM,BLR,BOM-BLR,BOM,BLR,Air India,Air India,AI 234,2:05 AM,4:10 AM,125,2 hr 5 min,Economy,4948.0,,,True,932c97f47abd
SCR_GF_1789021401_004,2026-09-10 11:53:16,2026-09-25,15,google_flights,BOM,BLR,BOM-BLR,BOM,BLR,Air India,Air India,AI 251,11:40 PM,1:40 AM,120,2 hr,Economy,4948.0,,,True,4f8f0a6c9694
SCR_GF_1789021401_005,2026-09-10 11:53:16,2026-09-25,15,google_flights,BOM,BLR,BOM-BLR,BOM,BLR,Akasa Air,Akasa Air,QP 268,12:35 AM,2:25 AM,110,1 hr 50 min,Economy,5400.0,,,True,acf7183e5444
SCR_GF_1789021401_006,2026-09-10 11:53:16,2026-09-25,15,google_flights,BOM,BLR,BOM-BLR,BOM,BLR,Akasa Air,Akasa Air,QP 285,11:10 PM,1:05 AM,115,1 hr 55 min,Economy,6487.0,,,True,78bd612ed3a0
SCR_GF_1789021401_007,2026-09-10 11:53:16,2026-09-25,15,google_flights,BOM,BLR,BOM-BLR,BOM,BLR,Air India,Air India,AI 302,11:30 PM,1:35 AM,125,2 hr 5 min,Economy,6728.0,,,True,cfe8807e957e
SCR_GF_1789021401_008,2026-09-10 11:53:16,2026-09-25,15,google_flights,BOM,BLR,BOM-BLR,BOM,BLR,IndiGo,IndiGo,6E 319,8:05 AM,9:55 AM,110,1 hr 50 min,Economy,6957.0,,,True,adeaf69f9859
SCR_GF_1789021401_009,2026-09-10 11:53:16,2026-09-25,15,google_flights,BOM,BLR,BOM-BLR,BOM,BLR,IndiGo,IndiGo,6E 336,10:20 PM,12:20 AM,120,2 hr,Economy,6957.0,,,True,142abba3345d
SCR_GF_1789021401_010,2026-09-10 11:53:16,2026-09-25,15,google_flights,BOM,BLR,BOM-BLR,BOM,BLR,IndiGo,IndiGo,6E 353,6:30 AM,8:25 AM,115,1 hr 55 min,Economy,7272.0,,,True,f7f36ba57612
SCR_GF_1789021402_011,2026-09-10 11:53:16,2026-09-25,15,google_flights,BOM,BLR,BOM-BLR,BOM,BLR,IndiGo,IndiGo,6E 370,11:00 AM,12:55 PM,115,1 hr 55 min,Economy,7272.0,,,True,bc418efbbe14
SCR_GF_1789021402_012,2026-09-10 11:53:16,2026-09-25,15,google_flights,BOM,BLR,BOM-BLR,BOM,BLR,IndiGo,IndiGo,6E 387,12:30 PM,2:25 PM,115,1 hr 55 min,Economy,7272.0,,,True,89e441666af4
SCR_GF_1789021402_013,2026-09-10 11:53:16,2026-09-25,15,google_flights,BOM,BLR,BOM-BLR,BOM,BLR,IndiGo,IndiGo,6E 404,2:30 PM,4:25 PM,115,1 hr 55 min,Economy,7272.0,,,True,72e6cb689ce8
SCR_GF_1789021402_014,2026-09-10 11:53:16,2026-09-25,15,google_flights,BOM,BLR,BOM-BLR,BOM,BLR,IndiGo,IndiGo,6E 421,9:30 PM,11:25 PM,115,1 hr 55 min,Economy,7272.0,,,True,d9362fc92608
SCR_GF_1789021402_015,2026-09-10 11:53:16,2026-09-25,15,google_flights,BOM,BLR,BOM-BLR,BOM,BLR,Air India,Air India,AI 438,6:35 AM,8:35 AM,120,2 hr,Economy,7432.0,,,True,6b27343baa76
SCR_GF_1789021402_016,2026-09-10 11:53:16,2026-09-25,15,google_flights,BOM,BLR,BOM-BLR,BOM,BLR,Air India,Air India,AI 455,12:00 PM,2:05 PM,125,2 hr 5 min,Economy,7432.0,,,True,3ee984e913a8
SCR_GF_1789021402_017,2026-09-10 11:53:16,2026-09-25,15,google_flights,BOM,BLR,BOM-BLR,BOM,BLR,Air India,Air India,AI 472,7:55 AM,10:05 AM,130,2 hr 10 min,Economy,7468.0,,,True,5029cce24a3a
SCR_GF_1789021402_018,2026-09-10 11:53:16,2026-09-25,15,google_flights,BOM,BLR,BOM-BLR,BOM,BLR,Akasa Air,Akasa Air,QP 489,7:35 AM,9:35 AM,120,2 hr,Economy,7549.0,,,True,7ffc73bbc9dc
SCR_GF_1789021402_019,2026-09-10 11:53:16,2026-09-25,15,google_flights,BOM,BLR,BOM-BLR,BOM,BLR,IndiGo,IndiGo,6E 506,9:50 AM,11:55 AM,125,2 hr 5 min,Economy,7587.0,,,True,3dfc06632e2a
SCR_GF_1789021402_020,2026-09-10 11:53:16,2026-09-25,15,google_flights,BOM,BLR,BOM-BLR,BOM,BLR,Air India,Air India,AI 523,10:00 AM,12:05 PM,125,2 hr 5 min,Economy,7678.0,,,True,052dd8c09549
SCR_GF_1789021402_021,2026-09-10 11:53:16,2026-09-25,15,google_flights,BOM,BLR,BOM-BLR,BOM,BLR,Akasa Air,Akasa Air,QP 540,9:45 PM,11:45 PM,120,2 hr,Economy,7845.0,,,True,8757ac56f975
SCR_GF_1789021402_022,2026-09-10 11:53:16,2026-09-25,15,google_flights,BOM,BLR,BOM-BLR,BOM,BLR,IndiGo,IndiGo,6E 557,5:00 PM,6:55 PM,115,1 hr 55 min,Economy,8007.0,,,True,0fccc371dc60
SCR_GF_1789021402_023,2026-09-10 11:53:16,2026-09-25,15,google_flights,BOM,BLR,BOM-BLR,BOM,BLR,IndiGo,IndiGo,6E 574,6:30 PM,8:25 PM,115,1 hr 55 min,Economy,8007.0,,,True,0555069ac788
SCR_GF_1789021402_024,2026-09-10 11:53:16,2026-09-25,15,google_flights,BOM,BLR,BOM-BLR,BOM,BLR,IndiGo,IndiGo,6E 591,7:55 PM,9:45 PM,110,1 hr 50 min,Economy,8007.0,,,True,0ca3bda6d3e0
SCR_GF_1789021402_025,2026-09-10 11:53:16,2026-09-25,15,google_flights,BOM,BLR,BOM-BLR,BOM,BLR,Air India,Air India,AI 608,7:45 PM,9:50 PM,125,2 hr 5 min,Economy,8072.0,,,True,30e7e45e78c9
SCR_GF_1789021402_026,2026-09-10 11:53:16,2026-09-25,15,google_flights,BOM,BLR,BOM-BLR,BOM,BLR,Air India,Air India,AI 625,8:45 PM,10:45 PM,120,2 hr,Economy,8072.0,,,True,22a0282ffac0
SCR_GF_1789021402_027,2026-09-10 11:53:16,2026-09-25,15,google_flights,BOM,BLR,BOM-BLR,BOM,BLR,Air India,Air India,AI 642,6:30 PM,8:35 PM,125,2 hr 5 min,Economy,8140.0,,,True,3af6b4cab0cc
SCR_GF_1789021402_028,2026-09-10 11:53:16,2026-09-25,15,google_flights,BOM,BLR,BOM-BLR,BOM,BLR,Akasa Air,Akasa Air,QP 659,6:25 PM,8:20 PM,115,1 hr 55 min,Economy,8157.0,,,True,a0ccd39b43b9
SCR_GF_1789021402_029,2026-09-10 11:53:16,2026-09-25,15,google_flights,BOM,BLR,BOM-BLR,BOM,BLR,IndiGo,IndiGo,6E 676,3:35 PM,5:25 PM,110,1 hr 50 min,Economy,8427.0,,,True,497f678a44f5
SCR_GF_1789021402_030,2026-09-10 11:53:16,2026-09-25,15,google_flights,BOM,BLR,BOM-BLR,BOM,BLR,Air India,Air India,AI 693,5:30 PM,7:35 PM,125,2 hr 5 min,Economy,8445.0,,,True,7bab3a50f69b
SCR_GF_1789021402_031,2026-09-10 11:53:16,2026-09-25,15,google_flights,BOM,BLR,BOM-BLR,BOM,BLR,Akasa Air,Akasa Air,QP 710,7:40 PM,9:45 PM,125,2 hr 5 min,Economy,8480.0,,,True,c5458aeac2e6
SCR_GF_1789021402_032,2026-09-10 11:53:16,2026-09-25,15,google_flights,BOM,BLR,BOM-BLR,BOM,BLR,Air India,Air India,AI 727,3:25 PM,5:35 PM,130,2 hr 10 min,Economy,8587.0,,,True,dbe414faef1b
SCR_GF_1789021402_033,2026-09-10 11:53:16,2026-09-25,15,google_flights,BOM,BLR,BOM-BLR,BOM,BLR,IndiGo,IndiGo,6E 744,1:10,3:05,115,1 hr 55 min,Economy,4945.0,,,True,7eaf06e4a444
SCR_GF_1789021402_034,2026-09-10 11:53:16,2026-09-25,15,google_flights,BOM,BLR,BOM-BLR,BOM,BLR,IndiGo,IndiGo,6E 761,4:30,6:25,115,1 hr 55 min,Economy,4945.0,,,True,c9feb0e7abc4
SCR_GF_1789021402_035,2026-09-10 11:53:16,2026-09-25,15,google_flights,BOM,BLR,BOM-BLR,BOM,BLR,IndiGo,IndiGo,6E 778,2:05,4:10,125,2 hr 5 min,Economy,4948.0,,,True,603e6bc6d56d
SCR_GF_1789021402_036,2026-09-10 11:53:16,2026-09-25,15,google_flights,BOM,BLR,BOM-BLR,BOM,BLR,IndiGo,IndiGo,6E 795,11:40,1:40,120,2 hr,Economy,4948.0,,,True,346912e2103f
SCR_GF_1789021402_037,2026-09-10 11:53:16,2026-09-25,15,google_flights,BOM,BLR,BOM-BLR,BOM,BLR,IndiGo,IndiGo,6E 812,12:35,2:25,110,1 hr 50 min,Economy,5400.0,,,True,9c89a3b6d7dc
SCR_GF_1789021402_038,2026-09-10 11:53:16,2026-09-25,15,google_flights,BOM,BLR,BOM-BLR,BOM,BLR,IndiGo,IndiGo,6E 829,11:10,1:05,115,1 hr 55 min,Economy,6487.0,,,True,3bb1ad34ef9b
SCR_GF_1789021402_039,2026-09-10 11:53:16,2026-09-25,15,google_flights,BOM,BLR,BOM-BLR,BOM,BLR,IndiGo,IndiGo,6E 846,11:30,1:35,125,2 hr 5 min,Economy,6728.0,,,True,8f194fe06989
SCR_GF_1789021402_040,2026-09-10 11:53:16,2026-09-25,15,google_flights,BOM,BLR,BOM-BLR,BOM,BLR,IndiGo,IndiGo,6E 863,8:05,9:55,110,1 hr 50 min,Economy,6957.0,,,True,97d5743f5269
SCR_GF_1789021402_041,2026-09-10 11:53:16,2026-09-25,15,google_flights,BOM,BLR,BOM-BLR,BOM,BLR,IndiGo,IndiGo,6E 880,10:20,12:20,120,2 hr,Economy,6957.0,,,True,f56f5c253a46
SCR_GF_1789021402_042,2026-09-10 11:53:16,2026-09-25,15,google_flights,BOM,BLR,BOM-BLR,BOM,BLR,IndiGo,IndiGo,6E 897,6:30,8:25,115,1 hr 55 min,Economy,7272.0,,,True,4d9ef9520188
SCR_GF_1789021402_043,2026-09-10 11:53:16,2026-09-25,15,google_flights,BOM,BLR,BOM-BLR,BOM,BLR,IndiGo,IndiGo,6E 914,11:00,12:55,115,1 hr 55 min,Economy,7272.0,,,True,05d858a5a370
SCR_GF_1789021402_044,2026-09-10 11:53:16,2026-09-25,15,google_flights,BOM,BLR,BOM-BLR,BOM,BLR,IndiGo,IndiGo,6E 931,12:30,2:25,115,1 hr 55 min,Economy,7272.0,,,True,d1d9c9469bf0
SCR_GF_1789021402_045,2026-09-10 11:53:16,2026-09-25,15,google_flights,BOM,BLR,BOM-BLR,BOM,BLR,IndiGo,IndiGo,6E 948,2:30,4:25,115,1 hr 55 min,Economy,7272.0,,,True,7908da775512
SCR_GF_1789021402_046,2026-09-10 11:53:16,2026-09-25,15,google_flights,BOM,BLR,BOM-BLR,BOM,BLR,IndiGo,IndiGo,6E 965,9:30,11:25,115,1 hr 55 min,Economy,7272.0,,,True,7b927df9f8b3
SCR_GF_1789021402_047,2026-09-10 11:53:16,2026-09-25,15,google_flights,BOM,BLR,BOM-BLR,BOM,BLR,IndiGo,IndiGo,6E 982,6:35,8:35,120,2 hr,Economy,7432.0,,,True,ab10baa07de9
SCR_GF_1789021402_048,2026-09-10 11:53:16,2026-09-25,15,google_flights,BOM,BLR,BOM-BLR,BOM,BLR,IndiGo,IndiGo,6E 999,12:00,2:05,125,2 hr 5 min,Economy,7432.0,,,True,bfa43fd95da3
SCR_GF_1789021402_049,2026-09-10 11:53:16,2026-09-25,15,google_flights,BOM,BLR,BOM-BLR,BOM,BLR,IndiGo,IndiGo,6E 216,7:55,10:05,130,2 hr 10 min,Economy,7468.0,,,True,1b0286956432
SCR_GF_1789021402_050,2026-09-10 11:53:16,2026-09-25,15,google_flights,BOM,BLR,BOM-BLR,BOM,BLR,IndiGo,IndiGo,6E 233,7:35,9:35,120,2 hr,Economy,7549.0,,,True,8da45ba7e7c1
SCR_GF_1789021402_051,2026-09-10 11:53:16,2026-09-25,15,google_flights,BOM,BLR,BOM-BLR,BOM,BLR,IndiGo,IndiGo,6E 250,9:50,11:55,125,2 hr 5 min,Economy,7587.0,,,True,c989195070cb
SCR_GF_1789021402_052,2026-09-10 11:53:16,2026-09-25,15,google_flights,BOM,BLR,BOM-BLR,BOM,BLR,IndiGo,IndiGo,6E 267,10:00,12:05,125,2 hr 5 min,Economy,7678.0,,,True,47c020a349ef
SCR_GF_1789021402_053,2026-09-10 11:53:16,2026-09-25,15,google_flights,BOM,BLR,BOM-BLR,BOM,BLR,IndiGo,IndiGo,6E 284,9:45,11:45,120,2 hr,Economy,7845.0,,,True,72a66ecd3be2
SCR_GF_1789021402_054,2026-09-10 11:53:16,2026-09-25,15,google_flights,BOM,BLR,BOM-BLR,BOM,BLR,IndiGo,IndiGo,6E 301,5:00,6:55,115,1 hr 55 min,Economy,8007.0,,,True,dd93db8b9109
SCR_GF_1789021402_055,2026-09-10 11:53:16,2026-09-25,15,google_flights,BOM,BLR,BOM-BLR,BOM,BLR,IndiGo,IndiGo,6E 318,6:30,8:25,115,1 hr 55 min,Economy,8007.0,,,True,5935b26bcda4
SCR_GF_1789021402_056,2026-09-10 11:53:16,2026-09-25,15,google_flights,BOM,BLR,BOM-BLR,BOM,BLR,IndiGo,IndiGo,6E 335,7:55,9:45,110,1 hr 50 min,Economy,8007.0,,,True,cb82d62eb7a4
SCR_GF_1789021402_057,2026-09-10 11:53:16,2026-09-25,15,google_flights,BOM,BLR,BOM-BLR,BOM,BLR,IndiGo,IndiGo,6E 352,7:45,9:50,125,2 hr 5 min,Economy,8072.0,,,True,3409e7a80660
SCR_GF_1789021403_058,2026-09-10 11:53:16,2026-09-25,15,google_flights,BOM,BLR,BOM-BLR,BOM,BLR,IndiGo,IndiGo,6E 369,8:45,10:45,120,2 hr,Economy,8072.0,,,True,1a88d976913e
SCR_GF_1789021403_059,2026-09-10 11:53:16,2026-09-25,15,google_flights,BOM,BLR,BOM-BLR,BOM,BLR,IndiGo,IndiGo,6E 386,6:30,8:35,125,2 hr 5 min,Economy,8140.0,,,True,08ad798e2431
SCR_GF_1789021403_060,2026-09-10 11:53:16,2026-09-25,15,google_flights,BOM,BLR,BOM-BLR,BOM,BLR,IndiGo,IndiGo,6E 403,6:25,8:20,115,1 hr 55 min,Economy,8157.0,,,True,8be2aa6b0e54
SCR_GF_1789021403_061,2026-09-10 11:53:16,2026-09-25,15,google_flights,BOM,BLR,BOM-BLR,BOM,BLR,IndiGo,IndiGo,6E 420,3:35,5:25,110,1 hr 50 min,Economy,8427.0,,,True,d70e3d15aff5
SCR_GF_1789021403_062,2026-09-10 11:53:16,2026-09-25,15,google_flights,BOM,BLR,BOM-BLR,BOM,BLR,IndiGo,IndiGo,6E 437,5:30,7:35,125,2 hr 5 min,Economy,8445.0,,,True,57d8cbc9b5f6
SCR_GF_1789021403_063,2026-09-10 11:53:16,2026-09-25,15,google_flights,BOM,BLR,BOM-BLR,BOM,BLR,IndiGo,IndiGo,6E 454,7:40,9:45,125,2 hr 5 min,Economy,8480.0,,,True,46cadf993ad8
SCR_GF_1789021403_064,2026-09-10 11:53:16,2026-09-25,15,google_flights,BOM,BLR,BOM-BLR,BOM,BLR,IndiGo,IndiGo,6E 471,3:25,5:35,130,2 hr 10 min,Economy,8587.0,,,True,399fb3bc75d6
SCR_GF_1789021408_001,2026-09-10 11:53:23,2026-09-11,1,google_flights,DEL,BLR,DEL-BLR,DEL,BLR,IndiGo,IndiGo,6E 200,8:20 AM,11:10 AM,170,2 hr 50 min,Economy,8724.0,,,True,1d7789b2306c
SCR_GF_1789021408_002,2026-09-10 11:53:23,2026-09-11,1,google_flights,DEL,BLR,DEL-BLR,DEL,BLR,Air India,Air India,AI 217,8:30 AM,11:20 AM,170,2 hr 50 min,Economy,8883.0,,,True,199d28639243
SCR_GF_1789021408_003,2026-09-10 11:53:23,2026-09-11,1,google_flights,DEL,BLR,DEL-BLR,DEL,BLR,Akasa Air,Akasa Air,QP 234,10:55 PM,1:45 AM,170,2 hr 50 min,Economy,9678.0,,,True,532aa8fc6100
SCR_GF_1789021408_004,2026-09-10 11:53:23,2026-09-11,1,google_flights,DEL,BLR,DEL-BLR,DEL,BLR,IndiGo,IndiGo,6E 251,5:55 AM,11:50 AM,355,5 hr 55 min,Economy,8386.0,,,False,e831be2082fe
SCR_GF_1789021408_005,2026-09-10 11:53:23,2026-09-11,1,google_flights,DEL,BLR,DEL-BLR,DEL,BLR,IndiGo,IndiGo,6E 268,7:45 PM,1:00 AM,315,5 hr 15 min,Economy,8465.0,,,False,826e8e129b00
SCR_GF_1789021408_006,2026-09-10 11:53:23,2026-09-11,1,google_flights,DEL,BLR,DEL-BLR,DEL,BLR,IndiGo,IndiGo,6E 285,7:05 AM,10:00 AM,175,2 hr 55 min,Economy,8724.0,,,True,bff040a6ff2c
SCR_GF_1789021408_007,2026-09-10 11:53:23,2026-09-11,1,google_flights,DEL,BLR,DEL-BLR,DEL,BLR,IndiGo,IndiGo,6E 302,9:30 AM,12:25 PM,175,2 hr 55 min,Economy,8724.0,,,True,5e5f568a1325
SCR_GF_1789021408_008,2026-09-10 11:53:23,2026-09-11,1,google_flights,DEL,BLR,DEL-BLR,DEL,BLR,IndiGo,IndiGo,6E 319,11:30 PM,2:25 AM,175,2 hr 55 min,Economy,8724.0,,,True,aa001ce52f5b
SCR_GF_1789021408_009,2026-09-10 11:53:23,2026-09-11,1,google_flights,DEL,BLR,DEL-BLR,DEL,BLR,Air India,Air India,AI 336,12:15 AM,3:10 AM,175,2 hr 55 min,Economy,8731.0,,,True,a458235da783
SCR_GF_1789021408_010,2026-09-10 11:53:23,2026-09-11,1,google_flights,DEL,BLR,DEL-BLR,DEL,BLR,Air India,Air India,AI 353,4:30 AM,7:20 AM,170,2 hr 50 min,Economy,8883.0,,,True,5714d5119e06
SCR_GF_1789021408_011,2026-09-10 11:53:23,2026-09-11,1,google_flights,DEL,BLR,DEL-BLR,DEL,BLR,Air India,Air India,AI 370,6:00 AM,8:55 AM,175,2 hr 55 min,Economy,8883.0,,,True,9e97e59a336a
SCR_GF_1789021408_012,2026-09-10 11:53:23,2026-09-11,1,google_flights,DEL,BLR,DEL-BLR,DEL,BLR,Air India,Air India,AI 387,6:30 AM,9:25 AM,175,2 hr 55 min,Economy,8883.0,,,True,df5a3e454784
SCR_GF_1789021408_013,2026-09-10 11:53:23,2026-09-11,1,google_flights,DEL,BLR,DEL-BLR,DEL,BLR,Air India,Air India,AI 404,7:00 AM,9:55 AM,175,2 hr 55 min,Economy,8883.0,,,True,47e74d79b997
SCR_GF_1789021408_014,2026-09-10 11:53:23,2026-09-11,1,google_flights,DEL,BLR,DEL-BLR,DEL,BLR,IndiGo,IndiGo,6E 421,5:45 AM,8:40 AM,175,2 hr 55 min,Economy,9181.0,,,True,ce4c161d5a4a
SCR_GF_1789021408_015,2026-09-10 11:53:23,2026-09-11,1,google_flights,DEL,BLR,DEL-BLR,DEL,BLR,IndiGo,IndiGo,6E 438,10:45 AM,1:40 PM,175,2 hr 55 min,Economy,9181.0,,,True,43698a3143aa
SCR_GF_1789021408_016,2026-09-10 11:53:23,2026-09-11,1,google_flights,DEL,BLR,DEL-BLR,DEL,BLR,IndiGo,IndiGo,6E 455,1:15 PM,4:10 PM,175,2 hr 55 min,Economy,9181.0,,,True,9e0ee9ef88a4
SCR_GF_1789021408_017,2026-09-10 11:53:23,2026-09-11,1,google_flights,DEL,BLR,DEL-BLR,DEL,BLR,Air India,Air India,AI 472,9:30 AM,12:25 PM,175,2 hr 55 min,Economy,9340.0,,,True,911714292194
SCR_GF_1789021408_018,2026-09-10 11:53:23,2026-09-11,1,google_flights,DEL,BLR,DEL-BLR,DEL,BLR,IndiGo,IndiGo,6E 489,3:45 PM,6:40 PM,175,2 hr 55 min,Economy,9666.0,,,True,e1d447d8e4ea
SCR_GF_1789021409_019,2026-09-10 11:53:23,2026-09-11,1,google_flights,DEL,BLR,DEL-BLR,DEL,BLR,IndiGo,IndiGo,6E 506,10:00 PM,12:55 AM,175,2 hr 55 min,Economy,9666.0,,,True,cb8ed3d9f05e
SCR_GF_1789021409_020,2026-09-10 11:53:23,2026-09-11,1,google_flights,DEL,BLR,DEL-BLR,DEL,BLR,Air India,Air India,AI 523,10:30 AM,1:20 PM,170,2 hr 50 min,Economy,9823.0,,,True,06c38cf6d62a
SCR_GF_1789021409_021,2026-09-10 11:53:23,2026-09-11,1,google_flights,DEL,BLR,DEL-BLR,DEL,BLR,Air India,Air India,AI 540,1:00 PM,3:55 PM,175,2 hr 55 min,Economy,9991.0,,,True,196e1b7f66e2
SCR_GF_1789021409_022,2026-09-10 11:53:23,2026-09-11,1,google_flights,DEL,BLR,DEL-BLR,DEL,BLR,IndiGo,IndiGo,6E 557,3:00 AM,5:55 AM,175,2 hr 55 min,Economy,10180.0,,,True,7fc0c0e3e889
SCR_GF_1789021409_023,2026-09-10 11:53:23,2026-09-11,1,google_flights,DEL,BLR,DEL-BLR,DEL,BLR,IndiGo,IndiGo,6E 574,12:20 PM,3:20 PM,180,3 hr,Economy,10180.0,,,True,63664d01587d
SCR_GF_1789021409_024,2026-09-10 11:53:23,2026-09-11,1,google_flights,DEL,BLR,DEL-BLR,DEL,BLR,IndiGo,IndiGo,6E 591,2:30 PM,5:25 PM,175,2 hr 55 min,Economy,10180.0,,,True,569236907401
SCR_GF_1789021409_025,2026-09-10 11:53:23,2026-09-11,1,google_flights,DEL,BLR,DEL-BLR,DEL,BLR,IndiGo,IndiGo,6E 608,5:00 PM,7:55 PM,175,2 hr 55 min,Economy,10180.0,,,True,76d089d46b9c
SCR_GF_1789021409_026,2026-09-10 11:53:23,2026-09-11,1,google_flights,DEL,BLR,DEL-BLR,DEL,BLR,Air India,Air India,AI 625,3:50 PM,6:45 PM,175,2 hr 55 min,Economy,10337.0,,,True,230f6dcddbeb
SCR_GF_1789021409_027,2026-09-10 11:53:23,2026-09-11,1,google_flights,DEL,BLR,DEL-BLR,DEL,BLR,Air India,Air India,AI 642,3:00 PM,5:55 PM,175,2 hr 55 min,Economy,10516.0,,,True,e0ea35a86aa0
SCR_GF_1789021409_028,2026-09-10 11:53:23,2026-09-11,1,google_flights,DEL,BLR,DEL-BLR,DEL,BLR,Akasa Air,Akasa Air,QP 659,9:55 PM,12:50 AM,175,2 hr 55 min,Economy,10581.0,,,True,9e7b6a54a901
SCR_GF_1789021409_029,2026-09-10 11:53:23,2026-09-11,1,google_flights,DEL,BLR,DEL-BLR,DEL,BLR,Akasa Air,Akasa Air,QP 676,4:40 PM,7:40 PM,180,3 hr,Economy,10771.0,,,True,5650c54c9443
SCR_GF_1789021409_030,2026-09-10 11:53:23,2026-09-11,1,google_flights,DEL,BLR,DEL-BLR,DEL,BLR,IndiGo,IndiGo,6E 693,6:20 PM,9:10 PM,170,2 hr 50 min,Economy,11309.0,,,True,d24a4ecc5359
SCR_GF_1789021409_031,2026-09-10 11:53:23,2026-09-11,1,google_flights,DEL,BLR,DEL-BLR,DEL,BLR,IndiGo,IndiGo,6E 710,8:45 PM,11:40 PM,175,2 hr 55 min,Economy,11309.0,,,True,e54c6b9d0e16
SCR_GF_1789021409_032,2026-09-10 11:53:23,2026-09-11,1,google_flights,DEL,BLR,DEL-BLR,DEL,BLR,Akasa Air,Akasa Air,QP 727,8:55 PM,11:50 PM,175,2 hr 55 min,Economy,11368.0,,,True,924667f898c9
SCR_GF_1789021409_033,2026-09-10 11:53:23,2026-09-11,1,google_flights,DEL,BLR,DEL-BLR,DEL,BLR,Air India,Air India,AI 744,4:30 PM,7:15 PM,165,2 hr 45 min,Economy,11466.0,,,True,e61e07529d44
SCR_GF_1789021409_034,2026-09-10 11:53:23,2026-09-11,1,google_flights,DEL,BLR,DEL-BLR,DEL,BLR,Air India,Air India,AI 761,6:20 PM,9:15 PM,175,2 hr 55 min,Economy,11505.0,,,True,101f78232968
SCR_GF_1789021409_035,2026-09-10 11:53:23,2026-09-11,1,google_flights,DEL,BLR,DEL-BLR,DEL,BLR,Akasa Air,Akasa Air,QP 778,8:10 PM,11:10 PM,180,3 hr,Economy,12004.0,,,True,b427fc9e4b9d
SCR_GF_1789021409_036,2026-09-10 11:53:23,2026-09-11,1,google_flights,DEL,BLR,DEL-BLR,DEL,BLR,Air India,Air India,AI 795,9:30 PM,12:25 AM,175,2 hr 55 min,Economy,12400.0,,,True,329c070e37d0
SCR_GF_1789021409_037,2026-09-10 11:53:23,2026-09-11,1,google_flights,DEL,BLR,DEL-BLR,DEL,BLR,IndiGo,IndiGo,6E 812,7:30 PM,10:25 PM,175,2 hr 55 min,Economy,12582.0,,,True,160b524f93b7
SCR_GF_1789021409_038,2026-09-10 11:53:23,2026-09-11,1,google_flights,DEL,BLR,DEL-BLR,DEL,BLR,Air India,Air India,AI 829,9:00 PM,11:55 PM,175,2 hr 55 min,Economy,12779.0,,,True,bf5e0a511d1e
SCR_GF_1789021409_039,2026-09-10 11:53:23,2026-09-11,1,google_flights,DEL,BLR,DEL-BLR,DEL,BLR,Air India,Air India,AI 846,7:00 PM,9:55 PM,175,2 hr 55 min,Economy,13398.0,,,True,6698c1201d7d
SCR_GF_1789021409_040,2026-09-10 11:53:23,2026-09-11,1,google_flights,DEL,BLR,DEL-BLR,DEL,BLR,Air India,Air India,AI 863,7:30 PM,10:20 PM,170,2 hr 50 min,Economy,13639.0,,,True,e6d1b65deda1
SCR_GF_1789021409_041,2026-09-10 11:53:23,2026-09-11,1,google_flights,DEL,BLR,DEL-BLR,DEL,BLR,Air India,Air India,AI 880,6:30 PM,9:25 PM,175,2 hr 55 min,Economy,15104.0,,,True,a0c84f61c08b
SCR_GF_1789021409_042,2026-09-10 11:53:23,2026-09-11,1,google_flights,DEL,BLR,DEL-BLR,DEL,BLR,IndiGo,IndiGo,6E 897,8:20,11:10,170,2 hr 50 min,Economy,8724.0,,,True,b35e356596f5
SCR_GF_1789021409_043,2026-09-10 11:53:23,2026-09-11,1,google_flights,DEL,BLR,DEL-BLR,DEL,BLR,IndiGo,IndiGo,6E 914,8:30,11:20,170,2 hr 50 min,Economy,8883.0,,,True,594c16bf8d89
SCR_GF_1789021409_044,2026-09-10 11:53:23,2026-09-11,1,google_flights,DEL,BLR,DEL-BLR,DEL,BLR,IndiGo,IndiGo,6E 931,10:55,1:45,170,2 hr 50 min,Economy,9678.0,,,True,fc229ac48ef3
SCR_GF_1789021409_045,2026-09-10 11:53:23,2026-09-11,1,google_flights,DEL,BLR,DEL-BLR,DEL,BLR,IndiGo,IndiGo,6E 948,5:55,11:50,355,5 hr 55 min,Economy,8386.0,,,False,71761e90f279
SCR_GF_1789021409_046,2026-09-10 11:53:23,2026-09-11,1,google_flights,DEL,BLR,DEL-BLR,DEL,BLR,IndiGo,IndiGo,6E 965,7:45,1:00,315,5 hr 15 min,Economy,8465.0,,,False,8851df384bd1
SCR_GF_1789021409_047,2026-09-10 11:53:23,2026-09-11,1,google_flights,DEL,BLR,DEL-BLR,DEL,BLR,IndiGo,IndiGo,6E 982,7:05,10:00,175,2 hr 55 min,Economy,8724.0,,,True,5f2ccb7d08eb
SCR_GF_1789021409_048,2026-09-10 11:53:23,2026-09-11,1,google_flights,DEL,BLR,DEL-BLR,DEL,BLR,IndiGo,IndiGo,6E 999,9:30,12:25,175,2 hr 55 min,Economy,8724.0,,,True,0fa728b6b22d
SCR_GF_1789021409_049,2026-09-10 11:53:23,2026-09-11,1,google_flights,DEL,BLR,DEL-BLR,DEL,BLR,IndiGo,IndiGo,6E 216,11:30,2:25,175,2 hr 55 min,Economy,8724.0,,,True,9430f596279d
SCR_GF_1789021409_050,2026-09-10 11:53:23,2026-09-11,1,google_flights,DEL,BLR,DEL-BLR,DEL,BLR,IndiGo,IndiGo,6E 233,12:15,3:10,175,2 hr 55 min,Economy,8731.0,,,True,68bb227278d8
SCR_GF_1789021409_051,2026-09-10 11:53:23,2026-09-11,1,google_flights,DEL,BLR,DEL-BLR,DEL,BLR,IndiGo,IndiGo,6E 250,4:30,7:20,170,2 hr 50 min,Economy,8883.0,,,True,1a5b1169dd26
SCR_GF_1789021409_052,2026-09-10 11:53:23,2026-09-11,1,google_flights,DEL,BLR,DEL-BLR,DEL,BLR,IndiGo,IndiGo,6E 267,6:00,8:55,175,2 hr 55 min,Economy,8883.0,,,True,7a63d44293b9
SCR_GF_1789021409_053,2026-09-10 11:53:23,2026-09-11,1,google_flights,DEL,BLR,DEL-BLR,DEL,BLR,IndiGo,IndiGo,6E 284,6:30,9:25,175,2 hr 55 min,Economy,8883.0,,,True,78b68f3c4fff
SCR_GF_1789021409_054,2026-09-10 11:53:23,2026-09-11,1,google_flights,DEL,BLR,DEL-BLR,DEL,BLR,IndiGo,IndiGo,6E 301,7:00,9:55,175,2 hr 55 min,Economy,8883.0,,,True,c47c2eb3aa52
SCR_GF_1789021409_055,2026-09-10 11:53:23,2026-09-11,1,google_flights,DEL,BLR,DEL-BLR,DEL,BLR,IndiGo,IndiGo,6E 318,5:45,8:40,175,2 hr 55 min,Economy,9181.0,,,True,e6409eaeda49
SCR_GF_1789021409_056,2026-09-10 11:53:23,2026-09-11,1,google_flights,DEL,BLR,DEL-BLR,DEL,BLR,IndiGo,IndiGo,6E 335,10:45,1:40,175,2 hr 55 min,Economy,9181.0,,,True,d8a32d09fd9b
SCR_GF_1789021409_057,2026-09-10 11:53:23,2026-09-11,1,google_flights,DEL,BLR,DEL-BLR,DEL,BLR,IndiGo,IndiGo,6E 352,1:15,4:10,175,2 hr 55 min,Economy,9181.0,,,True,55f1a3165ed3
SCR_GF_1789021409_058,2026-09-10 11:53:23,2026-09-11,1,google_flights,DEL,BLR,DEL-BLR,DEL,BLR,IndiGo,IndiGo,6E 369,9:30,12:25,175,2 hr 55 min,Economy,9340.0,,,True,9ee0f8e1d7e2
SCR_GF_1789021409_059,2026-09-10 11:53:23,2026-09-11,1,google_flights,DEL,BLR,DEL-BLR,DEL,BLR,IndiGo,IndiGo,6E 386,3:45,6:40,175,2 hr 55 min,Economy,9666.0,,,True,a57823d0dba3
SCR_GF_1789021409_060,2026-09-10 11:53:23,2026-09-11,1,google_flights,DEL,BLR,DEL-BLR,DEL,BLR,IndiGo,IndiGo,6E 403,10:00,12:55,175,2 hr 55 min,Economy,9666.0,,,True,275a62626163
SCR_GF_1789021409_061,2026-09-10 11:53:23,2026-09-11,1,google_flights,DEL,BLR,DEL-BLR,DEL,BLR,IndiGo,IndiGo,6E 420,10:30,1:20,170,2 hr 50 min,Economy,9823.0,,,True,a712b8f7d0c1
SCR_GF_1789021409_062,2026-09-10 11:53:23,2026-09-11,1,google_flights,DEL,BLR,DEL-BLR,DEL,BLR,IndiGo,IndiGo,6E 437,1:00,3:55,175,2 hr 55 min,Economy,9991.0,,,True,e9d927125c62
SCR_GF_1789021409_063,2026-09-10 11:53:23,2026-09-11,1,google_flights,DEL,BLR,DEL-BLR,DEL,BLR,IndiGo,IndiGo,6E 454,3:00,5:55,175,2 hr 55 min,Economy,10180.0,,,True,a5e4e3826c42
SCR_GF_1789021409_064,2026-09-10 11:53:23,2026-09-11,1,google_flights,DEL,BLR,DEL-BLR,DEL,BLR,IndiGo,IndiGo,6E 471,12:20,3:20,180,3 hr,Economy,10180.0,,,True,66283b1e4f10
SCR_GF_1789021409_065,2026-09-10 11:53:23,2026-09-11,1,google_flights,DEL,BLR,DEL-BLR,DEL,BLR,IndiGo,IndiGo,6E 488,2:30,5:25,175,2 hr 55 min,Economy,10180.0,,,True,2a5ca84f9793
SCR_GF_1789021409_066,2026-09-10 11:53:23,2026-09-11,1,google_flights,DEL,BLR,DEL-BLR,DEL,BLR,IndiGo,IndiGo,6E 505,5:00,7:55,175,2 hr 55 min,Economy,10180.0,,,True,bfeecd2327b1
SCR_GF_1789021409_067,2026-09-10 11:53:23,2026-09-11,1,google_flights,DEL,BLR,DEL-BLR,DEL,BLR,IndiGo,IndiGo,6E 522,3:50,6:45,175,2 hr 55 min,Economy,10337.0,,,True,4cc91711fb11
SCR_GF_1789021409_068,2026-09-10 11:53:23,2026-09-11,1,google_flights,DEL,BLR,DEL-BLR,DEL,BLR,IndiGo,IndiGo,6E 539,3:00,5:55,175,2 hr 55 min,Economy,10516.0,,,True,f708f7133be9
SCR_GF_1789021409_069,2026-09-10 11:53:23,2026-09-11,1,google_flights,DEL,BLR,DEL-BLR,DEL,BLR,IndiGo,IndiGo,6E 556,9:55,12:50,175,2 hr 55 min,Economy,10581.0,,,True,3e008cb67b34
SCR_GF_1789021409_070,2026-09-10 11:53:23,2026-09-11,1,google_flights,DEL,BLR,DEL-BLR,DEL,BLR,IndiGo,IndiGo,6E 573,4:40,7:40,180,3 hr,Economy,10771.0,,,True,76921c44bb24
SCR_GF_1789021410_071,2026-09-10 11:53:23,2026-09-11,1,google_flights,DEL,BLR,DEL-BLR,DEL,BLR,IndiGo,IndiGo,6E 590,6:20,9:10,170,2 hr 50 min,Economy,11309.0,,,True,c2e00ba29e2e
SCR_GF_1789021410_072,2026-09-10 11:53:23,2026-09-11,1,google_flights,DEL,BLR,DEL-BLR,DEL,BLR,IndiGo,IndiGo,6E 607,8:45,11:40,175,2 hr 55 min,Economy,11309.0,,,True,8eb8ef63b2b3
SCR_GF_1789021410_073,2026-09-10 11:53:23,2026-09-11,1,google_flights,DEL,BLR,DEL-BLR,DEL,BLR,IndiGo,IndiGo,6E 624,8:55,11:50,175,2 hr 55 min,Economy,11368.0,,,True,84d87bfd6a4b
SCR_GF_1789021410_074,2026-09-10 11:53:23,2026-09-11,1,google_flights,DEL,BLR,DEL-BLR,DEL,BLR,IndiGo,IndiGo,6E 641,4:30,7:15,165,2 hr 45 min,Economy,11466.0,,,True,09f0961aeb58
SCR_GF_1789021410_075,2026-09-10 11:53:23,2026-09-11,1,google_flights,DEL,BLR,DEL-BLR,DEL,BLR,IndiGo,IndiGo,6E 658,6:20,9:15,175,2 hr 55 min,Economy,11505.0,,,True,69471e5273e9
SCR_GF_1789021410_076,2026-09-10 11:53:23,2026-09-11,1,google_flights,DEL,BLR,DEL-BLR,DEL,BLR,IndiGo,IndiGo,6E 675,8:10,11:10,180,3 hr,Economy,12004.0,,,True,adb11b577f81
SCR_GF_1789021410_077,2026-09-10 11:53:23,2026-09-11,1,google_flights,DEL,BLR,DEL-BLR,DEL,BLR,IndiGo,IndiGo,6E 692,9:30,12:25,175,2 hr 55 min,Economy,12400.0,,,True,d192c36e3681
SCR_GF_1789021410_078,2026-09-10 11:53:23,2026-09-11,1,google_flights,DEL,BLR,DEL-BLR,DEL,BLR,IndiGo,IndiGo,6E 709,7:30,10:25,175,2 hr 55 min,Economy,12582.0,,,True,8ed32142751d
SCR_GF_1789021410_079,2026-09-10 11:53:23,2026-09-11,1,google_flights,DEL,BLR,DEL-BLR,DEL,BLR,IndiGo,IndiGo,6E 726,9:00,11:55,175,2 hr 55 min,Economy,12779.0,,,True,9dd0793e91aa
SCR_GF_1789021410_080,2026-09-10 11:53:23,2026-09-11,1,google_flights,DEL,BLR,DEL-BLR,DEL,BLR,IndiGo,IndiGo,6E 743,7:00,9:55,175,2 hr 55 min,Economy,13398.0,,,True,c2f8ccb5121c
SCR_GF_1789021410_081,2026-09-10 11:53:23,2026-09-11,1,google_flights,DEL,BLR,DEL-BLR,DEL,BLR,IndiGo,IndiGo,6E 760,7:30,10:20,170,2 hr 50 min,Economy,13639.0,,,True,0bb0ac580618
SCR_GF_1789021410_082,2026-09-10 11:53:23,2026-09-11,1,google_flights,DEL,BLR,DEL-BLR,DEL,BLR,IndiGo,IndiGo,6E 777,6:30,9:25,175,2 hr 55 min,Economy,15104.0,,,True,c14533a61cc4
SCR_GF_1789021416_001,2026-09-10 11:53:30,2026-09-12,2,google_flights,DEL,BLR,DEL-BLR,DEL,BLR,IndiGo,IndiGo,6E 200,6:20 PM,9:10 PM,170,2 hr 50 min,Economy,8724.0,,,True,5c881e60cff5
SCR_GF_1789021416_002,2026-09-10 11:53:30,2026-09-12,2,google_flights,DEL,BLR,DEL-BLR,DEL,BLR,Air India,Air India,AI 217,4:30 PM,7:15 PM,165,2 hr 45 min,Economy,8883.0,,,True,b53909fb2896
SCR_GF_1789021416_003,2026-09-10 11:53:30,2026-09-12,2,google_flights,DEL,BLR,DEL-BLR,DEL,BLR,Akasa Air,Akasa Air,QP 234,10:55 PM,1:45 AM,170,2 hr 50 min,Economy,9179.0,,,True,f2c3c890ac67
SCR_GF_1789021416_004,2026-09-10 11:53:30,2026-09-12,2,google_flights,DEL,BLR,DEL-BLR,DEL,BLR,IndiGo,IndiGo,6E 251,3:00 AM,5:55 AM,175,2 hr 55 min,Economy,8724.0,,,True,957da06c5b06
SCR_GF_1789021416_005,2026-09-10 11:53:30,2026-09-12,2,google_flights,DEL,BLR,DEL-BLR,DEL,BLR,IndiGo,IndiGo,6E 268,5:45 AM,8:40 AM,175,2 hr 55 min,Economy,8724.0,,,True,9404381aadaa
SCR_GF_1789021416_006,2026-09-10 11:53:30,2026-09-12,2,google_flights,DEL,BLR,DEL-BLR,DEL,BLR,IndiGo,IndiGo,6E 285,7:30 PM,10:25 PM,175,2 hr 55 min,Economy,8724.0,,,True,26150061fc54
SCR_GF_1789021416_007,2026-09-10 11:53:30,2026-09-12,2,google_flights,DEL,BLR,DEL-BLR,DEL,BLR,IndiGo,IndiGo,6E 302,8:45 PM,11:40 PM,175,2 hr 55 min,Economy,8724.0,,,True,03ea6187114f
SCR_GF_1789021416_008,2026-09-10 11:53:30,2026-09-12,2,google_flights,DEL,BLR,DEL-BLR,DEL,BLR,IndiGo,IndiGo,6E 319,10:00 PM,12:55 AM,175,2 hr 55 min,Economy,8724.0,,,True,f9bf3007b76d
SCR_GF_1789021416_009,2026-09-10 11:53:30,2026-09-12,2,google_flights,DEL,BLR,DEL-BLR,DEL,BLR,Air India,Air India,AI 336,12:15 AM,3:10 AM,175,2 hr 55 min,Economy,8731.0,,,True,699dfe4337fe
SCR_GF_1789021416_010,2026-09-10 11:53:30,2026-09-12,2,google_flights,DEL,BLR,DEL-BLR,DEL,BLR,Air India,Air India,AI 353,4:30 AM,7:20 AM,170,2 hr 50 min,Economy,8883.0,,,True,ad3498f79c57
SCR_GF_1789021416_011,2026-09-10 11:53:30,2026-09-12,2,google_flights,DEL,BLR,DEL-BLR,DEL,BLR,Air India,Air India,AI 370,6:00 AM,8:55 AM,175,2 hr 55 min,Economy,8883.0,,,True,145255f53a3c
SCR_GF_1789021416_012,2026-09-10 11:53:30,2026-09-12,2,google_flights,DEL,BLR,DEL-BLR,DEL,BLR,Air India,Air India,AI 387,6:30 AM,9:25 AM,175,2 hr 55 min,Economy,8883.0,,,True,c2aacd36bbca
SCR_GF_1789021416_013,2026-09-10 11:53:30,2026-09-12,2,google_flights,DEL,BLR,DEL-BLR,DEL,BLR,Air India,Air India,AI 404,7:00 AM,9:55 AM,175,2 hr 55 min,Economy,8883.0,,,True,fe742805af7c
SCR_GF_1789021416_014,2026-09-10 11:53:30,2026-09-12,2,google_flights,DEL,BLR,DEL-BLR,DEL,BLR,Air India,Air India,AI 421,6:30 PM,9:25 PM,175,2 hr 55 min,Economy,8883.0,,,True,c2980f843c89
SCR_GF_1789021416_015,2026-09-10 11:53:30,2026-09-12,2,google_flights,DEL,BLR,DEL-BLR,DEL,BLR,Air India,Air India,AI 438,7:00 PM,9:55 PM,175,2 hr 55 min,Economy,8883.0,,,True,dc3a90ba00d0
SCR_GF_1789021416_016,2026-09-10 11:53:30,2026-09-12,2,google_flights,DEL,BLR,DEL-BLR,DEL,BLR,Air India,Air India,AI 455,7:30 PM,10:20 PM,170,2 hr 50 min,Economy,8883.0,,,True,73315fdf11a4
SCR_GF_1789021416_017,2026-09-10 11:53:30,2026-09-12,2,google_flights,DEL,BLR,DEL-BLR,DEL,BLR,Air India,Air India,AI 472,9:30 PM,12:25 AM,175,2 hr 55 min,Economy,8883.0,,,True,bc255e887bd7
SCR_GF_1789021416_018,2026-09-10 11:53:30,2026-09-12,2,google_flights,DEL,BLR,DEL-BLR,DEL,BLR,Akasa Air,Akasa Air,QP 489,4:40 PM,7:40 PM,180,3 hr,Economy,9179.0,,,True,694c2753649d
SCR_GF_1789021416_019,2026-09-10 11:53:30,2026-09-12,2,google_flights,DEL,BLR,DEL-BLR,DEL,BLR,Akasa Air,Akasa Air,QP 506,8:10 PM,11:10 PM,180,3 hr,Economy,9179.0,,,True,5e127ca7fdad
SCR_GF_1789021416_020,2026-09-10 11:53:30,2026-09-12,2,google_flights,DEL,BLR,DEL-BLR,DEL,BLR,Akasa Air,Akasa Air,QP 523,8:55 PM,11:50 PM,175,2 hr 55 min,Economy,9179.0,,,True,c6a379158286
SCR_GF_1789021416_021,2026-09-10 11:53:30,2026-09-12,2,google_flights,DEL,BLR,DEL-BLR,DEL,BLR,Akasa Air,Akasa Air,QP 540,9:55 PM,12:50 AM,175,2 hr 55 min,Economy,9179.0,,,True,d69109798b24
SCR_GF_1789021416_022,2026-09-10 11:53:30,2026-09-12,2,google_flights,DEL,BLR,DEL-BLR,DEL,BLR,IndiGo,IndiGo,6E 557,7:05 AM,10:00 AM,175,2 hr 55 min,Economy,9181.0,,,True,1ec8268e87e7
SCR_GF_1789021416_023,2026-09-10 11:53:30,2026-09-12,2,google_flights,DEL,BLR,DEL-BLR,DEL,BLR,IndiGo,IndiGo,6E 574,9:30 AM,12:25 PM,175,2 hr 55 min,Economy,9181.0,,,True,506f38af6039
SCR_GF_1789021416_024,2026-09-10 11:53:30,2026-09-12,2,google_flights,DEL,BLR,DEL-BLR,DEL,BLR,IndiGo,IndiGo,6E 591,3:45 PM,6:40 PM,175,2 hr 55 min,Economy,9181.0,,,True,a8ab31d088e8
SCR_GF_1789021416_025,2026-09-10 11:53:30,2026-09-12,2,google_flights,DEL,BLR,DEL-BLR,DEL,BLR,IndiGo,IndiGo,6E 608,5:00 PM,7:55 PM,175,2 hr 55 min,Economy,9181.0,,,True,1789e4715ea3
SCR_GF_1789021416_026,2026-09-10 11:53:30,2026-09-12,2,google_flights,DEL,BLR,DEL-BLR,DEL,BLR,Air India,Air India,AI 625,9:30 AM,12:25 PM,175,2 hr 55 min,Economy,9340.0,,,True,d8ccd1518522
SCR_GF_1789021416_027,2026-09-10 11:53:30,2026-09-12,2,google_flights,DEL,BLR,DEL-BLR,DEL,BLR,Air India,Air India,AI 642,3:50 PM,6:45 PM,175,2 hr 55 min,Economy,9340.0,,,True,a4db525964c0
SCR_GF_1789021416_028,2026-09-10 11:53:30,2026-09-12,2,google_flights,DEL,BLR,DEL-BLR,DEL,BLR,Air India,Air India,AI 659,8:30 AM,11:20 AM,170,2 hr 50 min,Economy,9497.0,,,True,c8e3ba40bc58
SCR_GF_1789021416_029,2026-09-10 11:53:30,2026-09-12,2,google_flights,DEL,BLR,DEL-BLR,DEL,BLR,Air India,Air India,AI 676,3:00 PM,5:55 PM,175,2 hr 55 min,Economy,9497.0,,,True,bd9c092c7af8
SCR_GF_1789021416_030,2026-09-10 11:53:30,2026-09-12,2,google_flights,DEL,BLR,DEL-BLR,DEL,BLR,IndiGo,IndiGo,6E 693,8:20 AM,11:10 AM,170,2 hr 50 min,Economy,9666.0,,,True,9c671273c1a0
SCR_GF_1789021416_031,2026-09-10 11:53:30,2026-09-12,2,google_flights,DEL,BLR,DEL-BLR,DEL,BLR,IndiGo,IndiGo,6E 710,10:45 AM,1:40 PM,175,2 hr 55 min,Economy,9666.0,,,True,fe71f4914451
SCR_GF_1789021416_032,2026-09-10 11:53:30,2026-09-12,2,google_flights,DEL,BLR,DEL-BLR,DEL,BLR,IndiGo,IndiGo,6E 727,12:20 PM,3:20 PM,180,3 hr,Economy,9666.0,,,True,0e71793d76ee
SCR_GF_1789021416_033,2026-09-10 11:53:30,2026-09-12,2,google_flights,DEL,BLR,DEL-BLR,DEL,BLR,IndiGo,IndiGo,6E 744,1:15 PM,4:10 PM,175,2 hr 55 min,Economy,9666.0,,,True,83f7a27ec986
SCR_GF_1789021416_034,2026-09-10 11:53:30,2026-09-12,2,google_flights,DEL,BLR,DEL-BLR,DEL,BLR,IndiGo,IndiGo,6E 761,2:30 PM,5:25 PM,175,2 hr 55 min,Economy,9666.0,,,True,15258829b198
SCR_GF_1789021416_035,2026-09-10 11:53:30,2026-09-12,2,google_flights,DEL,BLR,DEL-BLR,DEL,BLR,Air India,Air India,AI 778,6:20 PM,9:15 PM,175,2 hr 55 min,Economy,9678.0,,,True,e67e759baa3c
SCR_GF_1789021416_036,2026-09-10 11:53:30,2026-09-12,2,google_flights,DEL,BLR,DEL-BLR,DEL,BLR,Air India,Air India,AI 795,10:30 AM,1:20 PM,170,2 hr 50 min,Economy,10689.0,,,True,4c9e00a4f76e
SCR_GF_1789021416_037,2026-09-10 11:53:30,2026-09-12,2,google_flights,DEL,BLR,DEL-BLR,DEL,BLR,Air India,Air India,AI 812,1:00 PM,3:55 PM,175,2 hr 55 min,Economy,10778.0,,,True,91eda4ef7cdd
SCR_GF_1789021416_038,2026-09-10 11:53:30,2026-09-12,2,google_flights,DEL,BLR,DEL-BLR,DEL,BLR,IndiGo,IndiGo,6E 829,6:20,9:10,170,2 hr 50 min,Economy,8724.0,,,True,8b8e82be8f11
SCR_GF_1789021416_039,2026-09-10 11:53:30,2026-09-12,2,google_flights,DEL,BLR,DEL-BLR,DEL,BLR,IndiGo,IndiGo,6E 846,4:30,7:15,165,2 hr 45 min,Economy,8883.0,,,True,2be8ce5c4c06
SCR_GF_1789021416_040,2026-09-10 11:53:30,2026-09-12,2,google_flights,DEL,BLR,DEL-BLR,DEL,BLR,IndiGo,IndiGo,6E 863,10:55,1:45,170,2 hr 50 min,Economy,9179.0,,,True,4f0aa0a20120
SCR_GF_1789021416_041,2026-09-10 11:53:30,2026-09-12,2,google_flights,DEL,BLR,DEL-BLR,DEL,BLR,IndiGo,IndiGo,6E 880,3:00,5:55,175,2 hr 55 min,Economy,8724.0,,,True,1ac2cabcc253
SCR_GF_1789021416_042,2026-09-10 11:53:30,2026-09-12,2,google_flights,DEL,BLR,DEL-BLR,DEL,BLR,IndiGo,IndiGo,6E 897,5:45,8:40,175,2 hr 55 min,Economy,8724.0,,,True,529f60fc5c59
SCR_GF_1789021416_043,2026-09-10 11:53:30,2026-09-12,2,google_flights,DEL,BLR,DEL-BLR,DEL,BLR,IndiGo,IndiGo,6E 914,7:30,10:25,175,2 hr 55 min,Economy,8724.0,,,True,85c1df0ce2e1
SCR_GF_1789021417_044,2026-09-10 11:53:30,2026-09-12,2,google_flights,DEL,BLR,DEL-BLR,DEL,BLR,IndiGo,IndiGo,6E 931,8:45,11:40,175,2 hr 55 min,Economy,8724.0,,,True,461853cf3e9f
SCR_GF_1789021417_045,2026-09-10 11:53:30,2026-09-12,2,google_flights,DEL,BLR,DEL-BLR,DEL,BLR,IndiGo,IndiGo,6E 948,10:00,12:55,175,2 hr 55 min,Economy,8724.0,,,True,af72b73d3a3b
SCR_GF_1789021417_046,2026-09-10 11:53:30,2026-09-12,2,google_flights,DEL,BLR,DEL-BLR,DEL,BLR,IndiGo,IndiGo,6E 965,12:15,3:10,175,2 hr 55 min,Economy,8731.0,,,True,6f49ad96548b
SCR_GF_1789021417_047,2026-09-10 11:53:30,2026-09-12,2,google_flights,DEL,BLR,DEL-BLR,DEL,BLR,IndiGo,IndiGo,6E 982,4:30,7:20,170,2 hr 50 min,Economy,8883.0,,,True,2be8ce5c4c06
SCR_GF_1789021417_048,2026-09-10 11:53:30,2026-09-12,2,google_flights,DEL,BLR,DEL-BLR,DEL,BLR,IndiGo,IndiGo,6E 999,6:00,8:55,175,2 hr 55 min,Economy,8883.0,,,True,331e0e48682a
SCR_GF_1789021417_049,2026-09-10 11:53:30,2026-09-12,2,google_flights,DEL,BLR,DEL-BLR,DEL,BLR,IndiGo,IndiGo,6E 216,6:30,9:25,175,2 hr 55 min,Economy,8883.0,,,True,c514b457c47c
SCR_GF_1789021417_050,2026-09-10 11:53:30,2026-09-12,2,google_flights,DEL,BLR,DEL-BLR,DEL,BLR,IndiGo,IndiGo,6E 233,7:00,9:55,175,2 hr 55 min,Economy,8883.0,,,True,2764011a56c3
SCR_GF_1789021417_051,2026-09-10 11:53:30,2026-09-12,2,google_flights,DEL,BLR,DEL-BLR,DEL,BLR,IndiGo,IndiGo,6E 250,6:30,9:25,175,2 hr 55 min,Economy,8883.0,,,True,c514b457c47c
SCR_GF_1789021417_052,2026-09-10 11:53:30,2026-09-12,2,google_flights,DEL,BLR,DEL-BLR,DEL,BLR,IndiGo,IndiGo,6E 267,7:00,9:55,175,2 hr 55 min,Economy,8883.0,,,True,2764011a56c3
SCR_GF_1789021417_053,2026-09-10 11:53:30,2026-09-12,2,google_flights,DEL,BLR,DEL-BLR,DEL,BLR,IndiGo,IndiGo,6E 284,7:30,10:20,170,2 hr 50 min,Economy,8883.0,,,True,b82c9f458541
SCR_GF_1789021417_054,2026-09-10 11:53:30,2026-09-12,2,google_flights,DEL,BLR,DEL-BLR,DEL,BLR,IndiGo,IndiGo,6E 301,9:30,12:25,175,2 hr 55 min,Economy,8883.0,,,True,5e1f1086b24c
SCR_GF_1789021417_055,2026-09-10 11:53:30,2026-09-12,2,google_flights,DEL,BLR,DEL-BLR,DEL,BLR,IndiGo,IndiGo,6E 318,4:40,7:40,180,3 hr,Economy,9179.0,,,True,b7a117a81d6b
SCR_GF_1789021417_056,2026-09-10 11:53:30,2026-09-12,2,google_flights,DEL,BLR,DEL-BLR,DEL,BLR,IndiGo,IndiGo,6E 335,8:10,11:10,180,3 hr,Economy,9179.0,,,True,eff51644ffa4
SCR_GF_1789021417_057,2026-09-10 11:53:30,2026-09-12,2,google_flights,DEL,BLR,DEL-BLR,DEL,BLR,IndiGo,IndiGo,6E 352,8:55,11:50,175,2 hr 55 min,Economy,9179.0,,,True,e8e2b1c757e2
SCR_GF_1789021417_058,2026-09-10 11:53:30,2026-09-12,2,google_flights,DEL,BLR,DEL-BLR,DEL,BLR,IndiGo,IndiGo,6E 369,9:55,12:50,175,2 hr 55 min,Economy,9179.0,,,True,dee2927c2021
SCR_GF_1789021417_059,2026-09-10 11:53:30,2026-09-12,2,google_flights,DEL,BLR,DEL-BLR,DEL,BLR,IndiGo,IndiGo,6E 386,7:05,10:00,175,2 hr 55 min,Economy,9181.0,,,True,53fb5ea708f9
SCR_GF_1789021417_060,2026-09-10 11:53:30,2026-09-12,2,google_flights,DEL,BLR,DEL-BLR,DEL,BLR,IndiGo,IndiGo,6E 403,9:30,12:25,175,2 hr 55 min,Economy,9181.0,,,True,287cd3f933d6
SCR_GF_1789021417_061,2026-09-10 11:53:30,2026-09-12,2,google_flights,DEL,BLR,DEL-BLR,DEL,BLR,IndiGo,IndiGo,6E 420,3:45,6:40,175,2 hr 55 min,Economy,9181.0,,,True,ff706f897b9c
SCR_GF_1789021417_062,2026-09-10 11:53:30,2026-09-12,2,google_flights,DEL,BLR,DEL-BLR,DEL,BLR,IndiGo,IndiGo,6E 437,5:00,7:55,175,2 hr 55 min,Economy,9181.0,,,True,9510219b4303
SCR_GF_1789021417_063,2026-09-10 11:53:30,2026-09-12,2,google_flights,DEL,BLR,DEL-BLR,DEL,BLR,IndiGo,IndiGo,6E 454,9:30,12:25,175,2 hr 55 min,Economy,9340.0,,,True,4138fa1764b1
SCR_GF_1789021417_064,2026-09-10 11:53:30,2026-09-12,2,google_flights,DEL,BLR,DEL-BLR,DEL,BLR,IndiGo,IndiGo,6E 471,3:50,6:45,175,2 hr 55 min,Economy,9340.0,,,True,e4f5d4568071
SCR_GF_1789021417_065,2026-09-10 11:53:30,2026-09-12,2,google_flights,DEL,BLR,DEL-BLR,DEL,BLR,IndiGo,IndiGo,6E 488,8:30,11:20,170,2 hr 50 min,Economy,9497.0,,,True,d45b6f708c07
SCR_GF_1789021417_066,2026-09-10 11:53:30,2026-09-12,2,google_flights,DEL,BLR,DEL-BLR,DEL,BLR,IndiGo,IndiGo,6E 505,3:00,5:55,175,2 hr 55 min,Economy,9497.0,,,True,31189a4a8e57
SCR_GF_1789021417_067,2026-09-10 11:53:30,2026-09-12,2,google_flights,DEL,BLR,DEL-BLR,DEL,BLR,IndiGo,IndiGo,6E 522,8:20,11:10,170,2 hr 50 min,Economy,9666.0,,,True,e2552af74619
SCR_GF_1789021417_068,2026-09-10 11:53:30,2026-09-12,2,google_flights,DEL,BLR,DEL-BLR,DEL,BLR,IndiGo,IndiGo,6E 539,10:45,1:40,175,2 hr 55 min,Economy,9666.0,,,True,5c1ddbee2d1d
SCR_GF_1789021417_069,2026-09-10 11:53:30,2026-09-12,2,google_flights,DEL,BLR,DEL-BLR,DEL,BLR,IndiGo,IndiGo,6E 556,12:20,3:20,180,3 hr,Economy,9666.0,,,True,1efe6bd62c29
SCR_GF_1789021417_070,2026-09-10 11:53:30,2026-09-12,2,google_flights,DEL,BLR,DEL-BLR,DEL,BLR,IndiGo,IndiGo,6E 573,1:15,4:10,175,2 hr 55 min,Economy,9666.0,,,True,cc9ee2d486f1
SCR_GF_1789021417_071,2026-09-10 11:53:30,2026-09-12,2,google_flights,DEL,BLR,DEL-BLR,DEL,BLR,IndiGo,IndiGo,6E 590,2:30,5:25,175,2 hr 55 min,Economy,9666.0,,,True,b73ea7db7190
SCR_GF_1789021417_072,2026-09-10 11:53:30,2026-09-12,2,google_flights,DEL,BLR,DEL-BLR,DEL,BLR,IndiGo,IndiGo,6E 607,6:20,9:15,175,2 hr 55 min,Economy,9678.0,,,True,26e6250563ef
SCR_GF_1789021417_073,2026-09-10 11:53:30,2026-09-12,2,google_flights,DEL,BLR,DEL-BLR,DEL,BLR,IndiGo,IndiGo,6E 624,10:30,1:20,170,2 hr 50 min,Economy,10689.0,,,True,48953a8fc381
SCR_GF_1789021417_074,2026-09-10 11:53:30,2026-09-12,2,google_flights,DEL,BLR,DEL-BLR,DEL,BLR,IndiGo,IndiGo,6E 641,1:00,3:55,175,2 hr 55 min,Economy,10778.0,,,True,14d8928c9ea1
SCR_GF_1789021423_001,2026-09-10 11:53:38,2026-09-17,7,google_flights,DEL,BLR,DEL-BLR,DEL,BLR,IndiGo,IndiGo,6E 200,1:15 PM,4:10 PM,175,2 hr 55 min,Economy,8724.0,,,True,c1740ae068d1
SCR_GF_1789021423_002,2026-09-10 11:53:38,2026-09-17,7,google_flights,DEL,BLR,DEL-BLR,DEL,BLR,Air India,Air India,AI 217,10:30 AM,1:20 PM,170,2 hr 50 min,Economy,8883.0,,,True,c1e87fe64f11
SCR_GF_1789021423_003,2026-09-10 11:53:38,2026-09-17,7,google_flights,DEL,BLR,DEL-BLR,DEL,BLR,Akasa Air,Akasa Air,QP 234,10:55 PM,1:45 AM,170,2 hr 50 min,Economy,9179.0,,,True,4cd1e4ccce0d
SCR_GF_1789021423_004,2026-09-10 11:53:38,2026-09-17,7,google_flights,DEL,BLR,DEL-BLR,DEL,BLR,IndiGo,IndiGo,6E 251,3:00 AM,5:55 AM,175,2 hr 55 min,Economy,8724.0,,,True,1fba898b21fe
SCR_GF_1789021423_005,2026-09-10 11:53:38,2026-09-17,7,google_flights,DEL,BLR,DEL-BLR,DEL,BLR,IndiGo,IndiGo,6E 268,5:45 AM,8:40 AM,175,2 hr 55 min,Economy,8724.0,,,True,7bc6f286bb0f
SCR_GF_1789021423_006,2026-09-10 11:53:38,2026-09-17,7,google_flights,DEL,BLR,DEL-BLR,DEL,BLR,IndiGo,IndiGo,6E 285,7:05 AM,10:00 AM,175,2 hr 55 min,Economy,8724.0,,,True,7c0c4de5f907
SCR_GF_1789021423_007,2026-09-10 11:53:38,2026-09-17,7,google_flights,DEL,BLR,DEL-BLR,DEL,BLR,IndiGo,IndiGo,6E 302,8:20 AM,11:10 AM,170,2 hr 50 min,Economy,8724.0,,,True,4a1d9b39f4e7
SCR_GF_1789021423_008,2026-09-10 11:53:38,2026-09-17,7,google_flights,DEL,BLR,DEL-BLR,DEL,BLR,IndiGo,IndiGo,6E 319,9:30 AM,12:25 PM,175,2 hr 55 min,Economy,8724.0,,,True,0dcc75c756f4
SCR_GF_1789021423_009,2026-09-10 11:53:38,2026-09-17,7,google_flights,DEL,BLR,DEL-BLR,DEL,BLR,IndiGo,IndiGo,6E 336,10:45 AM,1:40 PM,175,2 hr 55 min,Economy,8724.0,,,True,46bc131c8dfe
SCR_GF_1789021423_010,2026-09-10 11:53:38,2026-09-17,7,google_flights,DEL,BLR,DEL-BLR,DEL,BLR,IndiGo,IndiGo,6E 353,12:20 PM,3:20 PM,180,3 hr,Economy,8724.0,,,True,9a935ff9ec2b
SCR_GF_1789021423_011,2026-09-10 11:53:38,2026-09-17,7,google_flights,DEL,BLR,DEL-BLR,DEL,BLR,IndiGo,IndiGo,6E 370,2:30 PM,5:25 PM,175,2 hr 55 min,Economy,8724.0,,,True,39d38af332e5
SCR_GF_1789021423_012,2026-09-10 11:53:38,2026-09-17,7,google_flights,DEL,BLR,DEL-BLR,DEL,BLR,IndiGo,IndiGo,6E 387,3:45 PM,6:40 PM,175,2 hr 55 min,Economy,8724.0,,,True,5bb5388b79c1
SCR_GF_1789021423_013,2026-09-10 11:53:38,2026-09-17,7,google_flights,DEL,BLR,DEL-BLR,DEL,BLR,IndiGo,IndiGo,6E 404,8:45 PM,11:40 PM,175,2 hr 55 min,Economy,8724.0,,,True,cf7dd688db41
SCR_GF_1789021423_014,2026-09-10 11:53:38,2026-09-17,7,google_flights,DEL,BLR,DEL-BLR,DEL,BLR,IndiGo,IndiGo,6E 421,10:00 PM,12:55 AM,175,2 hr 55 min,Economy,8724.0,,,True,9110224ea004
SCR_GF_1789021423_015,2026-09-10 11:53:38,2026-09-17,7,google_flights,DEL,BLR,DEL-BLR,DEL,BLR,IndiGo,IndiGo,6E 438,11:30 PM,2:25 AM,175,2 hr 55 min,Economy,8724.0,,,True,f4eb3e22d0b2
SCR_GF_1789021423_016,2026-09-10 11:53:38,2026-09-17,7,google_flights,DEL,BLR,DEL-BLR,DEL,BLR,Air India,Air India,AI 455,12:15 AM,3:10 AM,175,2 hr 55 min,Economy,8731.0,,,True,1c24fcdc0cfa
SCR_GF_1789021423_017,2026-09-10 11:53:38,2026-09-17,7,google_flights,DEL,BLR,DEL-BLR,DEL,BLR,Air India,Air India,AI 472,4:30 AM,7:20 AM,170,2 hr 50 min,Economy,8883.0,,,True,3e7b9e5a2ebd
SCR_GF_1789021423_018,2026-09-10 11:53:38,2026-09-17,7,google_flights,DEL,BLR,DEL-BLR,DEL,BLR,Air India,Air India,AI 489,6:00 AM,8:55 AM,175,2 hr 55 min,Economy,8883.0,,,True,c02aaec2ac98
SCR_GF_1789021423_019,2026-09-10 11:53:38,2026-09-17,7,google_flights,DEL,BLR,DEL-BLR,DEL,BLR,Air India,Air India,AI 506,6:30 AM,9:25 AM,175,2 hr 55 min,Economy,8883.0,,,True,b3362f78e651
SCR_GF_1789021423_020,2026-09-10 11:53:38,2026-09-17,7,google_flights,DEL,BLR,DEL-BLR,DEL,BLR,Air India,Air India,AI 523,7:00 AM,9:55 AM,175,2 hr 55 min,Economy,8883.0,,,True,893425c0564d
SCR_GF_1789021423_021,2026-09-10 11:53:38,2026-09-17,7,google_flights,DEL,BLR,DEL-BLR,DEL,BLR,Air India,Air India,AI 540,8:30 AM,11:20 AM,170,2 hr 50 min,Economy,8883.0,,,True,87d0619d7f85
SCR_GF_1789021423_022,2026-09-10 11:53:38,2026-09-17,7,google_flights,DEL,BLR,DEL-BLR,DEL,BLR,Air India,Air India,AI 557,3:00 PM,5:55 PM,175,2 hr 55 min,Economy,8883.0,,,True,b5d8af986d67
SCR_GF_1789021423_023,2026-09-10 11:53:38,2026-09-17,7,google_flights,DEL,BLR,DEL-BLR,DEL,BLR,Air India,Air India,AI 574,3:50 PM,6:45 PM,175,2 hr 55 min,Economy,8883.0,,,True,f76de8c5bd9a
SCR_GF_1789021423_024,2026-09-10 11:53:38,2026-09-17,7,google_flights,DEL,BLR,DEL-BLR,DEL,BLR,Air India,Air India,AI 591,9:00 PM,11:55 PM,175,2 hr 55 min,Economy,9119.0,,,True,5734d5cd61eb
SCR_GF_1789021423_025,2026-09-10 11:53:38,2026-09-17,7,google_flights,DEL,BLR,DEL-BLR,DEL,BLR,Akasa Air,Akasa Air,QP 608,8:55 PM,11:50 PM,175,2 hr 55 min,Economy,9179.0,,,True,8f05eb5fe808
SCR_GF_1789021423_026,2026-09-10 11:53:38,2026-09-17,7,google_flights,DEL,BLR,DEL-BLR,DEL,BLR,Akasa Air,Akasa Air,QP 625,9:55 PM,12:50 AM,175,2 hr 55 min,Economy,9179.0,,,True,d89f98455363
SCR_GF_1789021423_027,2026-09-10 11:53:38,2026-09-17,7,google_flights,DEL,BLR,DEL-BLR,DEL,BLR,IndiGo,IndiGo,6E 642,5:00 PM,7:55 PM,175,2 hr 55 min,Economy,9181.0,,,True,513e8410c3a2
SCR_GF_1789021423_028,2026-09-10 11:53:38,2026-09-17,7,google_flights,DEL,BLR,DEL-BLR,DEL,BLR,Air India,Air India,AI 659,9:30 AM,12:25 PM,175,2 hr 55 min,Economy,9340.0,,,True,90b57495ce6c
SCR_GF_1789021424_029,2026-09-10 11:53:38,2026-09-17,7,google_flights,DEL,BLR,DEL-BLR,DEL,BLR,Air India,Air India,AI 676,4:30 PM,7:15 PM,165,2 hr 45 min,Economy,9340.0,,,True,4c1f6d8916d1
SCR_GF_1789021424_030,2026-09-10 11:53:38,2026-09-17,7,google_flights,DEL,BLR,DEL-BLR,DEL,BLR,Air India,Air India,AI 693,9:30 PM,12:25 AM,175,2 hr 55 min,Economy,9340.0,,,True,5357f1bc8f7d
SCR_GF_1789021424_031,2026-09-10 11:53:38,2026-09-17,7,google_flights,DEL,BLR,DEL-BLR,DEL,BLR,Air India,Air India,AI 710,1:00 PM,3:55 PM,175,2 hr 55 min,Economy,9497.0,,,True,2268bd88b112
SCR_GF_1789021424_032,2026-09-10 11:53:38,2026-09-17,7,google_flights,DEL,BLR,DEL-BLR,DEL,BLR,IndiGo,IndiGo,6E 727,6:20 PM,9:10 PM,170,2 hr 50 min,Economy,9666.0,,,True,8415e43dc246
SCR_GF_1789021424_033,2026-09-10 11:53:38,2026-09-17,7,google_flights,DEL,BLR,DEL-BLR,DEL,BLR,IndiGo,IndiGo,6E 744,7:30 PM,10:25 PM,175,2 hr 55 min,Economy,9666.0,,,True,d94bd4249b40
SCR_GF_1789021424_034,2026-09-10 11:53:38,2026-09-17,7,google_flights,DEL,BLR,DEL-BLR,DEL,BLR,Air India,Air India,AI 761,6:20 PM,9:15 PM,175,2 hr 55 min,Economy,9678.0,,,True,898785e92204
SCR_GF_1789021424_035,2026-09-10 11:53:38,2026-09-17,7,google_flights,DEL,BLR,DEL-BLR,DEL,BLR,Air India,Air India,AI 778,7:00 PM,9:55 PM,175,2 hr 55 min,Economy,9823.0,,,True,545e8b1f6e2b
SCR_GF_1789021424_036,2026-09-10 11:53:38,2026-09-17,7,google_flights,DEL,BLR,DEL-BLR,DEL,BLR,Air India,Air India,AI 795,7:30 PM,10:20 PM,170,2 hr 50 min,Economy,9823.0,,,True,a292124891b0
SCR_GF_1789021424_037,2026-09-10 11:53:38,2026-09-17,7,google_flights,DEL,BLR,DEL-BLR,DEL,BLR,Akasa Air,Akasa Air,QP 812,8:10 PM,11:10 PM,180,3 hr,Economy,9851.0,,,True,fca8b4e1e288
SCR_GF_1789021424_038,2026-09-10 11:53:38,2026-09-17,7,google_flights,DEL,BLR,DEL-BLR,DEL,BLR,Air India,Air India,AI 829,6:30 PM,9:25 PM,175,2 hr 55 min,Economy,10337.0,,,True,ab31049ba18d
SCR_GF_1789021424_039,2026-09-10 11:53:38,2026-09-17,7,google_flights,DEL,BLR,DEL-BLR,DEL,BLR,IndiGo,IndiGo,6E 846,1:15,4:10,175,2 hr 55 min,Economy,8724.0,,,True,bc1e5b69de38
SCR_GF_1789021424_040,2026-09-10 11:53:38,2026-09-17,7,google_flights,DEL,BLR,DEL-BLR,DEL,BLR,IndiGo,IndiGo,6E 863,10:30,1:20,170,2 hr 50 min,Economy,8883.0,,,True,e64e3e94110d
SCR_GF_1789021424_041,2026-09-10 11:53:38,2026-09-17,7,google_flights,DEL,BLR,DEL-BLR,DEL,BLR,IndiGo,IndiGo,6E 880,10:55,1:45,170,2 hr 50 min,Economy,9179.0,,,True,b1d9226e0e05
SCR_GF_1789021424_042,2026-09-10 11:53:38,2026-09-17,7,google_flights,DEL,BLR,DEL-BLR,DEL,BLR,IndiGo,IndiGo,6E 897,3:00,5:55,175,2 hr 55 min,Economy,8724.0,,,True,18b4b01ba458
SCR_GF_1789021424_043,2026-09-10 11:53:38,2026-09-17,7,google_flights,DEL,BLR,DEL-BLR,DEL,BLR,IndiGo,IndiGo,6E 914,5:45,8:40,175,2 hr 55 min,Economy,8724.0,,,True,7e56e2dfaa66
SCR_GF_1789021424_044,2026-09-10 11:53:38,2026-09-17,7,google_flights,DEL,BLR,DEL-BLR,DEL,BLR,IndiGo,IndiGo,6E 931,7:05,10:00,175,2 hr 55 min,Economy,8724.0,,,True,0da7a21eeaab
SCR_GF_1789021424_045,2026-09-10 11:53:38,2026-09-17,7,google_flights,DEL,BLR,DEL-BLR,DEL,BLR,IndiGo,IndiGo,6E 948,8:20,11:10,170,2 hr 50 min,Economy,8724.0,,,True,394a1d58bba9
SCR_GF_1789021424_046,2026-09-10 11:53:38,2026-09-17,7,google_flights,DEL,BLR,DEL-BLR,DEL,BLR,IndiGo,IndiGo,6E 965,9:30,12:25,175,2 hr 55 min,Economy,8724.0,,,True,4ed89bfe609c
SCR_GF_1789021424_047,2026-09-10 11:53:38,2026-09-17,7,google_flights,DEL,BLR,DEL-BLR,DEL,BLR,IndiGo,IndiGo,6E 982,10:45,1:40,175,2 hr 55 min,Economy,8724.0,,,True,ba85aee1365c
SCR_GF_1789021424_048,2026-09-10 11:53:38,2026-09-17,7,google_flights,DEL,BLR,DEL-BLR,DEL,BLR,IndiGo,IndiGo,6E 999,12:20,3:20,180,3 hr,Economy,8724.0,,,True,b0a032f2e847
SCR_GF_1789021424_049,2026-09-10 11:53:38,2026-09-17,7,google_flights,DEL,BLR,DEL-BLR,DEL,BLR,IndiGo,IndiGo,6E 216,2:30,5:25,175,2 hr 55 min,Economy,8724.0,,,True,2558ecd0fefe
SCR_GF_1789021424_050,2026-09-10 11:53:38,2026-09-17,7,google_flights,DEL,BLR,DEL-BLR,DEL,BLR,IndiGo,IndiGo,6E 233,3:45,6:40,175,2 hr 55 min,Economy,8724.0,,,True,5a7ddd7f3caa
SCR_GF_1789021424_051,2026-09-10 11:53:38,2026-09-17,7,google_flights,DEL,BLR,DEL-BLR,DEL,BLR,IndiGo,IndiGo,6E 250,8:45,11:40,175,2 hr 55 min,Economy,8724.0,,,True,1bdb45df35ec
SCR_GF_1789021424_052,2026-09-10 11:53:38,2026-09-17,7,google_flights,DEL,BLR,DEL-BLR,DEL,BLR,IndiGo,IndiGo,6E 267,10:00,12:55,175,2 hr 55 min,Economy,8724.0,,,True,0740de1e08c8
SCR_GF_1789021424_053,2026-09-10 11:53:38,2026-09-17,7,google_flights,DEL,BLR,DEL-BLR,DEL,BLR,IndiGo,IndiGo,6E 284,11:30,2:25,175,2 hr 55 min,Economy,8724.0,,,True,de893d94ef2a
SCR_GF_1789021424_054,2026-09-10 11:53:38,2026-09-17,7,google_flights,DEL,BLR,DEL-BLR,DEL,BLR,IndiGo,IndiGo,6E 301,12:15,3:10,175,2 hr 55 min,Economy,8731.0,,,True,3c0e857079ee
SCR_GF_1789021424_055,2026-09-10 11:53:38,2026-09-17,7,google_flights,DEL,BLR,DEL-BLR,DEL,BLR,IndiGo,IndiGo,6E 318,4:30,7:20,170,2 hr 50 min,Economy,8883.0,,,True,5ea3b60637e9
SCR_GF_1789021424_056,2026-09-10 11:53:38,2026-09-17,7,google_flights,DEL,BLR,DEL-BLR,DEL,BLR,IndiGo,IndiGo,6E 335,6:00,8:55,175,2 hr 55 min,Economy,8883.0,,,True,4dbd07ee56bd
SCR_GF_1789021424_057,2026-09-10 11:53:38,2026-09-17,7,google_flights,DEL,BLR,DEL-BLR,DEL,BLR,IndiGo,IndiGo,6E 352,6:30,9:25,175,2 hr 55 min,Economy,8883.0,,,True,6f8eaf9a9bbb
SCR_GF_1789021424_058,2026-09-10 11:53:38,2026-09-17,7,google_flights,DEL,BLR,DEL-BLR,DEL,BLR,IndiGo,IndiGo,6E 369,7:00,9:55,175,2 hr 55 min,Economy,8883.0,,,True,f925a4309796
SCR_GF_1789021424_059,2026-09-10 11:53:38,2026-09-17,7,google_flights,DEL,BLR,DEL-BLR,DEL,BLR,IndiGo,IndiGo,6E 386,8:30,11:20,170,2 hr 50 min,Economy,8883.0,,,True,5d03a5160d3b
SCR_GF_1789021424_060,2026-09-10 11:53:38,2026-09-17,7,google_flights,DEL,BLR,DEL-BLR,DEL,BLR,IndiGo,IndiGo,6E 403,3:00,5:55,175,2 hr 55 min,Economy,8883.0,,,True,c790c55f8b4a
SCR_GF_1789021424_061,2026-09-10 11:53:38,2026-09-17,7,google_flights,DEL,BLR,DEL-BLR,DEL,BLR,IndiGo,IndiGo,6E 420,3:50,6:45,175,2 hr 55 min,Economy,8883.0,,,True,fe65b763f918
SCR_GF_1789021424_062,2026-09-10 11:53:38,2026-09-17,7,google_flights,DEL,BLR,DEL-BLR,DEL,BLR,IndiGo,IndiGo,6E 437,9:00,11:55,175,2 hr 55 min,Economy,9119.0,,,True,1a59920453b5
SCR_GF_1789021424_063,2026-09-10 11:53:38,2026-09-17,7,google_flights,DEL,BLR,DEL-BLR,DEL,BLR,IndiGo,IndiGo,6E 454,8:55,11:50,175,2 hr 55 min,Economy,9179.0,,,True,7259d9922cf5
SCR_GF_1789021424_064,2026-09-10 11:53:38,2026-09-17,7,google_flights,DEL,BLR,DEL-BLR,DEL,BLR,IndiGo,IndiGo,6E 471,9:55,12:50,175,2 hr 55 min,Economy,9179.0,,,True,d03ffcbb4a99
SCR_GF_1789021424_065,2026-09-10 11:53:38,2026-09-17,7,google_flights,DEL,BLR,DEL-BLR,DEL,BLR,IndiGo,IndiGo,6E 488,5:00,7:55,175,2 hr 55 min,Economy,9181.0,,,True,fa4999388984
SCR_GF_1789021424_066,2026-09-10 11:53:38,2026-09-17,7,google_flights,DEL,BLR,DEL-BLR,DEL,BLR,IndiGo,IndiGo,6E 505,9:30,12:25,175,2 hr 55 min,Economy,9340.0,,,True,d97298a127c8
SCR_GF_1789021424_067,2026-09-10 11:53:38,2026-09-17,7,google_flights,DEL,BLR,DEL-BLR,DEL,BLR,IndiGo,IndiGo,6E 522,4:30,7:15,165,2 hr 45 min,Economy,9340.0,,,True,de78fde156b9
SCR_GF_1789021425_068,2026-09-10 11:53:38,2026-09-17,7,google_flights,DEL,BLR,DEL-BLR,DEL,BLR,IndiGo,IndiGo,6E 539,9:30,12:25,175,2 hr 55 min,Economy,9340.0,,,True,d97298a127c8
SCR_GF_1789021425_069,2026-09-10 11:53:38,2026-09-17,7,google_flights,DEL,BLR,DEL-BLR,DEL,BLR,IndiGo,IndiGo,6E 556,1:00,3:55,175,2 hr 55 min,Economy,9497.0,,,True,d9bf6d3c9733
SCR_GF_1789021425_070,2026-09-10 11:53:38,2026-09-17,7,google_flights,DEL,BLR,DEL-BLR,DEL,BLR,IndiGo,IndiGo,6E 573,6:20,9:10,170,2 hr 50 min,Economy,9666.0,,,True,9bd1042cfc32
SCR_GF_1789021425_071,2026-09-10 11:53:38,2026-09-17,7,google_flights,DEL,BLR,DEL-BLR,DEL,BLR,IndiGo,IndiGo,6E 590,7:30,10:25,175,2 hr 55 min,Economy,9666.0,,,True,91f9b3d1fe52
SCR_GF_1789021425_072,2026-09-10 11:53:38,2026-09-17,7,google_flights,DEL,BLR,DEL-BLR,DEL,BLR,IndiGo,IndiGo,6E 607,6:20,9:15,175,2 hr 55 min,Economy,9678.0,,,True,1cb02ef18ae2
SCR_GF_1789021425_073,2026-09-10 11:53:38,2026-09-17,7,google_flights,DEL,BLR,DEL-BLR,DEL,BLR,IndiGo,IndiGo,6E 624,7:00,9:55,175,2 hr 55 min,Economy,9823.0,,,True,c81730af75cc
SCR_GF_1789021425_074,2026-09-10 11:53:38,2026-09-17,7,google_flights,DEL,BLR,DEL-BLR,DEL,BLR,IndiGo,IndiGo,6E 641,7:30,10:20,170,2 hr 50 min,Economy,9823.0,,,True,9e0a82aa8a76
SCR_GF_1789021425_075,2026-09-10 11:53:38,2026-09-17,7,google_flights,DEL,BLR,DEL-BLR,DEL,BLR,IndiGo,IndiGo,6E 658,8:10,11:10,180,3 hr,Economy,9851.0,,,True,aa0de10f1f3a
SCR_GF_1789021425_076,2026-09-10 11:53:38,2026-09-17,7,google_flights,DEL,BLR,DEL-BLR,DEL,BLR,IndiGo,IndiGo,6E 675,6:30,9:25,175,2 hr 55 min,Economy,10337.0,,,True,1f7f8d98c886
SCR_GF_1789021430_001,2026-09-10 11:53:45,2026-09-25,15,google_flights,DEL,BLR,DEL-BLR,DEL,BLR,IndiGo,IndiGo,6E 200,1:15 PM,4:10 PM,175,2 hr 55 min,Economy,8724.0,,,True,50a68f997dfe
SCR_GF_1789021431_002,2026-09-10 11:53:45,2026-09-25,15,google_flights,DEL,BLR,DEL-BLR,DEL,BLR,Air India,Air India,AI 217,3:00 PM,5:55 PM,175,2 hr 55 min,Economy,8883.0,,,True,60a07a11ffcd
SCR_GF_1789021431_003,2026-09-10 11:53:45,2026-09-25,15,google_flights,DEL,BLR,DEL-BLR,DEL,BLR,Akasa Air,Akasa Air,QP 234,10:55 PM,1:45 AM,170,2 hr 50 min,Economy,9179.0,,,True,14d63184e239
SCR_GF_1789021431_004,2026-09-10 11:53:45,2026-09-25,15,google_flights,DEL,BLR,DEL-BLR,DEL,BLR,IndiGo,IndiGo,6E 251,12:20 PM,3:20 PM,180,3 hr,Economy,8724.0,,,True,574932fb8eb2
SCR_GF_1789021431_005,2026-09-10 11:53:45,2026-09-25,15,google_flights,DEL,BLR,DEL-BLR,DEL,BLR,IndiGo,IndiGo,6E 268,2:30 PM,5:25 PM,175,2 hr 55 min,Economy,8724.0,,,True,5dc8ad04d392
SCR_GF_1789021431_006,2026-09-10 11:53:45,2026-09-25,15,google_flights,DEL,BLR,DEL-BLR,DEL,BLR,IndiGo,IndiGo,6E 285,11:30 PM,2:25 AM,175,2 hr 55 min,Economy,8724.0,,,True,b01a3dfd51bd
SCR_GF_1789021431_007,2026-09-10 11:53:45,2026-09-25,15,google_flights,DEL,BLR,DEL-BLR,DEL,BLR,Air India,Air India,AI 302,12:15 AM,3:10 AM,175,2 hr 55 min,Economy,8731.0,,,True,6c1d5a908c6d
SCR_GF_1789021431_008,2026-09-10 11:53:45,2026-09-25,15,google_flights,DEL,BLR,DEL-BLR,DEL,BLR,Air India,Air India,AI 319,4:30 AM,7:20 AM,170,2 hr 50 min,Economy,8883.0,,,True,66c9afa6942e
SCR_GF_1789021431_009,2026-09-10 11:53:45,2026-09-25,15,google_flights,DEL,BLR,DEL-BLR,DEL,BLR,Akasa Air,Akasa Air,QP 336,4:40 PM,7:40 PM,180,3 hr,Economy,9179.0,,,True,69e299f9f11e
SCR_GF_1789021431_010,2026-09-10 11:53:45,2026-09-25,15,google_flights,DEL,BLR,DEL-BLR,DEL,BLR,Akasa Air,Akasa Air,QP 353,8:55 PM,11:50 PM,175,2 hr 55 min,Economy,9179.0,,,True,d636c6df0591
SCR_GF_1789021431_011,2026-09-10 11:53:45,2026-09-25,15,google_flights,DEL,BLR,DEL-BLR,DEL,BLR,Akasa Air,Akasa Air,QP 370,9:55 PM,12:50 AM,175,2 hr 55 min,Economy,9179.0,,,True,6e3fac95978c
SCR_GF_1789021431_012,2026-09-10 11:53:45,2026-09-25,15,google_flights,DEL,BLR,DEL-BLR,DEL,BLR,IndiGo,IndiGo,6E 387,5:45 AM,8:40 AM,175,2 hr 55 min,Economy,9181.0,,,True,d0ff1248b952
SCR_GF_1789021431_013,2026-09-10 11:53:45,2026-09-25,15,google_flights,DEL,BLR,DEL-BLR,DEL,BLR,IndiGo,IndiGo,6E 404,7:05 AM,10:00 AM,175,2 hr 55 min,Economy,9181.0,,,True,ce55a1fa5a42
SCR_GF_1789021431_014,2026-09-10 11:53:45,2026-09-25,15,google_flights,DEL,BLR,DEL-BLR,DEL,BLR,IndiGo,IndiGo,6E 421,8:45 PM,11:40 PM,175,2 hr 55 min,Economy,9181.0,,,True,a8d03434027f
SCR_GF_1789021431_015,2026-09-10 11:53:45,2026-09-25,15,google_flights,DEL,BLR,DEL-BLR,DEL,BLR,IndiGo,IndiGo,6E 438,10:00 PM,12:55 AM,175,2 hr 55 min,Economy,9181.0,,,True,333e875e7335
SCR_GF_1789021431_016,2026-09-10 11:53:45,2026-09-25,15,google_flights,DEL,BLR,DEL-BLR,DEL,BLR,Air India,Air India,AI 455,6:00 AM,8:55 AM,175,2 hr 55 min,Economy,9340.0,,,True,fd15db6d54a3
SCR_GF_1789021431_017,2026-09-10 11:53:45,2026-09-25,15,google_flights,DEL,BLR,DEL-BLR,DEL,BLR,Air India,Air India,AI 472,6:30 AM,9:25 AM,175,2 hr 55 min,Economy,9340.0,,,True,3ecf7f169e99
SCR_GF_1789021431_018,2026-09-10 11:53:45,2026-09-25,15,google_flights,DEL,BLR,DEL-BLR,DEL,BLR,Air India,Air India,AI 489,7:00 AM,9:55 AM,175,2 hr 55 min,Economy,9340.0,,,True,b9a91370fbe1
SCR_GF_1789021431_019,2026-09-10 11:53:45,2026-09-25,15,google_flights,DEL,BLR,DEL-BLR,DEL,BLR,Akasa Air,Akasa Air,QP 506,8:10 PM,11:10 PM,180,3 hr,Economy,9342.0,,,True,2b26b53fdc18
SCR_GF_1789021431_020,2026-09-10 11:53:45,2026-09-25,15,google_flights,DEL,BLR,DEL-BLR,DEL,BLR,Air India,Air India,AI 523,9:30 PM,12:25 AM,175,2 hr 55 min,Economy,9576.0,,,True,8e485f7b132c
SCR_GF_1789021431_021,2026-09-10 11:53:45,2026-09-25,15,google_flights,DEL,BLR,DEL-BLR,DEL,BLR,IndiGo,IndiGo,6E 540,10:45 AM,1:40 PM,175,2 hr 55 min,Economy,9666.0,,,True,285ee25a525c
SCR_GF_1789021431_022,2026-09-10 11:53:45,2026-09-25,15,google_flights,DEL,BLR,DEL-BLR,DEL,BLR,IndiGo,IndiGo,6E 557,3:45 PM,6:40 PM,175,2 hr 55 min,Economy,9666.0,,,True,d25b43178683
SCR_GF_1789021431_023,2026-09-10 11:53:45,2026-09-25,15,google_flights,DEL,BLR,DEL-BLR,DEL,BLR,IndiGo,IndiGo,6E 574,6:20 PM,9:10 PM,170,2 hr 50 min,Economy,9666.0,,,True,6f39f46c9bb8
SCR_GF_1789021431_024,2026-09-10 11:53:45,2026-09-25,15,google_flights,DEL,BLR,DEL-BLR,DEL,BLR,IndiGo,IndiGo,6E 591,7:30 PM,10:25 PM,175,2 hr 55 min,Economy,9666.0,,,True,143fc941dc44
SCR_GF_1789021431_025,2026-09-10 11:53:45,2026-09-25,15,google_flights,DEL,BLR,DEL-BLR,DEL,BLR,Air India,Air India,AI 608,10:30 AM,1:20 PM,170,2 hr 50 min,Economy,9823.0,,,True,01f9f6efed38
SCR_GF_1789021431_026,2026-09-10 11:53:45,2026-09-25,15,google_flights,DEL,BLR,DEL-BLR,DEL,BLR,Air India,Air India,AI 625,3:50 PM,6:45 PM,175,2 hr 55 min,Economy,9823.0,,,True,a422469d64c0
SCR_GF_1789021431_027,2026-09-10 11:53:45,2026-09-25,15,google_flights,DEL,BLR,DEL-BLR,DEL,BLR,Air India,Air India,AI 642,4:30 PM,7:15 PM,165,2 hr 45 min,Economy,9823.0,,,True,e334288beae2
SCR_GF_1789021431_028,2026-09-10 11:53:45,2026-09-25,15,google_flights,DEL,BLR,DEL-BLR,DEL,BLR,Air India,Air India,AI 659,6:30 PM,9:25 PM,175,2 hr 55 min,Economy,9823.0,,,True,083d5457b295
SCR_GF_1789021431_029,2026-09-10 11:53:45,2026-09-25,15,google_flights,DEL,BLR,DEL-BLR,DEL,BLR,Air India,Air India,AI 676,7:00 PM,9:55 PM,175,2 hr 55 min,Economy,9823.0,,,True,ed5381667f79
SCR_GF_1789021431_030,2026-09-10 11:53:45,2026-09-25,15,google_flights,DEL,BLR,DEL-BLR,DEL,BLR,Air India,Air India,AI 693,7:30 PM,10:20 PM,170,2 hr 50 min,Economy,9991.0,,,True,1f6f2b72c08f
SCR_GF_1789021431_031,2026-09-10 11:53:45,2026-09-25,15,google_flights,DEL,BLR,DEL-BLR,DEL,BLR,Air India,Air India,AI 710,6:20 PM,9:15 PM,175,2 hr 55 min,Economy,10027.0,,,True,5b70800291ba
SCR_GF_1789021431_032,2026-09-10 11:53:45,2026-09-25,15,google_flights,DEL,BLR,DEL-BLR,DEL,BLR,IndiGo,IndiGo,6E 727,8:20 AM,11:10 AM,170,2 hr 50 min,Economy,10180.0,,,True,f28cf5e150fe
SCR_GF_1789021431_033,2026-09-10 11:53:45,2026-09-25,15,google_flights,DEL,BLR,DEL-BLR,DEL,BLR,IndiGo,IndiGo,6E 744,5:00 PM,7:55 PM,175,2 hr 55 min,Economy,10180.0,,,True,3b484ffdaa33
SCR_GF_1789021431_034,2026-09-10 11:53:45,2026-09-25,15,google_flights,DEL,BLR,DEL-BLR,DEL,BLR,Air India,Air India,AI 761,9:00 PM,11:55 PM,175,2 hr 55 min,Economy,10440.0,,,True,a790b6ccc103
SCR_GF_1789021431_035,2026-09-10 11:53:45,2026-09-25,15,google_flights,DEL,BLR,DEL-BLR,DEL,BLR,IndiGo,IndiGo,6E 778,9:30 AM,12:25 PM,175,2 hr 55 min,Economy,10727.0,,,True,5cd119773ba1
SCR_GF_1789021431_036,2026-09-10 11:53:45,2026-09-25,15,google_flights,DEL,BLR,DEL-BLR,DEL,BLR,Air India,Air India,AI 795,8:30 AM,11:20 AM,170,2 hr 50 min,Economy,10883.0,,,True,353bca6c7e37
SCR_GF_1789021431_037,2026-09-10 11:53:45,2026-09-25,15,google_flights,DEL,BLR,DEL-BLR,DEL,BLR,Air India,Air India,AI 812,9:30 AM,12:25 PM,175,2 hr 55 min,Economy,10883.0,,,True,3b6e166df964
SCR_GF_1789021431_038,2026-09-10 11:53:45,2026-09-25,15,google_flights,DEL,BLR,DEL-BLR,DEL,BLR,Air India,Air India,AI 829,1:00 PM,3:55 PM,175,2 hr 55 min,Economy,11072.0,,,True,5fc50f5c5f2d
SCR_GF_1789021431_039,2026-09-10 11:53:45,2026-09-25,15,google_flights,DEL,BLR,DEL-BLR,DEL,BLR,IndiGo,IndiGo,6E 846,3:00 AM,5:55 AM,175,2 hr 55 min,Economy,11309.0,,,True,fe8f09872bf0
SCR_GF_1789021431_040,2026-09-10 11:53:45,2026-09-25,15,google_flights,DEL,BLR,DEL-BLR,DEL,BLR,IndiGo,IndiGo,6E 863,1:15,4:10,175,2 hr 55 min,Economy,8724.0,,,True,2531eb4f25e4
SCR_GF_1789021431_041,2026-09-10 11:53:45,2026-09-25,15,google_flights,DEL,BLR,DEL-BLR,DEL,BLR,IndiGo,IndiGo,6E 880,3:00,5:55,175,2 hr 55 min,Economy,8883.0,,,True,025ec49c530c
SCR_GF_1789021431_042,2026-09-10 11:53:45,2026-09-25,15,google_flights,DEL,BLR,DEL-BLR,DEL,BLR,IndiGo,IndiGo,6E 897,10:55,1:45,170,2 hr 50 min,Economy,9179.0,,,True,19c8620ccd23
SCR_GF_1789021432_043,2026-09-10 11:53:45,2026-09-25,15,google_flights,DEL,BLR,DEL-BLR,DEL,BLR,IndiGo,IndiGo,6E 914,12:20,3:20,180,3 hr,Economy,8724.0,,,True,3f43348f3919
SCR_GF_1789021432_044,2026-09-10 11:53:45,2026-09-25,15,google_flights,DEL,BLR,DEL-BLR,DEL,BLR,IndiGo,IndiGo,6E 931,2:30,5:25,175,2 hr 55 min,Economy,8724.0,,,True,8177189e5d59
SCR_GF_1789021432_045,2026-09-10 11:53:45,2026-09-25,15,google_flights,DEL,BLR,DEL-BLR,DEL,BLR,IndiGo,IndiGo,6E 948,11:30,2:25,175,2 hr 55 min,Economy,8724.0,,,True,378da6d5b701
SCR_GF_1789021432_046,2026-09-10 11:53:45,2026-09-25,15,google_flights,DEL,BLR,DEL-BLR,DEL,BLR,IndiGo,IndiGo,6E 965,12:15,3:10,175,2 hr 55 min,Economy,8731.0,,,True,b741dc4fc3be
SCR_GF_1789021432_047,2026-09-10 11:53:45,2026-09-25,15,google_flights,DEL,BLR,DEL-BLR,DEL,BLR,IndiGo,IndiGo,6E 982,4:30,7:20,170,2 hr 50 min,Economy,8883.0,,,True,7c03f3eb8752
SCR_GF_1789021432_048,2026-09-10 11:53:45,2026-09-25,15,google_flights,DEL,BLR,DEL-BLR,DEL,BLR,IndiGo,IndiGo,6E 999,4:40,7:40,180,3 hr,Economy,9179.0,,,True,3af57d07751f
SCR_GF_1789021432_049,2026-09-10 11:53:45,2026-09-25,15,google_flights,DEL,BLR,DEL-BLR,DEL,BLR,IndiGo,IndiGo,6E 216,8:55,11:50,175,2 hr 55 min,Economy,9179.0,,,True,6ecd9fd3ba59
SCR_GF_1789021432_050,2026-09-10 11:53:45,2026-09-25,15,google_flights,DEL,BLR,DEL-BLR,DEL,BLR,IndiGo,IndiGo,6E 233,9:55,12:50,175,2 hr 55 min,Economy,9179.0,,,True,88aed5fa08a0
SCR_GF_1789021432_051,2026-09-10 11:53:45,2026-09-25,15,google_flights,DEL,BLR,DEL-BLR,DEL,BLR,IndiGo,IndiGo,6E 250,5:45,8:40,175,2 hr 55 min,Economy,9181.0,,,True,73244299d3b5
SCR_GF_1789021432_052,2026-09-10 11:53:45,2026-09-25,15,google_flights,DEL,BLR,DEL-BLR,DEL,BLR,IndiGo,IndiGo,6E 267,7:05,10:00,175,2 hr 55 min,Economy,9181.0,,,True,6f9cad2d7089
SCR_GF_1789021432_053,2026-09-10 11:53:45,2026-09-25,15,google_flights,DEL,BLR,DEL-BLR,DEL,BLR,IndiGo,IndiGo,6E 284,8:45,11:40,175,2 hr 55 min,Economy,9181.0,,,True,b78ff6f41314
SCR_GF_1789021432_054,2026-09-10 11:53:45,2026-09-25,15,google_flights,DEL,BLR,DEL-BLR,DEL,BLR,IndiGo,IndiGo,6E 301,10:00,12:55,175,2 hr 55 min,Economy,9181.0,,,True,61cd58ddb4fb
SCR_GF_1789021432_055,2026-09-10 11:53:45,2026-09-25,15,google_flights,DEL,BLR,DEL-BLR,DEL,BLR,IndiGo,IndiGo,6E 318,6:00,8:55,175,2 hr 55 min,Economy,9340.0,,,True,530e588a735c
SCR_GF_1789021432_056,2026-09-10 11:53:45,2026-09-25,15,google_flights,DEL,BLR,DEL-BLR,DEL,BLR,IndiGo,IndiGo,6E 335,6:30,9:25,175,2 hr 55 min,Economy,9340.0,,,True,c7763fdafdc4
SCR_GF_1789021432_057,2026-09-10 11:53:45,2026-09-25,15,google_flights,DEL,BLR,DEL-BLR,DEL,BLR,IndiGo,IndiGo,6E 352,7:00,9:55,175,2 hr 55 min,Economy,9340.0,,,True,b0af273bd461
SCR_GF_1789021432_058,2026-09-10 11:53:45,2026-09-25,15,google_flights,DEL,BLR,DEL-BLR,DEL,BLR,IndiGo,IndiGo,6E 369,8:10,11:10,180,3 hr,Economy,9342.0,,,True,7fda5ad6201b
SCR_GF_1789021432_059,2026-09-10 11:53:45,2026-09-25,15,google_flights,DEL,BLR,DEL-BLR,DEL,BLR,IndiGo,IndiGo,6E 386,9:30,12:25,175,2 hr 55 min,Economy,9576.0,,,True,b4425aa86744
SCR_GF_1789021432_060,2026-09-10 11:53:45,2026-09-25,15,google_flights,DEL,BLR,DEL-BLR,DEL,BLR,IndiGo,IndiGo,6E 403,10:45,1:40,175,2 hr 55 min,Economy,9666.0,,,True,ffd64d50432a
SCR_GF_1789021432_061,2026-09-10 11:53:45,2026-09-25,15,google_flights,DEL,BLR,DEL-BLR,DEL,BLR,IndiGo,IndiGo,6E 420,3:45,6:40,175,2 hr 55 min,Economy,9666.0,,,True,ddd26f7a2c61
SCR_GF_1789021432_062,2026-09-10 11:53:45,2026-09-25,15,google_flights,DEL,BLR,DEL-BLR,DEL,BLR,IndiGo,IndiGo,6E 437,6:20,9:10,170,2 hr 50 min,Economy,9666.0,,,True,2494222b9851
SCR_GF_1789021432_063,2026-09-10 11:53:45,2026-09-25,15,google_flights,DEL,BLR,DEL-BLR,DEL,BLR,IndiGo,IndiGo,6E 454,7:30,10:25,175,2 hr 55 min,Economy,9666.0,,,True,e26d18af031e
SCR_GF_1789021432_064,2026-09-10 11:53:45,2026-09-25,15,google_flights,DEL,BLR,DEL-BLR,DEL,BLR,IndiGo,IndiGo,6E 471,10:30,1:20,170,2 hr 50 min,Economy,9823.0,,,True,7a1597835fdf
SCR_GF_1789021432_065,2026-09-10 11:53:45,2026-09-25,15,google_flights,DEL,BLR,DEL-BLR,DEL,BLR,IndiGo,IndiGo,6E 488,3:50,6:45,175,2 hr 55 min,Economy,9823.0,,,True,33b44469f3cf
SCR_GF_1789021432_066,2026-09-10 11:53:45,2026-09-25,15,google_flights,DEL,BLR,DEL-BLR,DEL,BLR,IndiGo,IndiGo,6E 505,4:30,7:15,165,2 hr 45 min,Economy,9823.0,,,True,17aaba687878
SCR_GF_1789021432_067,2026-09-10 11:53:45,2026-09-25,15,google_flights,DEL,BLR,DEL-BLR,DEL,BLR,IndiGo,IndiGo,6E 522,6:30,9:25,175,2 hr 55 min,Economy,9823.0,,,True,c622939df92e
SCR_GF_1789021432_068,2026-09-10 11:53:45,2026-09-25,15,google_flights,DEL,BLR,DEL-BLR,DEL,BLR,IndiGo,IndiGo,6E 539,7:00,9:55,175,2 hr 55 min,Economy,9823.0,,,True,141ca4bca7ac
SCR_GF_1789021432_069,2026-09-10 11:53:45,2026-09-25,15,google_flights,DEL,BLR,DEL-BLR,DEL,BLR,IndiGo,IndiGo,6E 556,7:30,10:20,170,2 hr 50 min,Economy,9991.0,,,True,78e36fc0beb9
SCR_GF_1789021432_070,2026-09-10 11:53:45,2026-09-25,15,google_flights,DEL,BLR,DEL-BLR,DEL,BLR,IndiGo,IndiGo,6E 573,6:20,9:15,175,2 hr 55 min,Economy,10027.0,,,True,222b1c45e497
SCR_GF_1789021432_071,2026-09-10 11:53:45,2026-09-25,15,google_flights,DEL,BLR,DEL-BLR,DEL,BLR,IndiGo,IndiGo,6E 590,8:20,11:10,170,2 hr 50 min,Economy,10180.0,,,True,e39711fa8349
SCR_GF_1789021432_072,2026-09-10 11:53:45,2026-09-25,15,google_flights,DEL,BLR,DEL-BLR,DEL,BLR,IndiGo,IndiGo,6E 607,5:00,7:55,175,2 hr 55 min,Economy,10180.0,,,True,834117702158
SCR_GF_1789021432_073,2026-09-10 11:53:45,2026-09-25,15,google_flights,DEL,BLR,DEL-BLR,DEL,BLR,IndiGo,IndiGo,6E 624,9:00,11:55,175,2 hr 55 min,Economy,10440.0,,,True,2c9627f4879f
SCR_GF_1789021432_074,2026-09-10 11:53:45,2026-09-25,15,google_flights,DEL,BLR,DEL-BLR,DEL,BLR,IndiGo,IndiGo,6E 641,9:30,12:25,175,2 hr 55 min,Economy,10727.0,,,True,91b9c51ba083
SCR_GF_1789021432_075,2026-09-10 11:53:45,2026-09-25,15,google_flights,DEL,BLR,DEL-BLR,DEL,BLR,IndiGo,IndiGo,6E 658,8:30,11:20,170,2 hr 50 min,Economy,10883.0,,,True,68eabe3aaac2
SCR_GF_1789021432_076,2026-09-10 11:53:45,2026-09-25,15,google_flights,DEL,BLR,DEL-BLR,DEL,BLR,IndiGo,IndiGo,6E 675,9:30,12:25,175,2 hr 55 min,Economy,10883.0,,,True,00bf4caa888c
SCR_GF_1789021432_077,2026-09-10 11:53:45,2026-09-25,15,google_flights,DEL,BLR,DEL-BLR,DEL,BLR,IndiGo,IndiGo,6E 692,1:00,3:55,175,2 hr 55 min,Economy,11072.0,,,True,1bd1b9360a1a
SCR_GF_1789021432_078,2026-09-10 11:53:45,2026-09-25,15,google_flights,DEL,BLR,DEL-BLR,DEL,BLR,IndiGo,IndiGo,6E 709,3:00,5:55,175,2 hr 55 min,Economy,11309.0,,,True,251d587f83f8
SCR_GF_1789021438_001,2026-09-10 11:53:53,2026-09-11,1,google_flights,DEL,CCU,DEL-CCU,DEL,CCU,Air India,Air India,AI 200,2:30 AM,4:50 AM,140,2 hr 20 min,Economy,8724.0,,,True,17ca8705bc9c
SCR_GF_1789021438_002,2026-09-10 11:53:53,2026-09-11,1,google_flights,DEL,CCU,DEL-CCU,DEL,CCU,IndiGo,IndiGo,6E 217,2:25 PM,4:45 PM,140,2 hr 20 min,Economy,8817.0,,,True,805085725458
SCR_GF_1789021438_003,2026-09-10 11:53:53,2026-09-11,1,google_flights,DEL,CCU,DEL-CCU,DEL,CCU,IndiGo,IndiGo,6E 234,11:30 PM,1:45 AM,135,2 hr 15 min,Economy,8817.0,,,True,dae13b87cfe4
SCR_GF_1789021438_004,2026-09-10 11:53:53,2026-09-11,1,google_flights,DEL,CCU,DEL-CCU,DEL,CCU,Akasa Air,Akasa Air,QP 251,5:55 AM,8:15 AM,140,2 hr 20 min,Economy,9191.0,,,True,99411a0f1a99
SCR_GF_1789021438_005,2026-09-10 11:53:53,2026-09-11,1,google_flights,DEL,CCU,DEL-CCU,DEL,CCU,IndiGo,IndiGo,6E 268,5:20 PM,10:40 PM,320,5 hr 20 min,Economy,7605.0,,,False,554487e38a50
SCR_GF_1789021438_006,2026-09-10 11:53:53,2026-09-11,1,google_flights,DEL,CCU,DEL-CCU,DEL,CCU,IndiGo,IndiGo,6E 285,5:00 AM,7:15 AM,135,2 hr 15 min,Economy,8817.0,,,True,4cb3e4f206a7
SCR_GF_1789021438_007,2026-09-10 11:53:53,2026-09-11,1,google_flights,DEL,CCU,DEL-CCU,DEL,CCU,IndiGo,IndiGo,6E 302,7:20 AM,9:40 AM,140,2 hr 20 min,Economy,8817.0,,,True,d4fde7804711
SCR_GF_1789021438_008,2026-09-10 11:53:53,2026-09-11,1,google_flights,DEL,CCU,DEL-CCU,DEL,CCU,Air India,Air India,AI 319,6:40 AM,8:50 AM,130,2 hr 10 min,Economy,8976.0,,,True,3794589cbecb
SCR_GF_1789021438_009,2026-09-10 11:53:53,2026-09-11,1,google_flights,DEL,CCU,DEL-CCU,DEL,CCU,Air India,Air India,AI 336,4:15 PM,6:35 PM,140,2 hr 20 min,Economy,8976.0,,,True,26d964f0b299
SCR_GF_1789021438_010,2026-09-10 11:53:53,2026-09-11,1,google_flights,DEL,CCU,DEL-CCU,DEL,CCU,Air India,Air India,AI 353,6:00 PM,8:20 PM,140,2 hr 20 min,Economy,8976.0,,,True,d237bc0a64e3
SCR_GF_1789021438_011,2026-09-10 11:53:53,2026-09-11,1,google_flights,DEL,CCU,DEL-CCU,DEL,CCU,IndiGo,IndiGo,6E 370,9:50 PM,12:05 AM,135,2 hr 15 min,Economy,9080.0,,,True,ce5b69c63405
SCR_GF_1789021438_012,2026-09-10 11:53:53,2026-09-11,1,google_flights,DEL,CCU,DEL-CCU,DEL,CCU,Air India,Air India,AI 387,9:55 AM,12:15 PM,140,2 hr 20 min,Economy,9129.0,,,True,60a4ef488f20
SCR_GF_1789021438_013,2026-09-10 11:53:53,2026-09-11,1,google_flights,DEL,CCU,DEL-CCU,DEL,CCU,Air India,Air India,AI 404,1:00 PM,3:20 PM,140,2 hr 20 min,Economy,9129.0,,,True,02117b55de71
SCR_GF_1789021438_014,2026-09-10 11:53:53,2026-09-11,1,google_flights,DEL,CCU,DEL-CCU,DEL,CCU,Air India,Air India,AI 421,7:40 PM,9:50 PM,130,2 hr 10 min,Economy,9129.0,,,True,14a222401678
SCR_GF_1789021438_015,2026-09-10 11:53:53,2026-09-11,1,google_flights,DEL,CCU,DEL-CCU,DEL,CCU,IndiGo,IndiGo,6E 438,8:30 AM,10:45 AM,135,2 hr 15 min,Economy,9395.0,,,True,2f4e9cad768c
SCR_GF_1789021438_016,2026-09-10 11:53:53,2026-09-11,1,google_flights,DEL,CCU,DEL-CCU,DEL,CCU,IndiGo,IndiGo,6E 455,10:15 AM,12:30 PM,135,2 hr 15 min,Economy,9395.0,,,True,f108fc59cded
SCR_GF_1789021438_017,2026-09-10 11:53:53,2026-09-11,1,google_flights,DEL,CCU,DEL-CCU,DEL,CCU,IndiGo,IndiGo,6E 472,12:45 PM,3:05 PM,140,2 hr 20 min,Economy,9395.0,,,True,587d7e56a660
SCR_GF_1789021438_018,2026-09-10 11:53:53,2026-09-11,1,google_flights,DEL,CCU,DEL-CCU,DEL,CCU,IndiGo,IndiGo,6E 489,4:00 PM,6:15 PM,135,2 hr 15 min,Economy,9395.0,,,True,3ccf8c510d08
SCR_GF_1789021438_019,2026-09-10 11:53:53,2026-09-11,1,google_flights,DEL,CCU,DEL-CCU,DEL,CCU,IndiGo,IndiGo,6E 506,5:55 PM,8:15 PM,140,2 hr 20 min,Economy,9395.0,,,True,b7fc2e50df37
SCR_GF_1789021438_020,2026-09-10 11:53:53,2026-09-11,1,google_flights,DEL,CCU,DEL-CCU,DEL,CCU,Akasa Air,Akasa Air,QP 523,5:05 PM,7:25 PM,140,2 hr 20 min,Economy,9527.0,,,True,93f2194768ad
SCR_GF_1789021438_021,2026-09-10 11:53:53,2026-09-11,1,google_flights,DEL,CCU,DEL-CCU,DEL,CCU,Air India,Air India,AI 540,7:30 AM,9:50 AM,140,2 hr 20 min,Economy,9722.0,,,True,7c8a44787ea1
SCR_GF_1789021438_022,2026-09-10 11:53:53,2026-09-11,1,google_flights,DEL,CCU,DEL-CCU,DEL,CCU,IndiGo,IndiGo,6E 557,7:30 PM,9:45 PM,135,2 hr 15 min,Economy,9867.0,,,True,df2a34c6ef12
SCR_GF_1789021439_023,2026-09-10 11:53:53,2026-09-11,1,google_flights,DEL,CCU,DEL-CCU,DEL,CCU,Air India,Air India,AI 574,9:00 PM,11:20 PM,140,2 hr 20 min,Economy,10079.0,,,True,bc7c3a12e989
SCR_GF_1789021439_024,2026-09-10 11:53:53,2026-09-11,1,google_flights,DEL,CCU,DEL-CCU,DEL,CCU,IndiGo,IndiGo,6E 591,2:30,4:50,140,2 hr 20 min,Economy,8724.0,,,True,2dc45e8b9a86
SCR_GF_1789021439_025,2026-09-10 11:53:53,2026-09-11,1,google_flights,DEL,CCU,DEL-CCU,DEL,CCU,IndiGo,IndiGo,6E 608,2:25,4:45,140,2 hr 20 min,Economy,8817.0,,,True,895f53fa8480
SCR_GF_1789021439_026,2026-09-10 11:53:53,2026-09-11,1,google_flights,DEL,CCU,DEL-CCU,DEL,CCU,IndiGo,IndiGo,6E 625,11:30,1:45,135,2 hr 15 min,Economy,8817.0,,,True,1ca4017f87c9
SCR_GF_1789021439_027,2026-09-10 11:53:53,2026-09-11,1,google_flights,DEL,CCU,DEL-CCU,DEL,CCU,IndiGo,IndiGo,6E 642,5:55,8:15,140,2 hr 20 min,Economy,9191.0,,,True,7dd4c85a82f5
SCR_GF_1789021439_028,2026-09-10 11:53:53,2026-09-11,1,google_flights,DEL,CCU,DEL-CCU,DEL,CCU,IndiGo,IndiGo,6E 659,5:20,10:40,320,5 hr 20 min,Economy,7605.0,,,False,14faa1da12f2
SCR_GF_1789021439_029,2026-09-10 11:53:53,2026-09-11,1,google_flights,DEL,CCU,DEL-CCU,DEL,CCU,IndiGo,IndiGo,6E 676,5:00,7:15,135,2 hr 15 min,Economy,8817.0,,,True,0b496e1166c8
SCR_GF_1789021439_030,2026-09-10 11:53:53,2026-09-11,1,google_flights,DEL,CCU,DEL-CCU,DEL,CCU,IndiGo,IndiGo,6E 693,7:20,9:40,140,2 hr 20 min,Economy,8817.0,,,True,0944239376d4
SCR_GF_1789021439_031,2026-09-10 11:53:53,2026-09-11,1,google_flights,DEL,CCU,DEL-CCU,DEL,CCU,IndiGo,IndiGo,6E 710,6:40,8:50,130,2 hr 10 min,Economy,8976.0,,,True,8eeb935b07e0
SCR_GF_1789021439_032,2026-09-10 11:53:53,2026-09-11,1,google_flights,DEL,CCU,DEL-CCU,DEL,CCU,IndiGo,IndiGo,6E 727,4:15,6:35,140,2 hr 20 min,Economy,8976.0,,,True,a6be22b1eff5
SCR_GF_1789021439_033,2026-09-10 11:53:53,2026-09-11,1,google_flights,DEL,CCU,DEL-CCU,DEL,CCU,IndiGo,IndiGo,6E 744,6:00,8:20,140,2 hr 20 min,Economy,8976.0,,,True,7d41d7ed64a7
SCR_GF_1789021439_034,2026-09-10 11:53:53,2026-09-11,1,google_flights,DEL,CCU,DEL-CCU,DEL,CCU,IndiGo,IndiGo,6E 761,9:50,12:05,135,2 hr 15 min,Economy,9080.0,,,True,d27dd36bb1fe
SCR_GF_1789021439_035,2026-09-10 11:53:53,2026-09-11,1,google_flights,DEL,CCU,DEL-CCU,DEL,CCU,IndiGo,IndiGo,6E 778,9:55,12:15,140,2 hr 20 min,Economy,9129.0,,,True,bc53fee80766
SCR_GF_1789021439_036,2026-09-10 11:53:53,2026-09-11,1,google_flights,DEL,CCU,DEL-CCU,DEL,CCU,IndiGo,IndiGo,6E 795,1:00,3:20,140,2 hr 20 min,Economy,9129.0,,,True,3b568ff75001
SCR_GF_1789021439_037,2026-09-10 11:53:53,2026-09-11,1,google_flights,DEL,CCU,DEL-CCU,DEL,CCU,IndiGo,IndiGo,6E 812,7:40,9:50,130,2 hr 10 min,Economy,9129.0,,,True,2c7dd08b673b
SCR_GF_1789021439_038,2026-09-10 11:53:53,2026-09-11,1,google_flights,DEL,CCU,DEL-CCU,DEL,CCU,IndiGo,IndiGo,6E 829,8:30,10:45,135,2 hr 15 min,Economy,9395.0,,,True,d0e4cec7d2bf
SCR_GF_1789021439_039,2026-09-10 11:53:53,2026-09-11,1,google_flights,DEL,CCU,DEL-CCU,DEL,CCU,IndiGo,IndiGo,6E 846,10:15,12:30,135,2 hr 15 min,Economy,9395.0,,,True,e8f120981409
SCR_GF_1789021439_040,2026-09-10 11:53:53,2026-09-11,1,google_flights,DEL,CCU,DEL-CCU,DEL,CCU,IndiGo,IndiGo,6E 863,12:45,3:05,140,2 hr 20 min,Economy,9395.0,,,True,c61807435b45
SCR_GF_1789021439_041,2026-09-10 11:53:53,2026-09-11,1,google_flights,DEL,CCU,DEL-CCU,DEL,CCU,IndiGo,IndiGo,6E 880,4:00,6:15,135,2 hr 15 min,Economy,9395.0,,,True,a43a6e888519
SCR_GF_1789021439_042,2026-09-10 11:53:53,2026-09-11,1,google_flights,DEL,CCU,DEL-CCU,DEL,CCU,IndiGo,IndiGo,6E 897,5:55,8:15,140,2 hr 20 min,Economy,9395.0,,,True,786f8a1e6064
SCR_GF_1789021439_043,2026-09-10 11:53:53,2026-09-11,1,google_flights,DEL,CCU,DEL-CCU,DEL,CCU,IndiGo,IndiGo,6E 914,5:05,7:25,140,2 hr 20 min,Economy,9527.0,,,True,1a7aaf6e03d8
SCR_GF_1789021439_044,2026-09-10 11:53:53,2026-09-11,1,google_flights,DEL,CCU,DEL-CCU,DEL,CCU,IndiGo,IndiGo,6E 931,7:30,9:50,140,2 hr 20 min,Economy,9722.0,,,True,8063130ec15a
SCR_GF_1789021439_045,2026-09-10 11:53:53,2026-09-11,1,google_flights,DEL,CCU,DEL-CCU,DEL,CCU,IndiGo,IndiGo,6E 948,7:30,9:45,135,2 hr 15 min,Economy,9867.0,,,True,505ba0fbe6d7
SCR_GF_1789021439_046,2026-09-10 11:53:53,2026-09-11,1,google_flights,DEL,CCU,DEL-CCU,DEL,CCU,IndiGo,IndiGo,6E 965,9:00,11:20,140,2 hr 20 min,Economy,10079.0,,,True,6d0d8c39e3ec
SCR_GF_1789021445_001,2026-09-10 11:54:00,2026-09-12,2,google_flights,DEL,CCU,DEL-CCU,DEL,CCU,IndiGo,IndiGo,6E 200,7:40 AM,12:05 PM,265,4 hr 25 min,Economy,7481.0,,,False,2c4432f426d6
SCR_GF_1789021445_002,2026-09-10 11:54:00,2026-09-12,2,google_flights,DEL,CCU,DEL-CCU,DEL,CCU,Akasa Air,Akasa Air,QP 217,5:55 AM,8:15 AM,140,2 hr 20 min,Economy,8259.0,,,True,012abb9c63ad
SCR_GF_1789021445_003,2026-09-10 11:54:00,2026-09-12,2,google_flights,DEL,CCU,DEL-CCU,DEL,CCU,Air India,Air India,AI 234,2:30 AM,4:50 AM,140,2 hr 20 min,Economy,8724.0,,,True,e8e929948c38
SCR_GF_1789021445_004,2026-09-10 11:54:00,2026-09-12,2,google_flights,DEL,CCU,DEL-CCU,DEL,CCU,IndiGo,IndiGo,6E 251,11:50 AM,2:00 PM,130,2 hr 10 min,Economy,8817.0,,,True,03d7a82b747a
SCR_GF_1789021445_005,2026-09-10 11:54:00,2026-09-12,2,google_flights,DEL,CCU,DEL-CCU,DEL,CCU,IndiGo,IndiGo,6E 268,6:20 AM,1:45 PM,445,7 hr 25 min,Economy,7271.0,,,False,e46f709b1ffd
SCR_GF_1789021445_006,2026-09-10 11:54:00,2026-09-12,2,google_flights,DEL,CCU,DEL-CCU,DEL,CCU,IndiGo,IndiGo,6E 285,1:35 PM,9:05 PM,450,7 hr 30 min,Economy,7271.0,,,False,7378861db8c3
SCR_GF_1789021445_007,2026-09-10 11:54:00,2026-09-12,2,google_flights,DEL,CCU,DEL-CCU,DEL,CCU,IndiGo,IndiGo,6E 302,4:40 PM,10:05 PM,325,5 hr 25 min,Economy,7271.0,,,False,d3d441b9fa9b
SCR_GF_1789021445_008,2026-09-10 11:54:00,2026-09-12,2,google_flights,DEL,CCU,DEL-CCU,DEL,CCU,IndiGo,IndiGo,6E 319,10:50 AM,3:25 PM,275,4 hr 35 min,Economy,7586.0,,,False,6b37ca85a724
SCR_GF_1789021445_009,2026-09-10 11:54:00,2026-09-12,2,google_flights,DEL,CCU,DEL-CCU,DEL,CCU,IndiGo,IndiGo,6E 336,5:00 AM,7:15 AM,135,2 hr 15 min,Economy,8817.0,,,True,32d64d87b3f7
SCR_GF_1789021445_010,2026-09-10 11:54:00,2026-09-12,2,google_flights,DEL,CCU,DEL-CCU,DEL,CCU,IndiGo,IndiGo,6E 353,7:20 AM,9:40 AM,140,2 hr 20 min,Economy,8817.0,,,True,dba7fa6f2b3c
SCR_GF_1789021445_011,2026-09-10 11:54:00,2026-09-12,2,google_flights,DEL,CCU,DEL-CCU,DEL,CCU,IndiGo,IndiGo,6E 370,8:30 AM,10:45 AM,135,2 hr 15 min,Economy,8817.0,,,True,b2815a4b0868
SCR_GF_1789021445_012,2026-09-10 11:54:00,2026-09-12,2,google_flights,DEL,CCU,DEL-CCU,DEL,CCU,IndiGo,IndiGo,6E 387,10:15 AM,12:30 PM,135,2 hr 15 min,Economy,8817.0,,,True,8435367767cb
SCR_GF_1789021445_013,2026-09-10 11:54:00,2026-09-12,2,google_flights,DEL,CCU,DEL-CCU,DEL,CCU,IndiGo,IndiGo,6E 404,12:45 PM,3:05 PM,140,2 hr 20 min,Economy,8817.0,,,True,d93daf588246
SCR_GF_1789021445_014,2026-09-10 11:54:00,2026-09-12,2,google_flights,DEL,CCU,DEL-CCU,DEL,CCU,IndiGo,IndiGo,6E 421,4:00 PM,6:15 PM,135,2 hr 15 min,Economy,8817.0,,,True,091a6b47561f
SCR_GF_1789021445_015,2026-09-10 11:54:00,2026-09-12,2,google_flights,DEL,CCU,DEL-CCU,DEL,CCU,IndiGo,IndiGo,6E 438,5:55 PM,8:15 PM,140,2 hr 20 min,Economy,8817.0,,,True,1e370373d45a
SCR_GF_1789021445_016,2026-09-10 11:54:00,2026-09-12,2,google_flights,DEL,CCU,DEL-CCU,DEL,CCU,IndiGo,IndiGo,6E 455,11:30 PM,1:45 AM,135,2 hr 15 min,Economy,8817.0,,,True,0fd72ed4c8ac
SCR_GF_1789021445_017,2026-09-10 11:54:00,2026-09-12,2,google_flights,DEL,CCU,DEL-CCU,DEL,CCU,Air India,Air India,AI 472,6:40 AM,8:50 AM,130,2 hr 10 min,Economy,8976.0,,,True,93da87a1c01c
SCR_GF_1789021445_018,2026-09-10 11:54:00,2026-09-12,2,google_flights,DEL,CCU,DEL-CCU,DEL,CCU,Air India,Air India,AI 489,6:00 PM,8:20 PM,140,2 hr 20 min,Economy,8976.0,,,True,8ee1c401951e
SCR_GF_1789021445_019,2026-09-10 11:54:00,2026-09-12,2,google_flights,DEL,CCU,DEL-CCU,DEL,CCU,Air India,Air India,AI 506,9:00 PM,11:20 PM,140,2 hr 20 min,Economy,8976.0,,,True,134fbde97654
SCR_GF_1789021445_020,2026-09-10 11:54:00,2026-09-12,2,google_flights,DEL,CCU,DEL-CCU,DEL,CCU,Akasa Air,Akasa Air,QP 523,5:10 PM,7:25 PM,135,2 hr 15 min,Economy,9028.0,,,True,728e70616623
SCR_GF_1789021445_021,2026-09-10 11:54:00,2026-09-12,2,google_flights,DEL,CCU,DEL-CCU,DEL,CCU,IndiGo,IndiGo,6E 540,2:25 PM,4:45 PM,140,2 hr 20 min,Economy,9080.0,,,True,6f0f67d3acfb
SCR_GF_1789021445_022,2026-09-10 11:54:00,2026-09-12,2,google_flights,DEL,CCU,DEL-CCU,DEL,CCU,IndiGo,IndiGo,6E 557,7:30 PM,9:45 PM,135,2 hr 15 min,Economy,9080.0,,,True,82d5fac3d68e
SCR_GF_1789021445_023,2026-09-10 11:54:00,2026-09-12,2,google_flights,DEL,CCU,DEL-CCU,DEL,CCU,Air India,Air India,AI 574,7:30 AM,9:50 AM,140,2 hr 20 min,Economy,9129.0,,,True,cde9bedff8a8
SCR_GF_1789021445_024,2026-09-10 11:54:00,2026-09-12,2,google_flights,DEL,CCU,DEL-CCU,DEL,CCU,Air India,Air India,AI 591,9:55 AM,12:15 PM,140,2 hr 20 min,Economy,9129.0,,,True,8e1974014ca4
SCR_GF_1789021445_025,2026-09-10 11:54:00,2026-09-12,2,google_flights,DEL,CCU,DEL-CCU,DEL,CCU,Air India,Air India,AI 608,1:00 PM,3:20 PM,140,2 hr 20 min,Economy,9129.0,,,True,73f26f0ceba1
SCR_GF_1789021446_026,2026-09-10 11:54:00,2026-09-12,2,google_flights,DEL,CCU,DEL-CCU,DEL,CCU,Air India,Air India,AI 625,7:40 PM,9:50 PM,130,2 hr 10 min,Economy,9129.0,,,True,72cd672eeb68
SCR_GF_1789021446_027,2026-09-10 11:54:00,2026-09-12,2,google_flights,DEL,CCU,DEL-CCU,DEL,CCU,Air India,Air India,AI 642,4:15 PM,6:35 PM,140,2 hr 20 min,Economy,9239.0,,,True,5eeecead59fa
SCR_GF_1789021446_028,2026-09-10 11:54:00,2026-09-12,2,google_flights,DEL,CCU,DEL-CCU,DEL,CCU,SpiceJet,SpiceJet,QP 659,8:10 PM,10:30 PM,140,2 hr 20 min,Economy,10953.0,,,True,9b60a0d60060
SCR_GF_1789021446_029,2026-09-10 11:54:00,2026-09-12,2,google_flights,DEL,CCU,DEL-CCU,DEL,CCU,IndiGo,IndiGo,6E 676,7:40,12:05,265,4 hr 25 min,Economy,7481.0,,,False,4a11b93cf2bb
SCR_GF_1789021446_030,2026-09-10 11:54:00,2026-09-12,2,google_flights,DEL,CCU,DEL-CCU,DEL,CCU,IndiGo,IndiGo,6E 693,5:55,8:15,140,2 hr 20 min,Economy,8259.0,,,True,9fb6aa87316d
SCR_GF_1789021446_031,2026-09-10 11:54:00,2026-09-12,2,google_flights,DEL,CCU,DEL-CCU,DEL,CCU,IndiGo,IndiGo,6E 710,2:30,4:50,140,2 hr 20 min,Economy,8724.0,,,True,1e9d7875f7dd
SCR_GF_1789021446_032,2026-09-10 11:54:00,2026-09-12,2,google_flights,DEL,CCU,DEL-CCU,DEL,CCU,IndiGo,IndiGo,6E 727,11:50,2:00,130,2 hr 10 min,Economy,8817.0,,,True,995c4090d155
SCR_GF_1789021446_033,2026-09-10 11:54:00,2026-09-12,2,google_flights,DEL,CCU,DEL-CCU,DEL,CCU,IndiGo,IndiGo,6E 744,6:20,1:45,445,7 hr 25 min,Economy,7271.0,,,False,a0e7da49d1ba
SCR_GF_1789021446_034,2026-09-10 11:54:00,2026-09-12,2,google_flights,DEL,CCU,DEL-CCU,DEL,CCU,IndiGo,IndiGo,6E 761,1:35,9:05,450,7 hr 30 min,Economy,7271.0,,,False,a9d354cb2d54
SCR_GF_1789021446_035,2026-09-10 11:54:00,2026-09-12,2,google_flights,DEL,CCU,DEL-CCU,DEL,CCU,IndiGo,IndiGo,6E 778,4:40,10:05,325,5 hr 25 min,Economy,7271.0,,,False,6f657e4e95e0
SCR_GF_1789021446_036,2026-09-10 11:54:00,2026-09-12,2,google_flights,DEL,CCU,DEL-CCU,DEL,CCU,IndiGo,IndiGo,6E 795,10:50,3:25,275,4 hr 35 min,Economy,7586.0,,,False,c06b6a5895cc
SCR_GF_1789021446_037,2026-09-10 11:54:00,2026-09-12,2,google_flights,DEL,CCU,DEL-CCU,DEL,CCU,IndiGo,IndiGo,6E 812,5:00,7:15,135,2 hr 15 min,Economy,8817.0,,,True,869ff169b944
SCR_GF_1789021446_038,2026-09-10 11:54:00,2026-09-12,2,google_flights,DEL,CCU,DEL-CCU,DEL,CCU,IndiGo,IndiGo,6E 829,7:20,9:40,140,2 hr 20 min,Economy,8817.0,,,True,1d54e121efd1
SCR_GF_1789021446_039,2026-09-10 11:54:00,2026-09-12,2,google_flights,DEL,CCU,DEL-CCU,DEL,CCU,IndiGo,IndiGo,6E 846,8:30,10:45,135,2 hr 15 min,Economy,8817.0,,,True,eca94edc9359
SCR_GF_1789021446_040,2026-09-10 11:54:00,2026-09-12,2,google_flights,DEL,CCU,DEL-CCU,DEL,CCU,IndiGo,IndiGo,6E 863,10:15,12:30,135,2 hr 15 min,Economy,8817.0,,,True,7705918d8e60
SCR_GF_1789021446_041,2026-09-10 11:54:00,2026-09-12,2,google_flights,DEL,CCU,DEL-CCU,DEL,CCU,IndiGo,IndiGo,6E 880,12:45,3:05,140,2 hr 20 min,Economy,8817.0,,,True,898523929fb3
SCR_GF_1789021446_042,2026-09-10 11:54:00,2026-09-12,2,google_flights,DEL,CCU,DEL-CCU,DEL,CCU,IndiGo,IndiGo,6E 897,4:00,6:15,135,2 hr 15 min,Economy,8817.0,,,True,576d062c9156
SCR_GF_1789021446_043,2026-09-10 11:54:00,2026-09-12,2,google_flights,DEL,CCU,DEL-CCU,DEL,CCU,IndiGo,IndiGo,6E 914,5:55,8:15,140,2 hr 20 min,Economy,8817.0,,,True,4769a79b0a9a
SCR_GF_1789021446_044,2026-09-10 11:54:00,2026-09-12,2,google_flights,DEL,CCU,DEL-CCU,DEL,CCU,IndiGo,IndiGo,6E 931,11:30,1:45,135,2 hr 15 min,Economy,8817.0,,,True,cea906300ab8
SCR_GF_1789021446_045,2026-09-10 11:54:00,2026-09-12,2,google_flights,DEL,CCU,DEL-CCU,DEL,CCU,IndiGo,IndiGo,6E 948,6:40,8:50,130,2 hr 10 min,Economy,8976.0,,,True,57e0fcee8739
SCR_GF_1789021446_046,2026-09-10 11:54:00,2026-09-12,2,google_flights,DEL,CCU,DEL-CCU,DEL,CCU,IndiGo,IndiGo,6E 965,6:00,8:20,140,2 hr 20 min,Economy,8976.0,,,True,c7c01f1fb157
SCR_GF_1789021446_047,2026-09-10 11:54:00,2026-09-12,2,google_flights,DEL,CCU,DEL-CCU,DEL,CCU,IndiGo,IndiGo,6E 982,9:00,11:20,140,2 hr 20 min,Economy,8976.0,,,True,310d09b66416
SCR_GF_1789021446_048,2026-09-10 11:54:00,2026-09-12,2,google_flights,DEL,CCU,DEL-CCU,DEL,CCU,IndiGo,IndiGo,6E 999,5:10,7:25,135,2 hr 15 min,Economy,9028.0,,,True,80d85d89f40f
SCR_GF_1789021446_049,2026-09-10 11:54:00,2026-09-12,2,google_flights,DEL,CCU,DEL-CCU,DEL,CCU,IndiGo,IndiGo,6E 216,2:25,4:45,140,2 hr 20 min,Economy,9080.0,,,True,47ef2f1710cb
SCR_GF_1789021446_050,2026-09-10 11:54:00,2026-09-12,2,google_flights,DEL,CCU,DEL-CCU,DEL,CCU,IndiGo,IndiGo,6E 233,7:30,9:45,135,2 hr 15 min,Economy,9080.0,,,True,632a1c73b17e
SCR_GF_1789021446_051,2026-09-10 11:54:00,2026-09-12,2,google_flights,DEL,CCU,DEL-CCU,DEL,CCU,IndiGo,IndiGo,6E 250,7:30,9:50,140,2 hr 20 min,Economy,9129.0,,,True,1f14db56e071
SCR_GF_1789021446_052,2026-09-10 11:54:00,2026-09-12,2,google_flights,DEL,CCU,DEL-CCU,DEL,CCU,IndiGo,IndiGo,6E 267,9:55,12:15,140,2 hr 20 min,Economy,9129.0,,,True,e188b3f6c666
SCR_GF_1789021446_053,2026-09-10 11:54:00,2026-09-12,2,google_flights,DEL,CCU,DEL-CCU,DEL,CCU,IndiGo,IndiGo,6E 284,1:00,3:20,140,2 hr 20 min,Economy,9129.0,,,True,ed1108c9124d
SCR_GF_1789021446_054,2026-09-10 11:54:00,2026-09-12,2,google_flights,DEL,CCU,DEL-CCU,DEL,CCU,IndiGo,IndiGo,6E 301,7:40,9:50,130,2 hr 10 min,Economy,9129.0,,,True,3b59f971df28
SCR_GF_1789021446_055,2026-09-10 11:54:00,2026-09-12,2,google_flights,DEL,CCU,DEL-CCU,DEL,CCU,IndiGo,IndiGo,6E 318,4:15,6:35,140,2 hr 20 min,Economy,9239.0,,,True,d788782c2e32
SCR_GF_1789021446_056,2026-09-10 11:54:00,2026-09-12,2,google_flights,DEL,CCU,DEL-CCU,DEL,CCU,IndiGo,IndiGo,6E 335,8:10,10:30,140,2 hr 20 min,Economy,10953.0,,,True,c62d095ff396
SCR_GF_1789021452_001,2026-09-10 11:54:07,2026-09-17,7,google_flights,DEL,CCU,DEL-CCU,DEL,CCU,IndiGo,IndiGo,6E 200,4:20 PM,9:05 PM,285,4 hr 45 min,Economy,7271.0,,,False,7bc704e28e0c
SCR_GF_1789021452_002,2026-09-10 11:54:07,2026-09-17,7,google_flights,DEL,CCU,DEL-CCU,DEL,CCU,Akasa Air,Akasa Air,QP 217,5:55 AM,8:15 AM,140,2 hr 20 min,Economy,8259.0,,,True,ea751a47b195
SCR_GF_1789021452_003,2026-09-10 11:54:07,2026-09-17,7,google_flights,DEL,CCU,DEL-CCU,DEL,CCU,Akasa Air,Akasa Air,QP 234,5:05 PM,7:25 PM,140,2 hr 20 min,Economy,8259.0,,,True,30e14ed37bb6
SCR_GF_1789021452_004,2026-09-10 11:54:07,2026-09-17,7,google_flights,DEL,CCU,DEL-CCU,DEL,CCU,Air India,Air India,AI 251,2:30 AM,4:50 AM,140,2 hr 20 min,Economy,8724.0,,,True,2850c117c757
SCR_GF_1789021452_005,2026-09-10 11:54:07,2026-09-17,7,google_flights,DEL,CCU,DEL-CCU,DEL,CCU,IndiGo,IndiGo,6E 268,4:00 PM,6:15 PM,135,2 hr 15 min,Economy,8817.0,,,True,1766108281de
SCR_GF_1789021452_006,2026-09-10 11:54:07,2026-09-17,7,google_flights,DEL,CCU,DEL-CCU,DEL,CCU,IndiGo,IndiGo,6E 285,6:20 AM,1:45 PM,445,7 hr 25 min,Economy,7271.0,,,False,67a7c92242b1
SCR_GF_1789021452_007,2026-09-10 11:54:07,2026-09-17,7,google_flights,DEL,CCU,DEL-CCU,DEL,CCU,IndiGo,IndiGo,6E 302,4:40 PM,10:05 PM,325,5 hr 25 min,Economy,7271.0,,,False,a6f5860f32dd
SCR_GF_1789021452_008,2026-09-10 11:54:07,2026-09-17,7,google_flights,DEL,CCU,DEL-CCU,DEL,CCU,IndiGo,IndiGo,6E 319,7:40 AM,12:05 PM,265,4 hr 25 min,Economy,7481.0,,,False,9dfb94341a2b
SCR_GF_1789021452_009,2026-09-10 11:54:07,2026-09-17,7,google_flights,DEL,CCU,DEL-CCU,DEL,CCU,IndiGo,IndiGo,6E 336,10:50 AM,3:25 PM,275,4 hr 35 min,Economy,7586.0,,,False,04760abe6206
SCR_GF_1789021452_010,2026-09-10 11:54:07,2026-09-17,7,google_flights,DEL,CCU,DEL-CCU,DEL,CCU,IndiGo,IndiGo,6E 353,3:10 PM,8:30 PM,320,5 hr 20 min,Economy,7586.0,,,False,94496f5b9927
SCR_GF_1789021452_011,2026-09-10 11:54:07,2026-09-17,7,google_flights,DEL,CCU,DEL-CCU,DEL,CCU,IndiGo,IndiGo,6E 370,5:00 AM,7:15 AM,135,2 hr 15 min,Economy,8817.0,,,True,73ddb36ae13d
SCR_GF_1789021452_012,2026-09-10 11:54:07,2026-09-17,7,google_flights,DEL,CCU,DEL-CCU,DEL,CCU,IndiGo,IndiGo,6E 387,7:20 AM,9:40 AM,140,2 hr 20 min,Economy,8817.0,,,True,e5773d9e3e2a
SCR_GF_1789021452_013,2026-09-10 11:54:07,2026-09-17,7,google_flights,DEL,CCU,DEL-CCU,DEL,CCU,IndiGo,IndiGo,6E 404,12:45 PM,3:05 PM,140,2 hr 20 min,Economy,8817.0,,,True,7e0e0d94f5df
SCR_GF_1789021452_014,2026-09-10 11:54:07,2026-09-17,7,google_flights,DEL,CCU,DEL-CCU,DEL,CCU,IndiGo,IndiGo,6E 421,2:25 PM,4:45 PM,140,2 hr 20 min,Economy,8817.0,,,True,7dcc6466635f
SCR_GF_1789021453_015,2026-09-10 11:54:07,2026-09-17,7,google_flights,DEL,CCU,DEL-CCU,DEL,CCU,IndiGo,IndiGo,6E 438,5:55 PM,8:15 PM,140,2 hr 20 min,Economy,8817.0,,,True,6a5666439a11
SCR_GF_1789021453_016,2026-09-10 11:54:07,2026-09-17,7,google_flights,DEL,CCU,DEL-CCU,DEL,CCU,IndiGo,IndiGo,6E 455,9:50 PM,12:05 AM,135,2 hr 15 min,Economy,8817.0,,,True,4b6c693cd7db
SCR_GF_1789021453_017,2026-09-10 11:54:07,2026-09-17,7,google_flights,DEL,CCU,DEL-CCU,DEL,CCU,IndiGo,IndiGo,6E 472,11:30 PM,1:45 AM,135,2 hr 15 min,Economy,8817.0,,,True,5a340bfbaa01
SCR_GF_1789021453_018,2026-09-10 11:54:07,2026-09-17,7,google_flights,DEL,CCU,DEL-CCU,DEL,CCU,Air India,Air India,AI 489,6:40 AM,8:50 AM,130,2 hr 10 min,Economy,8976.0,,,True,01bac72315e5
SCR_GF_1789021453_019,2026-09-10 11:54:07,2026-09-17,7,google_flights,DEL,CCU,DEL-CCU,DEL,CCU,IndiGo,IndiGo,6E 506,8:30 AM,10:45 AM,135,2 hr 15 min,Economy,9080.0,,,True,7b88078f63d2
SCR_GF_1789021453_020,2026-09-10 11:54:07,2026-09-17,7,google_flights,DEL,CCU,DEL-CCU,DEL,CCU,Air India,Air India,AI 523,7:30 AM,9:50 AM,140,2 hr 20 min,Economy,9129.0,,,True,bdde7290ed38
SCR_GF_1789021453_021,2026-09-10 11:54:07,2026-09-17,7,google_flights,DEL,CCU,DEL-CCU,DEL,CCU,Air India,Air India,AI 540,6:00 PM,8:20 PM,140,2 hr 20 min,Economy,9239.0,,,True,480834836e70
SCR_GF_1789021453_022,2026-09-10 11:54:07,2026-09-17,7,google_flights,DEL,CCU,DEL-CCU,DEL,CCU,Air India,Air India,AI 557,9:00 PM,11:20 PM,140,2 hr 20 min,Economy,9239.0,,,True,45a5ba928948
SCR_GF_1789021453_023,2026-09-10 11:54:07,2026-09-17,7,google_flights,DEL,CCU,DEL-CCU,DEL,CCU,Air India,Air India,AI 574,4:15 PM,6:35 PM,140,2 hr 20 min,Economy,9554.0,,,True,cf6f677cea87
SCR_GF_1789021453_024,2026-09-10 11:54:07,2026-09-17,7,google_flights,DEL,CCU,DEL-CCU,DEL,CCU,Air India,Air India,AI 591,1:00 PM,3:20 PM,140,2 hr 20 min,Economy,9722.0,,,True,7c8291e1d060
SCR_GF_1789021453_025,2026-09-10 11:54:07,2026-09-17,7,google_flights,DEL,CCU,DEL-CCU,DEL,CCU,IndiGo,IndiGo,6E 608,10:15 AM,12:30 PM,135,2 hr 15 min,Economy,10392.0,,,True,3cddee2e48cc
SCR_GF_1789021453_026,2026-09-10 11:54:07,2026-09-17,7,google_flights,DEL,CCU,DEL-CCU,DEL,CCU,IndiGo,IndiGo,6E 625,7:30 PM,9:45 PM,135,2 hr 15 min,Economy,10392.0,,,True,62b3de372b22
SCR_GF_1789021453_027,2026-09-10 11:54:07,2026-09-17,7,google_flights,DEL,CCU,DEL-CCU,DEL,CCU,Air India,Air India,AI 642,7:40 PM,9:50 PM,130,2 hr 10 min,Economy,10887.0,,,True,09b0f5817a3e
SCR_GF_1789021453_028,2026-09-10 11:54:07,2026-09-17,7,google_flights,DEL,CCU,DEL-CCU,DEL,CCU,Air India,Air India,AI 659,9:55 AM,12:15 PM,140,2 hr 20 min,Economy,11633.0,,,True,ad41293aeec6
SCR_GF_1789021453_029,2026-09-10 11:54:07,2026-09-17,7,google_flights,DEL,CCU,DEL-CCU,DEL,CCU,IndiGo,IndiGo,6E 676,4:20,9:05,285,4 hr 45 min,Economy,7271.0,,,False,9544aee68089
SCR_GF_1789021453_030,2026-09-10 11:54:07,2026-09-17,7,google_flights,DEL,CCU,DEL-CCU,DEL,CCU,IndiGo,IndiGo,6E 693,5:55,8:15,140,2 hr 20 min,Economy,8259.0,,,True,2762877be1b4
SCR_GF_1789021453_031,2026-09-10 11:54:07,2026-09-17,7,google_flights,DEL,CCU,DEL-CCU,DEL,CCU,IndiGo,IndiGo,6E 710,5:05,7:25,140,2 hr 20 min,Economy,8259.0,,,True,a431bf853834
SCR_GF_1789021453_032,2026-09-10 11:54:07,2026-09-17,7,google_flights,DEL,CCU,DEL-CCU,DEL,CCU,IndiGo,IndiGo,6E 727,2:30,4:50,140,2 hr 20 min,Economy,8724.0,,,True,ebb92508c4b6
SCR_GF_1789021453_033,2026-09-10 11:54:07,2026-09-17,7,google_flights,DEL,CCU,DEL-CCU,DEL,CCU,IndiGo,IndiGo,6E 744,4:00,6:15,135,2 hr 15 min,Economy,8817.0,,,True,44acc23fb33f
SCR_GF_1789021453_034,2026-09-10 11:54:07,2026-09-17,7,google_flights,DEL,CCU,DEL-CCU,DEL,CCU,IndiGo,IndiGo,6E 761,6:20,1:45,445,7 hr 25 min,Economy,7271.0,,,False,84cd94afc736
SCR_GF_1789021453_035,2026-09-10 11:54:07,2026-09-17,7,google_flights,DEL,CCU,DEL-CCU,DEL,CCU,IndiGo,IndiGo,6E 778,4:40,10:05,325,5 hr 25 min,Economy,7271.0,,,False,60333164f14f
SCR_GF_1789021453_036,2026-09-10 11:54:07,2026-09-17,7,google_flights,DEL,CCU,DEL-CCU,DEL,CCU,IndiGo,IndiGo,6E 795,7:40,12:05,265,4 hr 25 min,Economy,7481.0,,,False,6d493b8b3852
SCR_GF_1789021453_037,2026-09-10 11:54:07,2026-09-17,7,google_flights,DEL,CCU,DEL-CCU,DEL,CCU,IndiGo,IndiGo,6E 812,10:50,3:25,275,4 hr 35 min,Economy,7586.0,,,False,8ec56b35823b
SCR_GF_1789021453_038,2026-09-10 11:54:07,2026-09-17,7,google_flights,DEL,CCU,DEL-CCU,DEL,CCU,IndiGo,IndiGo,6E 829,3:10,8:30,320,5 hr 20 min,Economy,7586.0,,,False,c26343192a98
SCR_GF_1789021453_039,2026-09-10 11:54:07,2026-09-17,7,google_flights,DEL,CCU,DEL-CCU,DEL,CCU,IndiGo,IndiGo,6E 846,5:00,7:15,135,2 hr 15 min,Economy,8817.0,,,True,37f4e459c57a
SCR_GF_1789021453_040,2026-09-10 11:54:07,2026-09-17,7,google_flights,DEL,CCU,DEL-CCU,DEL,CCU,IndiGo,IndiGo,6E 863,7:20,9:40,140,2 hr 20 min,Economy,8817.0,,,True,75e232fd7bb0
SCR_GF_1789021453_041,2026-09-10 11:54:07,2026-09-17,7,google_flights,DEL,CCU,DEL-CCU,DEL,CCU,IndiGo,IndiGo,6E 880,12:45,3:05,140,2 hr 20 min,Economy,8817.0,,,True,8812b8768f24
SCR_GF_1789021453_042,2026-09-10 11:54:07,2026-09-17,7,google_flights,DEL,CCU,DEL-CCU,DEL,CCU,IndiGo,IndiGo,6E 897,2:25,4:45,140,2 hr 20 min,Economy,8817.0,,,True,b98509f2a192
SCR_GF_1789021453_043,2026-09-10 11:54:07,2026-09-17,7,google_flights,DEL,CCU,DEL-CCU,DEL,CCU,IndiGo,IndiGo,6E 914,5:55,8:15,140,2 hr 20 min,Economy,8817.0,,,True,453a2d2b8064
SCR_GF_1789021453_044,2026-09-10 11:54:07,2026-09-17,7,google_flights,DEL,CCU,DEL-CCU,DEL,CCU,IndiGo,IndiGo,6E 931,9:50,12:05,135,2 hr 15 min,Economy,8817.0,,,True,86e82774df8b
SCR_GF_1789021453_045,2026-09-10 11:54:07,2026-09-17,7,google_flights,DEL,CCU,DEL-CCU,DEL,CCU,IndiGo,IndiGo,6E 948,11:30,1:45,135,2 hr 15 min,Economy,8817.0,,,True,5564d256d865
SCR_GF_1789021453_046,2026-09-10 11:54:07,2026-09-17,7,google_flights,DEL,CCU,DEL-CCU,DEL,CCU,IndiGo,IndiGo,6E 965,6:40,8:50,130,2 hr 10 min,Economy,8976.0,,,True,06a63a8d40bf
SCR_GF_1789021453_047,2026-09-10 11:54:07,2026-09-17,7,google_flights,DEL,CCU,DEL-CCU,DEL,CCU,IndiGo,IndiGo,6E 982,8:30,10:45,135,2 hr 15 min,Economy,9080.0,,,True,4f2b6df32af9
SCR_GF_1789021453_048,2026-09-10 11:54:07,2026-09-17,7,google_flights,DEL,CCU,DEL-CCU,DEL,CCU,IndiGo,IndiGo,6E 999,7:30,9:50,140,2 hr 20 min,Economy,9129.0,,,True,5346f6171a9b
SCR_GF_1789021453_049,2026-09-10 11:54:07,2026-09-17,7,google_flights,DEL,CCU,DEL-CCU,DEL,CCU,IndiGo,IndiGo,6E 216,6:00,8:20,140,2 hr 20 min,Economy,9239.0,,,True,d5df64e42711
SCR_GF_1789021453_050,2026-09-10 11:54:07,2026-09-17,7,google_flights,DEL,CCU,DEL-CCU,DEL,CCU,IndiGo,IndiGo,6E 233,9:00,11:20,140,2 hr 20 min,Economy,9239.0,,,True,9f27ce35c7c1
SCR_GF_1789021453_051,2026-09-10 11:54:07,2026-09-17,7,google_flights,DEL,CCU,DEL-CCU,DEL,CCU,IndiGo,IndiGo,6E 250,4:15,6:35,140,2 hr 20 min,Economy,9554.0,,,True,0d7be11d9638
SCR_GF_1789021453_052,2026-09-10 11:54:07,2026-09-17,7,google_flights,DEL,CCU,DEL-CCU,DEL,CCU,IndiGo,IndiGo,6E 267,1:00,3:20,140,2 hr 20 min,Economy,9722.0,,,True,747faaae67ee
SCR_GF_1789021453_053,2026-09-10 11:54:07,2026-09-17,7,google_flights,DEL,CCU,DEL-CCU,DEL,CCU,IndiGo,IndiGo,6E 284,10:15,12:30,135,2 hr 15 min,Economy,10392.0,,,True,601d4037363c
SCR_GF_1789021453_054,2026-09-10 11:54:07,2026-09-17,7,google_flights,DEL,CCU,DEL-CCU,DEL,CCU,IndiGo,IndiGo,6E 301,7:30,9:45,135,2 hr 15 min,Economy,10392.0,,,True,96018a9e8925
SCR_GF_1789021453_055,2026-09-10 11:54:07,2026-09-17,7,google_flights,DEL,CCU,DEL-CCU,DEL,CCU,IndiGo,IndiGo,6E 318,7:40,9:50,130,2 hr 10 min,Economy,10887.0,,,True,b2f2f32a015e
SCR_GF_1789021453_056,2026-09-10 11:54:07,2026-09-17,7,google_flights,DEL,CCU,DEL-CCU,DEL,CCU,IndiGo,IndiGo,6E 335,9:55,12:15,140,2 hr 20 min,Economy,11633.0,,,True,febd11f603f3
SCR_GF_1789021459_001,2026-09-10 11:54:14,2026-09-25,15,google_flights,DEL,CCU,DEL-CCU,DEL,CCU,IndiGo,IndiGo,6E 200,8:00 AM,12:25 PM,265,4 hr 25 min,Economy,7402.0,,,False,d0ab82830f4b
SCR_GF_1789021459_002,2026-09-10 11:54:14,2026-09-25,15,google_flights,DEL,CCU,DEL-CCU,DEL,CCU,Akasa Air,Akasa Air,QP 217,5:55 AM,8:15 AM,140,2 hr 20 min,Economy,8406.0,,,True,41048068e4f3
SCR_GF_1789021459_003,2026-09-10 11:54:14,2026-09-25,15,google_flights,DEL,CCU,DEL-CCU,DEL,CCU,Akasa Air,Akasa Air,QP 234,5:05 PM,7:25 PM,140,2 hr 20 min,Economy,8406.0,,,True,7344198be61a
SCR_GF_1789021459_004,2026-09-10 11:54:14,2026-09-25,15,google_flights,DEL,CCU,DEL-CCU,DEL,CCU,Air India,Air India,AI 251,2:30 AM,4:50 AM,140,2 hr 20 min,Economy,8724.0,,,True,f7657cf3663e
SCR_GF_1789021459_005,2026-09-10 11:54:14,2026-09-25,15,google_flights,DEL,CCU,DEL-CCU,DEL,CCU,IndiGo,IndiGo,6E 268,4:00 PM,6:15 PM,135,2 hr 15 min,Economy,8817.0,,,True,a2064a928a18
SCR_GF_1789021459_006,2026-09-10 11:54:14,2026-09-25,15,google_flights,DEL,CCU,DEL-CCU,DEL,CCU,IndiGo,IndiGo,6E 285,6:20 AM,1:45 PM,445,7 hr 25 min,Economy,7271.0,,,False,eae08c4b1900
SCR_GF_1789021459_007,2026-09-10 11:54:14,2026-09-25,15,google_flights,DEL,CCU,DEL-CCU,DEL,CCU,IndiGo,IndiGo,6E 302,4:20 PM,9:05 PM,285,4 hr 45 min,Economy,7271.0,,,False,cf37d54264c0
SCR_GF_1789021459_008,2026-09-10 11:54:14,2026-09-25,15,google_flights,DEL,CCU,DEL-CCU,DEL,CCU,IndiGo,IndiGo,6E 319,10:50 AM,3:25 PM,275,4 hr 35 min,Economy,7586.0,,,False,89c5d7c769bf
SCR_GF_1789021459_009,2026-09-10 11:54:14,2026-09-25,15,google_flights,DEL,CCU,DEL-CCU,DEL,CCU,IndiGo,IndiGo,6E 336,5:00 AM,7:15 AM,135,2 hr 15 min,Economy,8817.0,,,True,f06190a3a146
SCR_GF_1789021459_010,2026-09-10 11:54:14,2026-09-25,15,google_flights,DEL,CCU,DEL-CCU,DEL,CCU,IndiGo,IndiGo,6E 353,7:20 AM,9:40 AM,140,2 hr 20 min,Economy,8817.0,,,True,d2ff2f45f1be
SCR_GF_1789021459_011,2026-09-10 11:54:14,2026-09-25,15,google_flights,DEL,CCU,DEL-CCU,DEL,CCU,IndiGo,IndiGo,6E 370,8:30 AM,10:45 AM,135,2 hr 15 min,Economy,8817.0,,,True,7e6bd3f44742
SCR_GF_1789021459_012,2026-09-10 11:54:14,2026-09-25,15,google_flights,DEL,CCU,DEL-CCU,DEL,CCU,IndiGo,IndiGo,6E 387,10:15 AM,12:30 PM,135,2 hr 15 min,Economy,8817.0,,,True,e8b9404e6201
SCR_GF_1789021459_013,2026-09-10 11:54:14,2026-09-25,15,google_flights,DEL,CCU,DEL-CCU,DEL,CCU,IndiGo,IndiGo,6E 404,12:45 PM,3:05 PM,140,2 hr 20 min,Economy,8817.0,,,True,c6ab4bebdd43
SCR_GF_1789021459_014,2026-09-10 11:54:14,2026-09-25,15,google_flights,DEL,CCU,DEL-CCU,DEL,CCU,IndiGo,IndiGo,6E 421,2:25 PM,4:45 PM,140,2 hr 20 min,Economy,8817.0,,,True,633b9a25d53b
SCR_GF_1789021459_015,2026-09-10 11:54:14,2026-09-25,15,google_flights,DEL,CCU,DEL-CCU,DEL,CCU,IndiGo,IndiGo,6E 438,5:55 PM,8:15 PM,140,2 hr 20 min,Economy,8817.0,,,True,6e22889ecd4d
SCR_GF_1789021459_016,2026-09-10 11:54:14,2026-09-25,15,google_flights,DEL,CCU,DEL-CCU,DEL,CCU,IndiGo,IndiGo,6E 455,7:30 PM,9:45 PM,135,2 hr 15 min,Economy,8817.0,,,True,000d5438befe
SCR_GF_1789021459_017,2026-09-10 11:54:14,2026-09-25,15,google_flights,DEL,CCU,DEL-CCU,DEL,CCU,IndiGo,IndiGo,6E 472,9:50 PM,12:05 AM,135,2 hr 15 min,Economy,8817.0,,,True,75fdbb70a97a
SCR_GF_1789021459_018,2026-09-10 11:54:14,2026-09-25,15,google_flights,DEL,CCU,DEL-CCU,DEL,CCU,IndiGo,IndiGo,6E 489,11:30 PM,1:45 AM,135,2 hr 15 min,Economy,8817.0,,,True,afc52a3c1d0c
SCR_GF_1789021459_019,2026-09-10 11:54:14,2026-09-25,15,google_flights,DEL,CCU,DEL-CCU,DEL,CCU,Air India,Air India,AI 506,6:40 AM,8:50 AM,130,2 hr 10 min,Economy,8976.0,,,True,1d47e21d1b96
SCR_GF_1789021459_020,2026-09-10 11:54:14,2026-09-25,15,google_flights,DEL,CCU,DEL-CCU,DEL,CCU,Air India,Air India,AI 523,4:15 PM,6:35 PM,140,2 hr 20 min,Economy,8976.0,,,True,15bb392cc75f
SCR_GF_1789021459_021,2026-09-10 11:54:14,2026-09-25,15,google_flights,DEL,CCU,DEL-CCU,DEL,CCU,Air India,Air India,AI 540,6:00 PM,8:20 PM,140,2 hr 20 min,Economy,8976.0,,,True,eb28b4fea182
SCR_GF_1789021459_022,2026-09-10 11:54:14,2026-09-25,15,google_flights,DEL,CCU,DEL-CCU,DEL,CCU,Air India,Air India,AI 557,9:00 PM,11:20 PM,140,2 hr 20 min,Economy,8976.0,,,True,ff02e0fd6371
SCR_GF_1789021460_023,2026-09-10 11:54:14,2026-09-25,15,google_flights,DEL,CCU,DEL-CCU,DEL,CCU,Air India,Air India,AI 574,7:30 AM,9:50 AM,140,2 hr 20 min,Economy,9129.0,,,True,92488f22e8c5
SCR_GF_1789021460_024,2026-09-10 11:54:14,2026-09-25,15,google_flights,DEL,CCU,DEL-CCU,DEL,CCU,Air India,Air India,AI 591,9:55 AM,12:15 PM,140,2 hr 20 min,Economy,9129.0,,,True,489ec4973482
SCR_GF_1789021460_025,2026-09-10 11:54:14,2026-09-25,15,google_flights,DEL,CCU,DEL-CCU,DEL,CCU,Air India,Air India,AI 608,1:00 PM,3:20 PM,140,2 hr 20 min,Economy,9129.0,,,True,fea87694fc9d
SCR_GF_1789021460_026,2026-09-10 11:54:14,2026-09-25,15,google_flights,DEL,CCU,DEL-CCU,DEL,CCU,Air India,Air India,AI 625,7:40 PM,9:50 PM,130,2 hr 10 min,Economy,9129.0,,,True,afdeadcb334a
SCR_GF_1789021460_027,2026-09-10 11:54:14,2026-09-25,15,google_flights,DEL,CCU,DEL-CCU,DEL,CCU,IndiGo,IndiGo,6E 642,8:00,12:25,265,4 hr 25 min,Economy,7402.0,,,False,7c4700a931b3
SCR_GF_1789021460_028,2026-09-10 11:54:14,2026-09-25,15,google_flights,DEL,CCU,DEL-CCU,DEL,CCU,IndiGo,IndiGo,6E 659,5:55,8:15,140,2 hr 20 min,Economy,8406.0,,,True,be05cad9b0ef
SCR_GF_1789021460_029,2026-09-10 11:54:14,2026-09-25,15,google_flights,DEL,CCU,DEL-CCU,DEL,CCU,IndiGo,IndiGo,6E 676,5:05,7:25,140,2 hr 20 min,Economy,8406.0,,,True,7de0841bc0a2
SCR_GF_1789021460_030,2026-09-10 11:54:14,2026-09-25,15,google_flights,DEL,CCU,DEL-CCU,DEL,CCU,IndiGo,IndiGo,6E 693,2:30,4:50,140,2 hr 20 min,Economy,8724.0,,,True,69316837048a
SCR_GF_1789021460_031,2026-09-10 11:54:14,2026-09-25,15,google_flights,DEL,CCU,DEL-CCU,DEL,CCU,IndiGo,IndiGo,6E 710,4:00,6:15,135,2 hr 15 min,Economy,8817.0,,,True,1532b37ad98e
SCR_GF_1789021460_032,2026-09-10 11:54:14,2026-09-25,15,google_flights,DEL,CCU,DEL-CCU,DEL,CCU,IndiGo,IndiGo,6E 727,6:20,1:45,445,7 hr 25 min,Economy,7271.0,,,False,2ac10cc4c3c3
SCR_GF_1789021460_033,2026-09-10 11:54:14,2026-09-25,15,google_flights,DEL,CCU,DEL-CCU,DEL,CCU,IndiGo,IndiGo,6E 744,4:20,9:05,285,4 hr 45 min,Economy,7271.0,,,False,4c94eac833f5
SCR_GF_1789021460_034,2026-09-10 11:54:14,2026-09-25,15,google_flights,DEL,CCU,DEL-CCU,DEL,CCU,IndiGo,IndiGo,6E 761,10:50,3:25,275,4 hr 35 min,Economy,7586.0,,,False,0a425438709e
SCR_GF_1789021460_035,2026-09-10 11:54:14,2026-09-25,15,google_flights,DEL,CCU,DEL-CCU,DEL,CCU,IndiGo,IndiGo,6E 778,5:00,7:15,135,2 hr 15 min,Economy,8817.0,,,True,f53ad4279bd5
SCR_GF_1789021460_036,2026-09-10 11:54:14,2026-09-25,15,google_flights,DEL,CCU,DEL-CCU,DEL,CCU,IndiGo,IndiGo,6E 795,7:20,9:40,140,2 hr 20 min,Economy,8817.0,,,True,c3069ed1d68e
SCR_GF_1789021460_037,2026-09-10 11:54:14,2026-09-25,15,google_flights,DEL,CCU,DEL-CCU,DEL,CCU,IndiGo,IndiGo,6E 812,8:30,10:45,135,2 hr 15 min,Economy,8817.0,,,True,49010747cd09
SCR_GF_1789021460_038,2026-09-10 11:54:14,2026-09-25,15,google_flights,DEL,CCU,DEL-CCU,DEL,CCU,IndiGo,IndiGo,6E 829,10:15,12:30,135,2 hr 15 min,Economy,8817.0,,,True,f531643b346a
SCR_GF_1789021460_039,2026-09-10 11:54:14,2026-09-25,15,google_flights,DEL,CCU,DEL-CCU,DEL,CCU,IndiGo,IndiGo,6E 846,12:45,3:05,140,2 hr 20 min,Economy,8817.0,,,True,be9732391e9c
SCR_GF_1789021460_040,2026-09-10 11:54:14,2026-09-25,15,google_flights,DEL,CCU,DEL-CCU,DEL,CCU,IndiGo,IndiGo,6E 863,2:25,4:45,140,2 hr 20 min,Economy,8817.0,,,True,7372b6b48d8b
SCR_GF_1789021460_041,2026-09-10 11:54:14,2026-09-25,15,google_flights,DEL,CCU,DEL-CCU,DEL,CCU,IndiGo,IndiGo,6E 880,5:55,8:15,140,2 hr 20 min,Economy,8817.0,,,True,a8dbb642d05e
SCR_GF_1789021460_042,2026-09-10 11:54:14,2026-09-25,15,google_flights,DEL,CCU,DEL-CCU,DEL,CCU,IndiGo,IndiGo,6E 897,7:30,9:45,135,2 hr 15 min,Economy,8817.0,,,True,c7814b76e0eb
SCR_GF_1789021460_043,2026-09-10 11:54:14,2026-09-25,15,google_flights,DEL,CCU,DEL-CCU,DEL,CCU,IndiGo,IndiGo,6E 914,9:50,12:05,135,2 hr 15 min,Economy,8817.0,,,True,568e11330132
SCR_GF_1789021460_044,2026-09-10 11:54:14,2026-09-25,15,google_flights,DEL,CCU,DEL-CCU,DEL,CCU,IndiGo,IndiGo,6E 931,11:30,1:45,135,2 hr 15 min,Economy,8817.0,,,True,bd408de627f4
SCR_GF_1789021460_045,2026-09-10 11:54:14,2026-09-25,15,google_flights,DEL,CCU,DEL-CCU,DEL,CCU,IndiGo,IndiGo,6E 948,6:40,8:50,130,2 hr 10 min,Economy,8976.0,,,True,049534a77386
SCR_GF_1789021460_046,2026-09-10 11:54:14,2026-09-25,15,google_flights,DEL,CCU,DEL-CCU,DEL,CCU,IndiGo,IndiGo,6E 965,4:15,6:35,140,2 hr 20 min,Economy,8976.0,,,True,f0af86c5cb1b
SCR_GF_1789021460_047,2026-09-10 11:54:14,2026-09-25,15,google_flights,DEL,CCU,DEL-CCU,DEL,CCU,IndiGo,IndiGo,6E 982,6:00,8:20,140,2 hr 20 min,Economy,8976.0,,,True,47e5b4f0a87b
SCR_GF_1789021460_048,2026-09-10 11:54:14,2026-09-25,15,google_flights,DEL,CCU,DEL-CCU,DEL,CCU,IndiGo,IndiGo,6E 999,9:00,11:20,140,2 hr 20 min,Economy,8976.0,,,True,767556a2015a
SCR_GF_1789021460_049,2026-09-10 11:54:14,2026-09-25,15,google_flights,DEL,CCU,DEL-CCU,DEL,CCU,IndiGo,IndiGo,6E 216,7:30,9:50,140,2 hr 20 min,Economy,9129.0,,,True,7d8d2cd5c3c4
SCR_GF_1789021460_050,2026-09-10 11:54:14,2026-09-25,15,google_flights,DEL,CCU,DEL-CCU,DEL,CCU,IndiGo,IndiGo,6E 233,9:55,12:15,140,2 hr 20 min,Economy,9129.0,,,True,982d59516ff7
SCR_GF_1789021460_051,2026-09-10 11:54:14,2026-09-25,15,google_flights,DEL,CCU,DEL-CCU,DEL,CCU,IndiGo,IndiGo,6E 250,1:00,3:20,140,2 hr 20 min,Economy,9129.0,,,True,72c467bd1184
SCR_GF_1789021460_052,2026-09-10 11:54:14,2026-09-25,15,google_flights,DEL,CCU,DEL-CCU,DEL,CCU,IndiGo,IndiGo,6E 267,7:40,9:50,130,2 hr 10 min,Economy,9129.0,,,True,39698a2ed525
SCR_GF_1789021466_001,2026-09-10 11:54:21,2026-09-11,1,google_flights,DEL,HYD,DEL-HYD,DEL,HYD,Air India,Air India,AI 200,6:00 AM,8:20 AM,140,2 hr 20 min,Economy,8711.0,,,True,ce1c1813009f
SCR_GF_1789021466_002,2026-09-10 11:54:21,2026-09-11,1,google_flights,DEL,HYD,DEL-HYD,DEL,HYD,Akasa Air,Akasa Air,QP 217,2:10 PM,4:30 PM,140,2 hr 20 min,Economy,8735.0,,,True,a312c0311aee
SCR_GF_1789021466_003,2026-09-10 11:54:21,2026-09-11,1,google_flights,DEL,HYD,DEL-HYD,DEL,HYD,IndiGo,IndiGo,6E 234,11:45 AM,2:00 PM,135,2 hr 15 min,Economy,8825.0,,,True,e0566e50cc6c
SCR_GF_1789021466_004,2026-09-10 11:54:21,2026-09-11,1,google_flights,DEL,HYD,DEL-HYD,DEL,HYD,IndiGo,IndiGo,6E 251,7:05 AM,12:10 PM,305,5 hr 5 min,Economy,7962.0,,,False,c27f94899b05
SCR_GF_1789021466_005,2026-09-10 11:54:21,2026-09-11,1,google_flights,DEL,HYD,DEL-HYD,DEL,HYD,IndiGo,IndiGo,6E 268,2:00 PM,6:55 PM,295,4 hr 55 min,Economy,7962.0,,,False,b18b2a105bd2
SCR_GF_1789021466_006,2026-09-10 11:54:21,2026-09-11,1,google_flights,DEL,HYD,DEL-HYD,DEL,HYD,IndiGo,IndiGo,6E 285,4:40 PM,10:45 PM,365,6 hr 5 min,Economy,7962.0,,,False,96870040fa51
SCR_GF_1789021466_007,2026-09-10 11:54:21,2026-09-11,1,google_flights,DEL,HYD,DEL-HYD,DEL,HYD,Air India,Air India,AI 302,2:00 AM,4:20 AM,140,2 hr 20 min,Economy,8711.0,,,True,ff4a5a6a400d
SCR_GF_1789021466_008,2026-09-10 11:54:21,2026-09-11,1,google_flights,DEL,HYD,DEL-HYD,DEL,HYD,Air India,Air India,AI 319,10:00 PM,12:20 AM,140,2 hr 20 min,Economy,8711.0,,,True,2c47665d2159
SCR_GF_1789021466_009,2026-09-10 11:54:21,2026-09-11,1,google_flights,DEL,HYD,DEL-HYD,DEL,HYD,Air India,Air India,AI 336,11:00 PM,1:20 AM,140,2 hr 20 min,Economy,8711.0,,,True,daaec68cfd6a
SCR_GF_1789021466_010,2026-09-10 11:54:21,2026-09-11,1,google_flights,DEL,HYD,DEL-HYD,DEL,HYD,IndiGo,IndiGo,6E 353,9:55 AM,12:20 PM,145,2 hr 25 min,Economy,8825.0,,,True,2d50c752ab82
SCR_GF_1789021466_011,2026-09-10 11:54:21,2026-09-11,1,google_flights,DEL,HYD,DEL-HYD,DEL,HYD,IndiGo,IndiGo,6E 370,1:30 PM,3:45 PM,135,2 hr 15 min,Economy,8825.0,,,True,593c723c84d2
SCR_GF_1789021466_012,2026-09-10 11:54:21,2026-09-11,1,google_flights,DEL,HYD,DEL-HYD,DEL,HYD,IndiGo,IndiGo,6E 387,2:45 PM,5:05 PM,140,2 hr 20 min,Economy,8825.0,,,True,e6fb0ed80333
SCR_GF_1789021466_013,2026-09-10 11:54:21,2026-09-11,1,google_flights,DEL,HYD,DEL-HYD,DEL,HYD,IndiGo,IndiGo,6E 404,4:15 PM,6:30 PM,135,2 hr 15 min,Economy,8825.0,,,True,00e4cef124a8
SCR_GF_1789021466_014,2026-09-10 11:54:21,2026-09-11,1,google_flights,DEL,HYD,DEL-HYD,DEL,HYD,IndiGo,IndiGo,6E 421,5:55 PM,8:15 PM,140,2 hr 20 min,Economy,8825.0,,,True,685ed0273f1b
SCR_GF_1789021466_015,2026-09-10 11:54:21,2026-09-11,1,google_flights,DEL,HYD,DEL-HYD,DEL,HYD,IndiGo,IndiGo,6E 438,9:00 PM,11:15 PM,135,2 hr 15 min,Economy,8825.0,,,True,81a359794dd4
SCR_GF_1789021466_016,2026-09-10 11:54:21,2026-09-11,1,google_flights,DEL,HYD,DEL-HYD,DEL,HYD,IndiGo,IndiGo,6E 455,11:15 PM,1:30 AM,135,2 hr 15 min,Economy,8825.0,,,True,26e2ae13f1e1
SCR_GF_1789021466_017,2026-09-10 11:54:21,2026-09-11,1,google_flights,DEL,HYD,DEL-HYD,DEL,HYD,Akasa Air,Akasa Air,QP 472,8:40 PM,11:10 PM,150,2 hr 30 min,Economy,8888.0,,,True,2f894d6a8a6a
SCR_GF_1789021466_018,2026-09-10 11:54:21,2026-09-11,1,google_flights,DEL,HYD,DEL-HYD,DEL,HYD,Air India,Air India,AI 489,9:40 AM,12:00 PM,140,2 hr 20 min,Economy,8984.0,,,True,1ccfd3537e4d
SCR_GF_1789021466_019,2026-09-10 11:54:21,2026-09-11,1,google_flights,DEL,HYD,DEL-HYD,DEL,HYD,Air India,Air India,AI 506,10:30 AM,12:50 PM,140,2 hr 20 min,Economy,8984.0,,,True,2b7398e75a78
SCR_GF_1789021466_020,2026-09-10 11:54:21,2026-09-11,1,google_flights,DEL,HYD,DEL-HYD,DEL,HYD,Air India,Air India,AI 523,12:30 PM,2:45 PM,135,2 hr 15 min,Economy,8984.0,,,True,5fea7007c307
SCR_GF_1789021466_021,2026-09-10 11:54:21,2026-09-11,1,google_flights,DEL,HYD,DEL-HYD,DEL,HYD,Air India,Air India,AI 540,2:30 PM,4:40 PM,130,2 hr 10 min,Economy,8984.0,,,True,845a8082e711
SCR_GF_1789021466_022,2026-09-10 11:54:21,2026-09-11,1,google_flights,DEL,HYD,DEL-HYD,DEL,HYD,Air India,Air India,AI 557,3:30 PM,5:55 PM,145,2 hr 25 min,Economy,8984.0,,,True,d3067dee032b
SCR_GF_1789021466_023,2026-09-10 11:54:21,2026-09-11,1,google_flights,DEL,HYD,DEL-HYD,DEL,HYD,Air India,Air India,AI 574,6:00 PM,8:20 PM,140,2 hr 20 min,Economy,8984.0,,,True,381e60e19bcf
SCR_GF_1789021466_024,2026-09-10 11:54:21,2026-09-11,1,google_flights,DEL,HYD,DEL-HYD,DEL,HYD,Air India,Air India,AI 591,7:30 PM,9:50 PM,140,2 hr 20 min,Economy,8984.0,,,True,7ff9794b3153
SCR_GF_1789021466_025,2026-09-10 11:54:21,2026-09-11,1,google_flights,DEL,HYD,DEL-HYD,DEL,HYD,Air India,Air India,AI 608,8:30 PM,10:50 PM,140,2 hr 20 min,Economy,8984.0,,,True,05f85ac8b031
SCR_GF_1789021466_026,2026-09-10 11:54:21,2026-09-11,1,google_flights,DEL,HYD,DEL-HYD,DEL,HYD,IndiGo,IndiGo,6E 625,7:45 PM,10:05 PM,140,2 hr 20 min,Economy,9301.0,,,True,5db9f779296b
SCR_GF_1789021466_027,2026-09-10 11:54:21,2026-09-11,1,google_flights,DEL,HYD,DEL-HYD,DEL,HYD,IndiGo,IndiGo,6E 642,7:10 AM,9:20 AM,130,2 hr 10 min,Economy,10346.0,,,True,62b8dd731d09
SCR_GF_1789021466_028,2026-09-10 11:54:21,2026-09-11,1,google_flights,DEL,HYD,DEL-HYD,DEL,HYD,IndiGo,IndiGo,6E 659,8:30 AM,10:45 AM,135,2 hr 15 min,Economy,10346.0,,,True,f3b344081017
SCR_GF_1789021466_029,2026-09-10 11:54:21,2026-09-11,1,google_flights,DEL,HYD,DEL-HYD,DEL,HYD,IndiGo,IndiGo,6E 676,6:00,8:20,140,2 hr 20 min,Economy,8711.0,,,True,9f77c8cbe28e
SCR_GF_1789021466_030,2026-09-10 11:54:21,2026-09-11,1,google_flights,DEL,HYD,DEL-HYD,DEL,HYD,IndiGo,IndiGo,6E 693,2:10,4:30,140,2 hr 20 min,Economy,8735.0,,,True,c5ef95b38a23
SCR_GF_1789021466_031,2026-09-10 11:54:21,2026-09-11,1,google_flights,DEL,HYD,DEL-HYD,DEL,HYD,IndiGo,IndiGo,6E 710,11:45,2:00,135,2 hr 15 min,Economy,8825.0,,,True,ea0e6a9db81b
SCR_GF_1789021466_032,2026-09-10 11:54:21,2026-09-11,1,google_flights,DEL,HYD,DEL-HYD,DEL,HYD,IndiGo,IndiGo,6E 727,7:05,12:10,305,5 hr 5 min,Economy,7962.0,,,False,e470c40825fd
SCR_GF_1789021466_033,2026-09-10 11:54:21,2026-09-11,1,google_flights,DEL,HYD,DEL-HYD,DEL,HYD,IndiGo,IndiGo,6E 744,2:00,6:55,295,4 hr 55 min,Economy,7962.0,,,False,e0d91918a4f6
SCR_GF_1789021466_034,2026-09-10 11:54:21,2026-09-11,1,google_flights,DEL,HYD,DEL-HYD,DEL,HYD,IndiGo,IndiGo,6E 761,4:40,10:45,365,6 hr 5 min,Economy,7962.0,,,False,0006b2ba23a1
SCR_GF_1789021466_035,2026-09-10 11:54:21,2026-09-11,1,google_flights,DEL,HYD,DEL-HYD,DEL,HYD,IndiGo,IndiGo,6E 778,2:00,4:20,140,2 hr 20 min,Economy,8711.0,,,True,2c09d707c3df
SCR_GF_1789021466_036,2026-09-10 11:54:21,2026-09-11,1,google_flights,DEL,HYD,DEL-HYD,DEL,HYD,IndiGo,IndiGo,6E 795,10:00,12:20,140,2 hr 20 min,Economy,8711.0,,,True,d233bb20f4af
SCR_GF_1789021466_037,2026-09-10 11:54:21,2026-09-11,1,google_flights,DEL,HYD,DEL-HYD,DEL,HYD,IndiGo,IndiGo,6E 812,11:00,1:20,140,2 hr 20 min,Economy,8711.0,,,True,6da121d2f0de
SCR_GF_1789021466_038,2026-09-10 11:54:21,2026-09-11,1,google_flights,DEL,HYD,DEL-HYD,DEL,HYD,IndiGo,IndiGo,6E 829,9:55,12:20,145,2 hr 25 min,Economy,8825.0,,,True,7e2c90ad362d
SCR_GF_1789021466_039,2026-09-10 11:54:21,2026-09-11,1,google_flights,DEL,HYD,DEL-HYD,DEL,HYD,IndiGo,IndiGo,6E 846,1:30,3:45,135,2 hr 15 min,Economy,8825.0,,,True,5e08df31c2c5
SCR_GF_1789021466_040,2026-09-10 11:54:21,2026-09-11,1,google_flights,DEL,HYD,DEL-HYD,DEL,HYD,IndiGo,IndiGo,6E 863,2:45,5:05,140,2 hr 20 min,Economy,8825.0,,,True,ec1b374e43d7
SCR_GF_1789021467_041,2026-09-10 11:54:21,2026-09-11,1,google_flights,DEL,HYD,DEL-HYD,DEL,HYD,IndiGo,IndiGo,6E 880,4:15,6:30,135,2 hr 15 min,Economy,8825.0,,,True,fa1342de23df
SCR_GF_1789021467_042,2026-09-10 11:54:21,2026-09-11,1,google_flights,DEL,HYD,DEL-HYD,DEL,HYD,IndiGo,IndiGo,6E 897,5:55,8:15,140,2 hr 20 min,Economy,8825.0,,,True,430b0f2d8455
SCR_GF_1789021467_043,2026-09-10 11:54:21,2026-09-11,1,google_flights,DEL,HYD,DEL-HYD,DEL,HYD,IndiGo,IndiGo,6E 914,9:00,11:15,135,2 hr 15 min,Economy,8825.0,,,True,1ceae70e172a
SCR_GF_1789021467_044,2026-09-10 11:54:21,2026-09-11,1,google_flights,DEL,HYD,DEL-HYD,DEL,HYD,IndiGo,IndiGo,6E 931,11:15,1:30,135,2 hr 15 min,Economy,8825.0,,,True,cc54076ab005
SCR_GF_1789021467_045,2026-09-10 11:54:21,2026-09-11,1,google_flights,DEL,HYD,DEL-HYD,DEL,HYD,IndiGo,IndiGo,6E 948,8:40,11:10,150,2 hr 30 min,Economy,8888.0,,,True,04ca80345451
SCR_GF_1789021467_046,2026-09-10 11:54:21,2026-09-11,1,google_flights,DEL,HYD,DEL-HYD,DEL,HYD,IndiGo,IndiGo,6E 965,9:40,12:00,140,2 hr 20 min,Economy,8984.0,,,True,8bdf0afba54c
SCR_GF_1789021467_047,2026-09-10 11:54:21,2026-09-11,1,google_flights,DEL,HYD,DEL-HYD,DEL,HYD,IndiGo,IndiGo,6E 982,10:30,12:50,140,2 hr 20 min,Economy,8984.0,,,True,a64216122fcd
SCR_GF_1789021467_048,2026-09-10 11:54:21,2026-09-11,1,google_flights,DEL,HYD,DEL-HYD,DEL,HYD,IndiGo,IndiGo,6E 999,12:30,2:45,135,2 hr 15 min,Economy,8984.0,,,True,170bbb0b9a83
SCR_GF_1789021467_049,2026-09-10 11:54:21,2026-09-11,1,google_flights,DEL,HYD,DEL-HYD,DEL,HYD,IndiGo,IndiGo,6E 216,2:30,4:40,130,2 hr 10 min,Economy,8984.0,,,True,08679af4481a
SCR_GF_1789021467_050,2026-09-10 11:54:21,2026-09-11,1,google_flights,DEL,HYD,DEL-HYD,DEL,HYD,IndiGo,IndiGo,6E 233,3:30,5:55,145,2 hr 25 min,Economy,8984.0,,,True,2849c93b072f
SCR_GF_1789021467_051,2026-09-10 11:54:21,2026-09-11,1,google_flights,DEL,HYD,DEL-HYD,DEL,HYD,IndiGo,IndiGo,6E 250,6:00,8:20,140,2 hr 20 min,Economy,8984.0,,,True,b39113d58799
SCR_GF_1789021467_052,2026-09-10 11:54:21,2026-09-11,1,google_flights,DEL,HYD,DEL-HYD,DEL,HYD,IndiGo,IndiGo,6E 267,7:30,9:50,140,2 hr 20 min,Economy,8984.0,,,True,b8bea664f0f3
SCR_GF_1789021467_053,2026-09-10 11:54:21,2026-09-11,1,google_flights,DEL,HYD,DEL-HYD,DEL,HYD,IndiGo,IndiGo,6E 284,8:30,10:50,140,2 hr 20 min,Economy,8984.0,,,True,0985fd053974
SCR_GF_1789021467_054,2026-09-10 11:54:21,2026-09-11,1,google_flights,DEL,HYD,DEL-HYD,DEL,HYD,IndiGo,IndiGo,6E 301,7:45,10:05,140,2 hr 20 min,Economy,9301.0,,,True,b2616e6fe5f2
SCR_GF_1789021467_055,2026-09-10 11:54:21,2026-09-11,1,google_flights,DEL,HYD,DEL-HYD,DEL,HYD,IndiGo,IndiGo,6E 318,7:10,9:20,130,2 hr 10 min,Economy,10346.0,,,True,83b36a38515d
SCR_GF_1789021467_056,2026-09-10 11:54:21,2026-09-11,1,google_flights,DEL,HYD,DEL-HYD,DEL,HYD,IndiGo,IndiGo,6E 335,8:30,10:45,135,2 hr 15 min,Economy,10346.0,,,True,4703bf9826c0
SCR_GF_1789021472_001,2026-09-10 11:54:27,2026-09-12,2,google_flights,DEL,HYD,DEL-HYD,DEL,HYD,Air India,Air India,AI 200,6:00 AM,8:20 AM,140,2 hr 20 min,Economy,8711.0,,,True,9a7ad31dad7b
SCR_GF_1789021472_002,2026-09-10 11:54:27,2026-09-12,2,google_flights,DEL,HYD,DEL-HYD,DEL,HYD,Akasa Air,Akasa Air,QP 217,2:10 PM,4:30 PM,140,2 hr 20 min,Economy,8735.0,,,True,6ab0d7f6e035
SCR_GF_1789021472_003,2026-09-10 11:54:27,2026-09-12,2,google_flights,DEL,HYD,DEL-HYD,DEL,HYD,IndiGo,IndiGo,6E 234,7:10 AM,9:20 AM,130,2 hr 10 min,Economy,8825.0,,,True,6f8a37aa7103
SCR_GF_1789021472_004,2026-09-10 11:54:27,2026-09-12,2,google_flights,DEL,HYD,DEL-HYD,DEL,HYD,IndiGo,IndiGo,6E 251,5:05 PM,10:30 PM,325,5 hr 25 min,Economy,7884.0,,,False,5c7921fa9361
SCR_GF_1789021472_005,2026-09-10 11:54:27,2026-09-12,2,google_flights,DEL,HYD,DEL-HYD,DEL,HYD,Air India,Air India,AI 268,2:00 AM,4:20 AM,140,2 hr 20 min,Economy,8711.0,,,True,88adcb38fd84
SCR_GF_1789021472_006,2026-09-10 11:54:27,2026-09-12,2,google_flights,DEL,HYD,DEL-HYD,DEL,HYD,Air India,Air India,AI 285,10:00 PM,12:20 AM,140,2 hr 20 min,Economy,8711.0,,,True,4cc8529dd75c
SCR_GF_1789021472_007,2026-09-10 11:54:27,2026-09-12,2,google_flights,DEL,HYD,DEL-HYD,DEL,HYD,Air India,Air India,AI 302,11:00 PM,1:20 AM,140,2 hr 20 min,Economy,8711.0,,,True,e26ceebb755d
SCR_GF_1789021472_008,2026-09-10 11:54:27,2026-09-12,2,google_flights,DEL,HYD,DEL-HYD,DEL,HYD,IndiGo,IndiGo,6E 319,2:25 AM,4:40 AM,135,2 hr 15 min,Economy,8825.0,,,True,f7578835ab0d
SCR_GF_1789021472_009,2026-09-10 11:54:27,2026-09-12,2,google_flights,DEL,HYD,DEL-HYD,DEL,HYD,IndiGo,IndiGo,6E 336,8:30 AM,10:45 AM,135,2 hr 15 min,Economy,8825.0,,,True,f282bc5ee966
SCR_GF_1789021472_010,2026-09-10 11:54:27,2026-09-12,2,google_flights,DEL,HYD,DEL-HYD,DEL,HYD,IndiGo,IndiGo,6E 353,9:55 AM,12:20 PM,145,2 hr 25 min,Economy,8825.0,,,True,51ed928baff1
SCR_GF_1789021472_011,2026-09-10 11:54:27,2026-09-12,2,google_flights,DEL,HYD,DEL-HYD,DEL,HYD,IndiGo,IndiGo,6E 370,11:45 AM,2:00 PM,135,2 hr 15 min,Economy,8825.0,,,True,9b388f64c011
SCR_GF_1789021472_012,2026-09-10 11:54:27,2026-09-12,2,google_flights,DEL,HYD,DEL-HYD,DEL,HYD,IndiGo,IndiGo,6E 387,1:30 PM,3:45 PM,135,2 hr 15 min,Economy,8825.0,,,True,44d914eec0f2
SCR_GF_1789021473_013,2026-09-10 11:54:27,2026-09-12,2,google_flights,DEL,HYD,DEL-HYD,DEL,HYD,IndiGo,IndiGo,6E 404,4:15 PM,6:30 PM,135,2 hr 15 min,Economy,8825.0,,,True,750f292649c6
SCR_GF_1789021473_014,2026-09-10 11:54:27,2026-09-12,2,google_flights,DEL,HYD,DEL-HYD,DEL,HYD,IndiGo,IndiGo,6E 421,5:55 PM,8:15 PM,140,2 hr 20 min,Economy,8825.0,,,True,043cb681c9cf
SCR_GF_1789021473_015,2026-09-10 11:54:27,2026-09-12,2,google_flights,DEL,HYD,DEL-HYD,DEL,HYD,IndiGo,IndiGo,6E 438,7:45 PM,10:05 PM,140,2 hr 20 min,Economy,8825.0,,,True,c6a48f41c696
SCR_GF_1789021473_016,2026-09-10 11:54:27,2026-09-12,2,google_flights,DEL,HYD,DEL-HYD,DEL,HYD,IndiGo,IndiGo,6E 455,9:00 PM,11:15 PM,135,2 hr 15 min,Economy,8825.0,,,True,3ff033b6ffd9
SCR_GF_1789021473_017,2026-09-10 11:54:27,2026-09-12,2,google_flights,DEL,HYD,DEL-HYD,DEL,HYD,IndiGo,IndiGo,6E 472,11:15 PM,1:30 AM,135,2 hr 15 min,Economy,8825.0,,,True,c77a7572a1cd
SCR_GF_1789021473_018,2026-09-10 11:54:27,2026-09-12,2,google_flights,DEL,HYD,DEL-HYD,DEL,HYD,Air India,Air India,AI 489,9:40 AM,12:00 PM,140,2 hr 20 min,Economy,8984.0,,,True,1108e451b910
SCR_GF_1789021473_019,2026-09-10 11:54:27,2026-09-12,2,google_flights,DEL,HYD,DEL-HYD,DEL,HYD,Air India,Air India,AI 506,10:30 AM,12:50 PM,140,2 hr 20 min,Economy,8984.0,,,True,f4b95b862bfb
SCR_GF_1789021473_020,2026-09-10 11:54:27,2026-09-12,2,google_flights,DEL,HYD,DEL-HYD,DEL,HYD,Air India,Air India,AI 523,12:30 PM,2:45 PM,135,2 hr 15 min,Economy,8984.0,,,True,c0e962ed6722
SCR_GF_1789021473_021,2026-09-10 11:54:27,2026-09-12,2,google_flights,DEL,HYD,DEL-HYD,DEL,HYD,Air India,Air India,AI 540,2:30 PM,4:40 PM,130,2 hr 10 min,Economy,8984.0,,,True,afc57f97f8dc
SCR_GF_1789021473_022,2026-09-10 11:54:27,2026-09-12,2,google_flights,DEL,HYD,DEL-HYD,DEL,HYD,Air India,Air India,AI 557,3:30 PM,5:55 PM,145,2 hr 25 min,Economy,8984.0,,,True,1684006f334d
SCR_GF_1789021473_023,2026-09-10 11:54:27,2026-09-12,2,google_flights,DEL,HYD,DEL-HYD,DEL,HYD,Air India,Air India,AI 574,6:00 PM,8:20 PM,140,2 hr 20 min,Economy,8984.0,,,True,eb8045a39f94
SCR_GF_1789021473_024,2026-09-10 11:54:27,2026-09-12,2,google_flights,DEL,HYD,DEL-HYD,DEL,HYD,Air India,Air India,AI 591,7:30 PM,9:50 PM,140,2 hr 20 min,Economy,8984.0,,,True,276ac36e20f7
SCR_GF_1789021473_025,2026-09-10 11:54:27,2026-09-12,2,google_flights,DEL,HYD,DEL-HYD,DEL,HYD,Air India,Air India,AI 608,8:30 PM,10:50 PM,140,2 hr 20 min,Economy,8984.0,,,True,a7b6f68d78e8
SCR_GF_1789021473_026,2026-09-10 11:54:27,2026-09-12,2,google_flights,DEL,HYD,DEL-HYD,DEL,HYD,Akasa Air,Akasa Air,QP 625,8:40 PM,11:10 PM,150,2 hr 30 min,Economy,9362.0,,,True,695375c53219
SCR_GF_1789021473_027,2026-09-10 11:54:27,2026-09-12,2,google_flights,DEL,HYD,DEL-HYD,DEL,HYD,IndiGo,IndiGo,6E 642,6:00,8:20,140,2 hr 20 min,Economy,8711.0,,,True,6a7fdbfd6744
SCR_GF_1789021473_028,2026-09-10 11:54:27,2026-09-12,2,google_flights,DEL,HYD,DEL-HYD,DEL,HYD,IndiGo,IndiGo,6E 659,2:10,4:30,140,2 hr 20 min,Economy,8735.0,,,True,fb723f6462fe
SCR_GF_1789021473_029,2026-09-10 11:54:27,2026-09-12,2,google_flights,DEL,HYD,DEL-HYD,DEL,HYD,IndiGo,IndiGo,6E 676,7:10,9:20,130,2 hr 10 min,Economy,8825.0,,,True,5fc9bd728ff5
SCR_GF_1789021473_030,2026-09-10 11:54:27,2026-09-12,2,google_flights,DEL,HYD,DEL-HYD,DEL,HYD,IndiGo,IndiGo,6E 693,5:05,10:30,325,5 hr 25 min,Economy,7884.0,,,False,a64a7bdaaf6b
SCR_GF_1789021473_031,2026-09-10 11:54:27,2026-09-12,2,google_flights,DEL,HYD,DEL-HYD,DEL,HYD,IndiGo,IndiGo,6E 710,2:00,4:20,140,2 hr 20 min,Economy,8711.0,,,True,0579ecfe1ec9
SCR_GF_1789021473_032,2026-09-10 11:54:27,2026-09-12,2,google_flights,DEL,HYD,DEL-HYD,DEL,HYD,IndiGo,IndiGo,6E 727,10:00,12:20,140,2 hr 20 min,Economy,8711.0,,,True,6682d27bcd8d
SCR_GF_1789021473_033,2026-09-10 11:54:27,2026-09-12,2,google_flights,DEL,HYD,DEL-HYD,DEL,HYD,IndiGo,IndiGo,6E 744,11:00,1:20,140,2 hr 20 min,Economy,8711.0,,,True,7a67514e4b49
SCR_GF_1789021473_034,2026-09-10 11:54:27,2026-09-12,2,google_flights,DEL,HYD,DEL-HYD,DEL,HYD,IndiGo,IndiGo,6E 761,2:25,4:40,135,2 hr 15 min,Economy,8825.0,,,True,2f34e86b1e1e
SCR_GF_1789021473_035,2026-09-10 11:54:27,2026-09-12,2,google_flights,DEL,HYD,DEL-HYD,DEL,HYD,IndiGo,IndiGo,6E 778,8:30,10:45,135,2 hr 15 min,Economy,8825.0,,,True,be92d58b73be
SCR_GF_1789021473_036,2026-09-10 11:54:27,2026-09-12,2,google_flights,DEL,HYD,DEL-HYD,DEL,HYD,IndiGo,IndiGo,6E 795,9:55,12:20,145,2 hr 25 min,Economy,8825.0,,,True,0540c47bd365
SCR_GF_1789021473_037,2026-09-10 11:54:27,2026-09-12,2,google_flights,DEL,HYD,DEL-HYD,DEL,HYD,IndiGo,IndiGo,6E 812,11:45,2:00,135,2 hr 15 min,Economy,8825.0,,,True,436eba2946ac
SCR_GF_1789021473_038,2026-09-10 11:54:27,2026-09-12,2,google_flights,DEL,HYD,DEL-HYD,DEL,HYD,IndiGo,IndiGo,6E 829,1:30,3:45,135,2 hr 15 min,Economy,8825.0,,,True,112497e6e592
SCR_GF_1789021473_039,2026-09-10 11:54:27,2026-09-12,2,google_flights,DEL,HYD,DEL-HYD,DEL,HYD,IndiGo,IndiGo,6E 846,4:15,6:30,135,2 hr 15 min,Economy,8825.0,,,True,66d7571c0f91
SCR_GF_1789021473_040,2026-09-10 11:54:27,2026-09-12,2,google_flights,DEL,HYD,DEL-HYD,DEL,HYD,IndiGo,IndiGo,6E 863,5:55,8:15,140,2 hr 20 min,Economy,8825.0,,,True,d10e568ec192
SCR_GF_1789021473_041,2026-09-10 11:54:27,2026-09-12,2,google_flights,DEL,HYD,DEL-HYD,DEL,HYD,IndiGo,IndiGo,6E 880,7:45,10:05,140,2 hr 20 min,Economy,8825.0,,,True,4a9fb7bf8ca0
SCR_GF_1789021473_042,2026-09-10 11:54:27,2026-09-12,2,google_flights,DEL,HYD,DEL-HYD,DEL,HYD,IndiGo,IndiGo,6E 897,9:00,11:15,135,2 hr 15 min,Economy,8825.0,,,True,3ad47b9ae683
SCR_GF_1789021473_043,2026-09-10 11:54:27,2026-09-12,2,google_flights,DEL,HYD,DEL-HYD,DEL,HYD,IndiGo,IndiGo,6E 914,11:15,1:30,135,2 hr 15 min,Economy,8825.0,,,True,66bb40b3ec77
SCR_GF_1789021473_044,2026-09-10 11:54:27,2026-09-12,2,google_flights,DEL,HYD,DEL-HYD,DEL,HYD,IndiGo,IndiGo,6E 931,9:40,12:00,140,2 hr 20 min,Economy,8984.0,,,True,3f0b0ff39721
SCR_GF_1789021473_045,2026-09-10 11:54:27,2026-09-12,2,google_flights,DEL,HYD,DEL-HYD,DEL,HYD,IndiGo,IndiGo,6E 948,10:30,12:50,140,2 hr 20 min,Economy,8984.0,,,True,a48bbec18657
SCR_GF_1789021473_046,2026-09-10 11:54:27,2026-09-12,2,google_flights,DEL,HYD,DEL-HYD,DEL,HYD,IndiGo,IndiGo,6E 965,12:30,2:45,135,2 hr 15 min,Economy,8984.0,,,True,6ef8e97e59a4
SCR_GF_1789021473_047,2026-09-10 11:54:27,2026-09-12,2,google_flights,DEL,HYD,DEL-HYD,DEL,HYD,IndiGo,IndiGo,6E 982,2:30,4:40,130,2 hr 10 min,Economy,8984.0,,,True,f6866ba1625f
SCR_GF_1789021473_048,2026-09-10 11:54:27,2026-09-12,2,google_flights,DEL,HYD,DEL-HYD,DEL,HYD,IndiGo,IndiGo,6E 999,3:30,5:55,145,2 hr 25 min,Economy,8984.0,,,True,5a9e1787c0f7
SCR_GF_1789021473_049,2026-09-10 11:54:27,2026-09-12,2,google_flights,DEL,HYD,DEL-HYD,DEL,HYD,IndiGo,IndiGo,6E 216,6:00,8:20,140,2 hr 20 min,Economy,8984.0,,,True,2bfd99c87f87
SCR_GF_1789021473_050,2026-09-10 11:54:27,2026-09-12,2,google_flights,DEL,HYD,DEL-HYD,DEL,HYD,IndiGo,IndiGo,6E 233,7:30,9:50,140,2 hr 20 min,Economy,8984.0,,,True,d7ce45e693d8
SCR_GF_1789021473_051,2026-09-10 11:54:27,2026-09-12,2,google_flights,DEL,HYD,DEL-HYD,DEL,HYD,IndiGo,IndiGo,6E 250,8:30,10:50,140,2 hr 20 min,Economy,8984.0,,,True,430eb86d37e8
SCR_GF_1789021473_052,2026-09-10 11:54:27,2026-09-12,2,google_flights,DEL,HYD,DEL-HYD,DEL,HYD,IndiGo,IndiGo,6E 267,8:40,11:10,150,2 hr 30 min,Economy,9362.0,,,True,b4d4eec1eaa0
SCR_GF_1789021479_001,2026-09-10 11:54:34,2026-09-17,7,google_flights,DEL,HYD,DEL-HYD,DEL,HYD,Air India,Air India,AI 200,2:00 AM,4:20 AM,140,2 hr 20 min,Economy,8711.0,,,True,87279d7580c0
SCR_GF_1789021479_002,2026-09-10 11:54:34,2026-09-17,7,google_flights,DEL,HYD,DEL-HYD,DEL,HYD,IndiGo,IndiGo,6E 217,2:25 AM,4:40 AM,135,2 hr 15 min,Economy,8825.0,,,True,bd8f4bb95c97
SCR_GF_1789021479_003,2026-09-10 11:54:34,2026-09-17,7,google_flights,DEL,HYD,DEL-HYD,DEL,HYD,Akasa Air,Akasa Air,QP 234,2:10 PM,4:30 PM,140,2 hr 20 min,Economy,8888.0,,,True,910b40907c32
SCR_GF_1789021479_004,2026-09-10 11:54:34,2026-09-17,7,google_flights,DEL,HYD,DEL-HYD,DEL,HYD,IndiGo,IndiGo,6E 251,12:20 PM,4:45 PM,265,4 hr 25 min,Economy,7884.0,,,False,7b274306fa35
SCR_GF_1789021479_005,2026-09-10 11:54:34,2026-09-17,7,google_flights,DEL,HYD,DEL-HYD,DEL,HYD,IndiGo,IndiGo,6E 268,2:20 AM,7:50 AM,330,5 hr 30 min,Economy,7962.0,,,False,e69e211718a8
SCR_GF_1789021479_006,2026-09-10 11:54:34,2026-09-17,7,google_flights,DEL,HYD,DEL-HYD,DEL,HYD,IndiGo,IndiGo,6E 285,6:10 PM,11:00 PM,290,4 hr 50 min,Economy,8094.0,,,False,32df9e66e574
SCR_GF_1789021479_007,2026-09-10 11:54:34,2026-09-17,7,google_flights,DEL,HYD,DEL-HYD,DEL,HYD,IndiGo,IndiGo,6E 302,8:45 PM,2:10 AM,325,5 hr 25 min,Economy,8094.0,,,False,6dd5484c9c6d
SCR_GF_1789021479_008,2026-09-10 11:54:34,2026-09-17,7,google_flights,DEL,HYD,DEL-HYD,DEL,HYD,Air India,Air India,AI 319,10:00 PM,12:20 AM,140,2 hr 20 min,Economy,8711.0,,,True,2bfaa34a7e7f
SCR_GF_1789021479_009,2026-09-10 11:54:34,2026-09-17,7,google_flights,DEL,HYD,DEL-HYD,DEL,HYD,Air India,Air India,AI 336,11:00 PM,1:20 AM,140,2 hr 20 min,Economy,8711.0,,,True,8d9b5f4e6ba2
SCR_GF_1789021479_010,2026-09-10 11:54:34,2026-09-17,7,google_flights,DEL,HYD,DEL-HYD,DEL,HYD,IndiGo,IndiGo,6E 353,1:30 PM,3:45 PM,135,2 hr 15 min,Economy,8825.0,,,True,dd3e81abb1ab
SCR_GF_1789021479_011,2026-09-10 11:54:34,2026-09-17,7,google_flights,DEL,HYD,DEL-HYD,DEL,HYD,IndiGo,IndiGo,6E 370,4:15 PM,6:30 PM,135,2 hr 15 min,Economy,8825.0,,,True,d218333eb6de
SCR_GF_1789021479_012,2026-09-10 11:54:34,2026-09-17,7,google_flights,DEL,HYD,DEL-HYD,DEL,HYD,IndiGo,IndiGo,6E 387,5:55 PM,8:15 PM,140,2 hr 20 min,Economy,8825.0,,,True,3cb461259eda
SCR_GF_1789021479_013,2026-09-10 11:54:34,2026-09-17,7,google_flights,DEL,HYD,DEL-HYD,DEL,HYD,IndiGo,IndiGo,6E 404,7:45 PM,10:05 PM,140,2 hr 20 min,Economy,8825.0,,,True,3355d469532e
SCR_GF_1789021479_014,2026-09-10 11:54:34,2026-09-17,7,google_flights,DEL,HYD,DEL-HYD,DEL,HYD,IndiGo,IndiGo,6E 421,9:00 PM,11:15 PM,135,2 hr 15 min,Economy,8825.0,,,True,373877f4d4fa
SCR_GF_1789021479_015,2026-09-10 11:54:34,2026-09-17,7,google_flights,DEL,HYD,DEL-HYD,DEL,HYD,IndiGo,IndiGo,6E 438,11:15 PM,1:30 AM,135,2 hr 15 min,Economy,8825.0,,,True,97b34f15d7b4
SCR_GF_1789021479_016,2026-09-10 11:54:34,2026-09-17,7,google_flights,DEL,HYD,DEL-HYD,DEL,HYD,Air India,Air India,AI 455,2:30 PM,4:40 PM,130,2 hr 10 min,Economy,8984.0,,,True,c6f9b8657901
SCR_GF_1789021479_017,2026-09-10 11:54:34,2026-09-17,7,google_flights,DEL,HYD,DEL-HYD,DEL,HYD,Air India,Air India,AI 472,3:30 PM,5:55 PM,145,2 hr 25 min,Economy,8984.0,,,True,4aa5de26e172
SCR_GF_1789021479_018,2026-09-10 11:54:34,2026-09-17,7,google_flights,DEL,HYD,DEL-HYD,DEL,HYD,Air India,Air India,AI 489,6:00 PM,8:20 PM,140,2 hr 20 min,Economy,8984.0,,,True,e5a1e890f909
SCR_GF_1789021479_019,2026-09-10 11:54:34,2026-09-17,7,google_flights,DEL,HYD,DEL-HYD,DEL,HYD,Air India,Air India,AI 506,7:30 PM,9:50 PM,140,2 hr 20 min,Economy,8984.0,,,True,c8679e2fc118
SCR_GF_1789021479_020,2026-09-10 11:54:34,2026-09-17,7,google_flights,DEL,HYD,DEL-HYD,DEL,HYD,Air India,Air India,AI 523,8:30 PM,10:50 PM,140,2 hr 20 min,Economy,8984.0,,,True,f0a34e2b8677
SCR_GF_1789021479_021,2026-09-10 11:54:34,2026-09-17,7,google_flights,DEL,HYD,DEL-HYD,DEL,HYD,IndiGo,IndiGo,6E 540,9:55 AM,12:20 PM,145,2 hr 25 min,Economy,9807.0,,,True,867a13e6b3b9
SCR_GF_1789021479_022,2026-09-10 11:54:34,2026-09-17,7,google_flights,DEL,HYD,DEL-HYD,DEL,HYD,IndiGo,IndiGo,6E 557,11:45 AM,2:00 PM,135,2 hr 15 min,Economy,9807.0,,,True,b6fc8f4b6722
SCR_GF_1789021479_023,2026-09-10 11:54:34,2026-09-17,7,google_flights,DEL,HYD,DEL-HYD,DEL,HYD,Air India,Air India,AI 574,10:30 AM,12:50 PM,140,2 hr 20 min,Economy,9966.0,,,True,a75d0f1236a9
SCR_GF_1789021479_024,2026-09-10 11:54:34,2026-09-17,7,google_flights,DEL,HYD,DEL-HYD,DEL,HYD,Air India,Air India,AI 591,12:30 PM,2:45 PM,135,2 hr 15 min,Economy,9966.0,,,True,07deafa3b30b
SCR_GF_1789021479_025,2026-09-10 11:54:34,2026-09-17,7,google_flights,DEL,HYD,DEL-HYD,DEL,HYD,IndiGo,IndiGo,6E 608,7:10 AM,9:20 AM,130,2 hr 10 min,Economy,10346.0,,,True,b07d6b3b6645
SCR_GF_1789021479_026,2026-09-10 11:54:34,2026-09-17,7,google_flights,DEL,HYD,DEL-HYD,DEL,HYD,Air India,Air India,AI 625,9:40 AM,12:00 PM,140,2 hr 20 min,Economy,10397.0,,,True,933ae11480a7
SCR_GF_1789021479_027,2026-09-10 11:54:34,2026-09-17,7,google_flights,DEL,HYD,DEL-HYD,DEL,HYD,Akasa Air,Akasa Air,QP 642,8:40 PM,11:10 PM,150,2 hr 30 min,Economy,10401.0,,,True,81916bac1b67
SCR_GF_1789021479_028,2026-09-10 11:54:34,2026-09-17,7,google_flights,DEL,HYD,DEL-HYD,DEL,HYD,Air India,Air India,AI 659,6:00 AM,8:20 AM,140,2 hr 20 min,Economy,10481.0,,,True,b27847ee0051
SCR_GF_1789021479_029,2026-09-10 11:54:34,2026-09-17,7,google_flights,DEL,HYD,DEL-HYD,DEL,HYD,IndiGo,IndiGo,6E 676,8:30 AM,10:45 AM,135,2 hr 15 min,Economy,10917.0,,,True,a084f04d923d
SCR_GF_1789021479_030,2026-09-10 11:54:34,2026-09-17,7,google_flights,DEL,HYD,DEL-HYD,DEL,HYD,IndiGo,IndiGo,6E 693,2:00,4:20,140,2 hr 20 min,Economy,8711.0,,,True,3b11051f25b7
SCR_GF_1789021479_031,2026-09-10 11:54:34,2026-09-17,7,google_flights,DEL,HYD,DEL-HYD,DEL,HYD,IndiGo,IndiGo,6E 710,2:25,4:40,135,2 hr 15 min,Economy,8825.0,,,True,858f20cd55cf
SCR_GF_1789021479_032,2026-09-10 11:54:34,2026-09-17,7,google_flights,DEL,HYD,DEL-HYD,DEL,HYD,IndiGo,IndiGo,6E 727,2:10,4:30,140,2 hr 20 min,Economy,8888.0,,,True,20a2b2e4341b
SCR_GF_1789021479_033,2026-09-10 11:54:34,2026-09-17,7,google_flights,DEL,HYD,DEL-HYD,DEL,HYD,IndiGo,IndiGo,6E 744,12:20,4:45,265,4 hr 25 min,Economy,7884.0,,,False,9f8cb5cc8a49
SCR_GF_1789021479_034,2026-09-10 11:54:34,2026-09-17,7,google_flights,DEL,HYD,DEL-HYD,DEL,HYD,IndiGo,IndiGo,6E 761,2:20,7:50,330,5 hr 30 min,Economy,7962.0,,,False,b64beab50ec1
SCR_GF_1789021479_035,2026-09-10 11:54:34,2026-09-17,7,google_flights,DEL,HYD,DEL-HYD,DEL,HYD,IndiGo,IndiGo,6E 778,6:10,11:00,290,4 hr 50 min,Economy,8094.0,,,False,ec57bd83b1e7
SCR_GF_1789021479_036,2026-09-10 11:54:34,2026-09-17,7,google_flights,DEL,HYD,DEL-HYD,DEL,HYD,IndiGo,IndiGo,6E 795,8:45,2:10,325,5 hr 25 min,Economy,8094.0,,,False,70b947c1de1a
SCR_GF_1789021479_037,2026-09-10 11:54:34,2026-09-17,7,google_flights,DEL,HYD,DEL-HYD,DEL,HYD,IndiGo,IndiGo,6E 812,10:00,12:20,140,2 hr 20 min,Economy,8711.0,,,True,563b381cea36
SCR_GF_1789021479_038,2026-09-10 11:54:34,2026-09-17,7,google_flights,DEL,HYD,DEL-HYD,DEL,HYD,IndiGo,IndiGo,6E 829,11:00,1:20,140,2 hr 20 min,Economy,8711.0,,,True,c1956dbd9dbb
SCR_GF_1789021479_039,2026-09-10 11:54:34,2026-09-17,7,google_flights,DEL,HYD,DEL-HYD,DEL,HYD,IndiGo,IndiGo,6E 846,1:30,3:45,135,2 hr 15 min,Economy,8825.0,,,True,3b645d8cb943
SCR_GF_1789021479_040,2026-09-10 11:54:34,2026-09-17,7,google_flights,DEL,HYD,DEL-HYD,DEL,HYD,IndiGo,IndiGo,6E 863,4:15,6:30,135,2 hr 15 min,Economy,8825.0,,,True,eddb9010ce38
SCR_GF_1789021479_041,2026-09-10 11:54:34,2026-09-17,7,google_flights,DEL,HYD,DEL-HYD,DEL,HYD,IndiGo,IndiGo,6E 880,5:55,8:15,140,2 hr 20 min,Economy,8825.0,,,True,c837800ce0f8
SCR_GF_1789021479_042,2026-09-10 11:54:34,2026-09-17,7,google_flights,DEL,HYD,DEL-HYD,DEL,HYD,IndiGo,IndiGo,6E 897,7:45,10:05,140,2 hr 20 min,Economy,8825.0,,,True,cec5da21e349
SCR_GF_1789021479_043,2026-09-10 11:54:34,2026-09-17,7,google_flights,DEL,HYD,DEL-HYD,DEL,HYD,IndiGo,IndiGo,6E 914,9:00,11:15,135,2 hr 15 min,Economy,8825.0,,,True,a18ac760900f
SCR_GF_1789021480_044,2026-09-10 11:54:34,2026-09-17,7,google_flights,DEL,HYD,DEL-HYD,DEL,HYD,IndiGo,IndiGo,6E 931,11:15,1:30,135,2 hr 15 min,Economy,8825.0,,,True,2621da52486c
SCR_GF_1789021480_045,2026-09-10 11:54:34,2026-09-17,7,google_flights,DEL,HYD,DEL-HYD,DEL,HYD,IndiGo,IndiGo,6E 948,2:30,4:40,130,2 hr 10 min,Economy,8984.0,,,True,cca2cdb8f801
SCR_GF_1789021480_046,2026-09-10 11:54:34,2026-09-17,7,google_flights,DEL,HYD,DEL-HYD,DEL,HYD,IndiGo,IndiGo,6E 965,3:30,5:55,145,2 hr 25 min,Economy,8984.0,,,True,a5306aa838ee
SCR_GF_1789021480_047,2026-09-10 11:54:34,2026-09-17,7,google_flights,DEL,HYD,DEL-HYD,DEL,HYD,IndiGo,IndiGo,6E 982,6:00,8:20,140,2 hr 20 min,Economy,8984.0,,,True,d4dd49d7dc37
SCR_GF_1789021480_048,2026-09-10 11:54:34,2026-09-17,7,google_flights,DEL,HYD,DEL-HYD,DEL,HYD,IndiGo,IndiGo,6E 999,7:30,9:50,140,2 hr 20 min,Economy,8984.0,,,True,3e2cae6fb493
SCR_GF_1789021480_049,2026-09-10 11:54:34,2026-09-17,7,google_flights,DEL,HYD,DEL-HYD,DEL,HYD,IndiGo,IndiGo,6E 216,8:30,10:50,140,2 hr 20 min,Economy,8984.0,,,True,7c17fad91e89
SCR_GF_1789021480_050,2026-09-10 11:54:34,2026-09-17,7,google_flights,DEL,HYD,DEL-HYD,DEL,HYD,IndiGo,IndiGo,6E 233,9:55,12:20,145,2 hr 25 min,Economy,9807.0,,,True,69835a6fac57
SCR_GF_1789021480_051,2026-09-10 11:54:34,2026-09-17,7,google_flights,DEL,HYD,DEL-HYD,DEL,HYD,IndiGo,IndiGo,6E 250,11:45,2:00,135,2 hr 15 min,Economy,9807.0,,,True,c37dd199cfab
SCR_GF_1789021480_052,2026-09-10 11:54:34,2026-09-17,7,google_flights,DEL,HYD,DEL-HYD,DEL,HYD,IndiGo,IndiGo,6E 267,10:30,12:50,140,2 hr 20 min,Economy,9966.0,,,True,3a9a0f2aa0fe
SCR_GF_1789021480_053,2026-09-10 11:54:34,2026-09-17,7,google_flights,DEL,HYD,DEL-HYD,DEL,HYD,IndiGo,IndiGo,6E 284,12:30,2:45,135,2 hr 15 min,Economy,9966.0,,,True,044dad33397b
SCR_GF_1789021480_054,2026-09-10 11:54:34,2026-09-17,7,google_flights,DEL,HYD,DEL-HYD,DEL,HYD,IndiGo,IndiGo,6E 301,7:10,9:20,130,2 hr 10 min,Economy,10346.0,,,True,ecea5ecac68e
SCR_GF_1789021480_055,2026-09-10 11:54:34,2026-09-17,7,google_flights,DEL,HYD,DEL-HYD,DEL,HYD,IndiGo,IndiGo,6E 318,9:40,12:00,140,2 hr 20 min,Economy,10397.0,,,True,1090541276db
SCR_GF_1789021480_056,2026-09-10 11:54:34,2026-09-17,7,google_flights,DEL,HYD,DEL-HYD,DEL,HYD,IndiGo,IndiGo,6E 335,8:40,11:10,150,2 hr 30 min,Economy,10401.0,,,True,dfff3b25e408
SCR_GF_1789021480_057,2026-09-10 11:54:34,2026-09-17,7,google_flights,DEL,HYD,DEL-HYD,DEL,HYD,IndiGo,IndiGo,6E 352,6:00,8:20,140,2 hr 20 min,Economy,10481.0,,,True,30ba86bd3c48
SCR_GF_1789021480_058,2026-09-10 11:54:34,2026-09-17,7,google_flights,DEL,HYD,DEL-HYD,DEL,HYD,IndiGo,IndiGo,6E 369,8:30,10:45,135,2 hr 15 min,Economy,10917.0,,,True,14a7b32a395d
SCR_GF_1789021485_001,2026-09-10 11:54:40,2026-09-25,15,google_flights,DEL,HYD,DEL-HYD,DEL,HYD,Akasa Air,Akasa Air,QP 200,8:40 PM,11:10 PM,150,2 hr 30 min,Economy,8440.0,,,True,d34c4811ef47
SCR_GF_1789021486_002,2026-09-10 11:54:40,2026-09-25,15,google_flights,DEL,HYD,DEL-HYD,DEL,HYD,Air India,Air India,AI 217,6:00 AM,8:20 AM,140,2 hr 20 min,Economy,8711.0,,,True,423db175d6a2
SCR_GF_1789021486_003,2026-09-10 11:54:40,2026-09-25,15,google_flights,DEL,HYD,DEL-HYD,DEL,HYD,IndiGo,IndiGo,6E 234,7:10 AM,9:20 AM,130,2 hr 10 min,Economy,8825.0,,,True,b8ea29cb3731
SCR_GF_1789021486_004,2026-09-10 11:54:40,2026-09-25,15,google_flights,DEL,HYD,DEL-HYD,DEL,HYD,IndiGo,IndiGo,6E 251,5:10 AM,10:15 AM,305,5 hr 5 min,Economy,7884.0,,,False,749d20f6a179
SCR_GF_1789021486_005,2026-09-10 11:54:40,2026-09-25,15,google_flights,DEL,HYD,DEL-HYD,DEL,HYD,IndiGo,IndiGo,6E 268,12:20 PM,4:45 PM,265,4 hr 25 min,Economy,7884.0,,,False,c311e0cf206f
SCR_GF_1789021486_006,2026-09-10 11:54:40,2026-09-25,15,google_flights,DEL,HYD,DEL-HYD,DEL,HYD,IndiGo,IndiGo,6E 285,2:20 AM,7:50 AM,330,5 hr 30 min,Economy,7962.0,,,False,b8f76b9b0e54
SCR_GF_1789021486_007,2026-09-10 11:54:40,2026-09-25,15,google_flights,DEL,HYD,DEL-HYD,DEL,HYD,IndiGo,IndiGo,6E 302,2:00 PM,6:55 PM,295,4 hr 55 min,Economy,7962.0,,,False,b0015557565e
SCR_GF_1789021486_008,2026-09-10 11:54:40,2026-09-25,15,google_flights,DEL,HYD,DEL-HYD,DEL,HYD,Air India,Air India,AI 319,2:00 AM,4:20 AM,140,2 hr 20 min,Economy,8711.0,,,True,64087a1e7485
SCR_GF_1789021486_009,2026-09-10 11:54:40,2026-09-25,15,google_flights,DEL,HYD,DEL-HYD,DEL,HYD,Air India,Air India,AI 336,10:00 PM,12:20 AM,140,2 hr 20 min,Economy,8711.0,,,True,f9b75b2b10f6
SCR_GF_1789021486_010,2026-09-10 11:54:40,2026-09-25,15,google_flights,DEL,HYD,DEL-HYD,DEL,HYD,Air India,Air India,AI 353,11:00 PM,1:20 AM,140,2 hr 20 min,Economy,8711.0,,,True,5ca5c4866e31
SCR_GF_1789021486_011,2026-09-10 11:54:40,2026-09-25,15,google_flights,DEL,HYD,DEL-HYD,DEL,HYD,Akasa Air,Akasa Air,QP 370,2:10 PM,4:30 PM,140,2 hr 20 min,Economy,8735.0,,,True,cfc23f537333
SCR_GF_1789021486_012,2026-09-10 11:54:40,2026-09-25,15,google_flights,DEL,HYD,DEL-HYD,DEL,HYD,IndiGo,IndiGo,6E 387,1:30 PM,3:45 PM,135,2 hr 15 min,Economy,8825.0,,,True,0ff83248b0b8
SCR_GF_1789021486_013,2026-09-10 11:54:40,2026-09-25,15,google_flights,DEL,HYD,DEL-HYD,DEL,HYD,IndiGo,IndiGo,6E 404,2:45 PM,5:05 PM,140,2 hr 20 min,Economy,8825.0,,,True,c29c5a403a04
SCR_GF_1789021486_014,2026-09-10 11:54:40,2026-09-25,15,google_flights,DEL,HYD,DEL-HYD,DEL,HYD,IndiGo,IndiGo,6E 421,5:55 PM,8:15 PM,140,2 hr 20 min,Economy,8825.0,,,True,626dbff19fc2
SCR_GF_1789021486_015,2026-09-10 11:54:40,2026-09-25,15,google_flights,DEL,HYD,DEL-HYD,DEL,HYD,IndiGo,IndiGo,6E 438,7:45 PM,10:05 PM,140,2 hr 20 min,Economy,8825.0,,,True,9077ee98573d
SCR_GF_1789021486_016,2026-09-10 11:54:40,2026-09-25,15,google_flights,DEL,HYD,DEL-HYD,DEL,HYD,IndiGo,IndiGo,6E 455,9:00 PM,11:15 PM,135,2 hr 15 min,Economy,8825.0,,,True,1b0f30bb1fcd
SCR_GF_1789021486_017,2026-09-10 11:54:40,2026-09-25,15,google_flights,DEL,HYD,DEL-HYD,DEL,HYD,IndiGo,IndiGo,6E 472,11:15 PM,1:30 AM,135,2 hr 15 min,Economy,8825.0,,,True,a27a61c5fba3
SCR_GF_1789021486_018,2026-09-10 11:54:40,2026-09-25,15,google_flights,DEL,HYD,DEL-HYD,DEL,HYD,Air India,Air India,AI 489,2:30 PM,4:40 PM,130,2 hr 10 min,Economy,8984.0,,,True,d7c87199ab1d
SCR_GF_1789021486_019,2026-09-10 11:54:40,2026-09-25,15,google_flights,DEL,HYD,DEL-HYD,DEL,HYD,Air India,Air India,AI 506,6:00 PM,8:20 PM,140,2 hr 20 min,Economy,8984.0,,,True,b9833f140be5
SCR_GF_1789021486_020,2026-09-10 11:54:40,2026-09-25,15,google_flights,DEL,HYD,DEL-HYD,DEL,HYD,Air India,Air India,AI 523,7:30 PM,9:50 PM,140,2 hr 20 min,Economy,8984.0,,,True,d89644492334
SCR_GF_1789021486_021,2026-09-10 11:54:40,2026-09-25,15,google_flights,DEL,HYD,DEL-HYD,DEL,HYD,Air India,Air India,AI 540,8:30 PM,10:50 PM,140,2 hr 20 min,Economy,8984.0,,,True,8b1d7fd6e8d7
SCR_GF_1789021486_022,2026-09-10 11:54:40,2026-09-25,15,google_flights,DEL,HYD,DEL-HYD,DEL,HYD,IndiGo,IndiGo,6E 557,11:45 AM,2:00 PM,135,2 hr 15 min,Economy,9301.0,,,True,5e2bf4caec19
SCR_GF_1789021486_023,2026-09-10 11:54:40,2026-09-25,15,google_flights,DEL,HYD,DEL-HYD,DEL,HYD,IndiGo,IndiGo,6E 574,4:15 PM,6:30 PM,135,2 hr 15 min,Economy,9301.0,,,True,4a9f711c7857
SCR_GF_1789021486_024,2026-09-10 11:54:40,2026-09-25,15,google_flights,DEL,HYD,DEL-HYD,DEL,HYD,Air India,Air India,AI 591,12:30 PM,2:45 PM,135,2 hr 15 min,Economy,9457.0,,,True,2c7f60020f4f
SCR_GF_1789021486_025,2026-09-10 11:54:40,2026-09-25,15,google_flights,DEL,HYD,DEL-HYD,DEL,HYD,Air India,Air India,AI 608,3:30 PM,5:55 PM,145,2 hr 25 min,Economy,9457.0,,,True,4e4cfa8b5666
SCR_GF_1789021486_026,2026-09-10 11:54:40,2026-09-25,15,google_flights,DEL,HYD,DEL-HYD,DEL,HYD,IndiGo,IndiGo,6E 625,8:30 AM,10:45 AM,135,2 hr 15 min,Economy,9807.0,,,True,6e07a51eb1a0
SCR_GF_1789021486_027,2026-09-10 11:54:40,2026-09-25,15,google_flights,DEL,HYD,DEL-HYD,DEL,HYD,IndiGo,IndiGo,6E 642,9:55 AM,12:20 PM,145,2 hr 25 min,Economy,9807.0,,,True,0a09973474c3
SCR_GF_1789021486_028,2026-09-10 11:54:40,2026-09-25,15,google_flights,DEL,HYD,DEL-HYD,DEL,HYD,Air India,Air India,AI 659,9:40 AM,12:00 PM,140,2 hr 20 min,Economy,9966.0,,,True,65e3b5ff948a
SCR_GF_1789021486_029,2026-09-10 11:54:40,2026-09-25,15,google_flights,DEL,HYD,DEL-HYD,DEL,HYD,Air India,Air India,AI 676,10:30 AM,12:50 PM,140,2 hr 20 min,Economy,9966.0,,,True,63d50547e189
SCR_GF_1789021486_030,2026-09-10 11:54:40,2026-09-25,15,google_flights,DEL,HYD,DEL-HYD,DEL,HYD,IndiGo,IndiGo,6E 693,8:40,11:10,150,2 hr 30 min,Economy,8440.0,,,True,1dcaac515dcf
SCR_GF_1789021486_031,2026-09-10 11:54:40,2026-09-25,15,google_flights,DEL,HYD,DEL-HYD,DEL,HYD,IndiGo,IndiGo,6E 710,6:00,8:20,140,2 hr 20 min,Economy,8711.0,,,True,d6bb5f329e3b
SCR_GF_1789021486_032,2026-09-10 11:54:40,2026-09-25,15,google_flights,DEL,HYD,DEL-HYD,DEL,HYD,IndiGo,IndiGo,6E 727,7:10,9:20,130,2 hr 10 min,Economy,8825.0,,,True,b36c293d29b1
SCR_GF_1789021486_033,2026-09-10 11:54:40,2026-09-25,15,google_flights,DEL,HYD,DEL-HYD,DEL,HYD,IndiGo,IndiGo,6E 744,5:10,10:15,305,5 hr 5 min,Economy,7884.0,,,False,6ba062900cd2
SCR_GF_1789021486_034,2026-09-10 11:54:40,2026-09-25,15,google_flights,DEL,HYD,DEL-HYD,DEL,HYD,IndiGo,IndiGo,6E 761,12:20,4:45,265,4 hr 25 min,Economy,7884.0,,,False,78d57189f7b2
SCR_GF_1789021486_035,2026-09-10 11:54:40,2026-09-25,15,google_flights,DEL,HYD,DEL-HYD,DEL,HYD,IndiGo,IndiGo,6E 778,2:20,7:50,330,5 hr 30 min,Economy,7962.0,,,False,6e66e9093841
SCR_GF_1789021486_036,2026-09-10 11:54:40,2026-09-25,15,google_flights,DEL,HYD,DEL-HYD,DEL,HYD,IndiGo,IndiGo,6E 795,2:00,6:55,295,4 hr 55 min,Economy,7962.0,,,False,cd15bb018a2b
SCR_GF_1789021486_037,2026-09-10 11:54:40,2026-09-25,15,google_flights,DEL,HYD,DEL-HYD,DEL,HYD,IndiGo,IndiGo,6E 812,2:00,4:20,140,2 hr 20 min,Economy,8711.0,,,True,9e58cd93fddc
SCR_GF_1789021486_038,2026-09-10 11:54:40,2026-09-25,15,google_flights,DEL,HYD,DEL-HYD,DEL,HYD,IndiGo,IndiGo,6E 829,10:00,12:20,140,2 hr 20 min,Economy,8711.0,,,True,ba348948ca36
SCR_GF_1789021486_039,2026-09-10 11:54:40,2026-09-25,15,google_flights,DEL,HYD,DEL-HYD,DEL,HYD,IndiGo,IndiGo,6E 846,11:00,1:20,140,2 hr 20 min,Economy,8711.0,,,True,dbe1f9995b8b
SCR_GF_1789021486_040,2026-09-10 11:54:40,2026-09-25,15,google_flights,DEL,HYD,DEL-HYD,DEL,HYD,IndiGo,IndiGo,6E 863,2:10,4:30,140,2 hr 20 min,Economy,8735.0,,,True,bed161333414
SCR_GF_1789021486_041,2026-09-10 11:54:40,2026-09-25,15,google_flights,DEL,HYD,DEL-HYD,DEL,HYD,IndiGo,IndiGo,6E 880,1:30,3:45,135,2 hr 15 min,Economy,8825.0,,,True,63cdf52ebba6
SCR_GF_1789021486_042,2026-09-10 11:54:40,2026-09-25,15,google_flights,DEL,HYD,DEL-HYD,DEL,HYD,IndiGo,IndiGo,6E 897,2:45,5:05,140,2 hr 20 min,Economy,8825.0,,,True,c6c0ceefd07f
SCR_GF_1789021486_043,2026-09-10 11:54:40,2026-09-25,15,google_flights,DEL,HYD,DEL-HYD,DEL,HYD,IndiGo,IndiGo,6E 914,5:55,8:15,140,2 hr 20 min,Economy,8825.0,,,True,ec5f798287fe
SCR_GF_1789021486_044,2026-09-10 11:54:40,2026-09-25,15,google_flights,DEL,HYD,DEL-HYD,DEL,HYD,IndiGo,IndiGo,6E 931,7:45,10:05,140,2 hr 20 min,Economy,8825.0,,,True,aeb261a1a6fd
SCR_GF_1789021486_045,2026-09-10 11:54:40,2026-09-25,15,google_flights,DEL,HYD,DEL-HYD,DEL,HYD,IndiGo,IndiGo,6E 948,9:00,11:15,135,2 hr 15 min,Economy,8825.0,,,True,78feac5442e7
SCR_GF_1789021486_046,2026-09-10 11:54:40,2026-09-25,15,google_flights,DEL,HYD,DEL-HYD,DEL,HYD,IndiGo,IndiGo,6E 965,11:15,1:30,135,2 hr 15 min,Economy,8825.0,,,True,d78eb0d641e1
SCR_GF_1789021486_047,2026-09-10 11:54:40,2026-09-25,15,google_flights,DEL,HYD,DEL-HYD,DEL,HYD,IndiGo,IndiGo,6E 982,2:30,4:40,130,2 hr 10 min,Economy,8984.0,,,True,71cd6694437b
SCR_GF_1789021486_048,2026-09-10 11:54:40,2026-09-25,15,google_flights,DEL,HYD,DEL-HYD,DEL,HYD,IndiGo,IndiGo,6E 999,6:00,8:20,140,2 hr 20 min,Economy,8984.0,,,True,2bf23ba92fe0
SCR_GF_1789021487_049,2026-09-10 11:54:40,2026-09-25,15,google_flights,DEL,HYD,DEL-HYD,DEL,HYD,IndiGo,IndiGo,6E 216,7:30,9:50,140,2 hr 20 min,Economy,8984.0,,,True,7651fc35a030
SCR_GF_1789021487_050,2026-09-10 11:54:40,2026-09-25,15,google_flights,DEL,HYD,DEL-HYD,DEL,HYD,IndiGo,IndiGo,6E 233,8:30,10:50,140,2 hr 20 min,Economy,8984.0,,,True,1c86239fd015
SCR_GF_1789021487_051,2026-09-10 11:54:40,2026-09-25,15,google_flights,DEL,HYD,DEL-HYD,DEL,HYD,IndiGo,IndiGo,6E 250,11:45,2:00,135,2 hr 15 min,Economy,9301.0,,,True,ce3fb18f38c5
SCR_GF_1789021487_052,2026-09-10 11:54:40,2026-09-25,15,google_flights,DEL,HYD,DEL-HYD,DEL,HYD,IndiGo,IndiGo,6E 267,4:15,6:30,135,2 hr 15 min,Economy,9301.0,,,True,62efdcf3216f
SCR_GF_1789021487_053,2026-09-10 11:54:40,2026-09-25,15,google_flights,DEL,HYD,DEL-HYD,DEL,HYD,IndiGo,IndiGo,6E 284,12:30,2:45,135,2 hr 15 min,Economy,9457.0,,,True,1f3bcfbd3446
SCR_GF_1789021487_054,2026-09-10 11:54:40,2026-09-25,15,google_flights,DEL,HYD,DEL-HYD,DEL,HYD,IndiGo,IndiGo,6E 301,3:30,5:55,145,2 hr 25 min,Economy,9457.0,,,True,5bb0d7310124
SCR_GF_1789021487_055,2026-09-10 11:54:40,2026-09-25,15,google_flights,DEL,HYD,DEL-HYD,DEL,HYD,IndiGo,IndiGo,6E 318,8:30,10:45,135,2 hr 15 min,Economy,9807.0,,,True,e072bfd2495f
SCR_GF_1789021487_056,2026-09-10 11:54:40,2026-09-25,15,google_flights,DEL,HYD,DEL-HYD,DEL,HYD,IndiGo,IndiGo,6E 335,9:55,12:20,145,2 hr 25 min,Economy,9807.0,,,True,f93cfae01719
SCR_GF_1789021487_057,2026-09-10 11:54:40,2026-09-25,15,google_flights,DEL,HYD,DEL-HYD,DEL,HYD,IndiGo,IndiGo,6E 352,9:40,12:00,140,2 hr 20 min,Economy,9966.0,,,True,d94c58d2a64d
SCR_GF_1789021487_058,2026-09-10 11:54:40,2026-09-25,15,google_flights,DEL,HYD,DEL-HYD,DEL,HYD,IndiGo,IndiGo,6E 369,10:30,12:50,140,2 hr 20 min,Economy,9966.0,,,True,bcd42fa35f39
SCR_GF_1789021492_001,2026-09-10 11:54:47,2026-09-11,1,google_flights,DEL,MAA,DEL-MAA,DEL,MAA,IndiGo,IndiGo,6E 200,11:00 AM,1:50 PM,170,2 hr 50 min,Economy,9897.0,,,True,1463b6dfa907
SCR_GF_1789021492_002,2026-09-10 11:54:47,2026-09-11,1,google_flights,DEL,MAA,DEL-MAA,DEL,MAA,IndiGo,IndiGo,6E 217,1:10 PM,4:00 PM,170,2 hr 50 min,Economy,9897.0,,,True,23d69b2f7653
SCR_GF_1789021492_003,2026-09-10 11:54:47,2026-09-11,1,google_flights,DEL,MAA,DEL-MAA,DEL,MAA,Air India,Air India,AI 234,12:20 PM,3:10 PM,170,2 hr 50 min,Economy,10058.0,,,True,75dfc9e7612b
SCR_GF_1789021492_004,2026-09-10 11:54:47,2026-09-11,1,google_flights,DEL,MAA,DEL-MAA,DEL,MAA,IndiGo,IndiGo,6E 251,7:15 AM,10:05 AM,170,2 hr 50 min,Economy,9897.0,,,True,b133697d0e44
SCR_GF_1789021492_005,2026-09-10 11:54:47,2026-09-11,1,google_flights,DEL,MAA,DEL-MAA,DEL,MAA,IndiGo,IndiGo,6E 268,9:15 AM,12:05 PM,170,2 hr 50 min,Economy,9897.0,,,True,9764c3b383a9
SCR_GF_1789021492_006,2026-09-10 11:54:47,2026-09-11,1,google_flights,DEL,MAA,DEL-MAA,DEL,MAA,Air India,Air India,AI 285,7:30 AM,10:20 AM,170,2 hr 50 min,Economy,10058.0,,,True,f84e733686fd
SCR_GF_1789021492_007,2026-09-10 11:54:47,2026-09-11,1,google_flights,DEL,MAA,DEL-MAA,DEL,MAA,Air India,Air India,AI 302,10:00 AM,12:45 PM,165,2 hr 45 min,Economy,10058.0,,,True,d6fd3e4dcfee
SCR_GF_1789021492_008,2026-09-10 11:54:47,2026-09-11,1,google_flights,DEL,MAA,DEL-MAA,DEL,MAA,Air India,Air India,AI 319,3:45 PM,6:40 PM,175,2 hr 55 min,Economy,10058.0,,,True,c7148d8a446b
SCR_GF_1789021492_009,2026-09-10 11:54:47,2026-09-11,1,google_flights,DEL,MAA,DEL-MAA,DEL,MAA,IndiGo,IndiGo,6E 336,3:15 PM,6:05 PM,170,2 hr 50 min,Economy,10360.0,,,True,6f6f547aa70b
SCR_GF_1789021492_010,2026-09-10 11:54:47,2026-09-11,1,google_flights,DEL,MAA,DEL-MAA,DEL,MAA,Air India,Air India,AI 353,6:00 AM,8:40 AM,160,2 hr 40 min,Economy,12384.0,,,True,8164f90885e8
SCR_GF_1789021493_011,2026-09-10 11:54:47,2026-09-11,1,google_flights,DEL,MAA,DEL-MAA,DEL,MAA,IndiGo,IndiGo,6E 370,4:40 PM,7:30 PM,170,2 hr 50 min,Economy,14374.0,,,True,2ecf31e4fe38
SCR_GF_1789021493_012,2026-09-10 11:54:47,2026-09-11,1,google_flights,DEL,MAA,DEL-MAA,DEL,MAA,IndiGo,IndiGo,6E 387,6:15 PM,8:55 PM,160,2 hr 40 min,Economy,15816.0,,,True,816eb9febdd4
SCR_GF_1789021493_013,2026-09-10 11:54:47,2026-09-11,1,google_flights,DEL,MAA,DEL-MAA,DEL,MAA,Air India,Air India,AI 404,6:00 PM,8:55 PM,175,2 hr 55 min,Economy,16689.0,,,True,10a31e9d762b
SCR_GF_1789021493_014,2026-09-10 11:54:47,2026-09-11,1,google_flights,DEL,MAA,DEL-MAA,DEL,MAA,IndiGo,IndiGo,6E 421,10:55 PM,1:50 AM,175,2 hr 55 min,Economy,19192.0,,,True,309d93dd7ab7
SCR_GF_1789021493_015,2026-09-10 11:54:47,2026-09-11,1,google_flights,DEL,MAA,DEL-MAA,DEL,MAA,Air India,Air India,AI 438,9:55 PM,12:40 AM,165,2 hr 45 min,Economy,20238.0,,,True,3a8150bb22a0
SCR_GF_1789021493_016,2026-09-10 11:54:47,2026-09-11,1,google_flights,DEL,MAA,DEL-MAA,DEL,MAA,IndiGo,IndiGo,6E 455,8:30 PM,11:20 PM,170,2 hr 50 min,Economy,22228.0,,,True,6f72dee5b702
SCR_GF_1789021493_017,2026-09-10 11:54:47,2026-09-11,1,google_flights,DEL,MAA,DEL-MAA,DEL,MAA,IndiGo,IndiGo,6E 472,11:40 AM,11:45 PM,725,12 hr 5 min,Economy,29970.0,,,False,4f2899f72b49
SCR_GF_1789021493_018,2026-09-10 11:54:47,2026-09-11,1,google_flights,DEL,MAA,DEL-MAA,DEL,MAA,IndiGo,IndiGo,6E 489,5:15 AM,2:55 PM,580,9 hr 40 min,Economy,87126.0,,,False,8ac3715bbdf3
SCR_GF_1789021493_019,2026-09-10 11:54:47,2026-09-11,1,google_flights,DEL,MAA,DEL-MAA,DEL,MAA,IndiGo,IndiGo,6E 506,11:00,1:50,170,2 hr 50 min,Economy,9897.0,,,True,d15cb51d0ad3
SCR_GF_1789021493_020,2026-09-10 11:54:47,2026-09-11,1,google_flights,DEL,MAA,DEL-MAA,DEL,MAA,IndiGo,IndiGo,6E 523,1:10,4:00,170,2 hr 50 min,Economy,9897.0,,,True,47c4d5022919
SCR_GF_1789021493_021,2026-09-10 11:54:47,2026-09-11,1,google_flights,DEL,MAA,DEL-MAA,DEL,MAA,IndiGo,IndiGo,6E 540,12:20,3:10,170,2 hr 50 min,Economy,10058.0,,,True,b0a4064dab5d
SCR_GF_1789021493_022,2026-09-10 11:54:47,2026-09-11,1,google_flights,DEL,MAA,DEL-MAA,DEL,MAA,IndiGo,IndiGo,6E 557,7:15,10:05,170,2 hr 50 min,Economy,9897.0,,,True,6329caf1bf69
SCR_GF_1789021493_023,2026-09-10 11:54:47,2026-09-11,1,google_flights,DEL,MAA,DEL-MAA,DEL,MAA,IndiGo,IndiGo,6E 574,9:15,12:05,170,2 hr 50 min,Economy,9897.0,,,True,3a2148132511
SCR_GF_1789021493_024,2026-09-10 11:54:47,2026-09-11,1,google_flights,DEL,MAA,DEL-MAA,DEL,MAA,IndiGo,IndiGo,6E 591,7:30,10:20,170,2 hr 50 min,Economy,10058.0,,,True,00e4ea7b1f42
SCR_GF_1789021493_025,2026-09-10 11:54:47,2026-09-11,1,google_flights,DEL,MAA,DEL-MAA,DEL,MAA,IndiGo,IndiGo,6E 608,10:00,12:45,165,2 hr 45 min,Economy,10058.0,,,True,befb06a5da67
SCR_GF_1789021493_026,2026-09-10 11:54:47,2026-09-11,1,google_flights,DEL,MAA,DEL-MAA,DEL,MAA,IndiGo,IndiGo,6E 625,3:45,6:40,175,2 hr 55 min,Economy,10058.0,,,True,1c84422455cc
SCR_GF_1789021493_027,2026-09-10 11:54:47,2026-09-11,1,google_flights,DEL,MAA,DEL-MAA,DEL,MAA,IndiGo,IndiGo,6E 642,3:15,6:05,170,2 hr 50 min,Economy,10360.0,,,True,5297a5b643e2
SCR_GF_1789021493_028,2026-09-10 11:54:47,2026-09-11,1,google_flights,DEL,MAA,DEL-MAA,DEL,MAA,IndiGo,IndiGo,6E 659,6:00,8:40,160,2 hr 40 min,Economy,12384.0,,,True,f3541b948721
SCR_GF_1789021493_029,2026-09-10 11:54:47,2026-09-11,1,google_flights,DEL,MAA,DEL-MAA,DEL,MAA,IndiGo,IndiGo,6E 676,4:40,7:30,170,2 hr 50 min,Economy,14374.0,,,True,1a314925db70
SCR_GF_1789021493_030,2026-09-10 11:54:47,2026-09-11,1,google_flights,DEL,MAA,DEL-MAA,DEL,MAA,IndiGo,IndiGo,6E 693,6:15,8:55,160,2 hr 40 min,Economy,15816.0,,,True,1e5a6667ba6c
SCR_GF_1789021493_031,2026-09-10 11:54:47,2026-09-11,1,google_flights,DEL,MAA,DEL-MAA,DEL,MAA,IndiGo,IndiGo,6E 710,6:00,8:55,175,2 hr 55 min,Economy,16689.0,,,True,ddcb923f84f7
SCR_GF_1789021493_032,2026-09-10 11:54:47,2026-09-11,1,google_flights,DEL,MAA,DEL-MAA,DEL,MAA,IndiGo,IndiGo,6E 727,10:55,1:50,175,2 hr 55 min,Economy,19192.0,,,True,c7e757a2f40b
SCR_GF_1789021493_033,2026-09-10 11:54:47,2026-09-11,1,google_flights,DEL,MAA,DEL-MAA,DEL,MAA,IndiGo,IndiGo,6E 744,9:55,12:40,165,2 hr 45 min,Economy,20238.0,,,True,12325eda75ec
SCR_GF_1789021493_034,2026-09-10 11:54:47,2026-09-11,1,google_flights,DEL,MAA,DEL-MAA,DEL,MAA,IndiGo,IndiGo,6E 761,8:30,11:20,170,2 hr 50 min,Economy,22228.0,,,True,5013ea7b2666
SCR_GF_1789021493_035,2026-09-10 11:54:47,2026-09-11,1,google_flights,DEL,MAA,DEL-MAA,DEL,MAA,IndiGo,IndiGo,6E 778,11:40,11:45,725,12 hr 5 min,Economy,29970.0,,,False,e9b0bd2937ff
SCR_GF_1789021493_036,2026-09-10 11:54:47,2026-09-11,1,google_flights,DEL,MAA,DEL-MAA,DEL,MAA,IndiGo,IndiGo,6E 795,5:15,2:55,580,9 hr 40 min,Economy,87126.0,,,False,d91571aac47a
SCR_GF_1789021499_001,2026-09-10 11:54:54,2026-09-12,2,google_flights,DEL,MAA,DEL-MAA,DEL,MAA,IndiGo,IndiGo,6E 200,9:15 PM,2:35 AM,320,5 hr 20 min,Economy,9815.0,,,False,3a36d16167be
SCR_GF_1789021499_002,2026-09-10 11:54:54,2026-09-12,2,google_flights,DEL,MAA,DEL-MAA,DEL,MAA,IndiGo,IndiGo,6E 217,6:15 PM,8:55 PM,160,2 hr 40 min,Economy,9897.0,,,True,deb5d6e45910
SCR_GF_1789021499_003,2026-09-10 11:54:54,2026-09-12,2,google_flights,DEL,MAA,DEL-MAA,DEL,MAA,Air India,Air India,AI 234,10:00 AM,12:45 PM,165,2 hr 45 min,Economy,10058.0,,,True,0a1483c28991
SCR_GF_1789021499_004,2026-09-10 11:54:54,2026-09-12,2,google_flights,DEL,MAA,DEL-MAA,DEL,MAA,IndiGo,IndiGo,6E 251,9:55 AM,3:30 PM,335,5 hr 35 min,Economy,9815.0,,,False,bbdf95787151
SCR_GF_1789021499_005,2026-09-10 11:54:54,2026-09-12,2,google_flights,DEL,MAA,DEL-MAA,DEL,MAA,IndiGo,IndiGo,6E 268,11:10 AM,5:05 PM,355,5 hr 55 min,Economy,9815.0,,,False,81bb170c6bd6
SCR_GF_1789021499_006,2026-09-10 11:54:54,2026-09-12,2,google_flights,DEL,MAA,DEL-MAA,DEL,MAA,IndiGo,IndiGo,6E 285,11:45 AM,5:40 PM,355,5 hr 55 min,Economy,9815.0,,,False,fb8e62335347
SCR_GF_1789021499_007,2026-09-10 11:54:54,2026-09-12,2,google_flights,DEL,MAA,DEL-MAA,DEL,MAA,IndiGo,IndiGo,6E 302,6:15 PM,12:35 AM,380,6 hr 20 min,Economy,9815.0,,,False,0440a48bb66d
SCR_GF_1789021499_008,2026-09-10 11:54:54,2026-09-12,2,google_flights,DEL,MAA,DEL-MAA,DEL,MAA,IndiGo,IndiGo,6E 319,9:15 AM,12:05 PM,170,2 hr 50 min,Economy,9897.0,,,True,64e4af3bad95
SCR_GF_1789021499_009,2026-09-10 11:54:54,2026-09-12,2,google_flights,DEL,MAA,DEL-MAA,DEL,MAA,IndiGo,IndiGo,6E 336,11:00 AM,1:50 PM,170,2 hr 50 min,Economy,9897.0,,,True,dce851a9007b
SCR_GF_1789021499_010,2026-09-10 11:54:54,2026-09-12,2,google_flights,DEL,MAA,DEL-MAA,DEL,MAA,IndiGo,IndiGo,6E 353,1:10 PM,4:00 PM,170,2 hr 50 min,Economy,9897.0,,,True,57df05ac15e3
SCR_GF_1789021499_011,2026-09-10 11:54:54,2026-09-12,2,google_flights,DEL,MAA,DEL-MAA,DEL,MAA,IndiGo,IndiGo,6E 370,3:15 PM,6:05 PM,170,2 hr 50 min,Economy,9897.0,,,True,eccf32561b3a
SCR_GF_1789021499_012,2026-09-10 11:54:54,2026-09-12,2,google_flights,DEL,MAA,DEL-MAA,DEL,MAA,IndiGo,IndiGo,6E 387,4:40 PM,7:30 PM,170,2 hr 50 min,Economy,9897.0,,,True,f662da8e8006
SCR_GF_1789021499_013,2026-09-10 11:54:54,2026-09-12,2,google_flights,DEL,MAA,DEL-MAA,DEL,MAA,IndiGo,IndiGo,6E 404,10:55 PM,1:50 AM,175,2 hr 55 min,Economy,9897.0,,,True,b36f3ad2779d
SCR_GF_1789021499_014,2026-09-10 11:54:54,2026-09-12,2,google_flights,DEL,MAA,DEL-MAA,DEL,MAA,Air India,Air India,AI 421,3:45 PM,6:40 PM,175,2 hr 55 min,Economy,10058.0,,,True,20ea4badf171
SCR_GF_1789021499_015,2026-09-10 11:54:54,2026-09-12,2,google_flights,DEL,MAA,DEL-MAA,DEL,MAA,IndiGo,IndiGo,6E 438,7:15 AM,10:05 AM,170,2 hr 50 min,Economy,10360.0,,,True,b63eef13bbea
SCR_GF_1789021499_016,2026-09-10 11:54:54,2026-09-12,2,google_flights,DEL,MAA,DEL-MAA,DEL,MAA,Air India,Air India,AI 455,7:30 AM,10:20 AM,170,2 hr 50 min,Economy,10740.0,,,True,4ca7b22ae5ce
SCR_GF_1789021499_017,2026-09-10 11:54:54,2026-09-12,2,google_flights,DEL,MAA,DEL-MAA,DEL,MAA,Air India,Air India,AI 472,6:00 PM,8:55 PM,175,2 hr 55 min,Economy,11260.0,,,True,a18ebef51b94
SCR_GF_1789021499_018,2026-09-10 11:54:54,2026-09-12,2,google_flights,DEL,MAA,DEL-MAA,DEL,MAA,Air India,Air India,AI 489,9:55 PM,12:40 AM,165,2 hr 45 min,Economy,14169.0,,,True,78ad0a854c96
SCR_GF_1789021499_019,2026-09-10 11:54:54,2026-09-12,2,google_flights,DEL,MAA,DEL-MAA,DEL,MAA,Air India,Air India,AI 506,12:20 PM,3:10 PM,170,2 hr 50 min,Economy,14426.0,,,True,4b825831b732
SCR_GF_1789021499_020,2026-09-10 11:54:54,2026-09-12,2,google_flights,DEL,MAA,DEL-MAA,DEL,MAA,IndiGo,IndiGo,6E 523,6:45 PM,8:50 AM,845,14 hr 5 min,Economy,33478.0,,,False,cb6223560ccd
SCR_GF_1789021499_021,2026-09-10 11:54:54,2026-09-12,2,google_flights,DEL,MAA,DEL-MAA,DEL,MAA,IndiGo,IndiGo,6E 540,11:00 AM,8:30 PM,570,9 hr 30 min,Economy,74082.0,,,False,1ce66618e804
SCR_GF_1789021499_022,2026-09-10 11:54:54,2026-09-12,2,google_flights,DEL,MAA,DEL-MAA,DEL,MAA,IndiGo,IndiGo,6E 557,9:15,2:35,320,5 hr 20 min,Economy,9815.0,,,False,b20e1bb21fbb
SCR_GF_1789021499_023,2026-09-10 11:54:54,2026-09-12,2,google_flights,DEL,MAA,DEL-MAA,DEL,MAA,IndiGo,IndiGo,6E 574,6:15,8:55,160,2 hr 40 min,Economy,9897.0,,,True,d5f7dc712709
SCR_GF_1789021499_024,2026-09-10 11:54:54,2026-09-12,2,google_flights,DEL,MAA,DEL-MAA,DEL,MAA,IndiGo,IndiGo,6E 591,10:00,12:45,165,2 hr 45 min,Economy,10058.0,,,True,d164d638a9c5
SCR_GF_1789021499_025,2026-09-10 11:54:54,2026-09-12,2,google_flights,DEL,MAA,DEL-MAA,DEL,MAA,IndiGo,IndiGo,6E 608,9:55,3:30,335,5 hr 35 min,Economy,9815.0,,,False,f082ad6db0b0
SCR_GF_1789021499_026,2026-09-10 11:54:54,2026-09-12,2,google_flights,DEL,MAA,DEL-MAA,DEL,MAA,IndiGo,IndiGo,6E 625,11:10,5:05,355,5 hr 55 min,Economy,9815.0,,,False,cdbdfe072201
SCR_GF_1789021499_027,2026-09-10 11:54:54,2026-09-12,2,google_flights,DEL,MAA,DEL-MAA,DEL,MAA,IndiGo,IndiGo,6E 642,11:45,5:40,355,5 hr 55 min,Economy,9815.0,,,False,b4d30965f700
SCR_GF_1789021499_028,2026-09-10 11:54:54,2026-09-12,2,google_flights,DEL,MAA,DEL-MAA,DEL,MAA,IndiGo,IndiGo,6E 659,6:15,12:35,380,6 hr 20 min,Economy,9815.0,,,False,745da5c8fdcf
SCR_GF_1789021499_029,2026-09-10 11:54:54,2026-09-12,2,google_flights,DEL,MAA,DEL-MAA,DEL,MAA,IndiGo,IndiGo,6E 676,9:15,12:05,170,2 hr 50 min,Economy,9897.0,,,True,a70b0b937aa0
SCR_GF_1789021499_030,2026-09-10 11:54:54,2026-09-12,2,google_flights,DEL,MAA,DEL-MAA,DEL,MAA,IndiGo,IndiGo,6E 693,11:00,1:50,170,2 hr 50 min,Economy,9897.0,,,True,264da7bacd1a
SCR_GF_1789021499_031,2026-09-10 11:54:54,2026-09-12,2,google_flights,DEL,MAA,DEL-MAA,DEL,MAA,IndiGo,IndiGo,6E 710,1:10,4:00,170,2 hr 50 min,Economy,9897.0,,,True,c2e3296a8c67
SCR_GF_1789021499_032,2026-09-10 11:54:54,2026-09-12,2,google_flights,DEL,MAA,DEL-MAA,DEL,MAA,IndiGo,IndiGo,6E 727,3:15,6:05,170,2 hr 50 min,Economy,9897.0,,,True,bd300bd9df2d
SCR_GF_1789021499_033,2026-09-10 11:54:54,2026-09-12,2,google_flights,DEL,MAA,DEL-MAA,DEL,MAA,IndiGo,IndiGo,6E 744,4:40,7:30,170,2 hr 50 min,Economy,9897.0,,,True,da228e468859
SCR_GF_1789021499_034,2026-09-10 11:54:54,2026-09-12,2,google_flights,DEL,MAA,DEL-MAA,DEL,MAA,IndiGo,IndiGo,6E 761,10:55,1:50,175,2 hr 55 min,Economy,9897.0,,,True,846a33e30ea9
SCR_GF_1789021499_035,2026-09-10 11:54:54,2026-09-12,2,google_flights,DEL,MAA,DEL-MAA,DEL,MAA,IndiGo,IndiGo,6E 778,3:45,6:40,175,2 hr 55 min,Economy,10058.0,,,True,3a3d5a48a670
SCR_GF_1789021499_036,2026-09-10 11:54:54,2026-09-12,2,google_flights,DEL,MAA,DEL-MAA,DEL,MAA,IndiGo,IndiGo,6E 795,7:15,10:05,170,2 hr 50 min,Economy,10360.0,,,True,dd0e9464166a
SCR_GF_1789021499_037,2026-09-10 11:54:54,2026-09-12,2,google_flights,DEL,MAA,DEL-MAA,DEL,MAA,IndiGo,IndiGo,6E 812,7:30,10:20,170,2 hr 50 min,Economy,10740.0,,,True,9f619ed2d8ce
SCR_GF_1789021499_038,2026-09-10 11:54:54,2026-09-12,2,google_flights,DEL,MAA,DEL-MAA,DEL,MAA,IndiGo,IndiGo,6E 829,6:00,8:55,175,2 hr 55 min,Economy,11260.0,,,True,399932cce6e7
SCR_GF_1789021499_039,2026-09-10 11:54:54,2026-09-12,2,google_flights,DEL,MAA,DEL-MAA,DEL,MAA,IndiGo,IndiGo,6E 846,9:55,12:40,165,2 hr 45 min,Economy,14169.0,,,True,034a3b7e3536
SCR_GF_1789021499_040,2026-09-10 11:54:54,2026-09-12,2,google_flights,DEL,MAA,DEL-MAA,DEL,MAA,IndiGo,IndiGo,6E 863,12:20,3:10,170,2 hr 50 min,Economy,14426.0,,,True,630d7c908b03
SCR_GF_1789021499_041,2026-09-10 11:54:54,2026-09-12,2,google_flights,DEL,MAA,DEL-MAA,DEL,MAA,IndiGo,IndiGo,6E 880,6:45,8:50,845,14 hr 5 min,Economy,33478.0,,,False,3e021f3c1b2c
SCR_GF_1789021499_042,2026-09-10 11:54:54,2026-09-12,2,google_flights,DEL,MAA,DEL-MAA,DEL,MAA,IndiGo,IndiGo,6E 897,11:00,8:30,570,9 hr 30 min,Economy,74082.0,,,False,e91b139af34a
SCR_GF_1789021505_001,2026-09-10 11:55:00,2026-09-17,7,google_flights,DEL,MAA,DEL-MAA,DEL,MAA,IndiGo,IndiGo,6E 200,4:20 PM,9:50 PM,330,5 hr 30 min,Economy,9605.0,,,False,5dbb43487cbb
SCR_GF_1789021505_002,2026-09-10 11:55:00,2026-09-17,7,google_flights,DEL,MAA,DEL-MAA,DEL,MAA,IndiGo,IndiGo,6E 217,1:10 PM,4:00 PM,170,2 hr 50 min,Economy,9897.0,,,True,e49e6257f12b
SCR_GF_1789021505_003,2026-09-10 11:55:00,2026-09-17,7,google_flights,DEL,MAA,DEL-MAA,DEL,MAA,Air India,Air India,AI 234,9:55 PM,12:40 AM,165,2 hr 45 min,Economy,10058.0,,,True,0cdefa357e8b
SCR_GF_1789021505_004,2026-09-10 11:55:00,2026-09-17,7,google_flights,DEL,MAA,DEL-MAA,DEL,MAA,IndiGo,IndiGo,6E 251,1:30 PM,7:10 PM,340,5 hr 40 min,Economy,9815.0,,,False,f51b1efd3505
SCR_GF_1789021505_005,2026-09-10 11:55:00,2026-09-17,7,google_flights,DEL,MAA,DEL-MAA,DEL,MAA,IndiGo,IndiGo,6E 268,7:15 AM,10:05 AM,170,2 hr 50 min,Economy,9897.0,,,True,9f93369a6a45
SCR_GF_1789021505_006,2026-09-10 11:55:00,2026-09-17,7,google_flights,DEL,MAA,DEL-MAA,DEL,MAA,IndiGo,IndiGo,6E 285,9:15 AM,12:05 PM,170,2 hr 50 min,Economy,9897.0,,,True,34ca3f7656d4
SCR_GF_1789021505_007,2026-09-10 11:55:00,2026-09-17,7,google_flights,DEL,MAA,DEL-MAA,DEL,MAA,IndiGo,IndiGo,6E 302,11:00 AM,1:50 PM,170,2 hr 50 min,Economy,9897.0,,,True,182e27cac06d
SCR_GF_1789021505_008,2026-09-10 11:55:00,2026-09-17,7,google_flights,DEL,MAA,DEL-MAA,DEL,MAA,IndiGo,IndiGo,6E 319,3:15 PM,6:05 PM,170,2 hr 50 min,Economy,9897.0,,,True,0832aefbd5fd
SCR_GF_1789021505_009,2026-09-10 11:55:00,2026-09-17,7,google_flights,DEL,MAA,DEL-MAA,DEL,MAA,IndiGo,IndiGo,6E 336,4:40 PM,7:30 PM,170,2 hr 50 min,Economy,9897.0,,,True,8f682a28107b
SCR_GF_1789021505_010,2026-09-10 11:55:00,2026-09-17,7,google_flights,DEL,MAA,DEL-MAA,DEL,MAA,IndiGo,IndiGo,6E 353,10:55 PM,1:50 AM,175,2 hr 55 min,Economy,9897.0,,,True,f7fa6fd56525
SCR_GF_1789021505_011,2026-09-10 11:55:00,2026-09-17,7,google_flights,DEL,MAA,DEL-MAA,DEL,MAA,Air India,Air India,AI 370,6:00 AM,8:40 AM,160,2 hr 40 min,Economy,10058.0,,,True,9c23ceddcc3b
SCR_GF_1789021505_012,2026-09-10 11:55:00,2026-09-17,7,google_flights,DEL,MAA,DEL-MAA,DEL,MAA,Air India,Air India,AI 387,7:30 AM,10:20 AM,170,2 hr 50 min,Economy,10058.0,,,True,3ad100464585
SCR_GF_1789021505_013,2026-09-10 11:55:00,2026-09-17,7,google_flights,DEL,MAA,DEL-MAA,DEL,MAA,Air India,Air India,AI 404,10:00 AM,12:45 PM,165,2 hr 45 min,Economy,10058.0,,,True,d3fdd69ba07c
SCR_GF_1789021505_014,2026-09-10 11:55:00,2026-09-17,7,google_flights,DEL,MAA,DEL-MAA,DEL,MAA,Air India,Air India,AI 421,12:20 PM,3:10 PM,170,2 hr 50 min,Economy,10058.0,,,True,b8264e59c368
SCR_GF_1789021505_015,2026-09-10 11:55:00,2026-09-17,7,google_flights,DEL,MAA,DEL-MAA,DEL,MAA,Air India,Air India,AI 438,3:45 PM,6:40 PM,175,2 hr 55 min,Economy,10058.0,,,True,b5ecd1643340
SCR_GF_1789021506_016,2026-09-10 11:55:00,2026-09-17,7,google_flights,DEL,MAA,DEL-MAA,DEL,MAA,Air India,Air India,AI 455,6:00 PM,8:55 PM,175,2 hr 55 min,Economy,11019.0,,,True,fdf480457cac
SCR_GF_1789021506_017,2026-09-10 11:55:00,2026-09-17,7,google_flights,DEL,MAA,DEL-MAA,DEL,MAA,IndiGo,IndiGo,6E 472,6:15 PM,8:55 PM,160,2 hr 40 min,Economy,11362.0,,,True,47bf010c75e0
SCR_GF_1789021506_018,2026-09-10 11:55:00,2026-09-17,7,google_flights,DEL,MAA,DEL-MAA,DEL,MAA,IndiGo,IndiGo,6E 489,8:30 PM,11:20 PM,170,2 hr 50 min,Economy,11903.0,,,True,01976799aa19
SCR_GF_1789021506_019,2026-09-10 11:55:00,2026-09-17,7,google_flights,DEL,MAA,DEL-MAA,DEL,MAA,IndiGo,IndiGo,6E 506,4:00 PM,7:25 AM,925,15 hr 25 min,Economy,32108.0,,,False,35d7d6576a99
SCR_GF_1789021506_020,2026-09-10 11:55:00,2026-09-17,7,google_flights,DEL,MAA,DEL-MAA,DEL,MAA,IndiGo,IndiGo,6E 523,11:00 AM,8:30 PM,570,9 hr 30 min,Economy,49155.0,,,False,5bd9df4f5c00
SCR_GF_1789021506_021,2026-09-10 11:55:00,2026-09-17,7,google_flights,DEL,MAA,DEL-MAA,DEL,MAA,IndiGo,IndiGo,6E 540,4:20,9:50,330,5 hr 30 min,Economy,9605.0,,,False,ea372d8a524d
SCR_GF_1789021506_022,2026-09-10 11:55:00,2026-09-17,7,google_flights,DEL,MAA,DEL-MAA,DEL,MAA,IndiGo,IndiGo,6E 557,1:10,4:00,170,2 hr 50 min,Economy,9897.0,,,True,c41349f2e465
SCR_GF_1789021506_023,2026-09-10 11:55:00,2026-09-17,7,google_flights,DEL,MAA,DEL-MAA,DEL,MAA,IndiGo,IndiGo,6E 574,9:55,12:40,165,2 hr 45 min,Economy,10058.0,,,True,ba4871b8522c
SCR_GF_1789021506_024,2026-09-10 11:55:00,2026-09-17,7,google_flights,DEL,MAA,DEL-MAA,DEL,MAA,IndiGo,IndiGo,6E 591,1:30,7:10,340,5 hr 40 min,Economy,9815.0,,,False,ce4b633a74fa
SCR_GF_1789021506_025,2026-09-10 11:55:00,2026-09-17,7,google_flights,DEL,MAA,DEL-MAA,DEL,MAA,IndiGo,IndiGo,6E 608,7:15,10:05,170,2 hr 50 min,Economy,9897.0,,,True,7c5d577660c2
SCR_GF_1789021506_026,2026-09-10 11:55:00,2026-09-17,7,google_flights,DEL,MAA,DEL-MAA,DEL,MAA,IndiGo,IndiGo,6E 625,9:15,12:05,170,2 hr 50 min,Economy,9897.0,,,True,ece66a255f20
SCR_GF_1789021506_027,2026-09-10 11:55:00,2026-09-17,7,google_flights,DEL,MAA,DEL-MAA,DEL,MAA,IndiGo,IndiGo,6E 642,11:00,1:50,170,2 hr 50 min,Economy,9897.0,,,True,8d4026a5bff0
SCR_GF_1789021506_028,2026-09-10 11:55:00,2026-09-17,7,google_flights,DEL,MAA,DEL-MAA,DEL,MAA,IndiGo,IndiGo,6E 659,3:15,6:05,170,2 hr 50 min,Economy,9897.0,,,True,32ab16b44bcb
SCR_GF_1789021506_029,2026-09-10 11:55:00,2026-09-17,7,google_flights,DEL,MAA,DEL-MAA,DEL,MAA,IndiGo,IndiGo,6E 676,4:40,7:30,170,2 hr 50 min,Economy,9897.0,,,True,930140f08a4b
SCR_GF_1789021506_030,2026-09-10 11:55:00,2026-09-17,7,google_flights,DEL,MAA,DEL-MAA,DEL,MAA,IndiGo,IndiGo,6E 693,10:55,1:50,175,2 hr 55 min,Economy,9897.0,,,True,199c523f5fd9
SCR_GF_1789021506_031,2026-09-10 11:55:00,2026-09-17,7,google_flights,DEL,MAA,DEL-MAA,DEL,MAA,IndiGo,IndiGo,6E 710,6:00,8:40,160,2 hr 40 min,Economy,10058.0,,,True,e6a6a8b9c3b3
SCR_GF_1789021506_032,2026-09-10 11:55:00,2026-09-17,7,google_flights,DEL,MAA,DEL-MAA,DEL,MAA,IndiGo,IndiGo,6E 727,7:30,10:20,170,2 hr 50 min,Economy,10058.0,,,True,37c97ed32494
SCR_GF_1789021506_033,2026-09-10 11:55:00,2026-09-17,7,google_flights,DEL,MAA,DEL-MAA,DEL,MAA,IndiGo,IndiGo,6E 744,10:00,12:45,165,2 hr 45 min,Economy,10058.0,,,True,a94babdd53a1
SCR_GF_1789021506_034,2026-09-10 11:55:00,2026-09-17,7,google_flights,DEL,MAA,DEL-MAA,DEL,MAA,IndiGo,IndiGo,6E 761,12:20,3:10,170,2 hr 50 min,Economy,10058.0,,,True,f2b0f43c69fc
SCR_GF_1789021506_035,2026-09-10 11:55:00,2026-09-17,7,google_flights,DEL,MAA,DEL-MAA,DEL,MAA,IndiGo,IndiGo,6E 778,3:45,6:40,175,2 hr 55 min,Economy,10058.0,,,True,968ac6feb20b
SCR_GF_1789021506_036,2026-09-10 11:55:00,2026-09-17,7,google_flights,DEL,MAA,DEL-MAA,DEL,MAA,IndiGo,IndiGo,6E 795,6:00,8:55,175,2 hr 55 min,Economy,11019.0,,,True,edb8b1efe202
SCR_GF_1789021506_037,2026-09-10 11:55:00,2026-09-17,7,google_flights,DEL,MAA,DEL-MAA,DEL,MAA,IndiGo,IndiGo,6E 812,6:15,8:55,160,2 hr 40 min,Economy,11362.0,,,True,28ce1c8860d3
SCR_GF_1789021506_038,2026-09-10 11:55:00,2026-09-17,7,google_flights,DEL,MAA,DEL-MAA,DEL,MAA,IndiGo,IndiGo,6E 829,8:30,11:20,170,2 hr 50 min,Economy,11903.0,,,True,7ddfbd29d197
SCR_GF_1789021506_039,2026-09-10 11:55:00,2026-09-17,7,google_flights,DEL,MAA,DEL-MAA,DEL,MAA,IndiGo,IndiGo,6E 846,4:00,7:25,925,15 hr 25 min,Economy,32108.0,,,False,87be0da1aff5
SCR_GF_1789021506_040,2026-09-10 11:55:00,2026-09-17,7,google_flights,DEL,MAA,DEL-MAA,DEL,MAA,IndiGo,IndiGo,6E 863,11:00,8:30,570,9 hr 30 min,Economy,49155.0,,,False,98d5071bab42
SCR_GF_1789021512_001,2026-09-10 11:55:07,2026-09-25,15,google_flights,DEL,MAA,DEL-MAA,DEL,MAA,IndiGo,IndiGo,6E 200,2:45 PM,8:20 PM,335,5 hr 35 min,Economy,9815.0,,,False,2a94997c2b2d
SCR_GF_1789021512_002,2026-09-10 11:55:07,2026-09-25,15,google_flights,DEL,MAA,DEL-MAA,DEL,MAA,Air India,Air India,AI 217,6:00 AM,8:40 AM,160,2 hr 40 min,Economy,10740.0,,,True,2662c9d34595
SCR_GF_1789021512_003,2026-09-10 11:55:07,2026-09-25,15,google_flights,DEL,MAA,DEL-MAA,DEL,MAA,IndiGo,IndiGo,6E 234,3:15 PM,6:05 PM,170,2 hr 50 min,Economy,10848.0,,,True,cfa44ca8d17f
SCR_GF_1789021512_004,2026-09-10 11:55:07,2026-09-25,15,google_flights,DEL,MAA,DEL-MAA,DEL,MAA,IndiGo,IndiGo,6E 251,4:15 PM,10:05 PM,350,5 hr 50 min,Economy,9815.0,,,False,aff5e6d55859
SCR_GF_1789021512_005,2026-09-10 11:55:07,2026-09-25,15,google_flights,DEL,MAA,DEL-MAA,DEL,MAA,IndiGo,IndiGo,6E 268,5:20 PM,11:10 PM,350,5 hr 50 min,Economy,9815.0,,,False,c3ecb78a9504
SCR_GF_1789021512_006,2026-09-10 11:55:07,2026-09-25,15,google_flights,DEL,MAA,DEL-MAA,DEL,MAA,IndiGo,IndiGo,6E 285,5:00 AM,10:55 AM,355,5 hr 55 min,Economy,10025.0,,,False,e572497762f6
SCR_GF_1789021512_007,2026-09-10 11:55:07,2026-09-25,15,google_flights,DEL,MAA,DEL-MAA,DEL,MAA,IndiGo,IndiGo,6E 302,5:55 PM,11:30 PM,335,5 hr 35 min,Economy,10025.0,,,False,8b72a31365a5
SCR_GF_1789021512_008,2026-09-10 11:55:07,2026-09-25,15,google_flights,DEL,MAA,DEL-MAA,DEL,MAA,IndiGo,IndiGo,6E 319,7:00 PM,1:05 AM,365,6 hr 5 min,Economy,10025.0,,,False,a66175e5e682
SCR_GF_1789021512_009,2026-09-10 11:55:07,2026-09-25,15,google_flights,DEL,MAA,DEL-MAA,DEL,MAA,Air India,Air India,AI 336,7:30 AM,10:20 AM,170,2 hr 50 min,Economy,10740.0,,,True,4bf3ec0bdf4a
SCR_GF_1789021512_010,2026-09-10 11:55:07,2026-09-25,15,google_flights,DEL,MAA,DEL-MAA,DEL,MAA,IndiGo,IndiGo,6E 353,7:15 AM,10:05 AM,170,2 hr 50 min,Economy,10848.0,,,True,d149d2572a0d
SCR_GF_1789021512_011,2026-09-10 11:55:07,2026-09-25,15,google_flights,DEL,MAA,DEL-MAA,DEL,MAA,IndiGo,IndiGo,6E 370,9:15 AM,12:05 PM,170,2 hr 50 min,Economy,10848.0,,,True,f11c6ebd8d83
SCR_GF_1789021512_012,2026-09-10 11:55:07,2026-09-25,15,google_flights,DEL,MAA,DEL-MAA,DEL,MAA,IndiGo,IndiGo,6E 387,11:00 AM,1:50 PM,170,2 hr 50 min,Economy,10848.0,,,True,fb6cb6437138
SCR_GF_1789021512_013,2026-09-10 11:55:07,2026-09-25,15,google_flights,DEL,MAA,DEL-MAA,DEL,MAA,IndiGo,IndiGo,6E 404,4:40 PM,7:30 PM,170,2 hr 50 min,Economy,10848.0,,,True,41eb333ba162
SCR_GF_1789021512_014,2026-09-10 11:55:07,2026-09-25,15,google_flights,DEL,MAA,DEL-MAA,DEL,MAA,Air India,Air India,AI 421,3:45 PM,6:40 PM,175,2 hr 55 min,Economy,11260.0,,,True,9680c88919f6
SCR_GF_1789021512_015,2026-09-10 11:55:07,2026-09-25,15,google_flights,DEL,MAA,DEL-MAA,DEL,MAA,IndiGo,IndiGo,6E 438,10:55 PM,1:50 AM,175,2 hr 55 min,Economy,11362.0,,,True,124f94405a63
SCR_GF_1789021512_016,2026-09-10 11:55:07,2026-09-25,15,google_flights,DEL,MAA,DEL-MAA,DEL,MAA,Air India,Air India,AI 455,6:00 PM,8:55 PM,175,2 hr 55 min,Economy,11554.0,,,True,f8168b612d84
SCR_GF_1789021512_017,2026-09-10 11:55:07,2026-09-25,15,google_flights,DEL,MAA,DEL-MAA,DEL,MAA,Air India,Air India,AI 472,9:55 PM,12:40 AM,165,2 hr 45 min,Economy,11806.0,,,True,f6c481689541
SCR_GF_1789021512_018,2026-09-10 11:55:07,2026-09-25,15,google_flights,DEL,MAA,DEL-MAA,DEL,MAA,IndiGo,IndiGo,6E 489,8:30 PM,11:20 PM,170,2 hr 50 min,Economy,11903.0,,,True,c5f0f5748c4b
SCR_GF_1789021512_019,2026-09-10 11:55:07,2026-09-25,15,google_flights,DEL,MAA,DEL-MAA,DEL,MAA,IndiGo,IndiGo,6E 506,1:10 PM,4:00 PM,170,2 hr 50 min,Economy,12474.0,,,True,dcaed7d2e7f0
SCR_GF_1789021512_020,2026-09-10 11:55:07,2026-09-25,15,google_flights,DEL,MAA,DEL-MAA,DEL,MAA,IndiGo,IndiGo,6E 523,6:15 PM,8:55 PM,160,2 hr 40 min,Economy,12474.0,,,True,2a727d5bd5bb
SCR_GF_1789021512_021,2026-09-10 11:55:07,2026-09-25,15,google_flights,DEL,MAA,DEL-MAA,DEL,MAA,Air India,Air India,AI 540,12:20 PM,3:10 PM,170,2 hr 50 min,Economy,12993.0,,,True,e2635e2661e4
SCR_GF_1789021512_022,2026-09-10 11:55:07,2026-09-25,15,google_flights,DEL,MAA,DEL-MAA,DEL,MAA,Air India,Air India,AI 557,10:00 AM,12:45 PM,165,2 hr 45 min,Economy,14169.0,,,True,8740054842cb
SCR_GF_1789021512_023,2026-09-10 11:55:07,2026-09-25,15,google_flights,DEL,MAA,DEL-MAA,DEL,MAA,IndiGo,IndiGo,6E 574,5:00 PM,7:25 AM,865,14 hr 25 min,Economy,19844.0,,,False,cf909e5a60c9
SCR_GF_1789021512_024,2026-09-10 11:55:07,2026-09-25,15,google_flights,DEL,MAA,DEL-MAA,DEL,MAA,IndiGo,IndiGo,6E 591,11:00 AM,8:30 PM,570,9 hr 30 min,Economy,43485.0,,,False,2e5badee6818
SCR_GF_1789021512_025,2026-09-10 11:55:07,2026-09-25,15,google_flights,DEL,MAA,DEL-MAA,DEL,MAA,IndiGo,IndiGo,6E 608,2:45,8:20,335,5 hr 35 min,Economy,9815.0,,,False,27b1d9c10bdc
SCR_GF_1789021512_026,2026-09-10 11:55:07,2026-09-25,15,google_flights,DEL,MAA,DEL-MAA,DEL,MAA,IndiGo,IndiGo,6E 625,6:00,8:40,160,2 hr 40 min,Economy,10740.0,,,True,905b323f072a
SCR_GF_1789021512_027,2026-09-10 11:55:07,2026-09-25,15,google_flights,DEL,MAA,DEL-MAA,DEL,MAA,IndiGo,IndiGo,6E 642,3:15,6:05,170,2 hr 50 min,Economy,10848.0,,,True,f7d7091fd72b
SCR_GF_1789021512_028,2026-09-10 11:55:07,2026-09-25,15,google_flights,DEL,MAA,DEL-MAA,DEL,MAA,IndiGo,IndiGo,6E 659,4:15,10:05,350,5 hr 50 min,Economy,9815.0,,,False,8ec4ef85bb1a
SCR_GF_1789021512_029,2026-09-10 11:55:07,2026-09-25,15,google_flights,DEL,MAA,DEL-MAA,DEL,MAA,IndiGo,IndiGo,6E 676,5:20,11:10,350,5 hr 50 min,Economy,9815.0,,,False,2fdaf461fc44
SCR_GF_1789021512_030,2026-09-10 11:55:07,2026-09-25,15,google_flights,DEL,MAA,DEL-MAA,DEL,MAA,IndiGo,IndiGo,6E 693,5:00,10:55,355,5 hr 55 min,Economy,10025.0,,,False,01a3a0a9e093
SCR_GF_1789021512_031,2026-09-10 11:55:07,2026-09-25,15,google_flights,DEL,MAA,DEL-MAA,DEL,MAA,IndiGo,IndiGo,6E 710,5:55,11:30,335,5 hr 35 min,Economy,10025.0,,,False,d1fb26cbd23c
SCR_GF_1789021512_032,2026-09-10 11:55:07,2026-09-25,15,google_flights,DEL,MAA,DEL-MAA,DEL,MAA,IndiGo,IndiGo,6E 727,7:00,1:05,365,6 hr 5 min,Economy,10025.0,,,False,3f12caf96c1c
SCR_GF_1789021512_033,2026-09-10 11:55:07,2026-09-25,15,google_flights,DEL,MAA,DEL-MAA,DEL,MAA,IndiGo,IndiGo,6E 744,7:30,10:20,170,2 hr 50 min,Economy,10740.0,,,True,ea4051dc3df8
SCR_GF_1789021512_034,2026-09-10 11:55:07,2026-09-25,15,google_flights,DEL,MAA,DEL-MAA,DEL,MAA,IndiGo,IndiGo,6E 761,7:15,10:05,170,2 hr 50 min,Economy,10848.0,,,True,0a56238ae194
SCR_GF_1789021512_035,2026-09-10 11:55:07,2026-09-25,15,google_flights,DEL,MAA,DEL-MAA,DEL,MAA,IndiGo,IndiGo,6E 778,9:15,12:05,170,2 hr 50 min,Economy,10848.0,,,True,f5dcb34af23e
SCR_GF_1789021512_036,2026-09-10 11:55:07,2026-09-25,15,google_flights,DEL,MAA,DEL-MAA,DEL,MAA,IndiGo,IndiGo,6E 795,11:00,1:50,170,2 hr 50 min,Economy,10848.0,,,True,8524dc280301
SCR_GF_1789021512_037,2026-09-10 11:55:07,2026-09-25,15,google_flights,DEL,MAA,DEL-MAA,DEL,MAA,IndiGo,IndiGo,6E 812,4:40,7:30,170,2 hr 50 min,Economy,10848.0,,,True,986cb245eb5c
SCR_GF_1789021512_038,2026-09-10 11:55:07,2026-09-25,15,google_flights,DEL,MAA,DEL-MAA,DEL,MAA,IndiGo,IndiGo,6E 829,3:45,6:40,175,2 hr 55 min,Economy,11260.0,,,True,d5e172bc9ecc
SCR_GF_1789021512_039,2026-09-10 11:55:07,2026-09-25,15,google_flights,DEL,MAA,DEL-MAA,DEL,MAA,IndiGo,IndiGo,6E 846,10:55,1:50,175,2 hr 55 min,Economy,11362.0,,,True,09273abeb836
SCR_GF_1789021512_040,2026-09-10 11:55:07,2026-09-25,15,google_flights,DEL,MAA,DEL-MAA,DEL,MAA,IndiGo,IndiGo,6E 863,6:00,8:55,175,2 hr 55 min,Economy,11554.0,,,True,092b6bdc83ca
SCR_GF_1789021513_041,2026-09-10 11:55:07,2026-09-25,15,google_flights,DEL,MAA,DEL-MAA,DEL,MAA,IndiGo,IndiGo,6E 880,9:55,12:40,165,2 hr 45 min,Economy,11806.0,,,True,12cd5071fcea
SCR_GF_1789021513_042,2026-09-10 11:55:07,2026-09-25,15,google_flights,DEL,MAA,DEL-MAA,DEL,MAA,IndiGo,IndiGo,6E 897,8:30,11:20,170,2 hr 50 min,Economy,11903.0,,,True,f6e71edc4634
SCR_GF_1789021513_043,2026-09-10 11:55:07,2026-09-25,15,google_flights,DEL,MAA,DEL-MAA,DEL,MAA,IndiGo,IndiGo,6E 914,1:10,4:00,170,2 hr 50 min,Economy,12474.0,,,True,3f9e0ffd209a
SCR_GF_1789021513_044,2026-09-10 11:55:07,2026-09-25,15,google_flights,DEL,MAA,DEL-MAA,DEL,MAA,IndiGo,IndiGo,6E 931,6:15,8:55,160,2 hr 40 min,Economy,12474.0,,,True,1d6c99aaabc0
SCR_GF_1789021513_045,2026-09-10 11:55:07,2026-09-25,15,google_flights,DEL,MAA,DEL-MAA,DEL,MAA,IndiGo,IndiGo,6E 948,12:20,3:10,170,2 hr 50 min,Economy,12993.0,,,True,a5e225516ec5
SCR_GF_1789021513_046,2026-09-10 11:55:07,2026-09-25,15,google_flights,DEL,MAA,DEL-MAA,DEL,MAA,IndiGo,IndiGo,6E 965,10:00,12:45,165,2 hr 45 min,Economy,14169.0,,,True,994b59317022
SCR_GF_1789021513_047,2026-09-10 11:55:07,2026-09-25,15,google_flights,DEL,MAA,DEL-MAA,DEL,MAA,IndiGo,IndiGo,6E 982,5:00,7:25,865,14 hr 25 min,Economy,19844.0,,,False,49b514e27b68
SCR_GF_1789021513_048,2026-09-10 11:55:07,2026-09-25,15,google_flights,DEL,MAA,DEL-MAA,DEL,MAA,IndiGo,IndiGo,6E 999,11:00,8:30,570,9 hr 30 min,Economy,43485.0,,,False,dae50cf978e7
SCR_GF_1789021518_001,2026-09-10 11:55:13,2026-09-11,1,google_flights,DEL,AMD,DEL-AMD,DEL,AMD,IndiGo,IndiGo,6E 200,7:40 AM,3:05 PM,445,7 hr 25 min,Economy,6253.0,,,False,946a60ea0901
SCR_GF_1789021518_002,2026-09-10 11:55:13,2026-09-11,1,google_flights,DEL,AMD,DEL-AMD,DEL,AMD,IndiGo,IndiGo,6E 217,12:20 PM,1:55 PM,95,1 hr 35 min,Economy,7581.0,,,True,0827d0b03951
SCR_GF_1789021518_003,2026-09-10 11:55:13,2026-09-11,1,google_flights,DEL,AMD,DEL-AMD,DEL,AMD,Air India,Air India,AI 234,1:35 PM,3:15 PM,100,1 hr 40 min,Economy,8105.0,,,True,974a619727cf
SCR_GF_1789021518_004,2026-09-10 11:55:13,2026-09-11,1,google_flights,DEL,AMD,DEL-AMD,DEL,AMD,IndiGo,IndiGo,6E 251,9:45 AM,6:00 PM,495,8 hr 15 min,Economy,6122.0,,,False,f3931efeaf66
SCR_GF_1789021518_005,2026-09-10 11:55:13,2026-09-11,1,google_flights,DEL,AMD,DEL-AMD,DEL,AMD,IndiGo,IndiGo,6E 268,2:50 PM,4:20 PM,90,1 hr 30 min,Economy,7791.0,,,True,3e2f95a72b38
SCR_GF_1789021518_006,2026-09-10 11:55:13,2026-09-11,1,google_flights,DEL,AMD,DEL-AMD,DEL,AMD,IndiGo,IndiGo,6E 285,5:10 AM,6:35 AM,85,1 hr 25 min,Economy,8211.0,,,True,b423ffc9dbe9
SCR_GF_1789021518_007,2026-09-10 11:55:13,2026-09-11,1,google_flights,DEL,AMD,DEL-AMD,DEL,AMD,IndiGo,IndiGo,6E 302,5:05 PM,6:35 PM,90,1 hr 30 min,Economy,8421.0,,,True,4cad9c7cf39a
SCR_GF_1789021518_008,2026-09-10 11:55:13,2026-09-11,1,google_flights,DEL,AMD,DEL-AMD,DEL,AMD,Air India,Air India,AI 319,11:40 AM,1:20 PM,100,1 hr 40 min,Economy,8945.0,,,True,263afbafe730
SCR_GF_1789021518_009,2026-09-10 11:55:13,2026-09-11,1,google_flights,DEL,AMD,DEL-AMD,DEL,AMD,Air India,Air India,AI 336,4:40 PM,6:15 PM,95,1 hr 35 min,Economy,8945.0,,,True,31beefceb8c1
SCR_GF_1789021518_010,2026-09-10 11:55:13,2026-09-11,1,google_flights,DEL,AMD,DEL-AMD,DEL,AMD,IndiGo,IndiGo,6E 353,12:15 AM,1:50 AM,95,1 hr 35 min,Economy,9261.0,,,True,a837b15e5ec3
SCR_GF_1789021518_011,2026-09-10 11:55:13,2026-09-11,1,google_flights,DEL,AMD,DEL-AMD,DEL,AMD,Air India,Air India,AI 370,5:40 PM,7:20 PM,100,1 hr 40 min,Economy,9344.0,,,True,dabd99ae0bdb
SCR_GF_1789021518_012,2026-09-10 11:55:13,2026-09-11,1,google_flights,DEL,AMD,DEL-AMD,DEL,AMD,Air India,Air India,AI 387,7:20 PM,8:50 PM,90,1 hr 30 min,Economy,10888.0,,,True,18e6edfe3c1c
SCR_GF_1789021518_013,2026-09-10 11:55:13,2026-09-11,1,google_flights,DEL,AMD,DEL-AMD,DEL,AMD,IndiGo,IndiGo,6E 404,7:30 AM,9:05 AM,95,1 hr 35 min,Economy,10941.0,,,True,134454deefef
SCR_GF_1789021518_014,2026-09-10 11:55:13,2026-09-11,1,google_flights,DEL,AMD,DEL-AMD,DEL,AMD,IndiGo,IndiGo,6E 421,10:00 AM,11:35 AM,95,1 hr 35 min,Economy,11991.0,,,True,5c7d33ec59c6
SCR_GF_1789021518_015,2026-09-10 11:55:13,2026-09-11,1,google_flights,DEL,AMD,DEL-AMD,DEL,AMD,IndiGo,IndiGo,6E 438,7:35 PM,9:10 PM,95,1 hr 35 min,Economy,11991.0,,,True,cad887c4ed17
SCR_GF_1789021518_016,2026-09-10 11:55:13,2026-09-11,1,google_flights,DEL,AMD,DEL-AMD,DEL,AMD,IndiGo,IndiGo,6E 455,9:50 PM,11:25 PM,95,1 hr 35 min,Economy,13041.0,,,True,34afb8fb9181
SCR_GF_1789021518_017,2026-09-10 11:55:13,2026-09-11,1,google_flights,DEL,AMD,DEL-AMD,DEL,AMD,Air India,Air India,AI 472,5:55 AM,7:35 AM,100,1 hr 40 min,Economy,13355.0,,,True,6363c5bbbb67
SCR_GF_1789021518_018,2026-09-10 11:55:13,2026-09-11,1,google_flights,DEL,AMD,DEL-AMD,DEL,AMD,Air India,Air India,AI 489,7:10 AM,8:50 AM,100,1 hr 40 min,Economy,13355.0,,,True,5cdcb287f61c
SCR_GF_1789021518_019,2026-09-10 11:55:13,2026-09-11,1,google_flights,DEL,AMD,DEL-AMD,DEL,AMD,Air India,Air India,AI 506,8:30 PM,10:10 PM,100,1 hr 40 min,Economy,13355.0,,,True,0da63158d16a
SCR_GF_1789021518_020,2026-09-10 11:55:13,2026-09-11,1,google_flights,DEL,AMD,DEL-AMD,DEL,AMD,Air India,Air India,AI 523,10:30 PM,12:15 AM,105,1 hr 45 min,Economy,16243.0,,,True,e957e73df814
SCR_GF_1789021518_021,2026-09-10 11:55:13,2026-09-11,1,google_flights,DEL,AMD,DEL-AMD,DEL,AMD,IndiGo,IndiGo,6E 540,3:00 AM,3:10 AM,1450,24 hr 10 min,Economy,40515.0,,,False,e08aa242cba1
SCR_GF_1789021518_022,2026-09-10 11:55:13,2026-09-11,1,google_flights,DEL,AMD,DEL-AMD,DEL,AMD,IndiGo,IndiGo,6E 557,9:25 AM,6:50 PM,565,9 hr 25 min,Economy,78693.0,,,False,f03fe41b9050
SCR_GF_1789021518_023,2026-09-10 11:55:13,2026-09-11,1,google_flights,DEL,AMD,DEL-AMD,DEL,AMD,IndiGo,IndiGo,6E 574,7:40,3:05,445,7 hr 25 min,Economy,6253.0,,,False,8653857963f7
SCR_GF_1789021518_024,2026-09-10 11:55:13,2026-09-11,1,google_flights,DEL,AMD,DEL-AMD,DEL,AMD,IndiGo,IndiGo,6E 591,12:20,1:55,95,1 hr 35 min,Economy,7581.0,,,True,8d29676c2cc4
SCR_GF_1789021518_025,2026-09-10 11:55:13,2026-09-11,1,google_flights,DEL,AMD,DEL-AMD,DEL,AMD,IndiGo,IndiGo,6E 608,1:35,3:15,100,1 hr 40 min,Economy,8105.0,,,True,950b4e6c1f54
SCR_GF_1789021518_026,2026-09-10 11:55:13,2026-09-11,1,google_flights,DEL,AMD,DEL-AMD,DEL,AMD,IndiGo,IndiGo,6E 625,9:45,6:00,495,8 hr 15 min,Economy,6122.0,,,False,6b8e20b78cb9
SCR_GF_1789021518_027,2026-09-10 11:55:13,2026-09-11,1,google_flights,DEL,AMD,DEL-AMD,DEL,AMD,IndiGo,IndiGo,6E 642,2:50,4:20,90,1 hr 30 min,Economy,7791.0,,,True,00a8ceca2107
SCR_GF_1789021518_028,2026-09-10 11:55:13,2026-09-11,1,google_flights,DEL,AMD,DEL-AMD,DEL,AMD,IndiGo,IndiGo,6E 659,5:10,6:35,85,1 hr 25 min,Economy,8211.0,,,True,1d7fb7f6b9d6
SCR_GF_1789021518_029,2026-09-10 11:55:13,2026-09-11,1,google_flights,DEL,AMD,DEL-AMD,DEL,AMD,IndiGo,IndiGo,6E 676,5:05,6:35,90,1 hr 30 min,Economy,8421.0,,,True,db62b5cd3810
SCR_GF_1789021518_030,2026-09-10 11:55:13,2026-09-11,1,google_flights,DEL,AMD,DEL-AMD,DEL,AMD,IndiGo,IndiGo,6E 693,11:40,1:20,100,1 hr 40 min,Economy,8945.0,,,True,aae6403c3c2a
SCR_GF_1789021518_031,2026-09-10 11:55:13,2026-09-11,1,google_flights,DEL,AMD,DEL-AMD,DEL,AMD,IndiGo,IndiGo,6E 710,4:40,6:15,95,1 hr 35 min,Economy,8945.0,,,True,e4179dcf5988
SCR_GF_1789021518_032,2026-09-10 11:55:13,2026-09-11,1,google_flights,DEL,AMD,DEL-AMD,DEL,AMD,IndiGo,IndiGo,6E 727,12:15,1:50,95,1 hr 35 min,Economy,9261.0,,,True,48dc118503a5
SCR_GF_1789021518_033,2026-09-10 11:55:13,2026-09-11,1,google_flights,DEL,AMD,DEL-AMD,DEL,AMD,IndiGo,IndiGo,6E 744,5:40,7:20,100,1 hr 40 min,Economy,9344.0,,,True,e3ef9e918f69
SCR_GF_1789021518_034,2026-09-10 11:55:13,2026-09-11,1,google_flights,DEL,AMD,DEL-AMD,DEL,AMD,IndiGo,IndiGo,6E 761,7:20,8:50,90,1 hr 30 min,Economy,10888.0,,,True,686f1f707b94
SCR_GF_1789021518_035,2026-09-10 11:55:13,2026-09-11,1,google_flights,DEL,AMD,DEL-AMD,DEL,AMD,IndiGo,IndiGo,6E 778,7:30,9:05,95,1 hr 35 min,Economy,10941.0,,,True,3aa475e7c145
SCR_GF_1789021518_036,2026-09-10 11:55:13,2026-09-11,1,google_flights,DEL,AMD,DEL-AMD,DEL,AMD,IndiGo,IndiGo,6E 795,10:00,11:35,95,1 hr 35 min,Economy,11991.0,,,True,04ade4a25ce6
SCR_GF_1789021519_037,2026-09-10 11:55:13,2026-09-11,1,google_flights,DEL,AMD,DEL-AMD,DEL,AMD,IndiGo,IndiGo,6E 812,7:35,9:10,95,1 hr 35 min,Economy,11991.0,,,True,8a9cab809d0e
SCR_GF_1789021519_038,2026-09-10 11:55:13,2026-09-11,1,google_flights,DEL,AMD,DEL-AMD,DEL,AMD,IndiGo,IndiGo,6E 829,9:50,11:25,95,1 hr 35 min,Economy,13041.0,,,True,f3c7936163a0
SCR_GF_1789021519_039,2026-09-10 11:55:13,2026-09-11,1,google_flights,DEL,AMD,DEL-AMD,DEL,AMD,IndiGo,IndiGo,6E 846,5:55,7:35,100,1 hr 40 min,Economy,13355.0,,,True,6d7986e2e241
SCR_GF_1789021519_040,2026-09-10 11:55:13,2026-09-11,1,google_flights,DEL,AMD,DEL-AMD,DEL,AMD,IndiGo,IndiGo,6E 863,7:10,8:50,100,1 hr 40 min,Economy,13355.0,,,True,b3c897d1effb
SCR_GF_1789021519_041,2026-09-10 11:55:13,2026-09-11,1,google_flights,DEL,AMD,DEL-AMD,DEL,AMD,IndiGo,IndiGo,6E 880,8:30,10:10,100,1 hr 40 min,Economy,13355.0,,,True,dfee797ac1d2
SCR_GF_1789021519_042,2026-09-10 11:55:13,2026-09-11,1,google_flights,DEL,AMD,DEL-AMD,DEL,AMD,IndiGo,IndiGo,6E 897,10:30,12:15,105,1 hr 45 min,Economy,16243.0,,,True,0825fc3b9f0b
SCR_GF_1789021519_043,2026-09-10 11:55:13,2026-09-11,1,google_flights,DEL,AMD,DEL-AMD,DEL,AMD,IndiGo,IndiGo,6E 914,3:00,3:10,1450,24 hr 10 min,Economy,40515.0,,,False,dde4afebbabd
SCR_GF_1789021519_044,2026-09-10 11:55:13,2026-09-11,1,google_flights,DEL,AMD,DEL-AMD,DEL,AMD,IndiGo,IndiGo,6E 931,9:25,6:50,565,9 hr 25 min,Economy,78693.0,,,False,ae79a21d835d
SCR_GF_1789021524_001,2026-09-10 11:55:19,2026-09-12,2,google_flights,DEL,AMD,DEL-AMD,DEL,AMD,Air India,Air India,AI 200,1:35 PM,3:15 PM,100,1 hr 40 min,Economy,5480.0,,,True,eebab12a5ea3
SCR_GF_1789021524_002,2026-09-10 11:55:19,2026-09-12,2,google_flights,DEL,AMD,DEL-AMD,DEL,AMD,IndiGo,IndiGo,6E 217,5:10 AM,6:35 AM,85,1 hr 25 min,Economy,5485.0,,,True,e39d0a545036
SCR_GF_1789021525_003,2026-09-10 11:55:19,2026-09-12,2,google_flights,DEL,AMD,DEL-AMD,DEL,AMD,IndiGo,IndiGo,6E 234,12:20 PM,1:55 PM,95,1 hr 35 min,Economy,5485.0,,,True,a297faf2ee82
SCR_GF_1789021525_004,2026-09-10 11:55:19,2026-09-12,2,google_flights,DEL,AMD,DEL-AMD,DEL,AMD,IndiGo,IndiGo,6E 251,7:30 AM,9:05 AM,95,1 hr 35 min,Economy,5685.0,,,True,d9b480d3054a
SCR_GF_1789021525_005,2026-09-10 11:55:19,2026-09-12,2,google_flights,DEL,AMD,DEL-AMD,DEL,AMD,IndiGo,IndiGo,6E 268,10:00 AM,11:35 AM,95,1 hr 35 min,Economy,5685.0,,,True,ec46456e49d7
SCR_GF_1789021525_006,2026-09-10 11:55:19,2026-09-12,2,google_flights,DEL,AMD,DEL-AMD,DEL,AMD,IndiGo,IndiGo,6E 285,2:50 PM,4:20 PM,90,1 hr 30 min,Economy,5685.0,,,True,6f811a8c8868
SCR_GF_1789021525_007,2026-09-10 11:55:19,2026-09-12,2,google_flights,DEL,AMD,DEL-AMD,DEL,AMD,Air India,Air India,AI 302,11:40 AM,1:20 PM,100,1 hr 40 min,Economy,5690.0,,,True,531fa8e37521
SCR_GF_1789021525_008,2026-09-10 11:55:19,2026-09-12,2,google_flights,DEL,AMD,DEL-AMD,DEL,AMD,Air India,Air India,AI 319,7:10 AM,8:50 AM,100,1 hr 40 min,Economy,5900.0,,,True,42ee8fcf6eca
SCR_GF_1789021525_009,2026-09-10 11:55:19,2026-09-12,2,google_flights,DEL,AMD,DEL-AMD,DEL,AMD,Air India,Air India,AI 336,9:30 AM,11:20 AM,110,1 hr 50 min,Economy,5900.0,,,True,d62494ea247d
SCR_GF_1789021525_010,2026-09-10 11:55:19,2026-09-12,2,google_flights,DEL,AMD,DEL-AMD,DEL,AMD,IndiGo,IndiGo,6E 353,12:15 AM,1:50 AM,95,1 hr 35 min,Economy,5901.0,,,True,d18294126695
SCR_GF_1789021525_011,2026-09-10 11:55:19,2026-09-12,2,google_flights,DEL,AMD,DEL-AMD,DEL,AMD,IndiGo,IndiGo,6E 370,7:35 PM,9:10 PM,95,1 hr 35 min,Economy,5901.0,,,True,70570faa366f
SCR_GF_1789021525_012,2026-09-10 11:55:19,2026-09-12,2,google_flights,DEL,AMD,DEL-AMD,DEL,AMD,Air India,Air India,AI 387,5:55 AM,7:35 AM,100,1 hr 40 min,Economy,5927.0,,,True,4ed639ce66cf
SCR_GF_1789021525_013,2026-09-10 11:55:19,2026-09-12,2,google_flights,DEL,AMD,DEL-AMD,DEL,AMD,Air India,Air India,AI 404,7:20 PM,8:50 PM,90,1 hr 30 min,Economy,6320.0,,,True,0774d6baace6
SCR_GF_1789021525_014,2026-09-10 11:55:19,2026-09-12,2,google_flights,DEL,AMD,DEL-AMD,DEL,AMD,Air India,Air India,AI 421,8:30 PM,10:10 PM,100,1 hr 40 min,Economy,6320.0,,,True,2e7dfd95c620
SCR_GF_1789021525_015,2026-09-10 11:55:19,2026-09-12,2,google_flights,DEL,AMD,DEL-AMD,DEL,AMD,IndiGo,IndiGo,6E 438,5:05 PM,6:35 PM,90,1 hr 30 min,Economy,6321.0,,,True,44d037dd200c
SCR_GF_1789021525_016,2026-09-10 11:55:19,2026-09-12,2,google_flights,DEL,AMD,DEL-AMD,DEL,AMD,Air India,Air India,AI 455,4:40 PM,6:15 PM,95,1 hr 35 min,Economy,6740.0,,,True,e13a71e53640
SCR_GF_1789021525_017,2026-09-10 11:55:19,2026-09-12,2,google_flights,DEL,AMD,DEL-AMD,DEL,AMD,Air India,Air India,AI 472,5:40 PM,7:20 PM,100,1 hr 40 min,Economy,6740.0,,,True,d886bb9ef026
SCR_GF_1789021525_018,2026-09-10 11:55:19,2026-09-12,2,google_flights,DEL,AMD,DEL-AMD,DEL,AMD,Air India,Air India,AI 489,10:30 PM,12:15 AM,105,1 hr 45 min,Economy,6740.0,,,True,82e4f964fca7
SCR_GF_1789021525_019,2026-09-10 11:55:19,2026-09-12,2,google_flights,DEL,AMD,DEL-AMD,DEL,AMD,IndiGo,IndiGo,6E 506,9:50 PM,11:25 PM,95,1 hr 35 min,Economy,6741.0,,,True,9f26d2f77a38
SCR_GF_1789021525_020,2026-09-10 11:55:19,2026-09-12,2,google_flights,DEL,AMD,DEL-AMD,DEL,AMD,IndiGo,IndiGo,6E 523,3:20 AM,12:10 AM,1250,20 hr 50 min,Economy,36284.0,,,False,2471b6297a40
SCR_GF_1789021525_021,2026-09-10 11:55:19,2026-09-12,2,google_flights,DEL,AMD,DEL-AMD,DEL,AMD,IndiGo,IndiGo,6E 540,9:25 AM,6:50 PM,565,9 hr 25 min,Economy,66954.0,,,False,ff60b24ea8a5
SCR_GF_1789021525_022,2026-09-10 11:55:19,2026-09-12,2,google_flights,DEL,AMD,DEL-AMD,DEL,AMD,IndiGo,IndiGo,6E 557,1:35,3:15,100,1 hr 40 min,Economy,5480.0,,,True,fba870ec7244
SCR_GF_1789021525_023,2026-09-10 11:55:19,2026-09-12,2,google_flights,DEL,AMD,DEL-AMD,DEL,AMD,IndiGo,IndiGo,6E 574,5:10,6:35,85,1 hr 25 min,Economy,5485.0,,,True,2ebd060d894a
SCR_GF_1789021525_024,2026-09-10 11:55:19,2026-09-12,2,google_flights,DEL,AMD,DEL-AMD,DEL,AMD,IndiGo,IndiGo,6E 591,12:20,1:55,95,1 hr 35 min,Economy,5485.0,,,True,192587dbc604
SCR_GF_1789021525_025,2026-09-10 11:55:19,2026-09-12,2,google_flights,DEL,AMD,DEL-AMD,DEL,AMD,IndiGo,IndiGo,6E 608,7:30,9:05,95,1 hr 35 min,Economy,5685.0,,,True,431f3c7d89c5
SCR_GF_1789021525_026,2026-09-10 11:55:19,2026-09-12,2,google_flights,DEL,AMD,DEL-AMD,DEL,AMD,IndiGo,IndiGo,6E 625,10:00,11:35,95,1 hr 35 min,Economy,5685.0,,,True,522279e4665c
SCR_GF_1789021525_027,2026-09-10 11:55:19,2026-09-12,2,google_flights,DEL,AMD,DEL-AMD,DEL,AMD,IndiGo,IndiGo,6E 642,2:50,4:20,90,1 hr 30 min,Economy,5685.0,,,True,6153dac6009d
SCR_GF_1789021525_028,2026-09-10 11:55:19,2026-09-12,2,google_flights,DEL,AMD,DEL-AMD,DEL,AMD,IndiGo,IndiGo,6E 659,11:40,1:20,100,1 hr 40 min,Economy,5690.0,,,True,7dc0221004b2
SCR_GF_1789021525_029,2026-09-10 11:55:19,2026-09-12,2,google_flights,DEL,AMD,DEL-AMD,DEL,AMD,IndiGo,IndiGo,6E 676,7:10,8:50,100,1 hr 40 min,Economy,5900.0,,,True,6edb1977b9e2
SCR_GF_1789021525_030,2026-09-10 11:55:19,2026-09-12,2,google_flights,DEL,AMD,DEL-AMD,DEL,AMD,IndiGo,IndiGo,6E 693,9:30,11:20,110,1 hr 50 min,Economy,5900.0,,,True,ec275eada594
SCR_GF_1789021525_031,2026-09-10 11:55:19,2026-09-12,2,google_flights,DEL,AMD,DEL-AMD,DEL,AMD,IndiGo,IndiGo,6E 710,12:15,1:50,95,1 hr 35 min,Economy,5901.0,,,True,4db40ab75c5c
SCR_GF_1789021525_032,2026-09-10 11:55:19,2026-09-12,2,google_flights,DEL,AMD,DEL-AMD,DEL,AMD,IndiGo,IndiGo,6E 727,7:35,9:10,95,1 hr 35 min,Economy,5901.0,,,True,4f623e6bfdaa
SCR_GF_1789021525_033,2026-09-10 11:55:19,2026-09-12,2,google_flights,DEL,AMD,DEL-AMD,DEL,AMD,IndiGo,IndiGo,6E 744,5:55,7:35,100,1 hr 40 min,Economy,5927.0,,,True,9a3390341848
SCR_GF_1789021525_034,2026-09-10 11:55:19,2026-09-12,2,google_flights,DEL,AMD,DEL-AMD,DEL,AMD,IndiGo,IndiGo,6E 761,7:20,8:50,90,1 hr 30 min,Economy,6320.0,,,True,ff27c0280564
SCR_GF_1789021525_035,2026-09-10 11:55:19,2026-09-12,2,google_flights,DEL,AMD,DEL-AMD,DEL,AMD,IndiGo,IndiGo,6E 778,8:30,10:10,100,1 hr 40 min,Economy,6320.0,,,True,7eedd9e285ef
SCR_GF_1789021525_036,2026-09-10 11:55:19,2026-09-12,2,google_flights,DEL,AMD,DEL-AMD,DEL,AMD,IndiGo,IndiGo,6E 795,5:05,6:35,90,1 hr 30 min,Economy,6321.0,,,True,4db4880058a8
SCR_GF_1789021525_037,2026-09-10 11:55:19,2026-09-12,2,google_flights,DEL,AMD,DEL-AMD,DEL,AMD,IndiGo,IndiGo,6E 812,4:40,6:15,95,1 hr 35 min,Economy,6740.0,,,True,907c751ace79
SCR_GF_1789021525_038,2026-09-10 11:55:19,2026-09-12,2,google_flights,DEL,AMD,DEL-AMD,DEL,AMD,IndiGo,IndiGo,6E 829,5:40,7:20,100,1 hr 40 min,Economy,6740.0,,,True,e9547fb755f8
SCR_GF_1789021525_039,2026-09-10 11:55:19,2026-09-12,2,google_flights,DEL,AMD,DEL-AMD,DEL,AMD,IndiGo,IndiGo,6E 846,10:30,12:15,105,1 hr 45 min,Economy,6740.0,,,True,d6fc77e038fa
SCR_GF_1789021525_040,2026-09-10 11:55:19,2026-09-12,2,google_flights,DEL,AMD,DEL-AMD,DEL,AMD,IndiGo,IndiGo,6E 863,9:50,11:25,95,1 hr 35 min,Economy,6741.0,,,True,d8d45a779c90
SCR_GF_1789021525_041,2026-09-10 11:55:19,2026-09-12,2,google_flights,DEL,AMD,DEL-AMD,DEL,AMD,IndiGo,IndiGo,6E 880,3:20,12:10,1250,20 hr 50 min,Economy,36284.0,,,False,2269b3aaf133
SCR_GF_1789021525_042,2026-09-10 11:55:19,2026-09-12,2,google_flights,DEL,AMD,DEL-AMD,DEL,AMD,IndiGo,IndiGo,6E 897,9:25,6:50,565,9 hr 25 min,Economy,66954.0,,,False,363558224173
SCR_GF_1789021531_001,2026-09-10 11:55:26,2026-09-17,7,google_flights,DEL,AMD,DEL-AMD,DEL,AMD,Air India,Air India,AI 200,1:35 PM,3:15 PM,100,1 hr 40 min,Economy,5302.0,,,True,b4cc641af787
SCR_GF_1789021531_002,2026-09-10 11:55:26,2026-09-17,7,google_flights,DEL,AMD,DEL-AMD,DEL,AMD,IndiGo,IndiGo,6E 217,5:10 AM,6:35 AM,85,1 hr 25 min,Economy,5485.0,,,True,ef1baf70b39c
SCR_GF_1789021531_003,2026-09-10 11:55:26,2026-09-17,7,google_flights,DEL,AMD,DEL-AMD,DEL,AMD,IndiGo,IndiGo,6E 234,12:20 PM,1:55 PM,95,1 hr 35 min,Economy,5485.0,,,True,07e70b7f34b1
SCR_GF_1789021531_004,2026-09-10 11:55:26,2026-09-17,7,google_flights,DEL,AMD,DEL-AMD,DEL,AMD,IndiGo,IndiGo,6E 251,12:15 AM,1:50 AM,95,1 hr 35 min,Economy,5685.0,,,True,6ab482fa13ae
SCR_GF_1789021531_005,2026-09-10 11:55:26,2026-09-17,7,google_flights,DEL,AMD,DEL-AMD,DEL,AMD,IndiGo,IndiGo,6E 268,10:00 AM,11:35 AM,95,1 hr 35 min,Economy,5685.0,,,True,e0369add4dac
SCR_GF_1789021531_006,2026-09-10 11:55:26,2026-09-17,7,google_flights,DEL,AMD,DEL-AMD,DEL,AMD,IndiGo,IndiGo,6E 285,2:50 PM,4:20 PM,90,1 hr 30 min,Economy,5685.0,,,True,3ee7efe92974
SCR_GF_1789021531_007,2026-09-10 11:55:26,2026-09-17,7,google_flights,DEL,AMD,DEL-AMD,DEL,AMD,IndiGo,IndiGo,6E 302,5:05 PM,6:35 PM,90,1 hr 30 min,Economy,5685.0,,,True,cd276ae52d94
SCR_GF_1789021531_008,2026-09-10 11:55:26,2026-09-17,7,google_flights,DEL,AMD,DEL-AMD,DEL,AMD,Air India,Air India,AI 319,11:40 AM,1:20 PM,100,1 hr 40 min,Economy,5690.0,,,True,1339ad107cf5
SCR_GF_1789021531_009,2026-09-10 11:55:26,2026-09-17,7,google_flights,DEL,AMD,DEL-AMD,DEL,AMD,Air India,Air India,AI 336,9:30 AM,11:20 AM,110,1 hr 50 min,Economy,5900.0,,,True,1dd18c3dec31
SCR_GF_1789021531_010,2026-09-10 11:55:26,2026-09-17,7,google_flights,DEL,AMD,DEL-AMD,DEL,AMD,Air India,Air India,AI 353,4:40 PM,6:15 PM,95,1 hr 35 min,Economy,5900.0,,,True,41e31b31b131
SCR_GF_1789021531_011,2026-09-10 11:55:26,2026-09-17,7,google_flights,DEL,AMD,DEL-AMD,DEL,AMD,Air India,Air India,AI 370,5:40 PM,7:20 PM,100,1 hr 40 min,Economy,5900.0,,,True,6c6b71d3f5ff
SCR_GF_1789021531_012,2026-09-10 11:55:26,2026-09-17,7,google_flights,DEL,AMD,DEL-AMD,DEL,AMD,IndiGo,IndiGo,6E 387,7:30 AM,9:05 AM,95,1 hr 35 min,Economy,5901.0,,,True,59e733c9121e
SCR_GF_1789021531_013,2026-09-10 11:55:26,2026-09-17,7,google_flights,DEL,AMD,DEL-AMD,DEL,AMD,Air India,Air India,AI 404,5:55 AM,7:35 AM,100,1 hr 40 min,Economy,5927.0,,,True,2525c2093805
SCR_GF_1789021531_014,2026-09-10 11:55:26,2026-09-17,7,google_flights,DEL,AMD,DEL-AMD,DEL,AMD,IndiGo,IndiGo,6E 421,7:35 PM,9:10 PM,95,1 hr 35 min,Economy,7161.0,,,True,0975556b3686
SCR_GF_1789021531_015,2026-09-10 11:55:26,2026-09-17,7,google_flights,DEL,AMD,DEL-AMD,DEL,AMD,Air India,Air India,AI 438,7:20 PM,8:50 PM,90,1 hr 30 min,Economy,7423.0,,,True,1d4d89d66d54
SCR_GF_1789021531_016,2026-09-10 11:55:26,2026-09-17,7,google_flights,DEL,AMD,DEL-AMD,DEL,AMD,Air India,Air India,AI 455,8:30 PM,10:10 PM,100,1 hr 40 min,Economy,7423.0,,,True,fbddb6df61ce
SCR_GF_1789021531_017,2026-09-10 11:55:26,2026-09-17,7,google_flights,DEL,AMD,DEL-AMD,DEL,AMD,IndiGo,IndiGo,6E 472,9:50 PM,11:25 PM,95,1 hr 35 min,Economy,7791.0,,,True,33bbb8b32208
SCR_GF_1789021531_018,2026-09-10 11:55:26,2026-09-17,7,google_flights,DEL,AMD,DEL-AMD,DEL,AMD,Air India,Air India,AI 489,10:30 PM,12:15 AM,105,1 hr 45 min,Economy,8105.0,,,True,801826c18e92
SCR_GF_1789021531_019,2026-09-10 11:55:26,2026-09-17,7,google_flights,DEL,AMD,DEL-AMD,DEL,AMD,IndiGo,IndiGo,6E 506,1:35,3:15,100,1 hr 40 min,Economy,5302.0,,,True,83e6c6abcf7f
SCR_GF_1789021531_020,2026-09-10 11:55:26,2026-09-17,7,google_flights,DEL,AMD,DEL-AMD,DEL,AMD,IndiGo,IndiGo,6E 523,5:10,6:35,85,1 hr 25 min,Economy,5485.0,,,True,85fa8a985ddd
SCR_GF_1789021532_021,2026-09-10 11:55:26,2026-09-17,7,google_flights,DEL,AMD,DEL-AMD,DEL,AMD,IndiGo,IndiGo,6E 540,12:20,1:55,95,1 hr 35 min,Economy,5485.0,,,True,e357f0f88a4f
SCR_GF_1789021532_022,2026-09-10 11:55:26,2026-09-17,7,google_flights,DEL,AMD,DEL-AMD,DEL,AMD,IndiGo,IndiGo,6E 557,12:15,1:50,95,1 hr 35 min,Economy,5685.0,,,True,2d624a88c11a
SCR_GF_1789021532_023,2026-09-10 11:55:26,2026-09-17,7,google_flights,DEL,AMD,DEL-AMD,DEL,AMD,IndiGo,IndiGo,6E 574,10:00,11:35,95,1 hr 35 min,Economy,5685.0,,,True,bc5f90fbb453
SCR_GF_1789021532_024,2026-09-10 11:55:26,2026-09-17,7,google_flights,DEL,AMD,DEL-AMD,DEL,AMD,IndiGo,IndiGo,6E 591,2:50,4:20,90,1 hr 30 min,Economy,5685.0,,,True,b8b4f0114ab3
SCR_GF_1789021532_025,2026-09-10 11:55:26,2026-09-17,7,google_flights,DEL,AMD,DEL-AMD,DEL,AMD,IndiGo,IndiGo,6E 608,5:05,6:35,90,1 hr 30 min,Economy,5685.0,,,True,686bfe754490
SCR_GF_1789021532_026,2026-09-10 11:55:26,2026-09-17,7,google_flights,DEL,AMD,DEL-AMD,DEL,AMD,IndiGo,IndiGo,6E 625,11:40,1:20,100,1 hr 40 min,Economy,5690.0,,,True,beeda0b057d1
SCR_GF_1789021532_027,2026-09-10 11:55:26,2026-09-17,7,google_flights,DEL,AMD,DEL-AMD,DEL,AMD,IndiGo,IndiGo,6E 642,9:30,11:20,110,1 hr 50 min,Economy,5900.0,,,True,ee20847ab387
SCR_GF_1789021532_028,2026-09-10 11:55:26,2026-09-17,7,google_flights,DEL,AMD,DEL-AMD,DEL,AMD,IndiGo,IndiGo,6E 659,4:40,6:15,95,1 hr 35 min,Economy,5900.0,,,True,24ab0e31c916
SCR_GF_1789021532_029,2026-09-10 11:55:26,2026-09-17,7,google_flights,DEL,AMD,DEL-AMD,DEL,AMD,IndiGo,IndiGo,6E 676,5:40,7:20,100,1 hr 40 min,Economy,5900.0,,,True,f7234578105b
SCR_GF_1789021532_030,2026-09-10 11:55:26,2026-09-17,7,google_flights,DEL,AMD,DEL-AMD,DEL,AMD,IndiGo,IndiGo,6E 693,7:30,9:05,95,1 hr 35 min,Economy,5901.0,,,True,07de2ef24d2d
SCR_GF_1789021532_031,2026-09-10 11:55:26,2026-09-17,7,google_flights,DEL,AMD,DEL-AMD,DEL,AMD,IndiGo,IndiGo,6E 710,5:55,7:35,100,1 hr 40 min,Economy,5927.0,,,True,e73ea4e71b5f
SCR_GF_1789021532_032,2026-09-10 11:55:26,2026-09-17,7,google_flights,DEL,AMD,DEL-AMD,DEL,AMD,IndiGo,IndiGo,6E 727,7:35,9:10,95,1 hr 35 min,Economy,7161.0,,,True,b2a25d8fdd61
SCR_GF_1789021532_033,2026-09-10 11:55:26,2026-09-17,7,google_flights,DEL,AMD,DEL-AMD,DEL,AMD,IndiGo,IndiGo,6E 744,7:20,8:50,90,1 hr 30 min,Economy,7423.0,,,True,755e1e5d4e6c
SCR_GF_1789021532_034,2026-09-10 11:55:26,2026-09-17,7,google_flights,DEL,AMD,DEL-AMD,DEL,AMD,IndiGo,IndiGo,6E 761,8:30,10:10,100,1 hr 40 min,Economy,7423.0,,,True,fedb80c858cd
SCR_GF_1789021532_035,2026-09-10 11:55:26,2026-09-17,7,google_flights,DEL,AMD,DEL-AMD,DEL,AMD,IndiGo,IndiGo,6E 778,9:50,11:25,95,1 hr 35 min,Economy,7791.0,,,True,48b886907556
SCR_GF_1789021532_036,2026-09-10 11:55:26,2026-09-17,7,google_flights,DEL,AMD,DEL-AMD,DEL,AMD,IndiGo,IndiGo,6E 795,10:30,12:15,105,1 hr 45 min,Economy,8105.0,,,True,719f3ad6bc5d
SCR_GF_1789021537_001,2026-09-10 11:55:32,2026-09-25,15,google_flights,DEL,AMD,DEL-AMD,DEL,AMD,Air India,Air India,AI 200,1:35 PM,3:15 PM,100,1 hr 40 min,Economy,5302.0,,,True,c54b64cefacf
SCR_GF_1789021537_002,2026-09-10 11:55:32,2026-09-25,15,google_flights,DEL,AMD,DEL-AMD,DEL,AMD,IndiGo,IndiGo,6E 217,5:10 AM,6:35 AM,85,1 hr 25 min,Economy,5485.0,,,True,1293610340b0
SCR_GF_1789021537_003,2026-09-10 11:55:32,2026-09-25,15,google_flights,DEL,AMD,DEL-AMD,DEL,AMD,IndiGo,IndiGo,6E 234,12:20 PM,1:55 PM,95,1 hr 35 min,Economy,5485.0,,,True,ede5a9a1198f
SCR_GF_1789021537_004,2026-09-10 11:55:32,2026-09-25,15,google_flights,DEL,AMD,DEL-AMD,DEL,AMD,IndiGo,IndiGo,6E 251,12:15 AM,1:50 AM,95,1 hr 35 min,Economy,5685.0,,,True,099b2abd5162
SCR_GF_1789021537_005,2026-09-10 11:55:32,2026-09-25,15,google_flights,DEL,AMD,DEL-AMD,DEL,AMD,IndiGo,IndiGo,6E 268,7:30 AM,9:05 AM,95,1 hr 35 min,Economy,5685.0,,,True,b3a4ec3061f8
SCR_GF_1789021537_006,2026-09-10 11:55:32,2026-09-25,15,google_flights,DEL,AMD,DEL-AMD,DEL,AMD,IndiGo,IndiGo,6E 285,10:00 AM,11:35 AM,95,1 hr 35 min,Economy,5685.0,,,True,1375669d137f
SCR_GF_1789021537_007,2026-09-10 11:55:32,2026-09-25,15,google_flights,DEL,AMD,DEL-AMD,DEL,AMD,IndiGo,IndiGo,6E 302,5:05 PM,6:35 PM,90,1 hr 30 min,Economy,5685.0,,,True,1fa9929f4769
SCR_GF_1789021537_008,2026-09-10 11:55:32,2026-09-25,15,google_flights,DEL,AMD,DEL-AMD,DEL,AMD,IndiGo,IndiGo,6E 319,9:50 PM,11:25 PM,95,1 hr 35 min,Economy,5685.0,,,True,a6c720f3c317
SCR_GF_1789021538_009,2026-09-10 11:55:32,2026-09-25,15,google_flights,DEL,AMD,DEL-AMD,DEL,AMD,Air India,Air India,AI 336,11:40 AM,1:20 PM,100,1 hr 40 min,Economy,5690.0,,,True,0237bdba5dab
SCR_GF_1789021538_010,2026-09-10 11:55:32,2026-09-25,15,google_flights,DEL,AMD,DEL-AMD,DEL,AMD,Air India,Air India,AI 353,7:10 AM,8:50 AM,100,1 hr 40 min,Economy,5900.0,,,True,64c4a3ca52a5
SCR_GF_1789021538_011,2026-09-10 11:55:32,2026-09-25,15,google_flights,DEL,AMD,DEL-AMD,DEL,AMD,Air India,Air India,AI 370,4:40 PM,6:15 PM,95,1 hr 35 min,Economy,5900.0,,,True,5b5dd11c44a4
SCR_GF_1789021538_012,2026-09-10 11:55:32,2026-09-25,15,google_flights,DEL,AMD,DEL-AMD,DEL,AMD,Air India,Air India,AI 387,10:30 PM,12:15 AM,105,1 hr 45 min,Economy,5900.0,,,True,20c6d25d764b
SCR_GF_1789021538_013,2026-09-10 11:55:32,2026-09-25,15,google_flights,DEL,AMD,DEL-AMD,DEL,AMD,IndiGo,IndiGo,6E 404,2:50 PM,4:20 PM,90,1 hr 30 min,Economy,5901.0,,,True,c4aa0ceae498
SCR_GF_1789021538_014,2026-09-10 11:55:32,2026-09-25,15,google_flights,DEL,AMD,DEL-AMD,DEL,AMD,IndiGo,IndiGo,6E 421,7:35 PM,9:10 PM,95,1 hr 35 min,Economy,5901.0,,,True,9dc8fcab5946
SCR_GF_1789021538_015,2026-09-10 11:55:32,2026-09-25,15,google_flights,DEL,AMD,DEL-AMD,DEL,AMD,Air India,Air India,AI 438,5:55 AM,7:35 AM,100,1 hr 40 min,Economy,5927.0,,,True,6609388c8426
SCR_GF_1789021538_016,2026-09-10 11:55:32,2026-09-25,15,google_flights,DEL,AMD,DEL-AMD,DEL,AMD,Air India,Air India,AI 455,5:40 PM,7:20 PM,100,1 hr 40 min,Economy,6147.0,,,True,d40335b6f087
SCR_GF_1789021538_017,2026-09-10 11:55:32,2026-09-25,15,google_flights,DEL,AMD,DEL-AMD,DEL,AMD,Air India,Air India,AI 472,7:20 PM,8:50 PM,90,1 hr 30 min,Economy,6320.0,,,True,2608a2b329cd
SCR_GF_1789021538_018,2026-09-10 11:55:32,2026-09-25,15,google_flights,DEL,AMD,DEL-AMD,DEL,AMD,Air India,Air India,AI 489,8:30 PM,10:10 PM,100,1 hr 40 min,Economy,6320.0,,,True,326bae24c3e2
SCR_GF_1789021538_019,2026-09-10 11:55:32,2026-09-25,15,google_flights,DEL,AMD,DEL-AMD,DEL,AMD,IndiGo,IndiGo,6E 506,7:15 AM,3:10 AM,1195,19 hr 55 min,Economy,29752.0,,,False,4baf079e74d2
SCR_GF_1789021538_020,2026-09-10 11:55:32,2026-09-25,15,google_flights,DEL,AMD,DEL-AMD,DEL,AMD,IndiGo,IndiGo,6E 523,9:25 AM,6:35 PM,550,9 hr 10 min,Economy,69554.0,,,False,34e60a8690bc
SCR_GF_1789021538_021,2026-09-10 11:55:32,2026-09-25,15,google_flights,DEL,AMD,DEL-AMD,DEL,AMD,IndiGo,IndiGo,6E 540,1:35,3:15,100,1 hr 40 min,Economy,5302.0,,,True,e6239b35de1b
SCR_GF_1789021538_022,2026-09-10 11:55:32,2026-09-25,15,google_flights,DEL,AMD,DEL-AMD,DEL,AMD,IndiGo,IndiGo,6E 557,5:10,6:35,85,1 hr 25 min,Economy,5485.0,,,True,6bb59626f7ad
SCR_GF_1789021538_023,2026-09-10 11:55:32,2026-09-25,15,google_flights,DEL,AMD,DEL-AMD,DEL,AMD,IndiGo,IndiGo,6E 574,12:20,1:55,95,1 hr 35 min,Economy,5485.0,,,True,d85e4262e544
SCR_GF_1789021538_024,2026-09-10 11:55:32,2026-09-25,15,google_flights,DEL,AMD,DEL-AMD,DEL,AMD,IndiGo,IndiGo,6E 591,12:15,1:50,95,1 hr 35 min,Economy,5685.0,,,True,db7577d65fd0
SCR_GF_1789021538_025,2026-09-10 11:55:32,2026-09-25,15,google_flights,DEL,AMD,DEL-AMD,DEL,AMD,IndiGo,IndiGo,6E 608,7:30,9:05,95,1 hr 35 min,Economy,5685.0,,,True,86396a53bd6e
SCR_GF_1789021538_026,2026-09-10 11:55:32,2026-09-25,15,google_flights,DEL,AMD,DEL-AMD,DEL,AMD,IndiGo,IndiGo,6E 625,10:00,11:35,95,1 hr 35 min,Economy,5685.0,,,True,f13acb349fbb
SCR_GF_1789021538_027,2026-09-10 11:55:32,2026-09-25,15,google_flights,DEL,AMD,DEL-AMD,DEL,AMD,IndiGo,IndiGo,6E 642,5:05,6:35,90,1 hr 30 min,Economy,5685.0,,,True,87e9769d5504
SCR_GF_1789021538_028,2026-09-10 11:55:32,2026-09-25,15,google_flights,DEL,AMD,DEL-AMD,DEL,AMD,IndiGo,IndiGo,6E 659,9:50,11:25,95,1 hr 35 min,Economy,5685.0,,,True,3f301fff3ea3
SCR_GF_1789021538_029,2026-09-10 11:55:32,2026-09-25,15,google_flights,DEL,AMD,DEL-AMD,DEL,AMD,IndiGo,IndiGo,6E 676,11:40,1:20,100,1 hr 40 min,Economy,5690.0,,,True,db76640986cd
SCR_GF_1789021538_030,2026-09-10 11:55:32,2026-09-25,15,google_flights,DEL,AMD,DEL-AMD,DEL,AMD,IndiGo,IndiGo,6E 693,7:10,8:50,100,1 hr 40 min,Economy,5900.0,,,True,4e8f82f906a2
SCR_GF_1789021538_031,2026-09-10 11:55:32,2026-09-25,15,google_flights,DEL,AMD,DEL-AMD,DEL,AMD,IndiGo,IndiGo,6E 710,4:40,6:15,95,1 hr 35 min,Economy,5900.0,,,True,f132e5ae9bc9
SCR_GF_1789021538_032,2026-09-10 11:55:32,2026-09-25,15,google_flights,DEL,AMD,DEL-AMD,DEL,AMD,IndiGo,IndiGo,6E 727,10:30,12:15,105,1 hr 45 min,Economy,5900.0,,,True,c49acecbfc5b
SCR_GF_1789021538_033,2026-09-10 11:55:32,2026-09-25,15,google_flights,DEL,AMD,DEL-AMD,DEL,AMD,IndiGo,IndiGo,6E 744,2:50,4:20,90,1 hr 30 min,Economy,5901.0,,,True,5a3af6872353
SCR_GF_1789021538_034,2026-09-10 11:55:32,2026-09-25,15,google_flights,DEL,AMD,DEL-AMD,DEL,AMD,IndiGo,IndiGo,6E 761,7:35,9:10,95,1 hr 35 min,Economy,5901.0,,,True,f3bc89c4ef04
SCR_GF_1789021538_035,2026-09-10 11:55:32,2026-09-25,15,google_flights,DEL,AMD,DEL-AMD,DEL,AMD,IndiGo,IndiGo,6E 778,5:55,7:35,100,1 hr 40 min,Economy,5927.0,,,True,d9d8b07501c3
SCR_GF_1789021538_036,2026-09-10 11:55:32,2026-09-25,15,google_flights,DEL,AMD,DEL-AMD,DEL,AMD,IndiGo,IndiGo,6E 795,5:40,7:20,100,1 hr 40 min,Economy,6147.0,,,True,e21e46889b2d
SCR_GF_1789021538_037,2026-09-10 11:55:32,2026-09-25,15,google_flights,DEL,AMD,DEL-AMD,DEL,AMD,IndiGo,IndiGo,6E 812,7:20,8:50,90,1 hr 30 min,Economy,6320.0,,,True,8436ef26b3c3
SCR_GF_1789021538_038,2026-09-10 11:55:32,2026-09-25,15,google_flights,DEL,AMD,DEL-AMD,DEL,AMD,IndiGo,IndiGo,6E 829,8:30,10:10,100,1 hr 40 min,Economy,6320.0,,,True,118bfe31f2a8
SCR_GF_1789021538_039,2026-09-10 11:55:32,2026-09-25,15,google_flights,DEL,AMD,DEL-AMD,DEL,AMD,IndiGo,IndiGo,6E 846,7:15,3:10,1195,19 hr 55 min,Economy,29752.0,,,False,c87ce19e6717
SCR_GF_1789021538_040,2026-09-10 11:55:32,2026-09-25,15,google_flights,DEL,AMD,DEL-AMD,DEL,AMD,IndiGo,IndiGo,6E 863,9:25,6:35,550,9 hr 10 min,Economy,69554.0,,,False,62015cbb801d
SCR_GF_1789021543_001,2026-09-10 11:55:39,2026-09-11,1,google_flights,DEL,GOI,DEL-GOI,DEL,GOI,Air India,Air India,AI 200,5:00 AM,7:25 AM,145,2 hr 25 min,Economy,12868.0,,,True,8bd95d9d5da7
SCR_GF_1789021543_002,2026-09-10 11:55:39,2026-09-11,1,google_flights,DEL,GOI,DEL-GOI,DEL,GOI,IndiGo,IndiGo,6E 217,7:30 PM,10:00 PM,150,2 hr 30 min,Economy,14878.0,,,True,c4015c556a6e
SCR_GF_1789021543_003,2026-09-10 11:55:39,2026-09-11,1,google_flights,DEL,GOI,DEL-GOI,DEL,GOI,Air India,Air India,AI 234,10:45 AM,1:30 PM,165,2 hr 45 min,Economy,15061.0,,,True,6a2888224daf
SCR_GF_1789021543_004,2026-09-10 11:55:39,2026-09-11,1,google_flights,DEL,GOI,DEL-GOI,DEL,GOI,IndiGo,IndiGo,6E 251,5:10 AM,7:40 AM,150,2 hr 30 min,Economy,16453.0,,,True,acbf1e34f38a
SCR_GF_1789021543_005,2026-09-10 11:55:39,2026-09-11,1,google_flights,DEL,GOI,DEL-GOI,DEL,GOI,Air India,Air India,AI 268,11:55 AM,2:30 PM,155,2 hr 35 min,Economy,17174.0,,,True,7b008d3386f8
SCR_GF_1789021543_006,2026-09-10 11:55:39,2026-09-11,1,google_flights,DEL,GOI,DEL-GOI,DEL,GOI,IndiGo,IndiGo,6E 285,10:25 AM,12:55 PM,150,2 hr 30 min,Economy,17503.0,,,True,dbe450bec240
SCR_GF_1789021543_007,2026-09-10 11:55:39,2026-09-11,1,google_flights,DEL,GOI,DEL-GOI,DEL,GOI,IndiGo,IndiGo,6E 302,12:15 PM,2:40 PM,145,2 hr 25 min,Economy,17503.0,,,True,dc419dc1b7ce
SCR_GF_1789021543_008,2026-09-10 11:55:39,2026-09-11,1,google_flights,DEL,GOI,DEL-GOI,DEL,GOI,Air India,Air India,AI 319,4:00 PM,6:30 PM,150,2 hr 30 min,Economy,18017.0,,,True,1245bdff8378
SCR_GF_1789021543_009,2026-09-10 11:55:39,2026-09-11,1,google_flights,DEL,GOI,DEL-GOI,DEL,GOI,IndiGo,IndiGo,6E 336,5:00,7:25,145,2 hr 25 min,Economy,12868.0,,,True,74fe53c195d6
SCR_GF_1789021543_010,2026-09-10 11:55:39,2026-09-11,1,google_flights,DEL,GOI,DEL-GOI,DEL,GOI,IndiGo,IndiGo,6E 353,7:30,10:00,150,2 hr 30 min,Economy,14878.0,,,True,ed39c3a5de2d
SCR_GF_1789021543_011,2026-09-10 11:55:39,2026-09-11,1,google_flights,DEL,GOI,DEL-GOI,DEL,GOI,IndiGo,IndiGo,6E 370,10:45,1:30,165,2 hr 45 min,Economy,15061.0,,,True,5e9b1626bd2b
SCR_GF_1789021543_012,2026-09-10 11:55:39,2026-09-11,1,google_flights,DEL,GOI,DEL-GOI,DEL,GOI,IndiGo,IndiGo,6E 387,5:10,7:40,150,2 hr 30 min,Economy,16453.0,,,True,e2220601f68f
SCR_GF_1789021543_013,2026-09-10 11:55:39,2026-09-11,1,google_flights,DEL,GOI,DEL-GOI,DEL,GOI,IndiGo,IndiGo,6E 404,11:55,2:30,155,2 hr 35 min,Economy,17174.0,,,True,5f9dc6c4e0a9
SCR_GF_1789021543_014,2026-09-10 11:55:39,2026-09-11,1,google_flights,DEL,GOI,DEL-GOI,DEL,GOI,IndiGo,IndiGo,6E 421,10:25,12:55,150,2 hr 30 min,Economy,17503.0,,,True,94e1519fcdab
SCR_GF_1789021544_015,2026-09-10 11:55:39,2026-09-11,1,google_flights,DEL,GOI,DEL-GOI,DEL,GOI,IndiGo,IndiGo,6E 438,12:15,2:40,145,2 hr 25 min,Economy,17503.0,,,True,84bfecdd3523
SCR_GF_1789021544_016,2026-09-10 11:55:39,2026-09-11,1,google_flights,DEL,GOI,DEL-GOI,DEL,GOI,IndiGo,IndiGo,6E 455,4:00,6:30,150,2 hr 30 min,Economy,18017.0,,,True,2f24bfd07cb1
SCR_GF_1789021549_001,2026-09-10 11:55:44,2026-09-12,2,google_flights,DEL,GOI,DEL-GOI,DEL,GOI,IndiGo,IndiGo,6E 200,7:30 PM,10:00 PM,150,2 hr 30 min,Economy,10993.0,,,True,2acf17bab9ce
SCR_GF_1789021549_002,2026-09-10 11:55:44,2026-09-12,2,google_flights,DEL,GOI,DEL-GOI,DEL,GOI,Air India,Air India,AI 217,4:00 PM,6:30 PM,150,2 hr 30 min,Economy,12867.0,,,True,bdbe1b0e02b9
SCR_GF_1789021549_003,2026-09-10 11:55:44,2026-09-12,2,google_flights,DEL,GOI,DEL-GOI,DEL,GOI,IndiGo,IndiGo,6E 234,12:15 PM,2:40 PM,145,2 hr 25 min,Economy,13723.0,,,True,e77f2170e6fe
SCR_GF_1789021549_004,2026-09-10 11:55:44,2026-09-12,2,google_flights,DEL,GOI,DEL-GOI,DEL,GOI,Air India,Air India,AI 251,5:35 AM,5:50 PM,735,12 hr 15 min,Economy,11609.0,,,False,766e65ad90ee
SCR_GF_1789021549_005,2026-09-10 11:55:44,2026-09-12,2,google_flights,DEL,GOI,DEL-GOI,DEL,GOI,IndiGo,IndiGo,6E 268,4:30 AM,6:55 AM,145,2 hr 25 min,Economy,14878.0,,,True,3272179b5423
SCR_GF_1789021549_006,2026-09-10 11:55:44,2026-09-12,2,google_flights,DEL,GOI,DEL-GOI,DEL,GOI,IndiGo,IndiGo,6E 285,10:25 AM,12:55 PM,150,2 hr 30 min,Economy,14878.0,,,True,7ffeb1b00e0a
SCR_GF_1789021549_007,2026-09-10 11:55:44,2026-09-12,2,google_flights,DEL,GOI,DEL-GOI,DEL,GOI,Air India,Air India,AI 302,10:45 AM,1:30 PM,165,2 hr 45 min,Economy,15061.0,,,True,df93e26e293a
SCR_GF_1789021549_008,2026-09-10 11:55:44,2026-09-12,2,google_flights,DEL,GOI,DEL-GOI,DEL,GOI,Air India,Air India,AI 319,11:55 AM,2:30 PM,155,2 hr 35 min,Economy,21478.0,,,True,15aaa703ae4f
SCR_GF_1789021549_009,2026-09-10 11:55:44,2026-09-12,2,google_flights,DEL,GOI,DEL-GOI,DEL,GOI,IndiGo,IndiGo,6E 336,7:30,10:00,150,2 hr 30 min,Economy,10993.0,,,True,3b8a889ca8cc
SCR_GF_1789021549_010,2026-09-10 11:55:44,2026-09-12,2,google_flights,DEL,GOI,DEL-GOI,DEL,GOI,IndiGo,IndiGo,6E 353,4:00,6:30,150,2 hr 30 min,Economy,12867.0,,,True,b61d9044fcbe
SCR_GF_1789021549_011,2026-09-10 11:55:44,2026-09-12,2,google_flights,DEL,GOI,DEL-GOI,DEL,GOI,IndiGo,IndiGo,6E 370,12:15,2:40,145,2 hr 25 min,Economy,13723.0,,,True,e86e1e0bc34a
SCR_GF_1789021549_012,2026-09-10 11:55:44,2026-09-12,2,google_flights,DEL,GOI,DEL-GOI,DEL,GOI,IndiGo,IndiGo,6E 387,5:35,5:50,735,12 hr 15 min,Economy,11609.0,,,False,417a1bef4f57
SCR_GF_1789021549_013,2026-09-10 11:55:44,2026-09-12,2,google_flights,DEL,GOI,DEL-GOI,DEL,GOI,IndiGo,IndiGo,6E 404,4:30,6:55,145,2 hr 25 min,Economy,14878.0,,,True,85d35afade3a
SCR_GF_1789021549_014,2026-09-10 11:55:44,2026-09-12,2,google_flights,DEL,GOI,DEL-GOI,DEL,GOI,IndiGo,IndiGo,6E 421,10:25,12:55,150,2 hr 30 min,Economy,14878.0,,,True,3f9a78081128
SCR_GF_1789021549_015,2026-09-10 11:55:44,2026-09-12,2,google_flights,DEL,GOI,DEL-GOI,DEL,GOI,IndiGo,IndiGo,6E 438,10:45,1:30,165,2 hr 45 min,Economy,15061.0,,,True,edb8260b5303
SCR_GF_1789021549_016,2026-09-10 11:55:44,2026-09-12,2,google_flights,DEL,GOI,DEL-GOI,DEL,GOI,IndiGo,IndiGo,6E 455,11:55,2:30,155,2 hr 35 min,Economy,21478.0,,,True,f24c803a725b
SCR_GF_1789021556_001,2026-09-10 11:55:50,2026-09-17,7,google_flights,DEL,GOI,DEL-GOI,DEL,GOI,IndiGo,IndiGo,6E 200,12:20 PM,5:55 PM,335,5 hr 35 min,Economy,9503.0,,,False,88f9794ecbe8
SCR_GF_1789021556_002,2026-09-10 11:55:50,2026-09-17,7,google_flights,DEL,GOI,DEL-GOI,DEL,GOI,IndiGo,IndiGo,6E 217,7:30 PM,10:00 PM,150,2 hr 30 min,Economy,10258.0,,,True,6a376ed3fbaa
SCR_GF_1789021556_003,2026-09-10 11:55:50,2026-09-17,7,google_flights,DEL,GOI,DEL-GOI,DEL,GOI,Air India,Air India,AI 234,4:00 PM,6:30 PM,150,2 hr 30 min,Economy,10982.0,,,True,ec444cbf1b3b
SCR_GF_1789021556_004,2026-09-10 11:55:50,2026-09-17,7,google_flights,DEL,GOI,DEL-GOI,DEL,GOI,Air India,Air India,AI 251,11:55 AM,2:30 PM,155,2 hr 35 min,Economy,11294.0,,,True,27653a22977e
SCR_GF_1789021556_005,2026-09-10 11:55:50,2026-09-17,7,google_flights,DEL,GOI,DEL-GOI,DEL,GOI,IndiGo,IndiGo,6E 268,2:50 PM,9:05 PM,375,6 hr 15 min,Economy,9503.0,,,False,885abcf42037
SCR_GF_1789021556_006,2026-09-10 11:55:50,2026-09-17,7,google_flights,DEL,GOI,DEL-GOI,DEL,GOI,IndiGo,IndiGo,6E 285,7:15 AM,12:30 PM,315,5 hr 15 min,Economy,9582.0,,,False,1e8e60c65b3f
SCR_GF_1789021556_007,2026-09-10 11:55:50,2026-09-17,7,google_flights,DEL,GOI,DEL-GOI,DEL,GOI,IndiGo,IndiGo,6E 302,4:15 PM,11:30 PM,435,7 hr 15 min,Economy,9582.0,,,False,0fb27997283f
SCR_GF_1789021556_008,2026-09-10 11:55:50,2026-09-17,7,google_flights,DEL,GOI,DEL-GOI,DEL,GOI,IndiGo,IndiGo,6E 319,11:30 PM,6:05 AM,395,6 hr 35 min,Economy,9582.0,,,False,c31b5f5dbbf4
SCR_GF_1789021556_009,2026-09-10 11:55:50,2026-09-17,7,google_flights,DEL,GOI,DEL-GOI,DEL,GOI,IndiGo,IndiGo,6E 336,8:00 AM,12:30 PM,270,4 hr 30 min,Economy,10353.0,,,False,6450b72fad79
SCR_GF_1789021556_010,2026-09-10 11:55:50,2026-09-17,7,google_flights,DEL,GOI,DEL-GOI,DEL,GOI,Air India,Air India,AI 353,5:00 AM,7:25 AM,145,2 hr 25 min,Economy,11294.0,,,True,2ca9b81bc8df
SCR_GF_1789021556_011,2026-09-10 11:55:50,2026-09-17,7,google_flights,DEL,GOI,DEL-GOI,DEL,GOI,IndiGo,IndiGo,6E 370,5:10 AM,7:40 AM,150,2 hr 30 min,Economy,11833.0,,,True,7094c1f5d50a
SCR_GF_1789021556_012,2026-09-10 11:55:50,2026-09-17,7,google_flights,DEL,GOI,DEL-GOI,DEL,GOI,IndiGo,IndiGo,6E 387,12:15 PM,2:40 PM,145,2 hr 25 min,Economy,12778.0,,,True,40234be78462
SCR_GF_1789021556_013,2026-09-10 11:55:50,2026-09-17,7,google_flights,DEL,GOI,DEL-GOI,DEL,GOI,Air India,Air India,AI 404,10:45 AM,1:30 PM,165,2 hr 45 min,Economy,15061.0,,,True,9e959817e616
SCR_GF_1789021556_014,2026-09-10 11:55:50,2026-09-17,7,google_flights,DEL,GOI,DEL-GOI,DEL,GOI,IndiGo,IndiGo,6E 421,10:25 AM,12:55 PM,150,2 hr 30 min,Economy,16873.0,,,True,f9ab94f1b434
SCR_GF_1789021556_015,2026-09-10 11:55:50,2026-09-17,7,google_flights,DEL,GOI,DEL-GOI,DEL,GOI,IndiGo,IndiGo,6E 438,12:20,5:55,335,5 hr 35 min,Economy,9503.0,,,False,33cfe833d63d
SCR_GF_1789021556_016,2026-09-10 11:55:50,2026-09-17,7,google_flights,DEL,GOI,DEL-GOI,DEL,GOI,IndiGo,IndiGo,6E 455,7:30,10:00,150,2 hr 30 min,Economy,10258.0,,,True,4784f02c3d14
SCR_GF_1789021556_017,2026-09-10 11:55:50,2026-09-17,7,google_flights,DEL,GOI,DEL-GOI,DEL,GOI,IndiGo,IndiGo,6E 472,4:00,6:30,150,2 hr 30 min,Economy,10982.0,,,True,b3166af06766
SCR_GF_1789021556_018,2026-09-10 11:55:50,2026-09-17,7,google_flights,DEL,GOI,DEL-GOI,DEL,GOI,IndiGo,IndiGo,6E 489,11:55,2:30,155,2 hr 35 min,Economy,11294.0,,,True,edf7636b08a1
SCR_GF_1789021556_019,2026-09-10 11:55:50,2026-09-17,7,google_flights,DEL,GOI,DEL-GOI,DEL,GOI,IndiGo,IndiGo,6E 506,2:50,9:05,375,6 hr 15 min,Economy,9503.0,,,False,fd262d21f9a8
SCR_GF_1789021556_020,2026-09-10 11:55:50,2026-09-17,7,google_flights,DEL,GOI,DEL-GOI,DEL,GOI,IndiGo,IndiGo,6E 523,7:15,12:30,315,5 hr 15 min,Economy,9582.0,,,False,d75acd86ce43
SCR_GF_1789021556_021,2026-09-10 11:55:50,2026-09-17,7,google_flights,DEL,GOI,DEL-GOI,DEL,GOI,IndiGo,IndiGo,6E 540,4:15,11:30,435,7 hr 15 min,Economy,9582.0,,,False,ce1288607fd7
SCR_GF_1789021556_022,2026-09-10 11:55:50,2026-09-17,7,google_flights,DEL,GOI,DEL-GOI,DEL,GOI,IndiGo,IndiGo,6E 557,11:30,6:05,395,6 hr 35 min,Economy,9582.0,,,False,28d9c592be53
SCR_GF_1789021556_023,2026-09-10 11:55:50,2026-09-17,7,google_flights,DEL,GOI,DEL-GOI,DEL,GOI,IndiGo,IndiGo,6E 574,8:00,12:30,270,4 hr 30 min,Economy,10353.0,,,False,77ad69f0fb0a
SCR_GF_1789021556_024,2026-09-10 11:55:50,2026-09-17,7,google_flights,DEL,GOI,DEL-GOI,DEL,GOI,IndiGo,IndiGo,6E 591,5:00,7:25,145,2 hr 25 min,Economy,11294.0,,,True,1d30205f39b5
SCR_GF_1789021556_025,2026-09-10 11:55:50,2026-09-17,7,google_flights,DEL,GOI,DEL-GOI,DEL,GOI,IndiGo,IndiGo,6E 608,5:10,7:40,150,2 hr 30 min,Economy,11833.0,,,True,60805f4cfe6c
SCR_GF_1789021556_026,2026-09-10 11:55:50,2026-09-17,7,google_flights,DEL,GOI,DEL-GOI,DEL,GOI,IndiGo,IndiGo,6E 625,12:15,2:40,145,2 hr 25 min,Economy,12778.0,,,True,55b1beb82f44
SCR_GF_1789021556_027,2026-09-10 11:55:50,2026-09-17,7,google_flights,DEL,GOI,DEL-GOI,DEL,GOI,IndiGo,IndiGo,6E 642,10:45,1:30,165,2 hr 45 min,Economy,15061.0,,,True,d1ae5344fcf7
SCR_GF_1789021556_028,2026-09-10 11:55:50,2026-09-17,7,google_flights,DEL,GOI,DEL-GOI,DEL,GOI,IndiGo,IndiGo,6E 659,10:25,12:55,150,2 hr 30 min,Economy,16873.0,,,True,19dc98214aed
SCR_GF_1789021562_001,2026-09-10 11:55:57,2026-09-25,15,google_flights,DEL,GOI,DEL-GOI,DEL,GOI,IndiGo,IndiGo,6E 200,7:30 PM,10:00 PM,150,2 hr 30 min,Economy,10363.0,,,True,f175a88c61d2
SCR_GF_1789021562_002,2026-09-10 11:55:57,2026-09-25,15,google_flights,DEL,GOI,DEL-GOI,DEL,GOI,Air India,Air India,AI 217,4:00 PM,6:30 PM,150,2 hr 30 min,Economy,12867.0,,,True,856ff0e949fe
SCR_GF_1789021562_003,2026-09-10 11:55:57,2026-09-25,15,google_flights,DEL,GOI,DEL-GOI,DEL,GOI,Air India,Air India,AI 234,11:55 AM,2:30 PM,155,2 hr 35 min,Economy,14234.0,,,True,933a3d0861eb
SCR_GF_1789021562_004,2026-09-10 11:55:57,2026-09-25,15,google_flights,DEL,GOI,DEL-GOI,DEL,GOI,Air India,Air India,AI 251,5:35 AM,5:50 PM,735,12 hr 15 min,Economy,11609.0,,,False,2199dedce9ae
SCR_GF_1789021562_005,2026-09-10 11:55:57,2026-09-25,15,google_flights,DEL,GOI,DEL-GOI,DEL,GOI,IndiGo,IndiGo,6E 268,2:50 PM,9:05 PM,375,6 hr 15 min,Economy,12038.0,,,False,e7505d089f60
SCR_GF_1789021562_006,2026-09-10 11:55:57,2026-09-25,15,google_flights,DEL,GOI,DEL-GOI,DEL,GOI,IndiGo,IndiGo,6E 285,12:00 PM,6:05 PM,365,6 hr 5 min,Economy,12117.0,,,False,6225f0423767
SCR_GF_1789021562_007,2026-09-10 11:55:57,2026-09-25,15,google_flights,DEL,GOI,DEL-GOI,DEL,GOI,IndiGo,IndiGo,6E 302,12:20 PM,5:55 PM,335,5 hr 35 min,Economy,13046.0,,,False,9fe20d70195e
SCR_GF_1789021562_008,2026-09-10 11:55:57,2026-09-25,15,google_flights,DEL,GOI,DEL-GOI,DEL,GOI,IndiGo,IndiGo,6E 319,5:10 AM,7:40 AM,150,2 hr 30 min,Economy,13933.0,,,True,55d1f1a91fa8
SCR_GF_1789021562_009,2026-09-10 11:55:57,2026-09-25,15,google_flights,DEL,GOI,DEL-GOI,DEL,GOI,Air India,Air India,AI 336,5:00 AM,7:25 AM,145,2 hr 25 min,Economy,15919.0,,,True,7d77b4be7e4a
SCR_GF_1789021562_010,2026-09-10 11:55:57,2026-09-25,15,google_flights,DEL,GOI,DEL-GOI,DEL,GOI,IndiGo,IndiGo,6E 353,12:15 PM,2:40 PM,145,2 hr 25 min,Economy,16138.0,,,True,0200b4bbb43e
SCR_GF_1789021562_011,2026-09-10 11:55:57,2026-09-25,15,google_flights,DEL,GOI,DEL-GOI,DEL,GOI,IndiGo,IndiGo,6E 370,10:25 AM,12:55 PM,150,2 hr 30 min,Economy,17503.0,,,True,e7f22bb3fd2d
SCR_GF_1789021562_012,2026-09-10 11:55:57,2026-09-25,15,google_flights,DEL,GOI,DEL-GOI,DEL,GOI,Air India,Air India,AI 387,10:45 AM,1:30 PM,165,2 hr 45 min,Economy,17534.0,,,True,bb1cff973da8
SCR_GF_1789021562_013,2026-09-10 11:55:57,2026-09-25,15,google_flights,DEL,GOI,DEL-GOI,DEL,GOI,IndiGo,IndiGo,6E 404,7:30,10:00,150,2 hr 30 min,Economy,10363.0,,,True,58e49a4d193b
SCR_GF_1789021562_014,2026-09-10 11:55:57,2026-09-25,15,google_flights,DEL,GOI,DEL-GOI,DEL,GOI,IndiGo,IndiGo,6E 421,4:00,6:30,150,2 hr 30 min,Economy,12867.0,,,True,7b5fa75be769
SCR_GF_1789021562_015,2026-09-10 11:55:57,2026-09-25,15,google_flights,DEL,GOI,DEL-GOI,DEL,GOI,IndiGo,IndiGo,6E 438,11:55,2:30,155,2 hr 35 min,Economy,14234.0,,,True,8204cbdf7a51
SCR_GF_1789021562_016,2026-09-10 11:55:57,2026-09-25,15,google_flights,DEL,GOI,DEL-GOI,DEL,GOI,IndiGo,IndiGo,6E 455,5:35,5:50,735,12 hr 15 min,Economy,11609.0,,,False,fd7b23d7cb57
SCR_GF_1789021562_017,2026-09-10 11:55:57,2026-09-25,15,google_flights,DEL,GOI,DEL-GOI,DEL,GOI,IndiGo,IndiGo,6E 472,2:50,9:05,375,6 hr 15 min,Economy,12038.0,,,False,e44fd18445a0
SCR_GF_1789021562_018,2026-09-10 11:55:57,2026-09-25,15,google_flights,DEL,GOI,DEL-GOI,DEL,GOI,IndiGo,IndiGo,6E 489,12:00,6:05,365,6 hr 5 min,Economy,12117.0,,,False,6056278dbde8
SCR_GF_1789021562_019,2026-09-10 11:55:57,2026-09-25,15,google_flights,DEL,GOI,DEL-GOI,DEL,GOI,IndiGo,IndiGo,6E 506,12:20,5:55,335,5 hr 35 min,Economy,13046.0,,,False,32f755c75a87
SCR_GF_1789021562_020,2026-09-10 11:55:57,2026-09-25,15,google_flights,DEL,GOI,DEL-GOI,DEL,GOI,IndiGo,IndiGo,6E 523,5:10,7:40,150,2 hr 30 min,Economy,13933.0,,,True,38f3a4570365
SCR_GF_1789021562_021,2026-09-10 11:55:57,2026-09-25,15,google_flights,DEL,GOI,DEL-GOI,DEL,GOI,IndiGo,IndiGo,6E 540,5:00,7:25,145,2 hr 25 min,Economy,15919.0,,,True,8bd8f06113ba
SCR_GF_1789021562_022,2026-09-10 11:55:57,2026-09-25,15,google_flights,DEL,GOI,DEL-GOI,DEL,GOI,IndiGo,IndiGo,6E 557,12:15,2:40,145,2 hr 25 min,Economy,16138.0,,,True,01de52d27809
SCR_GF_1789021562_023,2026-09-10 11:55:57,2026-09-25,15,google_flights,DEL,GOI,DEL-GOI,DEL,GOI,IndiGo,IndiGo,6E 574,10:25,12:55,150,2 hr 30 min,Economy,17503.0,,,True,f379f4f896ac
SCR_GF_1789021562_024,2026-09-10 11:55:57,2026-09-25,15,google_flights,DEL,GOI,DEL-GOI,DEL,GOI,IndiGo,IndiGo,6E 591,10:45,1:30,165,2 hr 45 min,Economy,17534.0,,,True,9f43bc3f6116
SCR_GF_1789021568_001,2026-09-10 11:56:03,2026-09-11,1,google_flights,DEL,LKO,DEL-LKO,DEL,LKO,IndiGo,IndiGo,6E 200,1:50 PM,6:35 PM,285,4 hr 45 min,Economy,3728.0,,,False,0837de558d5d
SCR_GF_1789021568_002,2026-09-10 11:56:03,2026-09-11,1,google_flights,DEL,LKO,DEL-LKO,DEL,LKO,Air India,Air India,AI 217,2:20 PM,3:30 PM,70,1 hr 10 min,Economy,3905.0,,,True,d2ecdff1498b
SCR_GF_1789021568_003,2026-09-10 11:56:03,2026-09-11,1,google_flights,DEL,LKO,DEL-LKO,DEL,LKO,IndiGo,IndiGo,6E 234,1:20 PM,2:30 PM,70,1 hr 10 min,Economy,3955.0,,,True,440f56988ff8
SCR_GF_1789021568_005,2026-09-10 11:56:03,2026-09-11,1,google_flights,DEL,LKO,DEL-LKO,DEL,LKO,IndiGo,IndiGo,6E 268,11:10 AM,12:35 PM,85,1 hr 25 min,Economy,3955.0,,,True,74d497c32641
SCR_GF_1789021568_006,2026-09-10 11:56:03,2026-09-11,1,google_flights,DEL,LKO,DEL-LKO,DEL,LKO,IndiGo,IndiGo,6E 285,4:40 PM,5:45 PM,65,1 hr 5 min,Economy,3955.0,,,True,5f80dd7695ba
SCR_GF_1789021568_007,2026-09-10 11:56:03,2026-09-11,1,google_flights,DEL,LKO,DEL-LKO,DEL,LKO,IndiGo,IndiGo,6E 302,7:05 AM,8:25 AM,80,1 hr 20 min,Economy,4116.0,,,True,0c48a3612034
SCR_GF_1789021568_008,2026-09-10 11:56:03,2026-09-11,1,google_flights,DEL,LKO,DEL-LKO,DEL,LKO,IndiGo,IndiGo,6E 319,9:55 AM,11:05 AM,70,1 hr 10 min,Economy,4116.0,,,True,4df4cd5567d5
SCR_GF_1789021568_009,2026-09-10 11:56:03,2026-09-11,1,google_flights,DEL,LKO,DEL-LKO,DEL,LKO,Air India,Air India,AI 336,5:55 AM,7:05 AM,70,1 hr 10 min,Economy,4126.0,,,True,f8715f0ef7e5
SCR_GF_1789021568_010,2026-09-10 11:56:03,2026-09-11,1,google_flights,DEL,LKO,DEL-LKO,DEL,LKO,Air India,Air India,AI 353,8:25 PM,9:30 PM,65,1 hr 5 min,Economy,4273.0,,,True,de09d999eff8
SCR_GF_1789021568_011,2026-09-10 11:56:03,2026-09-11,1,google_flights,DEL,LKO,DEL-LKO,DEL,LKO,IndiGo,IndiGo,6E 370,7:45 PM,8:50 PM,65,1 hr 5 min,Economy,4536.0,,,True,c55b405c2e2d
SCR_GF_1789021568_012,2026-09-10 11:56:03,2026-09-11,1,google_flights,DEL,LKO,DEL-LKO,DEL,LKO,Air India,Air India,AI 387,6:35 PM,7:45 PM,70,1 hr 10 min,Economy,4703.0,,,True,98451cbec823
SCR_GF_1789021568_013,2026-09-10 11:56:03,2026-09-11,1,google_flights,DEL,LKO,DEL-LKO,DEL,LKO,IndiGo,IndiGo,6E 404,9:25 PM,10:40 PM,75,1 hr 15 min,Economy,4746.0,,,True,1476c975c2cd
SCR_GF_1789021568_014,2026-09-10 11:56:03,2026-09-11,1,google_flights,DEL,LKO,DEL-LKO,DEL,LKO,IndiGo,IndiGo,6E 421,8:55 AM,8:05 AM,1390,23 hr 10 min,Economy,78680.0,,,False,bd8a7ceb9764
SCR_GF_1789021568_017,2026-09-10 11:56:03,2026-09-11,1,google_flights,DEL,LKO,DEL-LKO,DEL,LKO,IndiGo,IndiGo,6E 472,1:50,6:35,285,4 hr 45 min,Economy,3728.0,,,False,e1b5670d00df
SCR_GF_1789021568_018,2026-09-10 11:56:03,2026-09-11,1,google_flights,DEL,LKO,DEL-LKO,DEL,LKO,IndiGo,IndiGo,6E 489,2:20,3:30,70,1 hr 10 min,Economy,3905.0,,,True,4c061a456697
SCR_GF_1789021569_019,2026-09-10 11:56:03,2026-09-11,1,google_flights,DEL,LKO,DEL-LKO,DEL,LKO,IndiGo,IndiGo,6E 506,1:20,2:30,70,1 hr 10 min,Economy,3955.0,,,True,d8e9bbe8d640
SCR_GF_1789021569_021,2026-09-10 11:56:03,2026-09-11,1,google_flights,DEL,LKO,DEL-LKO,DEL,LKO,IndiGo,IndiGo,6E 540,11:10,12:35,85,1 hr 25 min,Economy,3955.0,,,True,8f35c901ce8e
SCR_GF_1789021569_022,2026-09-10 11:56:03,2026-09-11,1,google_flights,DEL,LKO,DEL-LKO,DEL,LKO,IndiGo,IndiGo,6E 557,4:40,5:45,65,1 hr 5 min,Economy,3955.0,,,True,8bca8c586d9a
SCR_GF_1789021569_023,2026-09-10 11:56:03,2026-09-11,1,google_flights,DEL,LKO,DEL-LKO,DEL,LKO,IndiGo,IndiGo,6E 574,7:05,8:25,80,1 hr 20 min,Economy,4116.0,,,True,b91c43c4b124
SCR_GF_1789021569_024,2026-09-10 11:56:03,2026-09-11,1,google_flights,DEL,LKO,DEL-LKO,DEL,LKO,IndiGo,IndiGo,6E 591,9:55,11:05,70,1 hr 10 min,Economy,4116.0,,,True,6b9a5b652965
SCR_GF_1789021569_025,2026-09-10 11:56:03,2026-09-11,1,google_flights,DEL,LKO,DEL-LKO,DEL,LKO,IndiGo,IndiGo,6E 608,5:55,7:05,70,1 hr 10 min,Economy,4126.0,,,True,ccd7d5c36db5
SCR_GF_1789021569_026,2026-09-10 11:56:03,2026-09-11,1,google_flights,DEL,LKO,DEL-LKO,DEL,LKO,IndiGo,IndiGo,6E 625,8:25,9:30,65,1 hr 5 min,Economy,4273.0,,,True,e9639cc44fdf
SCR_GF_1789021569_027,2026-09-10 11:56:03,2026-09-11,1,google_flights,DEL,LKO,DEL-LKO,DEL,LKO,IndiGo,IndiGo,6E 642,7:45,8:50,65,1 hr 5 min,Economy,4536.0,,,True,15dc01679525
SCR_GF_1789021569_028,2026-09-10 11:56:03,2026-09-11,1,google_flights,DEL,LKO,DEL-LKO,DEL,LKO,IndiGo,IndiGo,6E 659,6:35,7:45,70,1 hr 10 min,Economy,4703.0,,,True,cb88140707f2
SCR_GF_1789021569_029,2026-09-10 11:56:03,2026-09-11,1,google_flights,DEL,LKO,DEL-LKO,DEL,LKO,IndiGo,IndiGo,6E 676,9:25,10:40,75,1 hr 15 min,Economy,4746.0,,,True,572ce56d8d6e
SCR_GF_1789021569_030,2026-09-10 11:56:03,2026-09-11,1,google_flights,DEL,LKO,DEL-LKO,DEL,LKO,IndiGo,IndiGo,6E 693,8:55,8:05,1390,23 hr 10 min,Economy,78680.0,,,False,19a318c9feae
SCR_GF_1789021575_001,2026-09-10 11:56:09,2026-09-12,2,google_flights,DEL,LKO,DEL-LKO,DEL,LKO,IndiGo,IndiGo,6E 200,11:10 AM,12:35 PM,85,1 hr 25 min,Economy,3955.0,,,True,f69a4866dc20
SCR_GF_1789021575_002,2026-09-10 11:56:09,2026-09-12,2,google_flights,DEL,LKO,DEL-LKO,DEL,LKO,IndiGo,IndiGo,6E 217,9:55 AM,11:05 AM,70,1 hr 10 min,Economy,4116.0,,,True,b18b3a895af3
SCR_GF_1789021575_003,2026-09-10 11:56:09,2026-09-12,2,google_flights,DEL,LKO,DEL-LKO,DEL,LKO,IndiGo,IndiGo,6E 234,1:20 PM,2:30 PM,70,1 hr 10 min,Economy,4165.0,,,True,44058bb1f563
SCR_GF_1789021575_004,2026-09-10 11:56:09,2026-09-12,2,google_flights,DEL,LKO,DEL-LKO,DEL,LKO,Air India,Air India,AI 251,5:55 AM,7:05 AM,70,1 hr 10 min,Economy,4546.0,,,True,a29c4bf61638
SCR_GF_1789021575_006,2026-09-10 11:56:09,2026-09-12,2,google_flights,DEL,LKO,DEL-LKO,DEL,LKO,IndiGo,IndiGo,6E 285,7:05 AM,8:25 AM,80,1 hr 20 min,Economy,4326.0,,,True,39cf6c0315e5
SCR_GF_1789021575_007,2026-09-10 11:56:09,2026-09-12,2,google_flights,DEL,LKO,DEL-LKO,DEL,LKO,IndiGo,IndiGo,6E 302,4:40 PM,5:45 PM,65,1 hr 5 min,Economy,4375.0,,,True,c7e98d751117
SCR_GF_1789021575_008,2026-09-10 11:56:09,2026-09-12,2,google_flights,DEL,LKO,DEL-LKO,DEL,LKO,IndiGo,IndiGo,6E 319,7:45 PM,8:50 PM,65,1 hr 5 min,Economy,4536.0,,,True,e295f8f1cb4b
SCR_GF_1789021575_009,2026-09-10 11:56:09,2026-09-12,2,google_flights,DEL,LKO,DEL-LKO,DEL,LKO,Air India,Air India,AI 336,6:35 PM,7:45 PM,70,1 hr 10 min,Economy,5113.0,,,True,e49381d2f41c
SCR_GF_1789021575_010,2026-09-10 11:56:09,2026-09-12,2,google_flights,DEL,LKO,DEL-LKO,DEL,LKO,Air India,Air India,AI 353,2:20 PM,3:30 PM,70,1 hr 10 min,Economy,5323.0,,,True,b765ca36c406
SCR_GF_1789021575_011,2026-09-10 11:56:09,2026-09-12,2,google_flights,DEL,LKO,DEL-LKO,DEL,LKO,Air India,Air India,AI 370,8:25 PM,9:30 PM,65,1 hr 5 min,Economy,5323.0,,,True,02e95738f18a
SCR_GF_1789021575_012,2026-09-10 11:56:09,2026-09-12,2,google_flights,DEL,LKO,DEL-LKO,DEL,LKO,IndiGo,IndiGo,6E 387,9:25 PM,10:40 PM,75,1 hr 15 min,Economy,5691.0,,,True,96929b5be07b
SCR_GF_1789021575_013,2026-09-10 11:56:09,2026-09-12,2,google_flights,DEL,LKO,DEL-LKO,DEL,LKO,IndiGo,IndiGo,6E 404,4:00 PM,8:05 AM,965,16 hr 5 min,Economy,40613.0,,,False,2cac24339bdb
SCR_GF_1789021575_015,2026-09-10 11:56:09,2026-09-12,2,google_flights,DEL,LKO,DEL-LKO,DEL,LKO,IndiGo,IndiGo,6E 438,11:10,12:35,85,1 hr 25 min,Economy,3955.0,,,True,8bb26da1fe0e
SCR_GF_1789021575_016,2026-09-10 11:56:09,2026-09-12,2,google_flights,DEL,LKO,DEL-LKO,DEL,LKO,IndiGo,IndiGo,6E 455,9:55,11:05,70,1 hr 10 min,Economy,4116.0,,,True,bb9af20c77a2
SCR_GF_1789021575_017,2026-09-10 11:56:09,2026-09-12,2,google_flights,DEL,LKO,DEL-LKO,DEL,LKO,IndiGo,IndiGo,6E 472,1:20,2:30,70,1 hr 10 min,Economy,4165.0,,,True,f5d091ae0732
SCR_GF_1789021575_018,2026-09-10 11:56:09,2026-09-12,2,google_flights,DEL,LKO,DEL-LKO,DEL,LKO,IndiGo,IndiGo,6E 489,5:55,7:05,70,1 hr 10 min,Economy,4546.0,,,True,8d0f99fa6d1b
SCR_GF_1789021575_020,2026-09-10 11:56:09,2026-09-12,2,google_flights,DEL,LKO,DEL-LKO,DEL,LKO,IndiGo,IndiGo,6E 523,7:05,8:25,80,1 hr 20 min,Economy,4326.0,,,True,afaadde23448
SCR_GF_1789021575_021,2026-09-10 11:56:09,2026-09-12,2,google_flights,DEL,LKO,DEL-LKO,DEL,LKO,IndiGo,IndiGo,6E 540,4:40,5:45,65,1 hr 5 min,Economy,4375.0,,,True,ea48c1554460
SCR_GF_1789021575_022,2026-09-10 11:56:09,2026-09-12,2,google_flights,DEL,LKO,DEL-LKO,DEL,LKO,IndiGo,IndiGo,6E 557,7:45,8:50,65,1 hr 5 min,Economy,4536.0,,,True,5f503b827db9
SCR_GF_1789021575_023,2026-09-10 11:56:09,2026-09-12,2,google_flights,DEL,LKO,DEL-LKO,DEL,LKO,IndiGo,IndiGo,6E 574,6:35,7:45,70,1 hr 10 min,Economy,5113.0,,,True,18133741143c
SCR_GF_1789021575_024,2026-09-10 11:56:09,2026-09-12,2,google_flights,DEL,LKO,DEL-LKO,DEL,LKO,IndiGo,IndiGo,6E 591,2:20,3:30,70,1 hr 10 min,Economy,5323.0,,,True,d1e7bcf36a9b
SCR_GF_1789021575_025,2026-09-10 11:56:09,2026-09-12,2,google_flights,DEL,LKO,DEL-LKO,DEL,LKO,IndiGo,IndiGo,6E 608,8:25,9:30,65,1 hr 5 min,Economy,5323.0,,,True,3d7cdc23d9e0
SCR_GF_1789021575_026,2026-09-10 11:56:09,2026-09-12,2,google_flights,DEL,LKO,DEL-LKO,DEL,LKO,IndiGo,IndiGo,6E 625,9:25,10:40,75,1 hr 15 min,Economy,5691.0,,,True,72b629de99cf
SCR_GF_1789021575_027,2026-09-10 11:56:09,2026-09-12,2,google_flights,DEL,LKO,DEL-LKO,DEL,LKO,IndiGo,IndiGo,6E 642,4:00,8:05,965,16 hr 5 min,Economy,40613.0,,,False,0fc2bc7af2fc
SCR_GF_1789021581_001,2026-09-10 11:56:16,2026-09-17,7,google_flights,DEL,LKO,DEL-LKO,DEL,LKO,Air India,Air India,AI 200,2:20 PM,3:30 PM,70,1 hr 10 min,Economy,3905.0,,,True,f59c460d61c7
SCR_GF_1789021581_002,2026-09-10 11:56:16,2026-09-17,7,google_flights,DEL,LKO,DEL-LKO,DEL,LKO,IndiGo,IndiGo,6E 217,1:20 PM,2:30 PM,70,1 hr 10 min,Economy,3955.0,,,True,651631b3d310
SCR_GF_1789021581_003,2026-09-10 11:56:16,2026-09-17,7,google_flights,DEL,LKO,DEL-LKO,DEL,LKO,IndiGo,IndiGo,6E 234,9:55 AM,11:05 AM,70,1 hr 10 min,Economy,4116.0,,,True,cf0811ab48f0
SCR_GF_1789021581_005,2026-09-10 11:56:16,2026-09-17,7,google_flights,DEL,LKO,DEL-LKO,DEL,LKO,IndiGo,IndiGo,6E 268,4:40 PM,5:45 PM,65,1 hr 5 min,Economy,3955.0,,,True,bbf875845d18
SCR_GF_1789021581_006,2026-09-10 11:56:16,2026-09-17,7,google_flights,DEL,LKO,DEL-LKO,DEL,LKO,IndiGo,IndiGo,6E 285,7:05 AM,8:25 AM,80,1 hr 20 min,Economy,4116.0,,,True,42963473a531
SCR_GF_1789021581_007,2026-09-10 11:56:16,2026-09-17,7,google_flights,DEL,LKO,DEL-LKO,DEL,LKO,IndiGo,IndiGo,6E 302,7:45 PM,8:50 PM,65,1 hr 5 min,Economy,4116.0,,,True,9dd4fba7f01e
SCR_GF_1789021581_008,2026-09-10 11:56:16,2026-09-17,7,google_flights,DEL,LKO,DEL-LKO,DEL,LKO,IndiGo,IndiGo,6E 319,9:25 PM,10:40 PM,75,1 hr 15 min,Economy,4116.0,,,True,3c359736aa8f
SCR_GF_1789021581_009,2026-09-10 11:56:16,2026-09-17,7,google_flights,DEL,LKO,DEL-LKO,DEL,LKO,Air India,Air India,AI 336,5:55 AM,7:05 AM,70,1 hr 10 min,Economy,4126.0,,,True,0bdb04201f07
SCR_GF_1789021581_010,2026-09-10 11:56:16,2026-09-17,7,google_flights,DEL,LKO,DEL-LKO,DEL,LKO,Air India,Air India,AI 353,6:35 PM,7:45 PM,70,1 hr 10 min,Economy,4273.0,,,True,d66f2262025e
SCR_GF_1789021581_011,2026-09-10 11:56:16,2026-09-17,7,google_flights,DEL,LKO,DEL-LKO,DEL,LKO,Air India,Air India,AI 370,8:25 PM,9:30 PM,65,1 hr 5 min,Economy,4703.0,,,True,5b4a6d85a80b
SCR_GF_1789021581_012,2026-09-10 11:56:16,2026-09-17,7,google_flights,DEL,LKO,DEL-LKO,DEL,LKO,IndiGo,IndiGo,6E 387,11:10 AM,12:35 PM,85,1 hr 25 min,Economy,4952.0,,,True,440bfecf9207
SCR_GF_1789021581_013,2026-09-10 11:56:16,2026-09-17,7,google_flights,DEL,LKO,DEL-LKO,DEL,LKO,IndiGo,IndiGo,6E 404,4:00 PM,8:05 AM,965,16 hr 5 min,Economy,30187.0,,,False,7694cc99c0a0
SCR_GF_1789021581_015,2026-09-10 11:56:16,2026-09-17,7,google_flights,DEL,LKO,DEL-LKO,DEL,LKO,IndiGo,IndiGo,6E 438,2:20,3:30,70,1 hr 10 min,Economy,3905.0,,,True,0da56ca65dd2
SCR_GF_1789021581_016,2026-09-10 11:56:16,2026-09-17,7,google_flights,DEL,LKO,DEL-LKO,DEL,LKO,IndiGo,IndiGo,6E 455,1:20,2:30,70,1 hr 10 min,Economy,3955.0,,,True,9563f110811e
SCR_GF_1789021581_017,2026-09-10 11:56:16,2026-09-17,7,google_flights,DEL,LKO,DEL-LKO,DEL,LKO,IndiGo,IndiGo,6E 472,9:55,11:05,70,1 hr 10 min,Economy,4116.0,,,True,d17fec75ada2
SCR_GF_1789021581_019,2026-09-10 11:56:16,2026-09-17,7,google_flights,DEL,LKO,DEL-LKO,DEL,LKO,IndiGo,IndiGo,6E 506,4:40,5:45,65,1 hr 5 min,Economy,3955.0,,,True,d845e17c2b50
SCR_GF_1789021581_020,2026-09-10 11:56:16,2026-09-17,7,google_flights,DEL,LKO,DEL-LKO,DEL,LKO,IndiGo,IndiGo,6E 523,7:05,8:25,80,1 hr 20 min,Economy,4116.0,,,True,2e850897a4fd
SCR_GF_1789021581_021,2026-09-10 11:56:16,2026-09-17,7,google_flights,DEL,LKO,DEL-LKO,DEL,LKO,IndiGo,IndiGo,6E 540,7:45,8:50,65,1 hr 5 min,Economy,4116.0,,,True,e70f567a0da1
SCR_GF_1789021581_022,2026-09-10 11:56:16,2026-09-17,7,google_flights,DEL,LKO,DEL-LKO,DEL,LKO,IndiGo,IndiGo,6E 557,9:25,10:40,75,1 hr 15 min,Economy,4116.0,,,True,d445542d6fb1
SCR_GF_1789021581_023,2026-09-10 11:56:16,2026-09-17,7,google_flights,DEL,LKO,DEL-LKO,DEL,LKO,IndiGo,IndiGo,6E 574,5:55,7:05,70,1 hr 10 min,Economy,4126.0,,,True,5a16175009ed
SCR_GF_1789021581_024,2026-09-10 11:56:16,2026-09-17,7,google_flights,DEL,LKO,DEL-LKO,DEL,LKO,IndiGo,IndiGo,6E 591,6:35,7:45,70,1 hr 10 min,Economy,4273.0,,,True,540d778626dc
SCR_GF_1789021581_025,2026-09-10 11:56:16,2026-09-17,7,google_flights,DEL,LKO,DEL-LKO,DEL,LKO,IndiGo,IndiGo,6E 608,8:25,9:30,65,1 hr 5 min,Economy,4703.0,,,True,a330b352a926
SCR_GF_1789021581_026,2026-09-10 11:56:16,2026-09-17,7,google_flights,DEL,LKO,DEL-LKO,DEL,LKO,IndiGo,IndiGo,6E 625,11:10,12:35,85,1 hr 25 min,Economy,4952.0,,,True,d193cbbbd65d
SCR_GF_1789021581_027,2026-09-10 11:56:16,2026-09-17,7,google_flights,DEL,LKO,DEL-LKO,DEL,LKO,IndiGo,IndiGo,6E 642,4:00,8:05,965,16 hr 5 min,Economy,30187.0,,,False,4aadc94d3af8
SCR_GF_1789021587_001,2026-09-10 11:56:22,2026-09-25,15,google_flights,DEL,LKO,DEL-LKO,DEL,LKO,IndiGo,IndiGo,6E 200,11:10 AM,12:35 PM,85,1 hr 25 min,Economy,3955.0,,,True,0445bda35cd9
SCR_GF_1789021587_002,2026-09-10 11:56:22,2026-09-25,15,google_flights,DEL,LKO,DEL-LKO,DEL,LKO,IndiGo,IndiGo,6E 217,1:20 PM,2:30 PM,70,1 hr 10 min,Economy,3955.0,,,True,c95cacb63338
SCR_GF_1789021587_003,2026-09-10 11:56:22,2026-09-25,15,google_flights,DEL,LKO,DEL-LKO,DEL,LKO,IndiGo,IndiGo,6E 234,4:40 PM,5:45 PM,65,1 hr 5 min,Economy,3955.0,,,True,b7999a19f7b7
SCR_GF_1789021587_004,2026-09-10 11:56:22,2026-09-25,15,google_flights,DEL,LKO,DEL-LKO,DEL,LKO,Air India,Air India,AI 251,2:20 PM,3:30 PM,70,1 hr 10 min,Economy,4115.0,,,True,badb58f4fb7d
SCR_GF_1789021587_005,2026-09-10 11:56:22,2026-09-25,15,google_flights,DEL,LKO,DEL-LKO,DEL,LKO,IndiGo,IndiGo,6E 268,9:55 AM,11:05 AM,70,1 hr 10 min,Economy,4116.0,,,True,6ae15893ff49
SCR_GF_1789021587_007,2026-09-10 11:56:22,2026-09-25,15,google_flights,DEL,LKO,DEL-LKO,DEL,LKO,IndiGo,IndiGo,6E 302,7:05 AM,8:25 AM,80,1 hr 20 min,Economy,4116.0,,,True,efe58e7783ce
SCR_GF_1789021587_008,2026-09-10 11:56:22,2026-09-25,15,google_flights,DEL,LKO,DEL-LKO,DEL,LKO,IndiGo,IndiGo,6E 319,7:45 PM,8:50 PM,65,1 hr 5 min,Economy,4116.0,,,True,7cfe9b2bb88f
SCR_GF_1789021587_009,2026-09-10 11:56:22,2026-09-25,15,google_flights,DEL,LKO,DEL-LKO,DEL,LKO,IndiGo,IndiGo,6E 336,9:25 PM,10:40 PM,75,1 hr 15 min,Economy,4116.0,,,True,ec8c47dcda0d
SCR_GF_1789021587_010,2026-09-10 11:56:22,2026-09-25,15,google_flights,DEL,LKO,DEL-LKO,DEL,LKO,Air India,Air India,AI 353,5:55 AM,7:05 AM,70,1 hr 10 min,Economy,4126.0,,,True,92a9d45b53d8
SCR_GF_1789021587_011,2026-09-10 11:56:22,2026-09-25,15,google_flights,DEL,LKO,DEL-LKO,DEL,LKO,Air India,Air India,AI 370,6:35 PM,7:45 PM,70,1 hr 10 min,Economy,4273.0,,,True,35d25f185c9f
SCR_GF_1789021587_012,2026-09-10 11:56:22,2026-09-25,15,google_flights,DEL,LKO,DEL-LKO,DEL,LKO,Air India,Air India,AI 387,8:25 PM,9:30 PM,65,1 hr 5 min,Economy,4273.0,,,True,7a22d8b2ceda
SCR_GF_1789021587_013,2026-09-10 11:56:22,2026-09-25,15,google_flights,DEL,LKO,DEL-LKO,DEL,LKO,IndiGo,IndiGo,6E 404,5:00 PM,8:05 AM,905,15 hr 5 min,Economy,25189.0,,,False,065f65a27443
SCR_GF_1789021587_016,2026-09-10 11:56:22,2026-09-25,15,google_flights,DEL,LKO,DEL-LKO,DEL,LKO,IndiGo,IndiGo,6E 455,11:10,12:35,85,1 hr 25 min,Economy,3955.0,,,True,a475f0bb4f8b
SCR_GF_1789021587_017,2026-09-10 11:56:22,2026-09-25,15,google_flights,DEL,LKO,DEL-LKO,DEL,LKO,IndiGo,IndiGo,6E 472,1:20,2:30,70,1 hr 10 min,Economy,3955.0,,,True,86936bb0ddf3
SCR_GF_1789021587_018,2026-09-10 11:56:22,2026-09-25,15,google_flights,DEL,LKO,DEL-LKO,DEL,LKO,IndiGo,IndiGo,6E 489,4:40,5:45,65,1 hr 5 min,Economy,3955.0,,,True,41dcf6d40516
SCR_GF_1789021587_019,2026-09-10 11:56:22,2026-09-25,15,google_flights,DEL,LKO,DEL-LKO,DEL,LKO,IndiGo,IndiGo,6E 506,2:20,3:30,70,1 hr 10 min,Economy,4115.0,,,True,d7294d6a2d50
SCR_GF_1789021587_020,2026-09-10 11:56:22,2026-09-25,15,google_flights,DEL,LKO,DEL-LKO,DEL,LKO,IndiGo,IndiGo,6E 523,9:55,11:05,70,1 hr 10 min,Economy,4116.0,,,True,9b7892ba463a
SCR_GF_1789021587_022,2026-09-10 11:56:22,2026-09-25,15,google_flights,DEL,LKO,DEL-LKO,DEL,LKO,IndiGo,IndiGo,6E 557,7:05,8:25,80,1 hr 20 min,Economy,4116.0,,,True,10493d0896ae
SCR_GF_1789021587_023,2026-09-10 11:56:22,2026-09-25,15,google_flights,DEL,LKO,DEL-LKO,DEL,LKO,IndiGo,IndiGo,6E 574,7:45,8:50,65,1 hr 5 min,Economy,4116.0,,,True,0016a65e64f5
SCR_GF_1789021587_024,2026-09-10 11:56:22,2026-09-25,15,google_flights,DEL,LKO,DEL-LKO,DEL,LKO,IndiGo,IndiGo,6E 591,9:25,10:40,75,1 hr 15 min,Economy,4116.0,,,True,2e51aeffa514
SCR_GF_1789021587_025,2026-09-10 11:56:22,2026-09-25,15,google_flights,DEL,LKO,DEL-LKO,DEL,LKO,IndiGo,IndiGo,6E 608,5:55,7:05,70,1 hr 10 min,Economy,4126.0,,,True,abc99fb38976
SCR_GF_1789021587_026,2026-09-10 11:56:22,2026-09-25,15,google_flights,DEL,LKO,DEL-LKO,DEL,LKO,IndiGo,IndiGo,6E 625,6:35,7:45,70,1 hr 10 min,Economy,4273.0,,,True,28509720e94d
SCR_GF_1789021587_027,2026-09-10 11:56:22,2026-09-25,15,google_flights,DEL,LKO,DEL-LKO,DEL,LKO,IndiGo,IndiGo,6E 642,8:25,9:30,65,1 hr 5 min,Economy,4273.0,,,True,901cfaf5d626
SCR_GF_1789021587_028,2026-09-10 11:56:22,2026-09-25,15,google_flights,DEL,LKO,DEL-LKO,DEL,LKO,IndiGo,IndiGo,6E 659,5:00,8:05,905,15 hr 5 min,Economy,25189.0,,,False,d0302ac2622f
SCR_GF_1789021593_001,2026-09-10 11:56:28,2026-09-11,1,google_flights,DEL,SXR,DEL-SXR,DEL,SXR,SpiceJet,SpiceJet,QP 200,11:30 AM,12:55 PM,85,1 hr 25 min,Economy,6608.0,,,True,0e4a6fad1138
SCR_GF_1789021593_002,2026-09-10 11:56:28,2026-09-11,1,google_flights,DEL,SXR,DEL-SXR,DEL,SXR,IndiGo,IndiGo,6E 217,9:45 AM,11:20 AM,95,1 hr 35 min,Economy,6846.0,,,True,0ccfe70dc69a
SCR_GF_1789021593_003,2026-09-10 11:56:28,2026-09-11,1,google_flights,DEL,SXR,DEL-SXR,DEL,SXR,Air India,Air India,AI 234,9:50 AM,11:30 AM,100,1 hr 40 min,Economy,7013.0,,,True,f7b89cd27f40
SCR_GF_1789021593_005,2026-09-10 11:56:28,2026-09-11,1,google_flights,DEL,SXR,DEL-SXR,DEL,SXR,IndiGo,IndiGo,6E 268,8:15 AM,2:10 PM,355,5 hr 55 min,Economy,6474.0,,,False,056482f0b7a1
SCR_GF_1789021593_006,2026-09-10 11:56:28,2026-09-11,1,google_flights,DEL,SXR,DEL-SXR,DEL,SXR,IndiGo,IndiGo,6E 285,7:20 AM,10:35 AM,195,3 hr 15 min,Economy,6710.0,,,False,f247dae1d615
SCR_GF_1789021593_007,2026-09-10 11:56:28,2026-09-11,1,google_flights,DEL,SXR,DEL-SXR,DEL,SXR,Air India,Air India,AI 302,6:40 AM,8:10 AM,90,1 hr 30 min,Economy,7013.0,,,True,060805029a80
SCR_GF_1789021593_008,2026-09-10 11:56:28,2026-09-11,1,google_flights,DEL,SXR,DEL-SXR,DEL,SXR,Air India,Air India,AI 319,7:25 AM,9:10 AM,105,1 hr 45 min,Economy,7013.0,,,True,936f77424d2d
SCR_GF_1789021593_009,2026-09-10 11:56:28,2026-09-11,1,google_flights,DEL,SXR,DEL-SXR,DEL,SXR,IndiGo,IndiGo,6E 336,8:25 AM,9:45 AM,80,1 hr 20 min,Economy,7213.0,,,True,76e95585374a
SCR_GF_1789021593_010,2026-09-10 11:56:28,2026-09-11,1,google_flights,DEL,SXR,DEL-SXR,DEL,SXR,IndiGo,IndiGo,6E 353,12:40 PM,2:05 PM,85,1 hr 25 min,Economy,7213.0,,,True,a482f7a0eab5
SCR_GF_1789021593_011,2026-09-10 11:56:28,2026-09-11,1,google_flights,DEL,SXR,DEL-SXR,DEL,SXR,IndiGo,IndiGo,6E 370,1:40 PM,3:10 PM,90,1 hr 30 min,Economy,7213.0,,,True,53e45ef54da6
SCR_GF_1789021593_012,2026-09-10 11:56:28,2026-09-11,1,google_flights,DEL,SXR,DEL-SXR,DEL,SXR,IndiGo,IndiGo,6E 387,7:40 AM,9:05 AM,85,1 hr 25 min,Economy,7948.0,,,True,66bcae86b14e
SCR_GF_1789021593_013,2026-09-10 11:56:28,2026-09-11,1,google_flights,DEL,SXR,DEL-SXR,DEL,SXR,IndiGo,IndiGo,6E 404,11:20 AM,12:35 PM,75,1 hr 15 min,Economy,7948.0,,,True,580b1c585d15
SCR_GF_1789021593_014,2026-09-10 11:56:28,2026-09-11,1,google_flights,DEL,SXR,DEL-SXR,DEL,SXR,IndiGo,IndiGo,6E 421,2:15 PM,3:45 PM,90,1 hr 30 min,Economy,7948.0,,,True,7da8171be98c
SCR_GF_1789021593_015,2026-09-10 11:56:28,2026-09-11,1,google_flights,DEL,SXR,DEL-SXR,DEL,SXR,Air India,Air India,AI 438,11:30 AM,1:05 PM,95,1 hr 35 min,Economy,8304.0,,,True,4abfb44f0e75
SCR_GF_1789021593_016,2026-09-10 11:56:28,2026-09-11,1,google_flights,DEL,SXR,DEL-SXR,DEL,SXR,SpiceJet,SpiceJet,QP 455,10:25 AM,11:55 AM,90,1 hr 30 min,Economy,15767.0,,,True,6c9c4e1ca400
SCR_GF_1789021593_019,2026-09-10 11:56:28,2026-09-11,1,google_flights,DEL,SXR,DEL-SXR,DEL,SXR,IndiGo,IndiGo,6E 506,11:30,12:55,85,1 hr 25 min,Economy,6608.0,,,True,3c251e63eed1
SCR_GF_1789021593_020,2026-09-10 11:56:28,2026-09-11,1,google_flights,DEL,SXR,DEL-SXR,DEL,SXR,IndiGo,IndiGo,6E 523,9:45,11:20,95,1 hr 35 min,Economy,6846.0,,,True,cb0f9c7dfbf7
SCR_GF_1789021593_021,2026-09-10 11:56:28,2026-09-11,1,google_flights,DEL,SXR,DEL-SXR,DEL,SXR,IndiGo,IndiGo,6E 540,9:50,11:30,100,1 hr 40 min,Economy,7013.0,,,True,88d08ed04a68
SCR_GF_1789021593_023,2026-09-10 11:56:28,2026-09-11,1,google_flights,DEL,SXR,DEL-SXR,DEL,SXR,IndiGo,IndiGo,6E 574,8:15,2:10,355,5 hr 55 min,Economy,6474.0,,,False,0c0154e1872f
SCR_GF_1789021593_024,2026-09-10 11:56:28,2026-09-11,1,google_flights,DEL,SXR,DEL-SXR,DEL,SXR,IndiGo,IndiGo,6E 591,7:20,10:35,195,3 hr 15 min,Economy,6710.0,,,False,b832149ffd7f
SCR_GF_1789021593_025,2026-09-10 11:56:28,2026-09-11,1,google_flights,DEL,SXR,DEL-SXR,DEL,SXR,IndiGo,IndiGo,6E 608,6:40,8:10,90,1 hr 30 min,Economy,7013.0,,,True,f89f26bcada3
SCR_GF_1789021593_026,2026-09-10 11:56:28,2026-09-11,1,google_flights,DEL,SXR,DEL-SXR,DEL,SXR,IndiGo,IndiGo,6E 625,7:25,9:10,105,1 hr 45 min,Economy,7013.0,,,True,4914883b87e4
SCR_GF_1789021593_027,2026-09-10 11:56:28,2026-09-11,1,google_flights,DEL,SXR,DEL-SXR,DEL,SXR,IndiGo,IndiGo,6E 642,8:25,9:45,80,1 hr 20 min,Economy,7213.0,,,True,c37d5e70ad2e
SCR_GF_1789021593_028,2026-09-10 11:56:28,2026-09-11,1,google_flights,DEL,SXR,DEL-SXR,DEL,SXR,IndiGo,IndiGo,6E 659,12:40,2:05,85,1 hr 25 min,Economy,7213.0,,,True,e7deafe1314a
SCR_GF_1789021593_029,2026-09-10 11:56:28,2026-09-11,1,google_flights,DEL,SXR,DEL-SXR,DEL,SXR,IndiGo,IndiGo,6E 676,1:40,3:10,90,1 hr 30 min,Economy,7213.0,,,True,83b3ba164cdd
SCR_GF_1789021593_030,2026-09-10 11:56:28,2026-09-11,1,google_flights,DEL,SXR,DEL-SXR,DEL,SXR,IndiGo,IndiGo,6E 693,7:40,9:05,85,1 hr 25 min,Economy,7948.0,,,True,242fe709d3b4
SCR_GF_1789021593_031,2026-09-10 11:56:28,2026-09-11,1,google_flights,DEL,SXR,DEL-SXR,DEL,SXR,IndiGo,IndiGo,6E 710,11:20,12:35,75,1 hr 15 min,Economy,7948.0,,,True,657e5a0c54b8
SCR_GF_1789021593_032,2026-09-10 11:56:28,2026-09-11,1,google_flights,DEL,SXR,DEL-SXR,DEL,SXR,IndiGo,IndiGo,6E 727,2:15,3:45,90,1 hr 30 min,Economy,7948.0,,,True,a0ce3b7b3cbb
SCR_GF_1789021593_033,2026-09-10 11:56:28,2026-09-11,1,google_flights,DEL,SXR,DEL-SXR,DEL,SXR,IndiGo,IndiGo,6E 744,11:30,1:05,95,1 hr 35 min,Economy,8304.0,,,True,89cdd793797c
SCR_GF_1789021593_034,2026-09-10 11:56:28,2026-09-11,1,google_flights,DEL,SXR,DEL-SXR,DEL,SXR,IndiGo,IndiGo,6E 761,10:25,11:55,90,1 hr 30 min,Economy,15767.0,,,True,773707d419c3
SCR_GF_1789021599_001,2026-09-10 11:56:34,2026-09-12,2,google_flights,DEL,SXR,DEL-SXR,DEL,SXR,SpiceJet,SpiceJet,QP 200,10:20 AM,12:00 PM,100,1 hr 40 min,Economy,6608.0,,,True,bde8a264aad4
SCR_GF_1789021599_002,2026-09-10 11:56:34,2026-09-12,2,google_flights,DEL,SXR,DEL-SXR,DEL,SXR,SpiceJet,SpiceJet,QP 217,11:30 AM,12:55 PM,85,1 hr 25 min,Economy,6608.0,,,True,d06cd4564cd3
SCR_GF_1789021599_003,2026-09-10 11:56:34,2026-09-12,2,google_flights,DEL,SXR,DEL-SXR,DEL,SXR,IndiGo,IndiGo,6E 234,8:25 AM,9:45 AM,80,1 hr 20 min,Economy,6846.0,,,True,b5fabb098949
SCR_GF_1789021599_005,2026-09-10 11:56:34,2026-09-12,2,google_flights,DEL,SXR,DEL-SXR,DEL,SXR,IndiGo,IndiGo,6E 268,7:40 AM,9:05 AM,85,1 hr 25 min,Economy,6846.0,,,True,a6e89f9ce7fa
SCR_GF_1789021599_006,2026-09-10 11:56:34,2026-09-12,2,google_flights,DEL,SXR,DEL-SXR,DEL,SXR,IndiGo,IndiGo,6E 285,9:45 AM,11:20 AM,95,1 hr 35 min,Economy,6846.0,,,True,0e25184ebe74
SCR_GF_1789021599_007,2026-09-10 11:56:34,2026-09-12,2,google_flights,DEL,SXR,DEL-SXR,DEL,SXR,Air India,Air India,AI 302,6:40 AM,8:10 AM,90,1 hr 30 min,Economy,7013.0,,,True,dc8f3c03b6ee
SCR_GF_1789021599_008,2026-09-10 11:56:34,2026-09-12,2,google_flights,DEL,SXR,DEL-SXR,DEL,SXR,Air India,Air India,AI 319,7:25 AM,9:10 AM,105,1 hr 45 min,Economy,7013.0,,,True,04c481cb00e8
SCR_GF_1789021599_009,2026-09-10 11:56:34,2026-09-12,2,google_flights,DEL,SXR,DEL-SXR,DEL,SXR,IndiGo,IndiGo,6E 336,11:20 AM,12:35 PM,75,1 hr 15 min,Economy,7213.0,,,True,1c0f703beb87
SCR_GF_1789021599_010,2026-09-10 11:56:34,2026-09-12,2,google_flights,DEL,SXR,DEL-SXR,DEL,SXR,IndiGo,IndiGo,6E 353,1:40 PM,3:10 PM,90,1 hr 30 min,Economy,7213.0,,,True,d499f415b0dc
SCR_GF_1789021599_011,2026-09-10 11:56:34,2026-09-12,2,google_flights,DEL,SXR,DEL-SXR,DEL,SXR,Air India,Air India,AI 370,9:50 AM,11:30 AM,100,1 hr 40 min,Economy,7370.0,,,True,fd600586e111
SCR_GF_1789021599_012,2026-09-10 11:56:34,2026-09-12,2,google_flights,DEL,SXR,DEL-SXR,DEL,SXR,Air India,Air India,AI 387,11:30 AM,1:05 PM,95,1 hr 35 min,Economy,7501.0,,,True,fbe6ceed6706
SCR_GF_1789021599_013,2026-09-10 11:56:34,2026-09-12,2,google_flights,DEL,SXR,DEL-SXR,DEL,SXR,IndiGo,IndiGo,6E 404,12:40 PM,2:05 PM,85,1 hr 25 min,Economy,7528.0,,,True,387407d7f482
SCR_GF_1789021599_014,2026-09-10 11:56:34,2026-09-12,2,google_flights,DEL,SXR,DEL-SXR,DEL,SXR,IndiGo,IndiGo,6E 421,2:15 PM,3:45 PM,90,1 hr 30 min,Economy,7528.0,,,True,2928aa8d7eb6
SCR_GF_1789021599_015,2026-09-10 11:56:34,2026-09-12,2,google_flights,DEL,SXR,DEL-SXR,DEL,SXR,SpiceJet,SpiceJet,QP 438,10:25 AM,12:05 PM,100,1 hr 40 min,Economy,8346.0,,,True,253cb8fcb7a9
SCR_GF_1789021599_018,2026-09-10 11:56:34,2026-09-12,2,google_flights,DEL,SXR,DEL-SXR,DEL,SXR,IndiGo,IndiGo,6E 489,10:20,12:00,100,1 hr 40 min,Economy,6608.0,,,True,d24efd2d1d1d
SCR_GF_1789021599_019,2026-09-10 11:56:34,2026-09-12,2,google_flights,DEL,SXR,DEL-SXR,DEL,SXR,IndiGo,IndiGo,6E 506,11:30,12:55,85,1 hr 25 min,Economy,6608.0,,,True,f5861d9376e8
SCR_GF_1789021599_020,2026-09-10 11:56:34,2026-09-12,2,google_flights,DEL,SXR,DEL-SXR,DEL,SXR,IndiGo,IndiGo,6E 523,8:25,9:45,80,1 hr 20 min,Economy,6846.0,,,True,66424eb7421d
SCR_GF_1789021599_022,2026-09-10 11:56:34,2026-09-12,2,google_flights,DEL,SXR,DEL-SXR,DEL,SXR,IndiGo,IndiGo,6E 557,7:40,9:05,85,1 hr 25 min,Economy,6846.0,,,True,682c4b23eaa3
SCR_GF_1789021599_023,2026-09-10 11:56:34,2026-09-12,2,google_flights,DEL,SXR,DEL-SXR,DEL,SXR,IndiGo,IndiGo,6E 574,9:45,11:20,95,1 hr 35 min,Economy,6846.0,,,True,5fdf67d2c643
SCR_GF_1789021599_024,2026-09-10 11:56:34,2026-09-12,2,google_flights,DEL,SXR,DEL-SXR,DEL,SXR,IndiGo,IndiGo,6E 591,6:40,8:10,90,1 hr 30 min,Economy,7013.0,,,True,1f923e352283
SCR_GF_1789021599_025,2026-09-10 11:56:34,2026-09-12,2,google_flights,DEL,SXR,DEL-SXR,DEL,SXR,IndiGo,IndiGo,6E 608,7:25,9:10,105,1 hr 45 min,Economy,7013.0,,,True,6d472fb073d4
SCR_GF_1789021599_026,2026-09-10 11:56:34,2026-09-12,2,google_flights,DEL,SXR,DEL-SXR,DEL,SXR,IndiGo,IndiGo,6E 625,11:20,12:35,75,1 hr 15 min,Economy,7213.0,,,True,1eff3583f445
SCR_GF_1789021599_027,2026-09-10 11:56:34,2026-09-12,2,google_flights,DEL,SXR,DEL-SXR,DEL,SXR,IndiGo,IndiGo,6E 642,1:40,3:10,90,1 hr 30 min,Economy,7213.0,,,True,c2a0ad4a0ea8
SCR_GF_1789021599_028,2026-09-10 11:56:34,2026-09-12,2,google_flights,DEL,SXR,DEL-SXR,DEL,SXR,IndiGo,IndiGo,6E 659,9:50,11:30,100,1 hr 40 min,Economy,7370.0,,,True,1f6ccabeb193
SCR_GF_1789021599_029,2026-09-10 11:56:34,2026-09-12,2,google_flights,DEL,SXR,DEL-SXR,DEL,SXR,IndiGo,IndiGo,6E 676,11:30,1:05,95,1 hr 35 min,Economy,7501.0,,,True,6af63dbcab9f
SCR_GF_1789021599_030,2026-09-10 11:56:34,2026-09-12,2,google_flights,DEL,SXR,DEL-SXR,DEL,SXR,IndiGo,IndiGo,6E 693,12:40,2:05,85,1 hr 25 min,Economy,7528.0,,,True,436d9c0ea2ad
SCR_GF_1789021599_031,2026-09-10 11:56:34,2026-09-12,2,google_flights,DEL,SXR,DEL-SXR,DEL,SXR,IndiGo,IndiGo,6E 710,2:15,3:45,90,1 hr 30 min,Economy,7528.0,,,True,2ba4b6983a1a
SCR_GF_1789021599_032,2026-09-10 11:56:34,2026-09-12,2,google_flights,DEL,SXR,DEL-SXR,DEL,SXR,IndiGo,IndiGo,6E 727,10:25,12:05,100,1 hr 40 min,Economy,8346.0,,,True,c6f29289b81f
SCR_GF_1789021605_001,2026-09-10 11:56:40,2026-09-17,7,google_flights,DEL,SXR,DEL-SXR,DEL,SXR,SpiceJet,SpiceJet,QP 200,11:30 AM,12:55 PM,85,1 hr 25 min,Economy,6608.0,,,True,e7ed80abcff6
SCR_GF_1789021605_002,2026-09-10 11:56:40,2026-09-17,7,google_flights,DEL,SXR,DEL-SXR,DEL,SXR,IndiGo,IndiGo,6E 217,2:15 PM,3:45 PM,90,1 hr 30 min,Economy,6846.0,,,True,3ab8f02cb66b
SCR_GF_1789021605_003,2026-09-10 11:56:40,2026-09-17,7,google_flights,DEL,SXR,DEL-SXR,DEL,SXR,Air India,Air India,AI 234,9:50 AM,11:30 AM,100,1 hr 40 min,Economy,7013.0,,,True,1a836db82555
SCR_GF_1789021605_005,2026-09-10 11:56:40,2026-09-17,7,google_flights,DEL,SXR,DEL-SXR,DEL,SXR,IndiGo,IndiGo,6E 268,7:40 AM,9:05 AM,85,1 hr 25 min,Economy,6846.0,,,True,f42e86204a8f
SCR_GF_1789021605_006,2026-09-10 11:56:40,2026-09-17,7,google_flights,DEL,SXR,DEL-SXR,DEL,SXR,IndiGo,IndiGo,6E 285,8:25 AM,9:45 AM,80,1 hr 20 min,Economy,6846.0,,,True,45918f4c660b
SCR_GF_1789021605_007,2026-09-10 11:56:40,2026-09-17,7,google_flights,DEL,SXR,DEL-SXR,DEL,SXR,IndiGo,IndiGo,6E 302,9:45 AM,11:20 AM,95,1 hr 35 min,Economy,6846.0,,,True,0693deddba47
SCR_GF_1789021605_008,2026-09-10 11:56:40,2026-09-17,7,google_flights,DEL,SXR,DEL-SXR,DEL,SXR,Air India,Air India,AI 319,6:40 AM,8:10 AM,90,1 hr 30 min,Economy,7013.0,,,True,a10f9c0c0074
SCR_GF_1789021605_009,2026-09-10 11:56:40,2026-09-17,7,google_flights,DEL,SXR,DEL-SXR,DEL,SXR,Air India,Air India,AI 336,7:25 AM,9:10 AM,105,1 hr 45 min,Economy,7013.0,,,True,aeb4ddbb4bed
SCR_GF_1789021605_010,2026-09-10 11:56:40,2026-09-17,7,google_flights,DEL,SXR,DEL-SXR,DEL,SXR,IndiGo,IndiGo,6E 353,11:40 AM,2:20 PM,160,2 hr 40 min,Economy,7188.0,,,False,c8530426e9a5
SCR_GF_1789021605_011,2026-09-10 11:56:40,2026-09-17,7,google_flights,DEL,SXR,DEL-SXR,DEL,SXR,IndiGo,IndiGo,6E 370,11:20 AM,12:35 PM,75,1 hr 15 min,Economy,7948.0,,,True,04db24bbbb57
SCR_GF_1789021605_012,2026-09-10 11:56:40,2026-09-17,7,google_flights,DEL,SXR,DEL-SXR,DEL,SXR,IndiGo,IndiGo,6E 387,1:40 PM,3:10 PM,90,1 hr 30 min,Economy,7948.0,,,True,23c412bdfea6
SCR_GF_1789021605_013,2026-09-10 11:56:40,2026-09-17,7,google_flights,DEL,SXR,DEL-SXR,DEL,SXR,Air India,Air India,AI 404,11:30 AM,1:05 PM,95,1 hr 35 min,Economy,8304.0,,,True,deff9a9f9f7f
SCR_GF_1789021605_014,2026-09-10 11:56:40,2026-09-17,7,google_flights,DEL,SXR,DEL-SXR,DEL,SXR,IndiGo,IndiGo,6E 421,12:40 PM,2:05 PM,85,1 hr 25 min,Economy,8788.0,,,True,e06c2774f6ef
SCR_GF_1789021605_015,2026-09-10 11:56:40,2026-09-17,7,google_flights,DEL,SXR,DEL-SXR,DEL,SXR,SpiceJet,SpiceJet,QP 438,10:25 AM,12:05 PM,100,1 hr 40 min,Economy,20362.0,,,True,5c36943e37bd
SCR_GF_1789021605_018,2026-09-10 11:56:40,2026-09-17,7,google_flights,DEL,SXR,DEL-SXR,DEL,SXR,IndiGo,IndiGo,6E 489,11:30,12:55,85,1 hr 25 min,Economy,6608.0,,,True,ca662b0a812d
SCR_GF_1789021605_019,2026-09-10 11:56:40,2026-09-17,7,google_flights,DEL,SXR,DEL-SXR,DEL,SXR,IndiGo,IndiGo,6E 506,2:15,3:45,90,1 hr 30 min,Economy,6846.0,,,True,a05abb70486c
SCR_GF_1789021606_020,2026-09-10 11:56:40,2026-09-17,7,google_flights,DEL,SXR,DEL-SXR,DEL,SXR,IndiGo,IndiGo,6E 523,9:50,11:30,100,1 hr 40 min,Economy,7013.0,,,True,138c0fa6aca0
SCR_GF_1789021606_022,2026-09-10 11:56:40,2026-09-17,7,google_flights,DEL,SXR,DEL-SXR,DEL,SXR,IndiGo,IndiGo,6E 557,7:40,9:05,85,1 hr 25 min,Economy,6846.0,,,True,6bdb492e2c15
SCR_GF_1789021606_023,2026-09-10 11:56:40,2026-09-17,7,google_flights,DEL,SXR,DEL-SXR,DEL,SXR,IndiGo,IndiGo,6E 574,8:25,9:45,80,1 hr 20 min,Economy,6846.0,,,True,0d17db0a5cf6
SCR_GF_1789021606_024,2026-09-10 11:56:40,2026-09-17,7,google_flights,DEL,SXR,DEL-SXR,DEL,SXR,IndiGo,IndiGo,6E 591,9:45,11:20,95,1 hr 35 min,Economy,6846.0,,,True,f8a6dd9839a5
SCR_GF_1789021606_025,2026-09-10 11:56:40,2026-09-17,7,google_flights,DEL,SXR,DEL-SXR,DEL,SXR,IndiGo,IndiGo,6E 608,6:40,8:10,90,1 hr 30 min,Economy,7013.0,,,True,21896080b52a
SCR_GF_1789021606_026,2026-09-10 11:56:40,2026-09-17,7,google_flights,DEL,SXR,DEL-SXR,DEL,SXR,IndiGo,IndiGo,6E 625,7:25,9:10,105,1 hr 45 min,Economy,7013.0,,,True,266e4500bfd1
SCR_GF_1789021606_027,2026-09-10 11:56:40,2026-09-17,7,google_flights,DEL,SXR,DEL-SXR,DEL,SXR,IndiGo,IndiGo,6E 642,11:40,2:20,160,2 hr 40 min,Economy,7188.0,,,False,5d59a79d9e21
SCR_GF_1789021606_028,2026-09-10 11:56:40,2026-09-17,7,google_flights,DEL,SXR,DEL-SXR,DEL,SXR,IndiGo,IndiGo,6E 659,11:20,12:35,75,1 hr 15 min,Economy,7948.0,,,True,4b83e65448ed
SCR_GF_1789021606_029,2026-09-10 11:56:40,2026-09-17,7,google_flights,DEL,SXR,DEL-SXR,DEL,SXR,IndiGo,IndiGo,6E 676,1:40,3:10,90,1 hr 30 min,Economy,7948.0,,,True,79cd8aadc76d
SCR_GF_1789021606_030,2026-09-10 11:56:40,2026-09-17,7,google_flights,DEL,SXR,DEL-SXR,DEL,SXR,IndiGo,IndiGo,6E 693,11:30,1:05,95,1 hr 35 min,Economy,8304.0,,,True,313cdb3eda63
SCR_GF_1789021606_031,2026-09-10 11:56:40,2026-09-17,7,google_flights,DEL,SXR,DEL-SXR,DEL,SXR,IndiGo,IndiGo,6E 710,12:40,2:05,85,1 hr 25 min,Economy,8788.0,,,True,14d62ea2f03f
SCR_GF_1789021606_032,2026-09-10 11:56:40,2026-09-17,7,google_flights,DEL,SXR,DEL-SXR,DEL,SXR,IndiGo,IndiGo,6E 727,10:25,12:05,100,1 hr 40 min,Economy,20362.0,,,True,69cb9aa0963e
SCR_GF_1789021611_001,2026-09-10 11:56:46,2026-09-25,15,google_flights,DEL,SXR,DEL-SXR,DEL,SXR,IndiGo,IndiGo,6E 200,12:40 PM,2:05 PM,85,1 hr 25 min,Economy,6846.0,,,True,f39846ca9280
SCR_GF_1789021611_002,2026-09-10 11:56:46,2026-09-25,15,google_flights,DEL,SXR,DEL-SXR,DEL,SXR,IndiGo,IndiGo,6E 217,1:40 PM,3:10 PM,90,1 hr 30 min,Economy,6846.0,,,True,028f046a1adc
SCR_GF_1789021611_003,2026-09-10 11:56:46,2026-09-25,15,google_flights,DEL,SXR,DEL-SXR,DEL,SXR,IndiGo,IndiGo,6E 234,2:15 PM,3:45 PM,90,1 hr 30 min,Economy,6846.0,,,True,c2ca79979789
SCR_GF_1789021611_004,2026-09-10 11:56:46,2026-09-25,15,google_flights,DEL,SXR,DEL-SXR,DEL,SXR,Air India,Air India,AI 251,9:50 AM,11:30 AM,100,1 hr 40 min,Economy,7013.0,,,True,b5d53a62eac2
SCR_GF_1789021611_006,2026-09-10 11:56:46,2026-09-25,15,google_flights,DEL,SXR,DEL-SXR,DEL,SXR,IndiGo,IndiGo,6E 285,7:40 AM,9:05 AM,85,1 hr 25 min,Economy,6846.0,,,True,d94e8aad57f4
SCR_GF_1789021611_007,2026-09-10 11:56:46,2026-09-25,15,google_flights,DEL,SXR,DEL-SXR,DEL,SXR,IndiGo,IndiGo,6E 302,8:25 AM,9:45 AM,80,1 hr 20 min,Economy,6846.0,,,True,58d92683e783
SCR_GF_1789021612_008,2026-09-10 11:56:46,2026-09-25,15,google_flights,DEL,SXR,DEL-SXR,DEL,SXR,IndiGo,IndiGo,6E 319,9:45 AM,11:20 AM,95,1 hr 35 min,Economy,6846.0,,,True,5b329f60c250
SCR_GF_1789021612_009,2026-09-10 11:56:46,2026-09-25,15,google_flights,DEL,SXR,DEL-SXR,DEL,SXR,Air India,Air India,AI 336,6:40 AM,8:10 AM,90,1 hr 30 min,Economy,7013.0,,,True,861ca2f775ba
SCR_GF_1789021612_010,2026-09-10 11:56:46,2026-09-25,15,google_flights,DEL,SXR,DEL-SXR,DEL,SXR,Air India,Air India,AI 353,7:25 AM,9:10 AM,105,1 hr 45 min,Economy,7013.0,,,True,58ef285e7a0c
SCR_GF_1789021612_011,2026-09-10 11:56:46,2026-09-25,15,google_flights,DEL,SXR,DEL-SXR,DEL,SXR,IndiGo,IndiGo,6E 370,11:20 AM,12:35 PM,75,1 hr 15 min,Economy,7948.0,,,True,1e5288bfb404
SCR_GF_1789021612_012,2026-09-10 11:56:46,2026-09-25,15,google_flights,DEL,SXR,DEL-SXR,DEL,SXR,Air India,Air India,AI 387,11:30 AM,1:05 PM,95,1 hr 35 min,Economy,8304.0,,,True,da55ea946e00
SCR_GF_1789021612_013,2026-09-10 11:56:46,2026-09-25,15,google_flights,DEL,SXR,DEL-SXR,DEL,SXR,SpiceJet,SpiceJet,QP 404,11:30 AM,12:55 PM,85,1 hr 25 min,Economy,9412.0,,,True,87b528bf48ec
SCR_GF_1789021612_014,2026-09-10 11:56:46,2026-09-25,15,google_flights,DEL,SXR,DEL-SXR,DEL,SXR,SpiceJet,SpiceJet,QP 421,10:25 AM,12:05 PM,100,1 hr 40 min,Economy,16850.0,,,True,8ad60c1e0ded
SCR_GF_1789021612_017,2026-09-10 11:56:46,2026-09-25,15,google_flights,DEL,SXR,DEL-SXR,DEL,SXR,IndiGo,IndiGo,6E 472,12:40,2:05,85,1 hr 25 min,Economy,6846.0,,,True,3cb0f0971f30
SCR_GF_1789021612_018,2026-09-10 11:56:46,2026-09-25,15,google_flights,DEL,SXR,DEL-SXR,DEL,SXR,IndiGo,IndiGo,6E 489,1:40,3:10,90,1 hr 30 min,Economy,6846.0,,,True,83391162dd1d
SCR_GF_1789021612_019,2026-09-10 11:56:46,2026-09-25,15,google_flights,DEL,SXR,DEL-SXR,DEL,SXR,IndiGo,IndiGo,6E 506,2:15,3:45,90,1 hr 30 min,Economy,6846.0,,,True,7f40066a5ac7
SCR_GF_1789021612_020,2026-09-10 11:56:46,2026-09-25,15,google_flights,DEL,SXR,DEL-SXR,DEL,SXR,IndiGo,IndiGo,6E 523,9:50,11:30,100,1 hr 40 min,Economy,7013.0,,,True,faf836fe04ee
SCR_GF_1789021612_022,2026-09-10 11:56:46,2026-09-25,15,google_flights,DEL,SXR,DEL-SXR,DEL,SXR,IndiGo,IndiGo,6E 557,7:40,9:05,85,1 hr 25 min,Economy,6846.0,,,True,84ea97729b87
SCR_GF_1789021612_023,2026-09-10 11:56:46,2026-09-25,15,google_flights,DEL,SXR,DEL-SXR,DEL,SXR,IndiGo,IndiGo,6E 574,8:25,9:45,80,1 hr 20 min,Economy,6846.0,,,True,e08f4a217697
SCR_GF_1789021612_024,2026-09-10 11:56:46,2026-09-25,15,google_flights,DEL,SXR,DEL-SXR,DEL,SXR,IndiGo,IndiGo,6E 591,9:45,11:20,95,1 hr 35 min,Economy,6846.0,,,True,e7cbe1e4bcff
SCR_GF_1789021612_025,2026-09-10 11:56:46,2026-09-25,15,google_flights,DEL,SXR,DEL-SXR,DEL,SXR,IndiGo,IndiGo,6E 608,6:40,8:10,90,1 hr 30 min,Economy,7013.0,,,True,e0b68d2d4387
SCR_GF_1789021612_026,2026-09-10 11:56:46,2026-09-25,15,google_flights,DEL,SXR,DEL-SXR,DEL,SXR,IndiGo,IndiGo,6E 625,7:25,9:10,105,1 hr 45 min,Economy,7013.0,,,True,9596058ba49b
SCR_GF_1789021612_027,2026-09-10 11:56:46,2026-09-25,15,google_flights,DEL,SXR,DEL-SXR,DEL,SXR,IndiGo,IndiGo,6E 642,11:20,12:35,75,1 hr 15 min,Economy,7948.0,,,True,a0b4a38cd335
SCR_GF_1789021612_028,2026-09-10 11:56:46,2026-09-25,15,google_flights,DEL,SXR,DEL-SXR,DEL,SXR,IndiGo,IndiGo,6E 659,11:30,1:05,95,1 hr 35 min,Economy,8304.0,,,True,5beb4ddc9f05
SCR_GF_1789021612_029,2026-09-10 11:56:46,2026-09-25,15,google_flights,DEL,SXR,DEL-SXR,DEL,SXR,IndiGo,IndiGo,6E 676,11:30,12:55,85,1 hr 25 min,Economy,9412.0,,,True,fa94393ea771
SCR_GF_1789021612_030,2026-09-10 11:56:46,2026-09-25,15,google_flights,DEL,SXR,DEL-SXR,DEL,SXR,IndiGo,IndiGo,6E 693,10:25,12:05,100,1 hr 40 min,Economy,16850.0,,,True,097c9e919117
SCR_GF_1789021618_001,2026-09-10 11:56:53,2026-09-11,1,google_flights,DEL,PAT,DEL-PAT,DEL,PAT,Air India,Air India,AI 200,11:15 AM,12:55 PM,100,1 hr 40 min,Economy,6249.0,,,True,727ba5c7ea3d
SCR_GF_1789021618_002,2026-09-10 11:56:53,2026-09-11,1,google_flights,DEL,PAT,DEL-PAT,DEL,PAT,Air India,Air India,AI 217,2:40 PM,4:25 PM,105,1 hr 45 min,Economy,6249.0,,,True,6acd9c7dc53b
SCR_GF_1789021618_003,2026-09-10 11:56:53,2026-09-11,1,google_flights,DEL,PAT,DEL-PAT,DEL,PAT,IndiGo,IndiGo,6E 234,4:20 PM,6:00 PM,100,1 hr 40 min,Economy,6321.0,,,True,1532a9f66281
SCR_GF_1789021618_004,2026-09-10 11:56:53,2026-09-11,1,google_flights,DEL,PAT,DEL-PAT,DEL,PAT,IndiGo,IndiGo,6E 251,11:10 AM,5:45 PM,395,6 hr 35 min,Economy,6029.0,,,False,3a60d9ef79a6
SCR_GF_1789021618_005,2026-09-10 11:56:53,2026-09-11,1,google_flights,DEL,PAT,DEL-PAT,DEL,PAT,Air India,Air India,AI 268,6:55 PM,8:45 PM,110,1 hr 50 min,Economy,6249.0,,,True,ada4a1e9160f
SCR_GF_1789021618_006,2026-09-10 11:56:53,2026-09-11,1,google_flights,DEL,PAT,DEL-PAT,DEL,PAT,IndiGo,IndiGo,6E 285,6:40 PM,8:20 PM,100,1 hr 40 min,Economy,6321.0,,,True,42979c3262c9
SCR_GF_1789021618_007,2026-09-10 11:56:53,2026-09-11,1,google_flights,DEL,PAT,DEL-PAT,DEL,PAT,IndiGo,IndiGo,6E 302,7:55 PM,9:35 PM,100,1 hr 40 min,Economy,6321.0,,,True,7e39026e6599
SCR_GF_1789021618_008,2026-09-10 11:56:53,2026-09-11,1,google_flights,DEL,PAT,DEL-PAT,DEL,PAT,IndiGo,IndiGo,6E 319,6:20 AM,7:55 AM,95,1 hr 35 min,Economy,6531.0,,,True,51840ee67d81
SCR_GF_1789021618_009,2026-09-10 11:56:53,2026-09-11,1,google_flights,DEL,PAT,DEL-PAT,DEL,PAT,IndiGo,IndiGo,6E 336,11:10 AM,12:45 PM,95,1 hr 35 min,Economy,6531.0,,,True,9460b0417c54
SCR_GF_1789021618_010,2026-09-10 11:56:53,2026-09-11,1,google_flights,DEL,PAT,DEL-PAT,DEL,PAT,IndiGo,IndiGo,6E 353,1:35 PM,3:15 PM,100,1 hr 40 min,Economy,6531.0,,,True,d62aa8138240
SCR_GF_1789021618_011,2026-09-10 11:56:53,2026-09-11,1,google_flights,DEL,PAT,DEL-PAT,DEL,PAT,Air India,Air India,AI 370,6:10 AM,7:55 AM,105,1 hr 45 min,Economy,6543.0,,,True,a85628c6bcee
SCR_GF_1789021618_012,2026-09-10 11:56:53,2026-09-11,1,google_flights,DEL,PAT,DEL-PAT,DEL,PAT,Air India,Air India,AI 387,4:45 PM,6:30 PM,105,1 hr 45 min,Economy,6688.0,,,True,f5ac20601483
SCR_GF_1789021618_013,2026-09-10 11:56:53,2026-09-11,1,google_flights,DEL,PAT,DEL-PAT,DEL,PAT,Air India,Air India,AI 404,1:05 PM,2:50 PM,105,1 hr 45 min,Economy,6861.0,,,True,002cea346089
SCR_GF_1789021618_014,2026-09-10 11:56:53,2026-09-11,1,google_flights,DEL,PAT,DEL-PAT,DEL,PAT,SpiceJet,SpiceJet,QP 421,7:00 PM,9:05 PM,125,2 hr 5 min,Economy,6865.0,,,True,0fa44c6156e1
SCR_GF_1789021618_015,2026-09-10 11:56:53,2026-09-11,1,google_flights,DEL,PAT,DEL-PAT,DEL,PAT,Air India,Air India,AI 438,8:00 AM,9:40 AM,100,1 hr 40 min,Economy,7617.0,,,True,a92555e3c875
SCR_GF_1789021618_016,2026-09-10 11:56:53,2026-09-11,1,google_flights,DEL,PAT,DEL-PAT,DEL,PAT,IndiGo,IndiGo,6E 455,11:15,12:55,100,1 hr 40 min,Economy,6249.0,,,True,eec4164d4719
SCR_GF_1789021618_017,2026-09-10 11:56:53,2026-09-11,1,google_flights,DEL,PAT,DEL-PAT,DEL,PAT,IndiGo,IndiGo,6E 472,2:40,4:25,105,1 hr 45 min,Economy,6249.0,,,True,f685be78bc30
SCR_GF_1789021618_018,2026-09-10 11:56:53,2026-09-11,1,google_flights,DEL,PAT,DEL-PAT,DEL,PAT,IndiGo,IndiGo,6E 489,4:20,6:00,100,1 hr 40 min,Economy,6321.0,,,True,cc87c5cdcdad
SCR_GF_1789021618_019,2026-09-10 11:56:53,2026-09-11,1,google_flights,DEL,PAT,DEL-PAT,DEL,PAT,IndiGo,IndiGo,6E 506,11:10,5:45,395,6 hr 35 min,Economy,6029.0,,,False,47b5615bd7ed
SCR_GF_1789021618_020,2026-09-10 11:56:53,2026-09-11,1,google_flights,DEL,PAT,DEL-PAT,DEL,PAT,IndiGo,IndiGo,6E 523,6:55,8:45,110,1 hr 50 min,Economy,6249.0,,,True,9b11a91b0c73
SCR_GF_1789021618_021,2026-09-10 11:56:53,2026-09-11,1,google_flights,DEL,PAT,DEL-PAT,DEL,PAT,IndiGo,IndiGo,6E 540,6:40,8:20,100,1 hr 40 min,Economy,6321.0,,,True,cd89a33a8069
SCR_GF_1789021618_022,2026-09-10 11:56:53,2026-09-11,1,google_flights,DEL,PAT,DEL-PAT,DEL,PAT,IndiGo,IndiGo,6E 557,7:55,9:35,100,1 hr 40 min,Economy,6321.0,,,True,0895e6810042
SCR_GF_1789021619_023,2026-09-10 11:56:53,2026-09-11,1,google_flights,DEL,PAT,DEL-PAT,DEL,PAT,IndiGo,IndiGo,6E 574,6:20,7:55,95,1 hr 35 min,Economy,6531.0,,,True,4ab9b3081d48
SCR_GF_1789021619_024,2026-09-10 11:56:53,2026-09-11,1,google_flights,DEL,PAT,DEL-PAT,DEL,PAT,IndiGo,IndiGo,6E 591,11:10,12:45,95,1 hr 35 min,Economy,6531.0,,,True,300778fca54d
SCR_GF_1789021619_025,2026-09-10 11:56:53,2026-09-11,1,google_flights,DEL,PAT,DEL-PAT,DEL,PAT,IndiGo,IndiGo,6E 608,1:35,3:15,100,1 hr 40 min,Economy,6531.0,,,True,2d5871b5409d
SCR_GF_1789021619_026,2026-09-10 11:56:53,2026-09-11,1,google_flights,DEL,PAT,DEL-PAT,DEL,PAT,IndiGo,IndiGo,6E 625,6:10,7:55,105,1 hr 45 min,Economy,6543.0,,,True,9f7bee7bc06a
SCR_GF_1789021619_027,2026-09-10 11:56:53,2026-09-11,1,google_flights,DEL,PAT,DEL-PAT,DEL,PAT,IndiGo,IndiGo,6E 642,4:45,6:30,105,1 hr 45 min,Economy,6688.0,,,True,164c33d9aabb
SCR_GF_1789021619_028,2026-09-10 11:56:53,2026-09-11,1,google_flights,DEL,PAT,DEL-PAT,DEL,PAT,IndiGo,IndiGo,6E 659,1:05,2:50,105,1 hr 45 min,Economy,6861.0,,,True,770eefc38f12
SCR_GF_1789021619_029,2026-09-10 11:56:53,2026-09-11,1,google_flights,DEL,PAT,DEL-PAT,DEL,PAT,IndiGo,IndiGo,6E 676,7:00,9:05,125,2 hr 5 min,Economy,6865.0,,,True,91c76fdb27e4
SCR_GF_1789021619_030,2026-09-10 11:56:53,2026-09-11,1,google_flights,DEL,PAT,DEL-PAT,DEL,PAT,IndiGo,IndiGo,6E 693,8:00,9:40,100,1 hr 40 min,Economy,7617.0,,,True,f8cf4d6569a2
SCR_GF_1789021625_001,2026-09-10 11:56:59,2026-09-12,2,google_flights,DEL,PAT,DEL-PAT,DEL,PAT,Air India,Air India,AI 200,6:55 PM,8:45 PM,110,1 hr 50 min,Economy,6249.0,,,True,c56478a63013
SCR_GF_1789021625_002,2026-09-10 11:56:59,2026-09-12,2,google_flights,DEL,PAT,DEL-PAT,DEL,PAT,IndiGo,IndiGo,6E 217,1:35 PM,3:15 PM,100,1 hr 40 min,Economy,6321.0,,,True,04fbb0bd43dc
SCR_GF_1789021625_003,2026-09-10 11:56:59,2026-09-12,2,google_flights,DEL,PAT,DEL-PAT,DEL,PAT,IndiGo,IndiGo,6E 234,4:20 PM,6:00 PM,100,1 hr 40 min,Economy,6321.0,,,True,819a218eb742
SCR_GF_1789021625_004,2026-09-10 11:56:59,2026-09-12,2,google_flights,DEL,PAT,DEL-PAT,DEL,PAT,IndiGo,IndiGo,6E 251,1:20 PM,5:45 PM,265,4 hr 25 min,Economy,6217.0,,,False,a102fa19e208
SCR_GF_1789021625_005,2026-09-10 11:56:59,2026-09-12,2,google_flights,DEL,PAT,DEL-PAT,DEL,PAT,Air India,Air India,AI 268,6:10 AM,7:55 AM,105,1 hr 45 min,Economy,6249.0,,,True,74a35376e854
SCR_GF_1789021625_006,2026-09-10 11:56:59,2026-09-12,2,google_flights,DEL,PAT,DEL-PAT,DEL,PAT,IndiGo,IndiGo,6E 285,6:20 AM,7:55 AM,95,1 hr 35 min,Economy,6321.0,,,True,6b36e66efb24
SCR_GF_1789021625_007,2026-09-10 11:56:59,2026-09-12,2,google_flights,DEL,PAT,DEL-PAT,DEL,PAT,IndiGo,IndiGo,6E 302,6:40 PM,8:20 PM,100,1 hr 40 min,Economy,6321.0,,,True,e404e2e3b9ee
SCR_GF_1789021625_008,2026-09-10 11:56:59,2026-09-12,2,google_flights,DEL,PAT,DEL-PAT,DEL,PAT,IndiGo,IndiGo,6E 319,7:55 PM,9:35 PM,100,1 hr 40 min,Economy,6321.0,,,True,e44e5ffd5e64
SCR_GF_1789021625_009,2026-09-10 11:56:59,2026-09-12,2,google_flights,DEL,PAT,DEL-PAT,DEL,PAT,Air India,Air India,AI 336,8:00 AM,9:40 AM,100,1 hr 40 min,Economy,6478.0,,,True,bf7a65dc46d6
SCR_GF_1789021625_010,2026-09-10 11:56:59,2026-09-12,2,google_flights,DEL,PAT,DEL-PAT,DEL,PAT,IndiGo,IndiGo,6E 353,11:10 AM,12:45 PM,95,1 hr 35 min,Economy,6531.0,,,True,8c4d1200fe46
SCR_GF_1789021625_011,2026-09-10 11:56:59,2026-09-12,2,google_flights,DEL,PAT,DEL-PAT,DEL,PAT,Air India,Air India,AI 370,11:15 AM,12:55 PM,100,1 hr 40 min,Economy,6543.0,,,True,21c49538eea7
SCR_GF_1789021625_012,2026-09-10 11:56:59,2026-09-12,2,google_flights,DEL,PAT,DEL-PAT,DEL,PAT,Air India,Air India,AI 387,2:40 PM,4:25 PM,105,1 hr 45 min,Economy,6543.0,,,True,d59c573b6656
SCR_GF_1789021625_013,2026-09-10 11:56:59,2026-09-12,2,google_flights,DEL,PAT,DEL-PAT,DEL,PAT,SpiceJet,SpiceJet,QP 404,7:00 PM,9:05 PM,125,2 hr 5 min,Economy,6606.0,,,True,bdd17926bd7f
SCR_GF_1789021625_014,2026-09-10 11:56:59,2026-09-12,2,google_flights,DEL,PAT,DEL-PAT,DEL,PAT,Air India,Air India,AI 421,4:45 PM,6:30 PM,105,1 hr 45 min,Economy,6688.0,,,True,28469123a46c
SCR_GF_1789021625_015,2026-09-10 11:56:59,2026-09-12,2,google_flights,DEL,PAT,DEL-PAT,DEL,PAT,Air India,Air India,AI 438,1:05 PM,2:50 PM,105,1 hr 45 min,Economy,7554.0,,,True,4f0db902e211
SCR_GF_1789021625_016,2026-09-10 11:56:59,2026-09-12,2,google_flights,DEL,PAT,DEL-PAT,DEL,PAT,IndiGo,IndiGo,6E 455,6:55,8:45,110,1 hr 50 min,Economy,6249.0,,,True,053362d8e696
SCR_GF_1789021625_017,2026-09-10 11:56:59,2026-09-12,2,google_flights,DEL,PAT,DEL-PAT,DEL,PAT,IndiGo,IndiGo,6E 472,1:35,3:15,100,1 hr 40 min,Economy,6321.0,,,True,97be92c1612d
SCR_GF_1789021625_018,2026-09-10 11:56:59,2026-09-12,2,google_flights,DEL,PAT,DEL-PAT,DEL,PAT,IndiGo,IndiGo,6E 489,4:20,6:00,100,1 hr 40 min,Economy,6321.0,,,True,59c4665f619d
SCR_GF_1789021625_019,2026-09-10 11:56:59,2026-09-12,2,google_flights,DEL,PAT,DEL-PAT,DEL,PAT,IndiGo,IndiGo,6E 506,1:20,5:45,265,4 hr 25 min,Economy,6217.0,,,False,bedf774725fc
SCR_GF_1789021625_020,2026-09-10 11:56:59,2026-09-12,2,google_flights,DEL,PAT,DEL-PAT,DEL,PAT,IndiGo,IndiGo,6E 523,6:10,7:55,105,1 hr 45 min,Economy,6249.0,,,True,12b2cb5b90ca
SCR_GF_1789021625_021,2026-09-10 11:56:59,2026-09-12,2,google_flights,DEL,PAT,DEL-PAT,DEL,PAT,IndiGo,IndiGo,6E 540,6:20,7:55,95,1 hr 35 min,Economy,6321.0,,,True,22bcb61a4fb0
SCR_GF_1789021625_022,2026-09-10 11:56:59,2026-09-12,2,google_flights,DEL,PAT,DEL-PAT,DEL,PAT,IndiGo,IndiGo,6E 557,6:40,8:20,100,1 hr 40 min,Economy,6321.0,,,True,808134e1634c
SCR_GF_1789021625_023,2026-09-10 11:56:59,2026-09-12,2,google_flights,DEL,PAT,DEL-PAT,DEL,PAT,IndiGo,IndiGo,6E 574,7:55,9:35,100,1 hr 40 min,Economy,6321.0,,,True,577e447896cb
SCR_GF_1789021625_024,2026-09-10 11:56:59,2026-09-12,2,google_flights,DEL,PAT,DEL-PAT,DEL,PAT,IndiGo,IndiGo,6E 591,8:00,9:40,100,1 hr 40 min,Economy,6478.0,,,True,8c4a2f1d41bd
SCR_GF_1789021625_025,2026-09-10 11:56:59,2026-09-12,2,google_flights,DEL,PAT,DEL-PAT,DEL,PAT,IndiGo,IndiGo,6E 608,11:10,12:45,95,1 hr 35 min,Economy,6531.0,,,True,ed2d4c53693c
SCR_GF_1789021625_026,2026-09-10 11:56:59,2026-09-12,2,google_flights,DEL,PAT,DEL-PAT,DEL,PAT,IndiGo,IndiGo,6E 625,11:15,12:55,100,1 hr 40 min,Economy,6543.0,,,True,c8bd44e3bb69
SCR_GF_1789021625_027,2026-09-10 11:56:59,2026-09-12,2,google_flights,DEL,PAT,DEL-PAT,DEL,PAT,IndiGo,IndiGo,6E 642,2:40,4:25,105,1 hr 45 min,Economy,6543.0,,,True,ba5934b32310
SCR_GF_1789021625_028,2026-09-10 11:56:59,2026-09-12,2,google_flights,DEL,PAT,DEL-PAT,DEL,PAT,IndiGo,IndiGo,6E 659,7:00,9:05,125,2 hr 5 min,Economy,6606.0,,,True,c40eaf240f24
SCR_GF_1789021625_029,2026-09-10 11:56:59,2026-09-12,2,google_flights,DEL,PAT,DEL-PAT,DEL,PAT,IndiGo,IndiGo,6E 676,4:45,6:30,105,1 hr 45 min,Economy,6688.0,,,True,2ac0cf7a9769
SCR_GF_1789021625_030,2026-09-10 11:56:59,2026-09-12,2,google_flights,DEL,PAT,DEL-PAT,DEL,PAT,IndiGo,IndiGo,6E 693,1:05,2:50,105,1 hr 45 min,Economy,7554.0,,,True,5f2608c7ce2c
SCR_GF_1789021631_001,2026-09-10 11:57:06,2026-09-17,7,google_flights,DEL,PAT,DEL-PAT,DEL,PAT,Air India,Air India,AI 200,11:15 AM,12:55 PM,100,1 hr 40 min,Economy,6249.0,,,True,e094f538cc80
SCR_GF_1789021631_002,2026-09-10 11:57:06,2026-09-17,7,google_flights,DEL,PAT,DEL-PAT,DEL,PAT,Air India,Air India,AI 217,2:40 PM,4:25 PM,105,1 hr 45 min,Economy,6249.0,,,True,5f31be02dd27
SCR_GF_1789021631_003,2026-09-10 11:57:06,2026-09-17,7,google_flights,DEL,PAT,DEL-PAT,DEL,PAT,IndiGo,IndiGo,6E 234,11:10 AM,12:45 PM,95,1 hr 35 min,Economy,6321.0,,,True,aab15ce54698
SCR_GF_1789021631_004,2026-09-10 11:57:06,2026-09-17,7,google_flights,DEL,PAT,DEL-PAT,DEL,PAT,IndiGo,IndiGo,6E 251,1:35 PM,3:15 PM,100,1 hr 40 min,Economy,6321.0,,,True,471d1a3f3005
SCR_GF_1789021631_005,2026-09-10 11:57:06,2026-09-17,7,google_flights,DEL,PAT,DEL-PAT,DEL,PAT,Air India,Air India,AI 268,6:10 AM,7:55 AM,105,1 hr 45 min,Economy,6249.0,,,True,99737899dddf
SCR_GF_1789021631_006,2026-09-10 11:57:06,2026-09-17,7,google_flights,DEL,PAT,DEL-PAT,DEL,PAT,Air India,Air India,AI 285,6:55 PM,8:45 PM,110,1 hr 50 min,Economy,6249.0,,,True,dbab03591ac8
SCR_GF_1789021631_007,2026-09-10 11:57:06,2026-09-17,7,google_flights,DEL,PAT,DEL-PAT,DEL,PAT,IndiGo,IndiGo,6E 302,6:20 AM,7:55 AM,95,1 hr 35 min,Economy,6321.0,,,True,e739c2c98fa5
SCR_GF_1789021631_008,2026-09-10 11:57:06,2026-09-17,7,google_flights,DEL,PAT,DEL-PAT,DEL,PAT,IndiGo,IndiGo,6E 319,4:20 PM,6:00 PM,100,1 hr 40 min,Economy,6321.0,,,True,f3c0e8906f98
SCR_GF_1789021631_009,2026-09-10 11:57:06,2026-09-17,7,google_flights,DEL,PAT,DEL-PAT,DEL,PAT,IndiGo,IndiGo,6E 336,6:40 PM,8:20 PM,100,1 hr 40 min,Economy,6321.0,,,True,d1dd5ba046ef
SCR_GF_1789021631_010,2026-09-10 11:57:06,2026-09-17,7,google_flights,DEL,PAT,DEL-PAT,DEL,PAT,IndiGo,IndiGo,6E 353,7:55 PM,9:35 PM,100,1 hr 40 min,Economy,6321.0,,,True,0073ae68b141
SCR_GF_1789021631_011,2026-09-10 11:57:06,2026-09-17,7,google_flights,DEL,PAT,DEL-PAT,DEL,PAT,Air India,Air India,AI 370,8:00 AM,9:40 AM,100,1 hr 40 min,Economy,6478.0,,,True,9d656a091993
SCR_GF_1789021631_012,2026-09-10 11:57:06,2026-09-17,7,google_flights,DEL,PAT,DEL-PAT,DEL,PAT,Air India,Air India,AI 387,1:05 PM,2:50 PM,105,1 hr 45 min,Economy,6478.0,,,True,beb7afcce7a3
SCR_GF_1789021631_013,2026-09-10 11:57:06,2026-09-17,7,google_flights,DEL,PAT,DEL-PAT,DEL,PAT,Air India,Air India,AI 404,4:45 PM,6:30 PM,105,1 hr 45 min,Economy,6478.0,,,True,3800f0bcd0a5
SCR_GF_1789021631_014,2026-09-10 11:57:06,2026-09-17,7,google_flights,DEL,PAT,DEL-PAT,DEL,PAT,SpiceJet,SpiceJet,QP 421,7:00 PM,9:05 PM,125,2 hr 5 min,Economy,6606.0,,,True,bc3a79ec55ec
SCR_GF_1789021631_015,2026-09-10 11:57:06,2026-09-17,7,google_flights,DEL,PAT,DEL-PAT,DEL,PAT,IndiGo,IndiGo,6E 438,11:15,12:55,100,1 hr 40 min,Economy,6249.0,,,True,fcb39e2dd1cf
SCR_GF_1789021631_016,2026-09-10 11:57:06,2026-09-17,7,google_flights,DEL,PAT,DEL-PAT,DEL,PAT,IndiGo,IndiGo,6E 455,2:40,4:25,105,1 hr 45 min,Economy,6249.0,,,True,c3237a4574cb
SCR_GF_1789021631_017,2026-09-10 11:57:06,2026-09-17,7,google_flights,DEL,PAT,DEL-PAT,DEL,PAT,IndiGo,IndiGo,6E 472,11:10,12:45,95,1 hr 35 min,Economy,6321.0,,,True,7fb1c570a874
SCR_GF_1789021631_018,2026-09-10 11:57:06,2026-09-17,7,google_flights,DEL,PAT,DEL-PAT,DEL,PAT,IndiGo,IndiGo,6E 489,1:35,3:15,100,1 hr 40 min,Economy,6321.0,,,True,1f196251218d
SCR_GF_1789021631_019,2026-09-10 11:57:06,2026-09-17,7,google_flights,DEL,PAT,DEL-PAT,DEL,PAT,IndiGo,IndiGo,6E 506,6:10,7:55,105,1 hr 45 min,Economy,6249.0,,,True,945b8bed04e4
SCR_GF_1789021631_020,2026-09-10 11:57:06,2026-09-17,7,google_flights,DEL,PAT,DEL-PAT,DEL,PAT,IndiGo,IndiGo,6E 523,6:55,8:45,110,1 hr 50 min,Economy,6249.0,,,True,c0b19ebaacb5
SCR_GF_1789021631_021,2026-09-10 11:57:06,2026-09-17,7,google_flights,DEL,PAT,DEL-PAT,DEL,PAT,IndiGo,IndiGo,6E 540,6:20,7:55,95,1 hr 35 min,Economy,6321.0,,,True,0f642c93faac
SCR_GF_1789021631_022,2026-09-10 11:57:06,2026-09-17,7,google_flights,DEL,PAT,DEL-PAT,DEL,PAT,IndiGo,IndiGo,6E 557,4:20,6:00,100,1 hr 40 min,Economy,6321.0,,,True,e1c9cee90a9a
SCR_GF_1789021631_023,2026-09-10 11:57:06,2026-09-17,7,google_flights,DEL,PAT,DEL-PAT,DEL,PAT,IndiGo,IndiGo,6E 574,6:40,8:20,100,1 hr 40 min,Economy,6321.0,,,True,1c60cc341218
SCR_GF_1789021631_024,2026-09-10 11:57:06,2026-09-17,7,google_flights,DEL,PAT,DEL-PAT,DEL,PAT,IndiGo,IndiGo,6E 591,7:55,9:35,100,1 hr 40 min,Economy,6321.0,,,True,5374ec209c15
SCR_GF_1789021631_025,2026-09-10 11:57:06,2026-09-17,7,google_flights,DEL,PAT,DEL-PAT,DEL,PAT,IndiGo,IndiGo,6E 608,8:00,9:40,100,1 hr 40 min,Economy,6478.0,,,True,58ab36eab350
SCR_GF_1789021632_026,2026-09-10 11:57:06,2026-09-17,7,google_flights,DEL,PAT,DEL-PAT,DEL,PAT,IndiGo,IndiGo,6E 625,1:05,2:50,105,1 hr 45 min,Economy,6478.0,,,True,7d8397096a85
SCR_GF_1789021632_027,2026-09-10 11:57:06,2026-09-17,7,google_flights,DEL,PAT,DEL-PAT,DEL,PAT,IndiGo,IndiGo,6E 642,4:45,6:30,105,1 hr 45 min,Economy,6478.0,,,True,26fbc615229c
SCR_GF_1789021632_028,2026-09-10 11:57:06,2026-09-17,7,google_flights,DEL,PAT,DEL-PAT,DEL,PAT,IndiGo,IndiGo,6E 659,7:00,9:05,125,2 hr 5 min,Economy,6606.0,,,True,faecbd0109f0
SCR_GF_1789021637_001,2026-09-10 11:57:12,2026-09-25,15,google_flights,DEL,PAT,DEL-PAT,DEL,PAT,Air India,Air India,AI 200,11:15 AM,12:55 PM,100,1 hr 40 min,Economy,6249.0,,,True,2edc7340ac87
SCR_GF_1789021637_002,2026-09-10 11:57:12,2026-09-25,15,google_flights,DEL,PAT,DEL-PAT,DEL,PAT,Air India,Air India,AI 217,2:40 PM,4:25 PM,105,1 hr 45 min,Economy,6249.0,,,True,5f1c232c40f7
SCR_GF_1789021637_003,2026-09-10 11:57:12,2026-09-25,15,google_flights,DEL,PAT,DEL-PAT,DEL,PAT,IndiGo,IndiGo,6E 234,1:35 PM,3:15 PM,100,1 hr 40 min,Economy,6321.0,,,True,fe0d78b6b2a4
SCR_GF_1789021637_004,2026-09-10 11:57:12,2026-09-25,15,google_flights,DEL,PAT,DEL-PAT,DEL,PAT,IndiGo,IndiGo,6E 251,1:20 PM,5:45 PM,265,4 hr 25 min,Economy,6217.0,,,False,2e6eba074397
SCR_GF_1789021637_005,2026-09-10 11:57:12,2026-09-25,15,google_flights,DEL,PAT,DEL-PAT,DEL,PAT,Air India,Air India,AI 268,6:10 AM,7:55 AM,105,1 hr 45 min,Economy,6249.0,,,True,5ad17a9a3015
SCR_GF_1789021637_006,2026-09-10 11:57:12,2026-09-25,15,google_flights,DEL,PAT,DEL-PAT,DEL,PAT,IndiGo,IndiGo,6E 285,6:20 AM,7:55 AM,95,1 hr 35 min,Economy,6321.0,,,True,cce2c91e19a4
SCR_GF_1789021637_007,2026-09-10 11:57:12,2026-09-25,15,google_flights,DEL,PAT,DEL-PAT,DEL,PAT,IndiGo,IndiGo,6E 302,4:20 PM,6:00 PM,100,1 hr 40 min,Economy,6321.0,,,True,041a472a0256
SCR_GF_1789021637_008,2026-09-10 11:57:12,2026-09-25,15,google_flights,DEL,PAT,DEL-PAT,DEL,PAT,IndiGo,IndiGo,6E 319,7:55 PM,9:35 PM,100,1 hr 40 min,Economy,6321.0,,,True,0935460431c3
SCR_GF_1789021637_009,2026-09-10 11:57:12,2026-09-25,15,google_flights,DEL,PAT,DEL-PAT,DEL,PAT,Air India,Air India,AI 336,8:00 AM,9:40 AM,100,1 hr 40 min,Economy,6478.0,,,True,4f355743a1e7
SCR_GF_1789021637_010,2026-09-10 11:57:12,2026-09-25,15,google_flights,DEL,PAT,DEL-PAT,DEL,PAT,Air India,Air India,AI 353,4:45 PM,6:30 PM,105,1 hr 45 min,Economy,6478.0,,,True,db61cd8e5632
SCR_GF_1789021637_011,2026-09-10 11:57:12,2026-09-25,15,google_flights,DEL,PAT,DEL-PAT,DEL,PAT,IndiGo,IndiGo,6E 370,11:10 AM,12:45 PM,95,1 hr 35 min,Economy,6531.0,,,True,a55e1cbec959
SCR_GF_1789021637_012,2026-09-10 11:57:12,2026-09-25,15,google_flights,DEL,PAT,DEL-PAT,DEL,PAT,Air India,Air India,AI 387,6:55 PM,8:45 PM,110,1 hr 50 min,Economy,6543.0,,,True,1bfff2ff6a9f
SCR_GF_1789021637_013,2026-09-10 11:57:12,2026-09-25,15,google_flights,DEL,PAT,DEL-PAT,DEL,PAT,IndiGo,IndiGo,6E 404,6:40 PM,8:20 PM,100,1 hr 40 min,Economy,6846.0,,,True,0c2e4db199ec
SCR_GF_1789021637_014,2026-09-10 11:57:12,2026-09-25,15,google_flights,DEL,PAT,DEL-PAT,DEL,PAT,Air India,Air India,AI 421,1:05 PM,2:50 PM,105,1 hr 45 min,Economy,6861.0,,,True,102bbbc4b74e
SCR_GF_1789021637_015,2026-09-10 11:57:12,2026-09-25,15,google_flights,DEL,PAT,DEL-PAT,DEL,PAT,SpiceJet,SpiceJet,QP 438,7:00 PM,9:05 PM,125,2 hr 5 min,Economy,6971.0,,,True,89f3197048f1
SCR_GF_1789021637_016,2026-09-10 11:57:12,2026-09-25,15,google_flights,DEL,PAT,DEL-PAT,DEL,PAT,IndiGo,IndiGo,6E 455,11:15,12:55,100,1 hr 40 min,Economy,6249.0,,,True,b2268f21843f
SCR_GF_1789021637_017,2026-09-10 11:57:12,2026-09-25,15,google_flights,DEL,PAT,DEL-PAT,DEL,PAT,IndiGo,IndiGo,6E 472,2:40,4:25,105,1 hr 45 min,Economy,6249.0,,,True,951735bd0c07
SCR_GF_1789021637_018,2026-09-10 11:57:12,2026-09-25,15,google_flights,DEL,PAT,DEL-PAT,DEL,PAT,IndiGo,IndiGo,6E 489,1:35,3:15,100,1 hr 40 min,Economy,6321.0,,,True,2c564e872e2a
SCR_GF_1789021638_019,2026-09-10 11:57:12,2026-09-25,15,google_flights,DEL,PAT,DEL-PAT,DEL,PAT,IndiGo,IndiGo,6E 506,1:20,5:45,265,4 hr 25 min,Economy,6217.0,,,False,f38eb7c6ec9a
SCR_GF_1789021638_020,2026-09-10 11:57:12,2026-09-25,15,google_flights,DEL,PAT,DEL-PAT,DEL,PAT,IndiGo,IndiGo,6E 523,6:10,7:55,105,1 hr 45 min,Economy,6249.0,,,True,b10d782a5ef5
SCR_GF_1789021638_021,2026-09-10 11:57:12,2026-09-25,15,google_flights,DEL,PAT,DEL-PAT,DEL,PAT,IndiGo,IndiGo,6E 540,6:20,7:55,95,1 hr 35 min,Economy,6321.0,,,True,585d21cbf283
SCR_GF_1789021638_022,2026-09-10 11:57:12,2026-09-25,15,google_flights,DEL,PAT,DEL-PAT,DEL,PAT,IndiGo,IndiGo,6E 557,4:20,6:00,100,1 hr 40 min,Economy,6321.0,,,True,206c0c684843
SCR_GF_1789021638_023,2026-09-10 11:57:12,2026-09-25,15,google_flights,DEL,PAT,DEL-PAT,DEL,PAT,IndiGo,IndiGo,6E 574,7:55,9:35,100,1 hr 40 min,Economy,6321.0,,,True,36b5266f6263
SCR_GF_1789021638_024,2026-09-10 11:57:12,2026-09-25,15,google_flights,DEL,PAT,DEL-PAT,DEL,PAT,IndiGo,IndiGo,6E 591,8:00,9:40,100,1 hr 40 min,Economy,6478.0,,,True,85cc5745ac47
SCR_GF_1789021638_025,2026-09-10 11:57:12,2026-09-25,15,google_flights,DEL,PAT,DEL-PAT,DEL,PAT,IndiGo,IndiGo,6E 608,4:45,6:30,105,1 hr 45 min,Economy,6478.0,,,True,adf7219a8ff8
SCR_GF_1789021638_026,2026-09-10 11:57:12,2026-09-25,15,google_flights,DEL,PAT,DEL-PAT,DEL,PAT,IndiGo,IndiGo,6E 625,11:10,12:45,95,1 hr 35 min,Economy,6531.0,,,True,5e0642941b7a
SCR_GF_1789021638_027,2026-09-10 11:57:12,2026-09-25,15,google_flights,DEL,PAT,DEL-PAT,DEL,PAT,IndiGo,IndiGo,6E 642,6:55,8:45,110,1 hr 50 min,Economy,6543.0,,,True,eb23b8ffb296
SCR_GF_1789021638_028,2026-09-10 11:57:12,2026-09-25,15,google_flights,DEL,PAT,DEL-PAT,DEL,PAT,IndiGo,IndiGo,6E 659,6:40,8:20,100,1 hr 40 min,Economy,6846.0,,,True,62bdf62c115f
SCR_GF_1789021638_029,2026-09-10 11:57:12,2026-09-25,15,google_flights,DEL,PAT,DEL-PAT,DEL,PAT,IndiGo,IndiGo,6E 676,1:05,2:50,105,1 hr 45 min,Economy,6861.0,,,True,ff5e4f46ebba
SCR_GF_1789021638_030,2026-09-10 11:57:12,2026-09-25,15,google_flights,DEL,PAT,DEL-PAT,DEL,PAT,IndiGo,IndiGo,6E 693,7:00,9:05,125,2 hr 5 min,Economy,6971.0,,,True,67d14826d7a9
SCR_GF_1789021643_001,2026-09-10 11:57:18,2026-09-11,1,google_flights,BOM,GOI,BOM-GOI,BOM,GOI,Air India,Air India,AI 200,4:30 PM,5:50 PM,80,1 hr 20 min,Economy,13109.0,,,True,00271f86cd32
SCR_GF_1789021644_002,2026-09-10 11:57:18,2026-09-11,1,google_flights,BOM,GOI,BOM-GOI,BOM,GOI,IndiGo,IndiGo,6E 217,4:40 PM,6:05 PM,85,1 hr 25 min,Economy,16797.0,,,True,913fcb2e1fb6
SCR_GF_1789021644_003,2026-09-10 11:57:18,2026-09-11,1,google_flights,BOM,GOI,BOM-GOI,BOM,GOI,Air India,Air India,AI 234,1:05 PM,2:20 PM,75,1 hr 15 min,Economy,18555.0,,,True,33e218709a77
SCR_GF_1789021644_004,2026-09-10 11:57:18,2026-09-11,1,google_flights,BOM,GOI,BOM-GOI,BOM,GOI,IndiGo,IndiGo,6E 251,10:10 PM,11:30 PM,80,1 hr 20 min,Economy,16797.0,,,True,f315b68df96c
SCR_GF_1789021644_005,2026-09-10 11:57:18,2026-09-11,1,google_flights,BOM,GOI,BOM-GOI,BOM,GOI,Air India,Air India,AI 268,12:25 PM,1:45 PM,80,1 hr 20 min,Economy,17099.0,,,True,f55f57395a7e
SCR_GF_1789021644_006,2026-09-10 11:57:18,2026-09-11,1,google_flights,BOM,GOI,BOM-GOI,BOM,GOI,Air India,Air India,AI 285,5:10 AM,6:30 AM,80,1 hr 20 min,Economy,18555.0,,,True,a6c6ec95ba2f
SCR_GF_1789021644_007,2026-09-10 11:57:18,2026-09-11,1,google_flights,BOM,GOI,BOM-GOI,BOM,GOI,Air India,Air India,AI 302,3:30 PM,4:50 PM,80,1 hr 20 min,Economy,18555.0,,,True,3233fe3aba98
SCR_GF_1789021644_008,2026-09-10 11:57:18,2026-09-11,1,google_flights,BOM,GOI,BOM-GOI,BOM,GOI,Air India,Air India,AI 319,7:20 PM,8:50 PM,90,1 hr 30 min,Economy,18555.0,,,True,09adfe517bf4
SCR_GF_1789021644_009,2026-09-10 11:57:18,2026-09-11,1,google_flights,BOM,GOI,BOM-GOI,BOM,GOI,IndiGo,IndiGo,6E 336,4:30,5:50,80,1 hr 20 min,Economy,13109.0,,,True,00b29bf6bc62
SCR_GF_1789021644_010,2026-09-10 11:57:18,2026-09-11,1,google_flights,BOM,GOI,BOM-GOI,BOM,GOI,IndiGo,IndiGo,6E 353,4:40,6:05,85,1 hr 25 min,Economy,16797.0,,,True,b80618948c4d
SCR_GF_1789021644_011,2026-09-10 11:57:18,2026-09-11,1,google_flights,BOM,GOI,BOM-GOI,BOM,GOI,IndiGo,IndiGo,6E 370,1:05,2:20,75,1 hr 15 min,Economy,18555.0,,,True,f0f8a9db12b8
SCR_GF_1789021644_012,2026-09-10 11:57:18,2026-09-11,1,google_flights,BOM,GOI,BOM-GOI,BOM,GOI,IndiGo,IndiGo,6E 387,10:10,11:30,80,1 hr 20 min,Economy,16797.0,,,True,17801d32d088
SCR_GF_1789021644_013,2026-09-10 11:57:18,2026-09-11,1,google_flights,BOM,GOI,BOM-GOI,BOM,GOI,IndiGo,IndiGo,6E 404,12:25,1:45,80,1 hr 20 min,Economy,17099.0,,,True,5aadc4b09e68
SCR_GF_1789021644_014,2026-09-10 11:57:18,2026-09-11,1,google_flights,BOM,GOI,BOM-GOI,BOM,GOI,IndiGo,IndiGo,6E 421,5:10,6:30,80,1 hr 20 min,Economy,18555.0,,,True,677a80eb05af
SCR_GF_1789021644_015,2026-09-10 11:57:18,2026-09-11,1,google_flights,BOM,GOI,BOM-GOI,BOM,GOI,IndiGo,IndiGo,6E 438,3:30,4:50,80,1 hr 20 min,Economy,18555.0,,,True,5ea5b4f65274
SCR_GF_1789021644_016,2026-09-10 11:57:18,2026-09-11,1,google_flights,BOM,GOI,BOM-GOI,BOM,GOI,IndiGo,IndiGo,6E 455,7:20,8:50,90,1 hr 30 min,Economy,18555.0,,,True,5acc9b50f8f4
SCR_GF_1789021650_001,2026-09-10 11:57:25,2026-09-12,2,google_flights,BOM,GOI,BOM-GOI,BOM,GOI,IndiGo,IndiGo,6E 200,4:40 PM,6:05 PM,85,1 hr 25 min,Economy,9972.0,,,True,42aef48500bd
SCR_GF_1789021650_002,2026-09-10 11:57:25,2026-09-12,2,google_flights,BOM,GOI,BOM-GOI,BOM,GOI,Air India,Air India,AI 217,4:30 PM,5:50 PM,80,1 hr 20 min,Economy,10799.0,,,True,5bc2a4335ed7
SCR_GF_1789021650_003,2026-09-10 11:57:25,2026-09-12,2,google_flights,BOM,GOI,BOM-GOI,BOM,GOI,Air India,Air India,AI 234,7:20 PM,8:50 PM,90,1 hr 30 min,Economy,13647.0,,,True,5ac0b498f75f
SCR_GF_1789021650_004,2026-09-10 11:57:25,2026-09-12,2,google_flights,BOM,GOI,BOM-GOI,BOM,GOI,IndiGo,IndiGo,6E 251,10:10 PM,11:30 PM,80,1 hr 20 min,Economy,11232.0,,,True,1b7535655fb6
SCR_GF_1789021650_005,2026-09-10 11:57:25,2026-09-12,2,google_flights,BOM,GOI,BOM-GOI,BOM,GOI,IndiGo,IndiGo,6E 268,5:00 AM,6:05 AM,65,1 hr 5 min,Economy,16797.0,,,True,b68bef47876b
SCR_GF_1789021650_006,2026-09-10 11:57:25,2026-09-12,2,google_flights,BOM,GOI,BOM-GOI,BOM,GOI,IndiGo,IndiGo,6E 285,11:20 AM,12:30 PM,70,1 hr 10 min,Economy,16797.0,,,True,ef1eb17c721a
SCR_GF_1789021650_007,2026-09-10 11:57:25,2026-09-12,2,google_flights,BOM,GOI,BOM-GOI,BOM,GOI,IndiGo,IndiGo,6E 302,1:55 PM,3:10 PM,75,1 hr 15 min,Economy,16797.0,,,True,552788a5c250
SCR_GF_1789021650_008,2026-09-10 11:57:25,2026-09-12,2,google_flights,BOM,GOI,BOM-GOI,BOM,GOI,Air India,Air India,AI 319,12:25 PM,1:45 PM,80,1 hr 20 min,Economy,17099.0,,,True,8f527d93ed06
SCR_GF_1789021650_009,2026-09-10 11:57:25,2026-09-12,2,google_flights,BOM,GOI,BOM-GOI,BOM,GOI,Air India,Air India,AI 336,5:00 AM,6:20 AM,80,1 hr 20 min,Economy,18555.0,,,True,5d86930ea28b
SCR_GF_1789021650_010,2026-09-10 11:57:25,2026-09-12,2,google_flights,BOM,GOI,BOM-GOI,BOM,GOI,Air India,Air India,AI 353,11:20 AM,12:40 PM,80,1 hr 20 min,Economy,18555.0,,,True,35ab6abc5343
SCR_GF_1789021650_011,2026-09-10 11:57:25,2026-09-12,2,google_flights,BOM,GOI,BOM-GOI,BOM,GOI,Air India,Air India,AI 370,3:30 PM,4:50 PM,80,1 hr 20 min,Economy,18555.0,,,True,0cc1cfde3651
SCR_GF_1789021650_012,2026-09-10 11:57:25,2026-09-12,2,google_flights,BOM,GOI,BOM-GOI,BOM,GOI,Air India,Air India,AI 387,1:05 PM,2:20 PM,75,1 hr 15 min,Economy,49873.0,,,True,83c73e8b9ae5
SCR_GF_1789021650_013,2026-09-10 11:57:25,2026-09-12,2,google_flights,BOM,GOI,BOM-GOI,BOM,GOI,IndiGo,IndiGo,6E 404,4:40,6:05,85,1 hr 25 min,Economy,9972.0,,,True,205f84799f15
SCR_GF_1789021650_014,2026-09-10 11:57:25,2026-09-12,2,google_flights,BOM,GOI,BOM-GOI,BOM,GOI,IndiGo,IndiGo,6E 421,4:30,5:50,80,1 hr 20 min,Economy,10799.0,,,True,5ea844a5b45e
SCR_GF_1789021650_015,2026-09-10 11:57:25,2026-09-12,2,google_flights,BOM,GOI,BOM-GOI,BOM,GOI,IndiGo,IndiGo,6E 438,7:20,8:50,90,1 hr 30 min,Economy,13647.0,,,True,99120f04ea16
SCR_GF_1789021650_016,2026-09-10 11:57:25,2026-09-12,2,google_flights,BOM,GOI,BOM-GOI,BOM,GOI,IndiGo,IndiGo,6E 455,10:10,11:30,80,1 hr 20 min,Economy,11232.0,,,True,a9a99a4513f4
SCR_GF_1789021650_017,2026-09-10 11:57:25,2026-09-12,2,google_flights,BOM,GOI,BOM-GOI,BOM,GOI,IndiGo,IndiGo,6E 472,5:00,6:05,65,1 hr 5 min,Economy,16797.0,,,True,e3eac10adece
SCR_GF_1789021650_018,2026-09-10 11:57:25,2026-09-12,2,google_flights,BOM,GOI,BOM-GOI,BOM,GOI,IndiGo,IndiGo,6E 489,11:20,12:30,70,1 hr 10 min,Economy,16797.0,,,True,b97b281e57e9
SCR_GF_1789021650_019,2026-09-10 11:57:25,2026-09-12,2,google_flights,BOM,GOI,BOM-GOI,BOM,GOI,IndiGo,IndiGo,6E 506,1:55,3:10,75,1 hr 15 min,Economy,16797.0,,,True,197337aee131
SCR_GF_1789021650_020,2026-09-10 11:57:25,2026-09-12,2,google_flights,BOM,GOI,BOM-GOI,BOM,GOI,IndiGo,IndiGo,6E 523,12:25,1:45,80,1 hr 20 min,Economy,17099.0,,,True,fc1fa9051629
SCR_GF_1789021650_021,2026-09-10 11:57:25,2026-09-12,2,google_flights,BOM,GOI,BOM-GOI,BOM,GOI,IndiGo,IndiGo,6E 540,5:00,6:20,80,1 hr 20 min,Economy,18555.0,,,True,6e7dfa35a66d
SCR_GF_1789021650_022,2026-09-10 11:57:25,2026-09-12,2,google_flights,BOM,GOI,BOM-GOI,BOM,GOI,IndiGo,IndiGo,6E 557,11:20,12:40,80,1 hr 20 min,Economy,18555.0,,,True,29ed0af9e070
SCR_GF_1789021650_023,2026-09-10 11:57:25,2026-09-12,2,google_flights,BOM,GOI,BOM-GOI,BOM,GOI,IndiGo,IndiGo,6E 574,3:30,4:50,80,1 hr 20 min,Economy,18555.0,,,True,827afa5c1bb6
SCR_GF_1789021650_024,2026-09-10 11:57:25,2026-09-12,2,google_flights,BOM,GOI,BOM-GOI,BOM,GOI,IndiGo,IndiGo,6E 591,1:05,2:20,75,1 hr 15 min,Economy,49873.0,,,True,fbf6491e4f28
SCR_GF_1789021656_001,2026-09-10 11:57:31,2026-09-17,7,google_flights,BOM,GOI,BOM-GOI,BOM,GOI,IndiGo,IndiGo,6E 200,10:10 PM,11:30 PM,80,1 hr 20 min,Economy,5667.0,,,True,84557d142950
SCR_GF_1789021656_002,2026-09-10 11:57:31,2026-09-17,7,google_flights,BOM,GOI,BOM-GOI,BOM,GOI,IndiGo,IndiGo,6E 217,5:00 AM,6:05 AM,65,1 hr 5 min,Economy,6402.0,,,True,c72f7ad81cc2
SCR_GF_1789021656_003,2026-09-10 11:57:31,2026-09-17,7,google_flights,BOM,GOI,BOM-GOI,BOM,GOI,IndiGo,IndiGo,6E 234,4:40 PM,6:05 PM,85,1 hr 25 min,Economy,6402.0,,,True,fd98ad77e08f
SCR_GF_1789021656_004,2026-09-10 11:57:31,2026-09-17,7,google_flights,BOM,GOI,BOM-GOI,BOM,GOI,Air India,Air India,AI 251,7:20 PM,8:50 PM,90,1 hr 30 min,Economy,6465.0,,,True,72f81a6e8908
SCR_GF_1789021656_005,2026-09-10 11:57:31,2026-09-17,7,google_flights,BOM,GOI,BOM-GOI,BOM,GOI,IndiGo,IndiGo,6E 268,1:55 PM,3:10 PM,75,1 hr 15 min,Economy,7452.0,,,True,572bf43773c2
SCR_GF_1789021656_006,2026-09-10 11:57:31,2026-09-17,7,google_flights,BOM,GOI,BOM-GOI,BOM,GOI,IndiGo,IndiGo,6E 285,11:20 AM,12:30 PM,70,1 hr 10 min,Economy,7872.0,,,True,6da670f4caec
SCR_GF_1789021656_007,2026-09-10 11:57:31,2026-09-17,7,google_flights,BOM,GOI,BOM-GOI,BOM,GOI,Air India,Air India,AI 302,5:10 AM,6:30 AM,80,1 hr 20 min,Economy,8202.0,,,True,4e54093826ac
SCR_GF_1789021656_008,2026-09-10 11:57:31,2026-09-17,7,google_flights,BOM,GOI,BOM-GOI,BOM,GOI,Air India,Air India,AI 319,1:05 PM,2:20 PM,75,1 hr 15 min,Economy,10848.0,,,True,3dc896411c6a
SCR_GF_1789021656_009,2026-09-10 11:57:31,2026-09-17,7,google_flights,BOM,GOI,BOM-GOI,BOM,GOI,Air India,Air India,AI 336,4:30 PM,5:50 PM,80,1 hr 20 min,Economy,17099.0,,,True,46a36261eda3
SCR_GF_1789021656_010,2026-09-10 11:57:31,2026-09-17,7,google_flights,BOM,GOI,BOM-GOI,BOM,GOI,Air India,Air India,AI 353,12:25 PM,1:45 PM,80,1 hr 20 min,Economy,18789.0,,,True,6ce2cbf3862a
SCR_GF_1789021656_011,2026-09-10 11:57:31,2026-09-17,7,google_flights,BOM,GOI,BOM-GOI,BOM,GOI,IndiGo,IndiGo,6E 370,10:10,11:30,80,1 hr 20 min,Economy,5667.0,,,True,0baee0a57901
SCR_GF_1789021656_012,2026-09-10 11:57:31,2026-09-17,7,google_flights,BOM,GOI,BOM-GOI,BOM,GOI,IndiGo,IndiGo,6E 387,5:00,6:05,65,1 hr 5 min,Economy,6402.0,,,True,90691ecc57e9
SCR_GF_1789021656_013,2026-09-10 11:57:31,2026-09-17,7,google_flights,BOM,GOI,BOM-GOI,BOM,GOI,IndiGo,IndiGo,6E 404,4:40,6:05,85,1 hr 25 min,Economy,6402.0,,,True,d6b7f97646c0
SCR_GF_1789021656_014,2026-09-10 11:57:31,2026-09-17,7,google_flights,BOM,GOI,BOM-GOI,BOM,GOI,IndiGo,IndiGo,6E 421,7:20,8:50,90,1 hr 30 min,Economy,6465.0,,,True,da8ef5e435de
SCR_GF_1789021656_015,2026-09-10 11:57:31,2026-09-17,7,google_flights,BOM,GOI,BOM-GOI,BOM,GOI,IndiGo,IndiGo,6E 438,1:55,3:10,75,1 hr 15 min,Economy,7452.0,,,True,8afd0afa6e88
SCR_GF_1789021656_016,2026-09-10 11:57:31,2026-09-17,7,google_flights,BOM,GOI,BOM-GOI,BOM,GOI,IndiGo,IndiGo,6E 455,11:20,12:30,70,1 hr 10 min,Economy,7872.0,,,True,6e2641a9e70f
SCR_GF_1789021656_017,2026-09-10 11:57:31,2026-09-17,7,google_flights,BOM,GOI,BOM-GOI,BOM,GOI,IndiGo,IndiGo,6E 472,5:10,6:30,80,1 hr 20 min,Economy,8202.0,,,True,15b4852db5c0
SCR_GF_1789021656_018,2026-09-10 11:57:31,2026-09-17,7,google_flights,BOM,GOI,BOM-GOI,BOM,GOI,IndiGo,IndiGo,6E 489,1:05,2:20,75,1 hr 15 min,Economy,10848.0,,,True,1bf5f20c5c98
SCR_GF_1789021656_019,2026-09-10 11:57:31,2026-09-17,7,google_flights,BOM,GOI,BOM-GOI,BOM,GOI,IndiGo,IndiGo,6E 506,4:30,5:50,80,1 hr 20 min,Economy,17099.0,,,True,62d92f11fb2b
SCR_GF_1789021657_020,2026-09-10 11:57:31,2026-09-17,7,google_flights,BOM,GOI,BOM-GOI,BOM,GOI,IndiGo,IndiGo,6E 523,12:25,1:45,80,1 hr 20 min,Economy,18789.0,,,True,a716d6ee750b
SCR_GF_1789021662_001,2026-09-10 11:57:37,2026-09-25,15,google_flights,BOM,GOI,BOM-GOI,BOM,GOI,IndiGo,IndiGo,6E 200,10:10 PM,11:30 PM,80,1 hr 20 min,Economy,5276.0,,,True,5aa997ae2b6e
SCR_GF_1789021662_002,2026-09-10 11:57:37,2026-09-25,15,google_flights,BOM,GOI,BOM-GOI,BOM,GOI,IndiGo,IndiGo,6E 217,5:00 AM,6:05 AM,65,1 hr 5 min,Economy,6402.0,,,True,3dc48ddea982
SCR_GF_1789021662_003,2026-09-10 11:57:37,2026-09-25,15,google_flights,BOM,GOI,BOM-GOI,BOM,GOI,Air India,Air India,AI 234,7:20 PM,8:50 PM,90,1 hr 30 min,Economy,7441.0,,,True,0de034bf216f
SCR_GF_1789021662_004,2026-09-10 11:57:37,2026-09-25,15,google_flights,BOM,GOI,BOM-GOI,BOM,GOI,IndiGo,IndiGo,6E 251,4:40 PM,6:05 PM,85,1 hr 25 min,Economy,8397.0,,,True,6135bfdec03d
SCR_GF_1789021663_005,2026-09-10 11:57:37,2026-09-25,15,google_flights,BOM,GOI,BOM-GOI,BOM,GOI,Air India,Air India,AI 268,5:10 AM,6:30 AM,80,1 hr 20 min,Economy,9294.0,,,True,933d582dc001
SCR_GF_1789021663_006,2026-09-10 11:57:37,2026-09-25,15,google_flights,BOM,GOI,BOM-GOI,BOM,GOI,Air India,Air India,AI 285,4:30 PM,5:50 PM,80,1 hr 20 min,Economy,9539.0,,,True,58a18b56d946
SCR_GF_1789021663_007,2026-09-10 11:57:37,2026-09-25,15,google_flights,BOM,GOI,BOM-GOI,BOM,GOI,IndiGo,IndiGo,6E 302,1:55 PM,3:10 PM,75,1 hr 15 min,Economy,10287.0,,,True,45aad8c326c1
SCR_GF_1789021663_008,2026-09-10 11:57:37,2026-09-25,15,google_flights,BOM,GOI,BOM-GOI,BOM,GOI,Air India,Air India,AI 319,3:30 PM,4:50 PM,80,1 hr 20 min,Economy,10754.0,,,True,835f45d1cb02
SCR_GF_1789021663_009,2026-09-10 11:57:37,2026-09-25,15,google_flights,BOM,GOI,BOM-GOI,BOM,GOI,Air India,Air India,AI 336,12:25 PM,1:45 PM,80,1 hr 20 min,Economy,13109.0,,,True,ffe0262fbb44
SCR_GF_1789021663_010,2026-09-10 11:57:37,2026-09-25,15,google_flights,BOM,GOI,BOM-GOI,BOM,GOI,IndiGo,IndiGo,6E 353,11:20 AM,12:30 PM,70,1 hr 10 min,Economy,16797.0,,,True,d188bc94c045
SCR_GF_1789021663_011,2026-09-10 11:57:37,2026-09-25,15,google_flights,BOM,GOI,BOM-GOI,BOM,GOI,Air India,Air India,AI 370,1:05 PM,2:20 PM,75,1 hr 15 min,Economy,16954.0,,,True,4882e93c791e
SCR_GF_1789021663_012,2026-09-10 11:57:37,2026-09-25,15,google_flights,BOM,GOI,BOM-GOI,BOM,GOI,IndiGo,IndiGo,6E 387,10:10,11:30,80,1 hr 20 min,Economy,5276.0,,,True,1a14bc072ae1
SCR_GF_1789021663_013,2026-09-10 11:57:37,2026-09-25,15,google_flights,BOM,GOI,BOM-GOI,BOM,GOI,IndiGo,IndiGo,6E 404,5:00,6:05,65,1 hr 5 min,Economy,6402.0,,,True,d36a8e20deea
SCR_GF_1789021663_014,2026-09-10 11:57:37,2026-09-25,15,google_flights,BOM,GOI,BOM-GOI,BOM,GOI,IndiGo,IndiGo,6E 421,7:20,8:50,90,1 hr 30 min,Economy,7441.0,,,True,55a705b07df4
SCR_GF_1789021663_015,2026-09-10 11:57:37,2026-09-25,15,google_flights,BOM,GOI,BOM-GOI,BOM,GOI,IndiGo,IndiGo,6E 438,4:40,6:05,85,1 hr 25 min,Economy,8397.0,,,True,347f041c1c31
SCR_GF_1789021663_016,2026-09-10 11:57:37,2026-09-25,15,google_flights,BOM,GOI,BOM-GOI,BOM,GOI,IndiGo,IndiGo,6E 455,5:10,6:30,80,1 hr 20 min,Economy,9294.0,,,True,a74882cd9ecc
SCR_GF_1789021663_017,2026-09-10 11:57:37,2026-09-25,15,google_flights,BOM,GOI,BOM-GOI,BOM,GOI,IndiGo,IndiGo,6E 472,4:30,5:50,80,1 hr 20 min,Economy,9539.0,,,True,da93ec386c09
SCR_GF_1789021663_018,2026-09-10 11:57:37,2026-09-25,15,google_flights,BOM,GOI,BOM-GOI,BOM,GOI,IndiGo,IndiGo,6E 489,1:55,3:10,75,1 hr 15 min,Economy,10287.0,,,True,e3fe7e15470f
SCR_GF_1789021663_019,2026-09-10 11:57:37,2026-09-25,15,google_flights,BOM,GOI,BOM-GOI,BOM,GOI,IndiGo,IndiGo,6E 506,3:30,4:50,80,1 hr 20 min,Economy,10754.0,,,True,69b10716f4ad
SCR_GF_1789021663_020,2026-09-10 11:57:37,2026-09-25,15,google_flights,BOM,GOI,BOM-GOI,BOM,GOI,IndiGo,IndiGo,6E 523,12:25,1:45,80,1 hr 20 min,Economy,13109.0,,,True,5a7ed6d9b721
SCR_GF_1789021663_021,2026-09-10 11:57:37,2026-09-25,15,google_flights,BOM,GOI,BOM-GOI,BOM,GOI,IndiGo,IndiGo,6E 540,11:20,12:30,70,1 hr 10 min,Economy,16797.0,,,True,4df71be4746a
SCR_GF_1789021663_022,2026-09-10 11:57:37,2026-09-25,15,google_flights,BOM,GOI,BOM-GOI,BOM,GOI,IndiGo,IndiGo,6E 557,1:05,2:20,75,1 hr 15 min,Economy,16954.0,,,True,4caee25d1a94
SCR_GF_1789021669_001,2026-09-10 11:57:44,2026-09-11,1,google_flights,BOM,HYD,BOM-HYD,BOM,HYD,Air India,Air India,AI 200,6:00 AM,7:35 AM,95,1 hr 35 min,Economy,6373.0,,,True,ee9183059726
SCR_GF_1789021669_002,2026-09-10 11:57:44,2026-09-11,1,google_flights,BOM,HYD,BOM-HYD,BOM,HYD,IndiGo,IndiGo,6E 217,5:45 AM,7:20 AM,95,1 hr 35 min,Economy,6535.0,,,True,bd6996023eb2
SCR_GF_1789021669_003,2026-09-10 11:57:44,2026-09-11,1,google_flights,BOM,HYD,BOM-HYD,BOM,HYD,Air India,Air India,AI 234,8:55 AM,10:35 AM,100,1 hr 40 min,Economy,6851.0,,,True,5d6e6ec43454
SCR_GF_1789021669_004,2026-09-10 11:57:44,2026-09-11,1,google_flights,BOM,HYD,BOM-HYD,BOM,HYD,Air India,Air India,AI 251,10:50 AM,12:25 PM,95,1 hr 35 min,Economy,7013.0,,,True,7f169e2a68ed
SCR_GF_1789021669_005,2026-09-10 11:57:44,2026-09-11,1,google_flights,BOM,HYD,BOM-HYD,BOM,HYD,IndiGo,IndiGo,6E 268,12:30 AM,2:10 AM,100,1 hr 40 min,Economy,7375.0,,,True,244ee84e578d
SCR_GF_1789021669_006,2026-09-10 11:57:44,2026-09-11,1,google_flights,BOM,HYD,BOM-HYD,BOM,HYD,IndiGo,IndiGo,6E 285,10:15 AM,11:40 AM,85,1 hr 25 min,Economy,7375.0,,,True,2af353de1027
SCR_GF_1789021669_007,2026-09-10 11:57:44,2026-09-11,1,google_flights,BOM,HYD,BOM-HYD,BOM,HYD,IndiGo,IndiGo,6E 302,7:15 AM,8:50 AM,95,1 hr 35 min,Economy,9055.0,,,True,5e30163104f6
SCR_GF_1789021669_008,2026-09-10 11:57:44,2026-09-11,1,google_flights,BOM,HYD,BOM-HYD,BOM,HYD,IndiGo,IndiGo,6E 319,11:45 AM,1:20 PM,95,1 hr 35 min,Economy,9055.0,,,True,9234156fd536
SCR_GF_1789021669_009,2026-09-10 11:57:44,2026-09-11,1,google_flights,BOM,HYD,BOM-HYD,BOM,HYD,Air India,Air India,AI 336,6:00 PM,7:35 PM,95,1 hr 35 min,Economy,9092.0,,,True,4716b8c67da8
SCR_GF_1789021669_010,2026-09-10 11:57:44,2026-09-11,1,google_flights,BOM,HYD,BOM-HYD,BOM,HYD,Air India,Air India,AI 353,3:05 PM,4:35 PM,90,1 hr 30 min,Economy,9544.0,,,True,218ec430af2c
SCR_GF_1789021669_011,2026-09-10 11:57:44,2026-09-11,1,google_flights,BOM,HYD,BOM-HYD,BOM,HYD,Air India,Air India,AI 370,7:35 PM,9:05 PM,90,1 hr 30 min,Economy,10951.0,,,True,0b8ed86f999e
SCR_GF_1789021669_012,2026-09-10 11:57:44,2026-09-11,1,google_flights,BOM,HYD,BOM-HYD,BOM,HYD,IndiGo,IndiGo,6E 387,4:45 PM,6:20 PM,95,1 hr 35 min,Economy,12835.0,,,True,4a185fd87f17
SCR_GF_1789021669_013,2026-09-10 11:57:44,2026-09-11,1,google_flights,BOM,HYD,BOM-HYD,BOM,HYD,IndiGo,IndiGo,6E 404,7:40 PM,9:20 PM,100,1 hr 40 min,Economy,12835.0,,,True,46c5cc43b0ce
SCR_GF_1789021669_014,2026-09-10 11:57:44,2026-09-11,1,google_flights,BOM,HYD,BOM-HYD,BOM,HYD,IndiGo,IndiGo,6E 421,3:10 PM,4:45 PM,95,1 hr 35 min,Economy,13675.0,,,True,4e026243077b
SCR_GF_1789021669_015,2026-09-10 11:57:44,2026-09-11,1,google_flights,BOM,HYD,BOM-HYD,BOM,HYD,IndiGo,IndiGo,6E 438,11:00 PM,12:35 AM,95,1 hr 35 min,Economy,15985.0,,,True,9eb90296af5f
SCR_GF_1789021669_016,2026-09-10 11:57:44,2026-09-11,1,google_flights,BOM,HYD,BOM-HYD,BOM,HYD,IndiGo,IndiGo,6E 455,9:10 PM,10:45 PM,95,1 hr 35 min,Economy,19135.0,,,True,504a43a03ee8
SCR_GF_1789021669_017,2026-09-10 11:57:44,2026-09-11,1,google_flights,BOM,HYD,BOM-HYD,BOM,HYD,Air India,Air India,AI 472,9:25 PM,11:05 PM,100,1 hr 40 min,Economy,19403.0,,,True,5f017f47f39b
SCR_GF_1789021669_018,2026-09-10 11:57:44,2026-09-11,1,google_flights,BOM,HYD,BOM-HYD,BOM,HYD,IndiGo,IndiGo,6E 489,5:20 AM,2:05 AM,1245,20 hr 45 min,Economy,63442.0,,,False,7bb2bfa18a5d
SCR_GF_1789021669_019,2026-09-10 11:57:44,2026-09-11,1,google_flights,BOM,HYD,BOM-HYD,BOM,HYD,IndiGo,IndiGo,6E 506,4:10 AM,2:40 PM,630,10 hr 30 min,Economy,91452.0,,,False,0a67c1e44a76
SCR_GF_1789021670_020,2026-09-10 11:57:44,2026-09-11,1,google_flights,BOM,HYD,BOM-HYD,BOM,HYD,IndiGo,IndiGo,6E 523,6:00,7:35,95,1 hr 35 min,Economy,6373.0,,,True,27a3a38289d1
SCR_GF_1789021670_021,2026-09-10 11:57:44,2026-09-11,1,google_flights,BOM,HYD,BOM-HYD,BOM,HYD,IndiGo,IndiGo,6E 540,5:45,7:20,95,1 hr 35 min,Economy,6535.0,,,True,d0eee9550dda
SCR_GF_1789021670_022,2026-09-10 11:57:44,2026-09-11,1,google_flights,BOM,HYD,BOM-HYD,BOM,HYD,IndiGo,IndiGo,6E 557,8:55,10:35,100,1 hr 40 min,Economy,6851.0,,,True,413910d71f1e
SCR_GF_1789021670_023,2026-09-10 11:57:44,2026-09-11,1,google_flights,BOM,HYD,BOM-HYD,BOM,HYD,IndiGo,IndiGo,6E 574,10:50,12:25,95,1 hr 35 min,Economy,7013.0,,,True,0dc0faf80ce5
SCR_GF_1789021670_024,2026-09-10 11:57:44,2026-09-11,1,google_flights,BOM,HYD,BOM-HYD,BOM,HYD,IndiGo,IndiGo,6E 591,12:30,2:10,100,1 hr 40 min,Economy,7375.0,,,True,dc677cde8e41
SCR_GF_1789021670_025,2026-09-10 11:57:44,2026-09-11,1,google_flights,BOM,HYD,BOM-HYD,BOM,HYD,IndiGo,IndiGo,6E 608,10:15,11:40,85,1 hr 25 min,Economy,7375.0,,,True,961de99c1178
SCR_GF_1789021670_026,2026-09-10 11:57:44,2026-09-11,1,google_flights,BOM,HYD,BOM-HYD,BOM,HYD,IndiGo,IndiGo,6E 625,7:15,8:50,95,1 hr 35 min,Economy,9055.0,,,True,5894322ae3cc
SCR_GF_1789021670_027,2026-09-10 11:57:44,2026-09-11,1,google_flights,BOM,HYD,BOM-HYD,BOM,HYD,IndiGo,IndiGo,6E 642,11:45,1:20,95,1 hr 35 min,Economy,9055.0,,,True,7609ab58ce7b
SCR_GF_1789021670_028,2026-09-10 11:57:44,2026-09-11,1,google_flights,BOM,HYD,BOM-HYD,BOM,HYD,IndiGo,IndiGo,6E 659,6:00,7:35,95,1 hr 35 min,Economy,9092.0,,,True,f3bc86203a68
SCR_GF_1789021670_029,2026-09-10 11:57:44,2026-09-11,1,google_flights,BOM,HYD,BOM-HYD,BOM,HYD,IndiGo,IndiGo,6E 676,3:05,4:35,90,1 hr 30 min,Economy,9544.0,,,True,a4570c68d2ac
SCR_GF_1789021670_030,2026-09-10 11:57:44,2026-09-11,1,google_flights,BOM,HYD,BOM-HYD,BOM,HYD,IndiGo,IndiGo,6E 693,7:35,9:05,90,1 hr 30 min,Economy,10951.0,,,True,a6f7c798add3
SCR_GF_1789021670_031,2026-09-10 11:57:44,2026-09-11,1,google_flights,BOM,HYD,BOM-HYD,BOM,HYD,IndiGo,IndiGo,6E 710,4:45,6:20,95,1 hr 35 min,Economy,12835.0,,,True,d9ad2da998b3
SCR_GF_1789021670_032,2026-09-10 11:57:44,2026-09-11,1,google_flights,BOM,HYD,BOM-HYD,BOM,HYD,IndiGo,IndiGo,6E 727,7:40,9:20,100,1 hr 40 min,Economy,12835.0,,,True,1e165056b8ac
SCR_GF_1789021670_033,2026-09-10 11:57:44,2026-09-11,1,google_flights,BOM,HYD,BOM-HYD,BOM,HYD,IndiGo,IndiGo,6E 744,3:10,4:45,95,1 hr 35 min,Economy,13675.0,,,True,20517a1448cb
SCR_GF_1789021670_034,2026-09-10 11:57:44,2026-09-11,1,google_flights,BOM,HYD,BOM-HYD,BOM,HYD,IndiGo,IndiGo,6E 761,11:00,12:35,95,1 hr 35 min,Economy,15985.0,,,True,4a750f44848a
SCR_GF_1789021670_035,2026-09-10 11:57:44,2026-09-11,1,google_flights,BOM,HYD,BOM-HYD,BOM,HYD,IndiGo,IndiGo,6E 778,9:10,10:45,95,1 hr 35 min,Economy,19135.0,,,True,72573daa9b69
SCR_GF_1789021670_036,2026-09-10 11:57:44,2026-09-11,1,google_flights,BOM,HYD,BOM-HYD,BOM,HYD,IndiGo,IndiGo,6E 795,9:25,11:05,100,1 hr 40 min,Economy,19403.0,,,True,efe51564c079
SCR_GF_1789021670_037,2026-09-10 11:57:44,2026-09-11,1,google_flights,BOM,HYD,BOM-HYD,BOM,HYD,IndiGo,IndiGo,6E 812,5:20,2:05,1245,20 hr 45 min,Economy,63442.0,,,False,958afaabb869
SCR_GF_1789021670_038,2026-09-10 11:57:44,2026-09-11,1,google_flights,BOM,HYD,BOM-HYD,BOM,HYD,IndiGo,IndiGo,6E 829,4:10,2:40,630,10 hr 30 min,Economy,91452.0,,,False,2450ef7a282e
SCR_GF_1789021676_001,2026-09-10 11:57:51,2026-09-12,2,google_flights,BOM,HYD,BOM-HYD,BOM,HYD,Air India,Air India,AI 200,9:25 PM,11:05 PM,100,1 hr 40 min,Economy,5848.0,,,True,65598a2d91bd
SCR_GF_1789021676_002,2026-09-10 11:57:51,2026-09-12,2,google_flights,BOM,HYD,BOM-HYD,BOM,HYD,IndiGo,IndiGo,6E 217,11:00 PM,12:35 AM,95,1 hr 35 min,Economy,5905.0,,,True,f968db4bb8bf
SCR_GF_1789021676_003,2026-09-10 11:57:51,2026-09-12,2,google_flights,BOM,HYD,BOM-HYD,BOM,HYD,Air India,Air India,AI 234,3:05 PM,4:35 PM,90,1 hr 30 min,Economy,6063.0,,,True,c02114e163d8
SCR_GF_1789021676_004,2026-09-10 11:57:51,2026-09-12,2,google_flights,BOM,HYD,BOM-HYD,BOM,HYD,Air India,Air India,AI 251,6:00 PM,7:35 PM,95,1 hr 35 min,Economy,6063.0,,,True,615ba169c7b8
SCR_GF_1789021676_005,2026-09-10 11:57:51,2026-09-12,2,google_flights,BOM,HYD,BOM-HYD,BOM,HYD,Air India,Air India,AI 268,7:35 PM,9:05 PM,90,1 hr 30 min,Economy,6063.0,,,True,99ae3a8925ba
SCR_GF_1789021676_006,2026-09-10 11:57:51,2026-09-12,2,google_flights,BOM,HYD,BOM-HYD,BOM,HYD,IndiGo,IndiGo,6E 285,9:10 PM,10:45 PM,95,1 hr 35 min,Economy,6220.0,,,True,070295ef1902
SCR_GF_1789021676_007,2026-09-10 11:57:51,2026-09-12,2,google_flights,BOM,HYD,BOM-HYD,BOM,HYD,Air India,Air India,AI 302,10:50 AM,12:25 PM,95,1 hr 35 min,Economy,6625.0,,,True,e536a4147e00
SCR_GF_1789021676_008,2026-09-10 11:57:51,2026-09-12,2,google_flights,BOM,HYD,BOM-HYD,BOM,HYD,IndiGo,IndiGo,6E 319,7:15 AM,8:50 AM,95,1 hr 35 min,Economy,7375.0,,,True,1a36deec91ab
SCR_GF_1789021676_009,2026-09-10 11:57:51,2026-09-12,2,google_flights,BOM,HYD,BOM-HYD,BOM,HYD,IndiGo,IndiGo,6E 336,7:40 PM,9:20 PM,100,1 hr 40 min,Economy,7375.0,,,True,9d875b3a00ae
SCR_GF_1789021676_010,2026-09-10 11:57:51,2026-09-12,2,google_flights,BOM,HYD,BOM-HYD,BOM,HYD,IndiGo,IndiGo,6E 353,3:10 PM,4:45 PM,95,1 hr 35 min,Economy,9055.0,,,True,90d239d22a5a
SCR_GF_1789021676_011,2026-09-10 11:57:51,2026-09-12,2,google_flights,BOM,HYD,BOM-HYD,BOM,HYD,Air India,Air India,AI 370,6:00 AM,7:35 AM,95,1 hr 35 min,Economy,9381.0,,,True,49554629bfc9
SCR_GF_1789021676_012,2026-09-10 11:57:51,2026-09-12,2,google_flights,BOM,HYD,BOM-HYD,BOM,HYD,IndiGo,IndiGo,6E 387,4:45 PM,6:20 PM,95,1 hr 35 min,Economy,9685.0,,,True,1e14d4a558d1
SCR_GF_1789021676_013,2026-09-10 11:57:51,2026-09-12,2,google_flights,BOM,HYD,BOM-HYD,BOM,HYD,IndiGo,IndiGo,6E 404,5:45 AM,7:20 AM,95,1 hr 35 min,Economy,10420.0,,,True,b65762398250
SCR_GF_1789021676_014,2026-09-10 11:57:51,2026-09-12,2,google_flights,BOM,HYD,BOM-HYD,BOM,HYD,IndiGo,IndiGo,6E 421,10:15 AM,11:40 AM,85,1 hr 25 min,Economy,10420.0,,,True,2c314518d66f
SCR_GF_1789021676_015,2026-09-10 11:57:51,2026-09-12,2,google_flights,BOM,HYD,BOM-HYD,BOM,HYD,IndiGo,IndiGo,6E 438,11:40 AM,1:20 PM,100,1 hr 40 min,Economy,10420.0,,,True,551b7303b922
SCR_GF_1789021676_016,2026-09-10 11:57:51,2026-09-12,2,google_flights,BOM,HYD,BOM-HYD,BOM,HYD,Air India,Air India,AI 455,8:55 AM,10:35 AM,100,1 hr 40 min,Economy,11145.0,,,True,4e335e380a7d
SCR_GF_1789021676_017,2026-09-10 11:57:51,2026-09-12,2,google_flights,BOM,HYD,BOM-HYD,BOM,HYD,IndiGo,IndiGo,6E 472,12:30 AM,2:10 AM,100,1 hr 40 min,Economy,15985.0,,,True,09eefa640342
SCR_GF_1789021676_018,2026-09-10 11:57:51,2026-09-12,2,google_flights,BOM,HYD,BOM-HYD,BOM,HYD,IndiGo,IndiGo,6E 489,8:40 PM,12:35 PM,955,15 hr 55 min,Economy,45279.0,,,False,e05496b0cf43
SCR_GF_1789021676_019,2026-09-10 11:57:51,2026-09-12,2,google_flights,BOM,HYD,BOM-HYD,BOM,HYD,IndiGo,IndiGo,6E 506,4:10 AM,2:40 PM,630,10 hr 30 min,Economy,110179.0,,,False,652366c6cd21
SCR_GF_1789021676_020,2026-09-10 11:57:51,2026-09-12,2,google_flights,BOM,HYD,BOM-HYD,BOM,HYD,IndiGo,IndiGo,6E 523,9:25,11:05,100,1 hr 40 min,Economy,5848.0,,,True,29244f31d16c
SCR_GF_1789021676_021,2026-09-10 11:57:51,2026-09-12,2,google_flights,BOM,HYD,BOM-HYD,BOM,HYD,IndiGo,IndiGo,6E 540,11:00,12:35,95,1 hr 35 min,Economy,5905.0,,,True,b52350b0e507
SCR_GF_1789021676_022,2026-09-10 11:57:51,2026-09-12,2,google_flights,BOM,HYD,BOM-HYD,BOM,HYD,IndiGo,IndiGo,6E 557,3:05,4:35,90,1 hr 30 min,Economy,6063.0,,,True,04174cb02343
SCR_GF_1789021676_023,2026-09-10 11:57:51,2026-09-12,2,google_flights,BOM,HYD,BOM-HYD,BOM,HYD,IndiGo,IndiGo,6E 574,6:00,7:35,95,1 hr 35 min,Economy,6063.0,,,True,f5cba2004751
SCR_GF_1789021676_024,2026-09-10 11:57:51,2026-09-12,2,google_flights,BOM,HYD,BOM-HYD,BOM,HYD,IndiGo,IndiGo,6E 591,7:35,9:05,90,1 hr 30 min,Economy,6063.0,,,True,0596cc1bf77c
SCR_GF_1789021676_025,2026-09-10 11:57:51,2026-09-12,2,google_flights,BOM,HYD,BOM-HYD,BOM,HYD,IndiGo,IndiGo,6E 608,9:10,10:45,95,1 hr 35 min,Economy,6220.0,,,True,8f5178b94fcb
SCR_GF_1789021676_026,2026-09-10 11:57:51,2026-09-12,2,google_flights,BOM,HYD,BOM-HYD,BOM,HYD,IndiGo,IndiGo,6E 625,10:50,12:25,95,1 hr 35 min,Economy,6625.0,,,True,c9674e5759bb
SCR_GF_1789021676_027,2026-09-10 11:57:51,2026-09-12,2,google_flights,BOM,HYD,BOM-HYD,BOM,HYD,IndiGo,IndiGo,6E 642,7:15,8:50,95,1 hr 35 min,Economy,7375.0,,,True,d66fe7d0dffe
SCR_GF_1789021676_028,2026-09-10 11:57:51,2026-09-12,2,google_flights,BOM,HYD,BOM-HYD,BOM,HYD,IndiGo,IndiGo,6E 659,7:40,9:20,100,1 hr 40 min,Economy,7375.0,,,True,15e664ab9221
SCR_GF_1789021676_029,2026-09-10 11:57:51,2026-09-12,2,google_flights,BOM,HYD,BOM-HYD,BOM,HYD,IndiGo,IndiGo,6E 676,3:10,4:45,95,1 hr 35 min,Economy,9055.0,,,True,bab4758d967b
SCR_GF_1789021676_030,2026-09-10 11:57:51,2026-09-12,2,google_flights,BOM,HYD,BOM-HYD,BOM,HYD,IndiGo,IndiGo,6E 693,6:00,7:35,95,1 hr 35 min,Economy,9381.0,,,True,f90acf80e939
SCR_GF_1789021676_031,2026-09-10 11:57:51,2026-09-12,2,google_flights,BOM,HYD,BOM-HYD,BOM,HYD,IndiGo,IndiGo,6E 710,4:45,6:20,95,1 hr 35 min,Economy,9685.0,,,True,d8c278dfa74c
SCR_GF_1789021676_032,2026-09-10 11:57:51,2026-09-12,2,google_flights,BOM,HYD,BOM-HYD,BOM,HYD,IndiGo,IndiGo,6E 727,5:45,7:20,95,1 hr 35 min,Economy,10420.0,,,True,902e0a272f9a
SCR_GF_1789021676_033,2026-09-10 11:57:51,2026-09-12,2,google_flights,BOM,HYD,BOM-HYD,BOM,HYD,IndiGo,IndiGo,6E 744,10:15,11:40,85,1 hr 25 min,Economy,10420.0,,,True,1a4a0d40dd46
SCR_GF_1789021676_034,2026-09-10 11:57:51,2026-09-12,2,google_flights,BOM,HYD,BOM-HYD,BOM,HYD,IndiGo,IndiGo,6E 761,11:40,1:20,100,1 hr 40 min,Economy,10420.0,,,True,782cc66fdcb2
SCR_GF_1789021676_035,2026-09-10 11:57:51,2026-09-12,2,google_flights,BOM,HYD,BOM-HYD,BOM,HYD,IndiGo,IndiGo,6E 778,8:55,10:35,100,1 hr 40 min,Economy,11145.0,,,True,f3ce6435a4f5
SCR_GF_1789021676_036,2026-09-10 11:57:51,2026-09-12,2,google_flights,BOM,HYD,BOM-HYD,BOM,HYD,IndiGo,IndiGo,6E 795,12:30,2:10,100,1 hr 40 min,Economy,15985.0,,,True,7c9d32453e3d
SCR_GF_1789021676_037,2026-09-10 11:57:51,2026-09-12,2,google_flights,BOM,HYD,BOM-HYD,BOM,HYD,IndiGo,IndiGo,6E 812,8:40,12:35,955,15 hr 55 min,Economy,45279.0,,,False,a18f68929cf8
SCR_GF_1789021676_038,2026-09-10 11:57:51,2026-09-12,2,google_flights,BOM,HYD,BOM-HYD,BOM,HYD,IndiGo,IndiGo,6E 829,4:10,2:40,630,10 hr 30 min,Economy,110179.0,,,False,b6444825123a
SCR_GF_1789021683_001,2026-09-10 11:57:57,2026-09-17,7,google_flights,BOM,HYD,BOM-HYD,BOM,HYD,IndiGo,IndiGo,6E 200,12:30 AM,2:10 AM,100,1 hr 40 min,Economy,5905.0,,,True,f9191a04269a
SCR_GF_1789021683_002,2026-09-10 11:57:57,2026-09-17,7,google_flights,BOM,HYD,BOM-HYD,BOM,HYD,IndiGo,IndiGo,6E 217,11:00 PM,12:35 AM,95,1 hr 35 min,Economy,5905.0,,,True,fda41ccb65c0
SCR_GF_1789021683_003,2026-09-10 11:57:57,2026-09-17,7,google_flights,BOM,HYD,BOM-HYD,BOM,HYD,Air India,Air India,AI 234,6:00 PM,7:35 PM,95,1 hr 35 min,Economy,6063.0,,,True,3acedc95e8db
SCR_GF_1789021683_004,2026-09-10 11:57:57,2026-09-17,7,google_flights,BOM,HYD,BOM-HYD,BOM,HYD,Air India,Air India,AI 251,9:25 PM,11:05 PM,100,1 hr 40 min,Economy,5848.0,,,True,09da753b36ca
SCR_GF_1789021683_005,2026-09-10 11:57:57,2026-09-17,7,google_flights,BOM,HYD,BOM-HYD,BOM,HYD,IndiGo,IndiGo,6E 268,9:10 PM,10:45 PM,95,1 hr 35 min,Economy,5905.0,,,True,32c8207cf6b2
SCR_GF_1789021683_006,2026-09-10 11:57:57,2026-09-17,7,google_flights,BOM,HYD,BOM-HYD,BOM,HYD,Air India,Air India,AI 285,7:35 PM,9:05 PM,90,1 hr 30 min,Economy,6063.0,,,True,b35f4ada4abe
SCR_GF_1789021683_007,2026-09-10 11:57:57,2026-09-17,7,google_flights,BOM,HYD,BOM-HYD,BOM,HYD,IndiGo,IndiGo,6E 302,5:45 AM,7:20 AM,95,1 hr 35 min,Economy,6220.0,,,True,6aee08e880e9
SCR_GF_1789021683_008,2026-09-10 11:57:57,2026-09-17,7,google_flights,BOM,HYD,BOM-HYD,BOM,HYD,IndiGo,IndiGo,6E 319,3:10 PM,4:45 PM,95,1 hr 35 min,Economy,6220.0,,,True,b0db0a82dd34
SCR_GF_1789021683_009,2026-09-10 11:57:57,2026-09-17,7,google_flights,BOM,HYD,BOM-HYD,BOM,HYD,IndiGo,IndiGo,6E 336,4:45 PM,6:20 PM,95,1 hr 35 min,Economy,6220.0,,,True,997b4f7d403e
SCR_GF_1789021683_010,2026-09-10 11:57:57,2026-09-17,7,google_flights,BOM,HYD,BOM-HYD,BOM,HYD,IndiGo,IndiGo,6E 353,7:40 PM,9:20 PM,100,1 hr 40 min,Economy,6220.0,,,True,8986a1b53508
SCR_GF_1789021683_011,2026-09-10 11:57:57,2026-09-17,7,google_flights,BOM,HYD,BOM-HYD,BOM,HYD,Air India,Air India,AI 370,6:00 AM,7:35 AM,95,1 hr 35 min,Economy,6373.0,,,True,07cf8afc0c6d
SCR_GF_1789021683_012,2026-09-10 11:57:57,2026-09-17,7,google_flights,BOM,HYD,BOM-HYD,BOM,HYD,Air India,Air India,AI 387,3:05 PM,4:35 PM,90,1 hr 30 min,Economy,6473.0,,,True,39edf9b46335
SCR_GF_1789021683_013,2026-09-10 11:57:57,2026-09-17,7,google_flights,BOM,HYD,BOM-HYD,BOM,HYD,Air India,Air India,AI 404,10:50 AM,12:25 PM,95,1 hr 35 min,Economy,7145.0,,,True,66d645662434
SCR_GF_1789021683_014,2026-09-10 11:57:57,2026-09-17,7,google_flights,BOM,HYD,BOM-HYD,BOM,HYD,IndiGo,IndiGo,6E 421,11:45 AM,1:20 PM,95,1 hr 35 min,Economy,7900.0,,,True,0e92adfea270
SCR_GF_1789021683_015,2026-09-10 11:57:57,2026-09-17,7,google_flights,BOM,HYD,BOM-HYD,BOM,HYD,IndiGo,IndiGo,6E 438,10:15 AM,11:40 AM,85,1 hr 25 min,Economy,8425.0,,,True,26473a6e8d9e
SCR_GF_1789021683_016,2026-09-10 11:57:57,2026-09-17,7,google_flights,BOM,HYD,BOM-HYD,BOM,HYD,Air India,Air India,AI 455,8:55 AM,10:35 AM,100,1 hr 40 min,Economy,9544.0,,,True,a0d770232d7a
SCR_GF_1789021683_017,2026-09-10 11:57:57,2026-09-17,7,google_flights,BOM,HYD,BOM-HYD,BOM,HYD,IndiGo,IndiGo,6E 472,7:15 AM,8:50 AM,95,1 hr 35 min,Economy,9685.0,,,True,41cbfcc227a6
SCR_GF_1789021683_018,2026-09-10 11:57:57,2026-09-17,7,google_flights,BOM,HYD,BOM-HYD,BOM,HYD,IndiGo,IndiGo,6E 489,9:40 AM,3:00 AM,1040,17 hr 20 min,Economy,29053.0,,,False,001ecab60530
SCR_GF_1789021683_019,2026-09-10 11:57:57,2026-09-17,7,google_flights,BOM,HYD,BOM-HYD,BOM,HYD,IndiGo,IndiGo,6E 506,11:15 AM,7:55 PM,520,8 hr 40 min,Economy,32588.0,,,False,64d3d1046709
SCR_GF_1789021683_020,2026-09-10 11:57:57,2026-09-17,7,google_flights,BOM,HYD,BOM-HYD,BOM,HYD,IndiGo,IndiGo,6E 523,12:30,2:10,100,1 hr 40 min,Economy,5905.0,,,True,986d485b0f65
SCR_GF_1789021683_021,2026-09-10 11:57:57,2026-09-17,7,google_flights,BOM,HYD,BOM-HYD,BOM,HYD,IndiGo,IndiGo,6E 540,11:00,12:35,95,1 hr 35 min,Economy,5905.0,,,True,e4f298a57a9f
SCR_GF_1789021683_022,2026-09-10 11:57:57,2026-09-17,7,google_flights,BOM,HYD,BOM-HYD,BOM,HYD,IndiGo,IndiGo,6E 557,6:00,7:35,95,1 hr 35 min,Economy,6063.0,,,True,00bb3853c3bc
SCR_GF_1789021683_023,2026-09-10 11:57:57,2026-09-17,7,google_flights,BOM,HYD,BOM-HYD,BOM,HYD,IndiGo,IndiGo,6E 574,9:25,11:05,100,1 hr 40 min,Economy,5848.0,,,True,16e8b9521499
SCR_GF_1789021683_024,2026-09-10 11:57:57,2026-09-17,7,google_flights,BOM,HYD,BOM-HYD,BOM,HYD,IndiGo,IndiGo,6E 591,9:10,10:45,95,1 hr 35 min,Economy,5905.0,,,True,710e34e1026e
SCR_GF_1789021683_025,2026-09-10 11:57:57,2026-09-17,7,google_flights,BOM,HYD,BOM-HYD,BOM,HYD,IndiGo,IndiGo,6E 608,7:35,9:05,90,1 hr 30 min,Economy,6063.0,,,True,575c518970e5
SCR_GF_1789021683_026,2026-09-10 11:57:57,2026-09-17,7,google_flights,BOM,HYD,BOM-HYD,BOM,HYD,IndiGo,IndiGo,6E 625,5:45,7:20,95,1 hr 35 min,Economy,6220.0,,,True,664843d4b0fc
SCR_GF_1789021683_027,2026-09-10 11:57:57,2026-09-17,7,google_flights,BOM,HYD,BOM-HYD,BOM,HYD,IndiGo,IndiGo,6E 642,3:10,4:45,95,1 hr 35 min,Economy,6220.0,,,True,ec4e96a77645
SCR_GF_1789021683_028,2026-09-10 11:57:57,2026-09-17,7,google_flights,BOM,HYD,BOM-HYD,BOM,HYD,IndiGo,IndiGo,6E 659,4:45,6:20,95,1 hr 35 min,Economy,6220.0,,,True,2a27d5ccbdb9
SCR_GF_1789021683_029,2026-09-10 11:57:57,2026-09-17,7,google_flights,BOM,HYD,BOM-HYD,BOM,HYD,IndiGo,IndiGo,6E 676,7:40,9:20,100,1 hr 40 min,Economy,6220.0,,,True,0f25ea5ff3d2
SCR_GF_1789021683_030,2026-09-10 11:57:57,2026-09-17,7,google_flights,BOM,HYD,BOM-HYD,BOM,HYD,IndiGo,IndiGo,6E 693,6:00,7:35,95,1 hr 35 min,Economy,6373.0,,,True,42faa0b211b8
SCR_GF_1789021683_031,2026-09-10 11:57:57,2026-09-17,7,google_flights,BOM,HYD,BOM-HYD,BOM,HYD,IndiGo,IndiGo,6E 710,3:05,4:35,90,1 hr 30 min,Economy,6473.0,,,True,126b84c7a228
SCR_GF_1789021683_032,2026-09-10 11:57:57,2026-09-17,7,google_flights,BOM,HYD,BOM-HYD,BOM,HYD,IndiGo,IndiGo,6E 727,10:50,12:25,95,1 hr 35 min,Economy,7145.0,,,True,80227fa04162
SCR_GF_1789021683_033,2026-09-10 11:57:57,2026-09-17,7,google_flights,BOM,HYD,BOM-HYD,BOM,HYD,IndiGo,IndiGo,6E 744,11:45,1:20,95,1 hr 35 min,Economy,7900.0,,,True,7fbb7f9e129e
SCR_GF_1789021683_034,2026-09-10 11:57:57,2026-09-17,7,google_flights,BOM,HYD,BOM-HYD,BOM,HYD,IndiGo,IndiGo,6E 761,10:15,11:40,85,1 hr 25 min,Economy,8425.0,,,True,250daa2c34ef
SCR_GF_1789021683_035,2026-09-10 11:57:57,2026-09-17,7,google_flights,BOM,HYD,BOM-HYD,BOM,HYD,IndiGo,IndiGo,6E 778,8:55,10:35,100,1 hr 40 min,Economy,9544.0,,,True,6aab836013a7
SCR_GF_1789021683_036,2026-09-10 11:57:57,2026-09-17,7,google_flights,BOM,HYD,BOM-HYD,BOM,HYD,IndiGo,IndiGo,6E 795,7:15,8:50,95,1 hr 35 min,Economy,9685.0,,,True,2ba7dbb91cbb
SCR_GF_1789021683_037,2026-09-10 11:57:57,2026-09-17,7,google_flights,BOM,HYD,BOM-HYD,BOM,HYD,IndiGo,IndiGo,6E 812,9:40,3:00,1040,17 hr 20 min,Economy,29053.0,,,False,5350d4b7e677
SCR_GF_1789021683_038,2026-09-10 11:57:57,2026-09-17,7,google_flights,BOM,HYD,BOM-HYD,BOM,HYD,IndiGo,IndiGo,6E 829,11:15,7:55,520,8 hr 40 min,Economy,32588.0,,,False,697ae8da414d
SCR_GF_1789021689_001,2026-09-10 11:58:04,2026-09-25,15,google_flights,BOM,HYD,BOM-HYD,BOM,HYD,IndiGo,IndiGo,6E 200,12:30 AM,2:10 AM,100,1 hr 40 min,Economy,5905.0,,,True,39e70f98b3d8
SCR_GF_1789021689_002,2026-09-10 11:58:04,2026-09-25,15,google_flights,BOM,HYD,BOM-HYD,BOM,HYD,IndiGo,IndiGo,6E 217,11:00 PM,12:35 AM,95,1 hr 35 min,Economy,5905.0,,,True,ab2dadbd90dd
SCR_GF_1789021689_003,2026-09-10 11:58:04,2026-09-25,15,google_flights,BOM,HYD,BOM-HYD,BOM,HYD,IndiGo,IndiGo,6E 234,5:45 AM,7:20 AM,95,1 hr 35 min,Economy,6220.0,,,True,ff5d40e04f49
SCR_GF_1789021689_004,2026-09-10 11:58:04,2026-09-25,15,google_flights,BOM,HYD,BOM-HYD,BOM,HYD,Air India,Air India,AI 251,6:00 AM,7:35 AM,95,1 hr 35 min,Economy,6373.0,,,True,cdc5412804c4
SCR_GF_1789021689_005,2026-09-10 11:58:04,2026-09-25,15,google_flights,BOM,HYD,BOM-HYD,BOM,HYD,Air India,Air India,AI 268,9:25 PM,11:05 PM,100,1 hr 40 min,Economy,5848.0,,,True,c6763ccc06c8
SCR_GF_1789021689_006,2026-09-10 11:58:04,2026-09-25,15,google_flights,BOM,HYD,BOM-HYD,BOM,HYD,IndiGo,IndiGo,6E 285,7:40 PM,9:20 PM,100,1 hr 40 min,Economy,5905.0,,,True,17f0d4af46de
SCR_GF_1789021689_007,2026-09-10 11:58:04,2026-09-25,15,google_flights,BOM,HYD,BOM-HYD,BOM,HYD,IndiGo,IndiGo,6E 302,9:10 PM,10:45 PM,95,1 hr 35 min,Economy,5905.0,,,True,03c1e6245c3a
SCR_GF_1789021689_008,2026-09-10 11:58:04,2026-09-25,15,google_flights,BOM,HYD,BOM-HYD,BOM,HYD,IndiGo,IndiGo,6E 319,4:45 PM,6:20 PM,95,1 hr 35 min,Economy,6220.0,,,True,b29c5d35bc86
SCR_GF_1789021690_009,2026-09-10 11:58:04,2026-09-25,15,google_flights,BOM,HYD,BOM-HYD,BOM,HYD,Air India,Air India,AI 336,7:35 PM,9:05 PM,90,1 hr 30 min,Economy,6373.0,,,True,4a47cd9ec2ae
SCR_GF_1789021690_010,2026-09-10 11:58:04,2026-09-25,15,google_flights,BOM,HYD,BOM-HYD,BOM,HYD,Air India,Air India,AI 353,8:55 AM,10:35 AM,100,1 hr 40 min,Economy,6473.0,,,True,b081f73be097
SCR_GF_1789021690_011,2026-09-10 11:58:04,2026-09-25,15,google_flights,BOM,HYD,BOM-HYD,BOM,HYD,Air India,Air India,AI 370,3:05 PM,4:35 PM,90,1 hr 30 min,Economy,6473.0,,,True,6f9795b8f9ca
SCR_GF_1789021690_012,2026-09-10 11:58:04,2026-09-25,15,google_flights,BOM,HYD,BOM-HYD,BOM,HYD,IndiGo,IndiGo,6E 387,3:10 PM,4:45 PM,95,1 hr 35 min,Economy,6535.0,,,True,888bce82fd9e
SCR_GF_1789021690_013,2026-09-10 11:58:04,2026-09-25,15,google_flights,BOM,HYD,BOM-HYD,BOM,HYD,Air India,Air India,AI 404,10:50 AM,12:25 PM,95,1 hr 35 min,Economy,6625.0,,,True,3aa8219cc3e2
SCR_GF_1789021690_014,2026-09-10 11:58:04,2026-09-25,15,google_flights,BOM,HYD,BOM-HYD,BOM,HYD,Air India,Air India,AI 421,6:00 PM,7:35 PM,95,1 hr 35 min,Economy,6725.0,,,True,0608d6690f82
SCR_GF_1789021690_015,2026-09-10 11:58:04,2026-09-25,15,google_flights,BOM,HYD,BOM-HYD,BOM,HYD,IndiGo,IndiGo,6E 438,10:15 AM,11:40 AM,85,1 hr 25 min,Economy,6955.0,,,True,e54a99c3f03b
SCR_GF_1789021690_016,2026-09-10 11:58:04,2026-09-25,15,google_flights,BOM,HYD,BOM-HYD,BOM,HYD,IndiGo,IndiGo,6E 455,11:45 AM,1:20 PM,95,1 hr 35 min,Economy,6955.0,,,True,f25878478e89
SCR_GF_1789021690_017,2026-09-10 11:58:04,2026-09-25,15,google_flights,BOM,HYD,BOM-HYD,BOM,HYD,IndiGo,IndiGo,6E 472,7:15 AM,8:50 AM,95,1 hr 35 min,Economy,7375.0,,,True,6e55ce4731ac
SCR_GF_1789021690_018,2026-09-10 11:58:04,2026-09-25,15,google_flights,BOM,HYD,BOM-HYD,BOM,HYD,IndiGo,IndiGo,6E 489,12:30,2:10,100,1 hr 40 min,Economy,5905.0,,,True,0a6bf0f56eee
SCR_GF_1789021690_019,2026-09-10 11:58:04,2026-09-25,15,google_flights,BOM,HYD,BOM-HYD,BOM,HYD,IndiGo,IndiGo,6E 506,11:00,12:35,95,1 hr 35 min,Economy,5905.0,,,True,8ed8c7b1da43
SCR_GF_1789021690_020,2026-09-10 11:58:04,2026-09-25,15,google_flights,BOM,HYD,BOM-HYD,BOM,HYD,IndiGo,IndiGo,6E 523,5:45,7:20,95,1 hr 35 min,Economy,6220.0,,,True,aea84d51f142
SCR_GF_1789021690_021,2026-09-10 11:58:04,2026-09-25,15,google_flights,BOM,HYD,BOM-HYD,BOM,HYD,IndiGo,IndiGo,6E 540,6:00,7:35,95,1 hr 35 min,Economy,6373.0,,,True,64166ca8e5e4
SCR_GF_1789021690_022,2026-09-10 11:58:04,2026-09-25,15,google_flights,BOM,HYD,BOM-HYD,BOM,HYD,IndiGo,IndiGo,6E 557,9:25,11:05,100,1 hr 40 min,Economy,5848.0,,,True,9fcb1b31697a
SCR_GF_1789021690_023,2026-09-10 11:58:04,2026-09-25,15,google_flights,BOM,HYD,BOM-HYD,BOM,HYD,IndiGo,IndiGo,6E 574,7:40,9:20,100,1 hr 40 min,Economy,5905.0,,,True,b7666f86f586
SCR_GF_1789021690_024,2026-09-10 11:58:04,2026-09-25,15,google_flights,BOM,HYD,BOM-HYD,BOM,HYD,IndiGo,IndiGo,6E 591,9:10,10:45,95,1 hr 35 min,Economy,5905.0,,,True,91892c52425d
SCR_GF_1789021690_025,2026-09-10 11:58:04,2026-09-25,15,google_flights,BOM,HYD,BOM-HYD,BOM,HYD,IndiGo,IndiGo,6E 608,4:45,6:20,95,1 hr 35 min,Economy,6220.0,,,True,0e22297951c5
SCR_GF_1789021690_026,2026-09-10 11:58:04,2026-09-25,15,google_flights,BOM,HYD,BOM-HYD,BOM,HYD,IndiGo,IndiGo,6E 625,7:35,9:05,90,1 hr 30 min,Economy,6373.0,,,True,4e68b1d0ecc8
SCR_GF_1789021690_027,2026-09-10 11:58:04,2026-09-25,15,google_flights,BOM,HYD,BOM-HYD,BOM,HYD,IndiGo,IndiGo,6E 642,8:55,10:35,100,1 hr 40 min,Economy,6473.0,,,True,48c8f279b2fa
SCR_GF_1789021690_028,2026-09-10 11:58:04,2026-09-25,15,google_flights,BOM,HYD,BOM-HYD,BOM,HYD,IndiGo,IndiGo,6E 659,3:05,4:35,90,1 hr 30 min,Economy,6473.0,,,True,549f561b05d2
SCR_GF_1789021690_029,2026-09-10 11:58:04,2026-09-25,15,google_flights,BOM,HYD,BOM-HYD,BOM,HYD,IndiGo,IndiGo,6E 676,3:10,4:45,95,1 hr 35 min,Economy,6535.0,,,True,1047ea21223c
SCR_GF_1789021690_030,2026-09-10 11:58:04,2026-09-25,15,google_flights,BOM,HYD,BOM-HYD,BOM,HYD,IndiGo,IndiGo,6E 693,10:50,12:25,95,1 hr 35 min,Economy,6625.0,,,True,c154aad64e46
SCR_GF_1789021690_031,2026-09-10 11:58:04,2026-09-25,15,google_flights,BOM,HYD,BOM-HYD,BOM,HYD,IndiGo,IndiGo,6E 710,6:00,7:35,95,1 hr 35 min,Economy,6725.0,,,True,4b7a1f8ca7ec
SCR_GF_1789021690_032,2026-09-10 11:58:04,2026-09-25,15,google_flights,BOM,HYD,BOM-HYD,BOM,HYD,IndiGo,IndiGo,6E 727,10:15,11:40,85,1 hr 25 min,Economy,6955.0,,,True,21e38becfac7
SCR_GF_1789021690_033,2026-09-10 11:58:04,2026-09-25,15,google_flights,BOM,HYD,BOM-HYD,BOM,HYD,IndiGo,IndiGo,6E 744,11:45,1:20,95,1 hr 35 min,Economy,6955.0,,,True,8cab85531665
SCR_GF_1789021690_034,2026-09-10 11:58:04,2026-09-25,15,google_flights,BOM,HYD,BOM-HYD,BOM,HYD,IndiGo,IndiGo,6E 761,7:15,8:50,95,1 hr 35 min,Economy,7375.0,,,True,bf2d8e64908d
SCR_GF_1789021696_001,2026-09-10 11:58:11,2026-09-11,1,google_flights,BLR,HYD,BLR-HYD,BLR,HYD,Air India,Air India,AI 200,5:15 PM,6:40 PM,85,1 hr 25 min,Economy,11627.0,,,True,91015ee3c601
SCR_GF_1789021696_002,2026-09-10 11:58:11,2026-09-11,1,google_flights,BLR,HYD,BLR-HYD,BLR,HYD,IndiGo,IndiGo,6E 217,7:40 PM,8:55 PM,75,1 hr 15 min,Economy,12640.0,,,True,6c3a9249dc4f
SCR_GF_1789021696_003,2026-09-10 11:58:11,2026-09-11,1,google_flights,BLR,HYD,BLR-HYD,BLR,HYD,IndiGo,IndiGo,6E 234,10:15 AM,11:30 AM,75,1 hr 15 min,Economy,13641.0,,,True,41b82e86061a
SCR_GF_1789021696_004,2026-09-10 11:58:11,2026-09-11,1,google_flights,BLR,HYD,BLR-HYD,BLR,HYD,IndiGo,IndiGo,6E 251,7:05 AM,1:35 PM,390,6 hr 30 min,Economy,7662.0,,,False,d6071e90bacc
SCR_GF_1789021696_005,2026-09-10 11:58:11,2026-09-11,1,google_flights,BLR,HYD,BLR-HYD,BLR,HYD,IndiGo,IndiGo,6E 268,10:25 AM,3:25 PM,300,5 hr,Economy,8264.0,,,False,ff86195fa6e5
SCR_GF_1789021696_006,2026-09-10 11:58:11,2026-09-11,1,google_flights,BLR,HYD,BLR-HYD,BLR,HYD,IndiGo,IndiGo,6E 285,12:45 PM,5:25 PM,280,4 hr 40 min,Economy,8264.0,,,False,3e9f798d9853
SCR_GF_1789021697_007,2026-09-10 11:58:11,2026-09-11,1,google_flights,BLR,HYD,BLR-HYD,BLR,HYD,IndiGo,IndiGo,6E 302,6:25 AM,11:15 AM,290,4 hr 50 min,Economy,9520.0,,,False,dd6671a6a0cb
SCR_GF_1789021697_008,2026-09-10 11:58:11,2026-09-11,1,google_flights,BLR,HYD,BLR-HYD,BLR,HYD,IndiGo,IndiGo,6E 319,1:10 PM,5:30 PM,260,4 hr 20 min,Economy,9651.0,,,False,03476219a2c8
SCR_GF_1789021697_009,2026-09-10 11:58:11,2026-09-11,1,google_flights,BLR,HYD,BLR-HYD,BLR,HYD,Air India,Air India,AI 336,7:05 AM,3:10 PM,485,8 hr 5 min,Economy,9987.0,,,False,416e8fc19511
SCR_GF_1789021697_010,2026-09-10 11:58:11,2026-09-11,1,google_flights,BLR,HYD,BLR-HYD,BLR,HYD,Air India,Air India,AI 353,10:40 PM,11:50 PM,70,1 hr 10 min,Economy,14926.0,,,True,36e688ee4777
SCR_GF_1789021697_011,2026-09-10 11:58:11,2026-09-11,1,google_flights,BLR,HYD,BLR-HYD,BLR,HYD,IndiGo,IndiGo,6E 370,9:15 AM,10:30 AM,75,1 hr 15 min,Economy,14935.0,,,True,11d2d7c9170b
SCR_GF_1789021697_012,2026-09-10 11:58:11,2026-09-11,1,google_flights,BLR,HYD,BLR-HYD,BLR,HYD,IndiGo,IndiGo,6E 387,4:30 PM,5:45 PM,75,1 hr 15 min,Economy,16363.0,,,True,aae23079c133
SCR_GF_1789021697_013,2026-09-10 11:58:11,2026-09-11,1,google_flights,BLR,HYD,BLR-HYD,BLR,HYD,Air India,Air India,AI 404,12:30 PM,1:50 PM,80,1 hr 20 min,Economy,16927.0,,,True,11f7030f6fb6
SCR_GF_1789021697_014,2026-09-10 11:58:11,2026-09-11,1,google_flights,BLR,HYD,BLR-HYD,BLR,HYD,IndiGo,IndiGo,6E 421,6:25 AM,7:35 AM,70,1 hr 10 min,Economy,17939.0,,,True,762ae5b9e4cd
SCR_GF_1789021697_015,2026-09-10 11:58:11,2026-09-11,1,google_flights,BLR,HYD,BLR-HYD,BLR,HYD,IndiGo,IndiGo,6E 438,8:15 AM,9:30 AM,75,1 hr 15 min,Economy,17939.0,,,True,e1203aada530
SCR_GF_1789021697_016,2026-09-10 11:58:11,2026-09-11,1,google_flights,BLR,HYD,BLR-HYD,BLR,HYD,IndiGo,IndiGo,6E 455,11:35 AM,12:50 PM,75,1 hr 15 min,Economy,17939.0,,,True,4a8a9cfb4418
SCR_GF_1789021697_017,2026-09-10 11:58:11,2026-09-11,1,google_flights,BLR,HYD,BLR-HYD,BLR,HYD,IndiGo,IndiGo,6E 472,6:35 PM,7:45 PM,70,1 hr 10 min,Economy,17939.0,,,True,da21948be461
SCR_GF_1789021697_018,2026-09-10 11:58:11,2026-09-11,1,google_flights,BLR,HYD,BLR-HYD,BLR,HYD,IndiGo,IndiGo,6E 489,9:30 PM,10:45 PM,75,1 hr 15 min,Economy,17939.0,,,True,6e6bad53430b
SCR_GF_1789021697_019,2026-09-10 11:58:11,2026-09-11,1,google_flights,BLR,HYD,BLR-HYD,BLR,HYD,IndiGo,IndiGo,6E 506,5:15,6:40,85,1 hr 25 min,Economy,11627.0,,,True,2efae5e00876
SCR_GF_1789021697_020,2026-09-10 11:58:11,2026-09-11,1,google_flights,BLR,HYD,BLR-HYD,BLR,HYD,IndiGo,IndiGo,6E 523,7:40,8:55,75,1 hr 15 min,Economy,12640.0,,,True,58a43975c6b4
SCR_GF_1789021697_021,2026-09-10 11:58:11,2026-09-11,1,google_flights,BLR,HYD,BLR-HYD,BLR,HYD,IndiGo,IndiGo,6E 540,10:15,11:30,75,1 hr 15 min,Economy,13641.0,,,True,19be78b2b94b
SCR_GF_1789021697_022,2026-09-10 11:58:11,2026-09-11,1,google_flights,BLR,HYD,BLR-HYD,BLR,HYD,IndiGo,IndiGo,6E 557,7:05,1:35,390,6 hr 30 min,Economy,7662.0,,,False,7788e0f16489
SCR_GF_1789021697_023,2026-09-10 11:58:11,2026-09-11,1,google_flights,BLR,HYD,BLR-HYD,BLR,HYD,IndiGo,IndiGo,6E 574,10:25,3:25,300,5 hr,Economy,8264.0,,,False,510c71da5c14
SCR_GF_1789021697_024,2026-09-10 11:58:11,2026-09-11,1,google_flights,BLR,HYD,BLR-HYD,BLR,HYD,IndiGo,IndiGo,6E 591,12:45,5:25,280,4 hr 40 min,Economy,8264.0,,,False,c5211fc703b6
SCR_GF_1789021697_025,2026-09-10 11:58:11,2026-09-11,1,google_flights,BLR,HYD,BLR-HYD,BLR,HYD,IndiGo,IndiGo,6E 608,6:25,11:15,290,4 hr 50 min,Economy,9520.0,,,False,c513d406e164
SCR_GF_1789021697_026,2026-09-10 11:58:11,2026-09-11,1,google_flights,BLR,HYD,BLR-HYD,BLR,HYD,IndiGo,IndiGo,6E 625,1:10,5:30,260,4 hr 20 min,Economy,9651.0,,,False,98ae8088144d
SCR_GF_1789021697_027,2026-09-10 11:58:11,2026-09-11,1,google_flights,BLR,HYD,BLR-HYD,BLR,HYD,IndiGo,IndiGo,6E 642,7:05,3:10,485,8 hr 5 min,Economy,9987.0,,,False,0a962c23a323
SCR_GF_1789021697_028,2026-09-10 11:58:11,2026-09-11,1,google_flights,BLR,HYD,BLR-HYD,BLR,HYD,IndiGo,IndiGo,6E 659,10:40,11:50,70,1 hr 10 min,Economy,14926.0,,,True,5450cd1ac293
SCR_GF_1789021697_029,2026-09-10 11:58:11,2026-09-11,1,google_flights,BLR,HYD,BLR-HYD,BLR,HYD,IndiGo,IndiGo,6E 676,9:15,10:30,75,1 hr 15 min,Economy,14935.0,,,True,b9d8c5a557c2
SCR_GF_1789021697_030,2026-09-10 11:58:11,2026-09-11,1,google_flights,BLR,HYD,BLR-HYD,BLR,HYD,IndiGo,IndiGo,6E 693,4:30,5:45,75,1 hr 15 min,Economy,16363.0,,,True,ecf6b6bbb9bb
SCR_GF_1789021697_031,2026-09-10 11:58:11,2026-09-11,1,google_flights,BLR,HYD,BLR-HYD,BLR,HYD,IndiGo,IndiGo,6E 710,12:30,1:50,80,1 hr 20 min,Economy,16927.0,,,True,b40f99589e8c
SCR_GF_1789021697_032,2026-09-10 11:58:11,2026-09-11,1,google_flights,BLR,HYD,BLR-HYD,BLR,HYD,IndiGo,IndiGo,6E 727,6:25,7:35,70,1 hr 10 min,Economy,17939.0,,,True,073453d09987
SCR_GF_1789021697_033,2026-09-10 11:58:11,2026-09-11,1,google_flights,BLR,HYD,BLR-HYD,BLR,HYD,IndiGo,IndiGo,6E 744,8:15,9:30,75,1 hr 15 min,Economy,17939.0,,,True,70645f2b4f4e
SCR_GF_1789021697_034,2026-09-10 11:58:11,2026-09-11,1,google_flights,BLR,HYD,BLR-HYD,BLR,HYD,IndiGo,IndiGo,6E 761,11:35,12:50,75,1 hr 15 min,Economy,17939.0,,,True,2f3bf3c79b0d
SCR_GF_1789021697_035,2026-09-10 11:58:11,2026-09-11,1,google_flights,BLR,HYD,BLR-HYD,BLR,HYD,IndiGo,IndiGo,6E 778,6:35,7:45,70,1 hr 10 min,Economy,17939.0,,,True,e1d55b6baffc
SCR_GF_1789021697_036,2026-09-10 11:58:11,2026-09-11,1,google_flights,BLR,HYD,BLR-HYD,BLR,HYD,IndiGo,IndiGo,6E 795,9:30,10:45,75,1 hr 15 min,Economy,17939.0,,,True,03a76136412c
SCR_GF_1789021703_001,2026-09-10 11:58:18,2026-09-12,2,google_flights,BLR,HYD,BLR-HYD,BLR,HYD,IndiGo,IndiGo,6E 200,5:40 PM,9:15 PM,215,3 hr 35 min,Economy,6438.0,,,False,30cd451f3af9
SCR_GF_1789021703_002,2026-09-10 11:58:18,2026-09-12,2,google_flights,BLR,HYD,BLR-HYD,BLR,HYD,Air India,Air India,AI 217,10:40 PM,11:50 PM,70,1 hr 10 min,Economy,8527.0,,,True,494a05ddd20a
SCR_GF_1789021703_003,2026-09-10 11:58:18,2026-09-12,2,google_flights,BLR,HYD,BLR-HYD,BLR,HYD,IndiGo,IndiGo,6E 234,9:30 PM,10:45 PM,75,1 hr 15 min,Economy,8780.0,,,True,0e1f4b3e5ac6
SCR_GF_1789021703_004,2026-09-10 11:58:18,2026-09-12,2,google_flights,BLR,HYD,BLR-HYD,BLR,HYD,IndiGo,IndiGo,6E 251,7:05 AM,10:45 AM,220,3 hr 40 min,Economy,6438.0,,,False,00619abdf1be
SCR_GF_1789021703_005,2026-09-10 11:58:18,2026-09-12,2,google_flights,BLR,HYD,BLR-HYD,BLR,HYD,IndiGo,IndiGo,6E 268,1:10 PM,5:30 PM,260,4 hr 20 min,Economy,6438.0,,,False,8fcd5bb0c0aa
SCR_GF_1789021703_006,2026-09-10 11:58:18,2026-09-12,2,google_flights,BLR,HYD,BLR-HYD,BLR,HYD,IndiGo,IndiGo,6E 285,6:15 PM,10:40 PM,265,4 hr 25 min,Economy,6438.0,,,False,1b99ca2cce58
SCR_GF_1789021703_007,2026-09-10 11:58:18,2026-09-12,2,google_flights,BLR,HYD,BLR-HYD,BLR,HYD,IndiGo,IndiGo,6E 302,10:25 AM,3:25 PM,300,5 hr,Economy,6864.0,,,False,c96e03d58ede
SCR_GF_1789021703_008,2026-09-10 11:58:18,2026-09-12,2,google_flights,BLR,HYD,BLR-HYD,BLR,HYD,IndiGo,IndiGo,6E 319,11:40 AM,3:25 PM,225,3 hr 45 min,Economy,7327.0,,,False,a4e2de3989d9
SCR_GF_1789021703_009,2026-09-10 11:58:18,2026-09-12,2,google_flights,BLR,HYD,BLR-HYD,BLR,HYD,Air India,Air India,AI 336,6:05 AM,7:25 AM,80,1 hr 20 min,Economy,9426.0,,,True,383368823348
SCR_GF_1789021703_010,2026-09-10 11:58:18,2026-09-12,2,google_flights,BLR,HYD,BLR-HYD,BLR,HYD,Air India,Air India,AI 353,5:15 PM,6:40 PM,85,1 hr 25 min,Economy,9426.0,,,True,a400ff452c7a
SCR_GF_1789021703_011,2026-09-10 11:58:18,2026-09-12,2,google_flights,BLR,HYD,BLR-HYD,BLR,HYD,IndiGo,IndiGo,6E 370,4:30 PM,5:45 PM,75,1 hr 15 min,Economy,9570.0,,,True,b67893f2740f
SCR_GF_1789021703_012,2026-09-10 11:58:18,2026-09-12,2,google_flights,BLR,HYD,BLR-HYD,BLR,HYD,IndiGo,IndiGo,6E 387,6:35 PM,7:45 PM,70,1 hr 10 min,Economy,9570.0,,,True,1e79dcccb2a0
SCR_GF_1789021704_013,2026-09-10 11:58:18,2026-09-12,2,google_flights,BLR,HYD,BLR-HYD,BLR,HYD,Air India,Air India,AI 404,12:30 PM,1:50 PM,80,1 hr 20 min,Economy,10426.0,,,True,dec4fc8acd10
SCR_GF_1789021704_014,2026-09-10 11:58:18,2026-09-12,2,google_flights,BLR,HYD,BLR-HYD,BLR,HYD,IndiGo,IndiGo,6E 421,6:25 AM,7:35 AM,70,1 hr 10 min,Economy,10443.0,,,True,8c6592a62db6
SCR_GF_1789021704_015,2026-09-10 11:58:18,2026-09-12,2,google_flights,BLR,HYD,BLR-HYD,BLR,HYD,IndiGo,IndiGo,6E 438,2:50 PM,4:05 PM,75,1 hr 15 min,Economy,10443.0,,,True,23f738648aeb
SCR_GF_1789021704_016,2026-09-10 11:58:18,2026-09-12,2,google_flights,BLR,HYD,BLR-HYD,BLR,HYD,IndiGo,IndiGo,6E 455,7:45 PM,9:00 PM,75,1 hr 15 min,Economy,11406.0,,,True,26cd311953e8
SCR_GF_1789021704_017,2026-09-10 11:58:18,2026-09-12,2,google_flights,BLR,HYD,BLR-HYD,BLR,HYD,IndiGo,IndiGo,6E 472,8:15 AM,9:30 AM,75,1 hr 15 min,Economy,13641.0,,,True,750ca1e925a8
SCR_GF_1789021704_018,2026-09-10 11:58:18,2026-09-12,2,google_flights,BLR,HYD,BLR-HYD,BLR,HYD,IndiGo,IndiGo,6E 489,9:15 AM,10:30 AM,75,1 hr 15 min,Economy,13641.0,,,True,f03b2a4b54b3
SCR_GF_1789021704_019,2026-09-10 11:58:18,2026-09-12,2,google_flights,BLR,HYD,BLR-HYD,BLR,HYD,IndiGo,IndiGo,6E 506,11:35 AM,12:50 PM,75,1 hr 15 min,Economy,13641.0,,,True,af289f278039
SCR_GF_1789021704_020,2026-09-10 11:58:18,2026-09-12,2,google_flights,BLR,HYD,BLR-HYD,BLR,HYD,IndiGo,IndiGo,6E 523,10:15 AM,11:30 AM,75,1 hr 15 min,Economy,14935.0,,,True,cac5d71bd94b
SCR_GF_1789021704_021,2026-09-10 11:58:18,2026-09-12,2,google_flights,BLR,HYD,BLR-HYD,BLR,HYD,IndiGo,IndiGo,6E 540,5:45 AM,9:20 PM,935,15 hr 35 min,Economy,56458.0,,,False,4427396b34f2
SCR_GF_1789021704_023,2026-09-10 11:58:18,2026-09-12,2,google_flights,BLR,HYD,BLR-HYD,BLR,HYD,IndiGo,IndiGo,6E 574,5:40,9:15,215,3 hr 35 min,Economy,6438.0,,,False,864bc419d0a7
SCR_GF_1789021704_024,2026-09-10 11:58:18,2026-09-12,2,google_flights,BLR,HYD,BLR-HYD,BLR,HYD,IndiGo,IndiGo,6E 591,10:40,11:50,70,1 hr 10 min,Economy,8527.0,,,True,722fabcc113e
SCR_GF_1789021704_025,2026-09-10 11:58:18,2026-09-12,2,google_flights,BLR,HYD,BLR-HYD,BLR,HYD,IndiGo,IndiGo,6E 608,9:30,10:45,75,1 hr 15 min,Economy,8780.0,,,True,e44159e2ba37
SCR_GF_1789021704_026,2026-09-10 11:58:18,2026-09-12,2,google_flights,BLR,HYD,BLR-HYD,BLR,HYD,IndiGo,IndiGo,6E 625,7:05,10:45,220,3 hr 40 min,Economy,6438.0,,,False,9df77c613cb0
SCR_GF_1789021704_027,2026-09-10 11:58:18,2026-09-12,2,google_flights,BLR,HYD,BLR-HYD,BLR,HYD,IndiGo,IndiGo,6E 642,1:10,5:30,260,4 hr 20 min,Economy,6438.0,,,False,6ad3c20612a8
SCR_GF_1789021704_028,2026-09-10 11:58:18,2026-09-12,2,google_flights,BLR,HYD,BLR-HYD,BLR,HYD,IndiGo,IndiGo,6E 659,6:15,10:40,265,4 hr 25 min,Economy,6438.0,,,False,6b78ceb35600
SCR_GF_1789021704_029,2026-09-10 11:58:18,2026-09-12,2,google_flights,BLR,HYD,BLR-HYD,BLR,HYD,IndiGo,IndiGo,6E 676,10:25,3:25,300,5 hr,Economy,6864.0,,,False,3a711202dada
SCR_GF_1789021704_030,2026-09-10 11:58:18,2026-09-12,2,google_flights,BLR,HYD,BLR-HYD,BLR,HYD,IndiGo,IndiGo,6E 693,11:40,3:25,225,3 hr 45 min,Economy,7327.0,,,False,650108c8fe6b
SCR_GF_1789021704_031,2026-09-10 11:58:18,2026-09-12,2,google_flights,BLR,HYD,BLR-HYD,BLR,HYD,IndiGo,IndiGo,6E 710,6:05,7:25,80,1 hr 20 min,Economy,9426.0,,,True,cc611e08c51c
SCR_GF_1789021704_032,2026-09-10 11:58:18,2026-09-12,2,google_flights,BLR,HYD,BLR-HYD,BLR,HYD,IndiGo,IndiGo,6E 727,5:15,6:40,85,1 hr 25 min,Economy,9426.0,,,True,04b277e3ae78
SCR_GF_1789021704_033,2026-09-10 11:58:18,2026-09-12,2,google_flights,BLR,HYD,BLR-HYD,BLR,HYD,IndiGo,IndiGo,6E 744,4:30,5:45,75,1 hr 15 min,Economy,9570.0,,,True,9977dd7f2495
SCR_GF_1789021704_034,2026-09-10 11:58:18,2026-09-12,2,google_flights,BLR,HYD,BLR-HYD,BLR,HYD,IndiGo,IndiGo,6E 761,6:35,7:45,70,1 hr 10 min,Economy,9570.0,,,True,3d346e417a55
SCR_GF_1789021704_035,2026-09-10 11:58:18,2026-09-12,2,google_flights,BLR,HYD,BLR-HYD,BLR,HYD,IndiGo,IndiGo,6E 778,12:30,1:50,80,1 hr 20 min,Economy,10426.0,,,True,f55a33813b51
SCR_GF_1789021704_036,2026-09-10 11:58:18,2026-09-12,2,google_flights,BLR,HYD,BLR-HYD,BLR,HYD,IndiGo,IndiGo,6E 795,6:25,7:35,70,1 hr 10 min,Economy,10443.0,,,True,089b919c77c4
SCR_GF_1789021704_037,2026-09-10 11:58:18,2026-09-12,2,google_flights,BLR,HYD,BLR-HYD,BLR,HYD,IndiGo,IndiGo,6E 812,2:50,4:05,75,1 hr 15 min,Economy,10443.0,,,True,f815ab96aba2
SCR_GF_1789021704_038,2026-09-10 11:58:18,2026-09-12,2,google_flights,BLR,HYD,BLR-HYD,BLR,HYD,IndiGo,IndiGo,6E 829,7:45,9:00,75,1 hr 15 min,Economy,11406.0,,,True,415acef24593
SCR_GF_1789021704_039,2026-09-10 11:58:18,2026-09-12,2,google_flights,BLR,HYD,BLR-HYD,BLR,HYD,IndiGo,IndiGo,6E 846,8:15,9:30,75,1 hr 15 min,Economy,13641.0,,,True,4915dbebccd5
SCR_GF_1789021704_040,2026-09-10 11:58:18,2026-09-12,2,google_flights,BLR,HYD,BLR-HYD,BLR,HYD,IndiGo,IndiGo,6E 863,9:15,10:30,75,1 hr 15 min,Economy,13641.0,,,True,0bc6f85a13e9
SCR_GF_1789021704_041,2026-09-10 11:58:18,2026-09-12,2,google_flights,BLR,HYD,BLR-HYD,BLR,HYD,IndiGo,IndiGo,6E 880,11:35,12:50,75,1 hr 15 min,Economy,13641.0,,,True,537711ce5d51
SCR_GF_1789021704_042,2026-09-10 11:58:18,2026-09-12,2,google_flights,BLR,HYD,BLR-HYD,BLR,HYD,IndiGo,IndiGo,6E 897,10:15,11:30,75,1 hr 15 min,Economy,14935.0,,,True,55e1615f534b
SCR_GF_1789021704_043,2026-09-10 11:58:18,2026-09-12,2,google_flights,BLR,HYD,BLR-HYD,BLR,HYD,IndiGo,IndiGo,6E 914,5:45,9:20,935,15 hr 35 min,Economy,56458.0,,,False,473ce4d31e58
SCR_GF_1789021712_001,2026-09-10 11:58:25,2026-09-17,7,google_flights,BLR,HYD,BLR-HYD,BLR,HYD,Air India,Air India,AI 200,5:15 PM,6:40 PM,85,1 hr 25 min,Economy,5927.0,,,True,609116266a91
SCR_GF_1789021712_002,2026-09-10 11:58:25,2026-09-17,7,google_flights,BLR,HYD,BLR-HYD,BLR,HYD,IndiGo,IndiGo,6E 217,4:30 PM,5:45 PM,75,1 hr 15 min,Economy,6291.0,,,True,2491c11fd3e0
SCR_GF_1789021712_003,2026-09-10 11:58:25,2026-09-17,7,google_flights,BLR,HYD,BLR-HYD,BLR,HYD,IndiGo,IndiGo,6E 234,6:35 PM,7:45 PM,70,1 hr 10 min,Economy,6291.0,,,True,d8756a2a25fd
SCR_GF_1789021712_005,2026-09-10 11:58:25,2026-09-17,7,google_flights,BLR,HYD,BLR-HYD,BLR,HYD,IndiGo,IndiGo,6E 268,2:40 AM,7:50 AM,310,5 hr 10 min,Economy,5358.0,,,False,0b407780243a
SCR_GF_1789021712_006,2026-09-10 11:58:25,2026-09-17,7,google_flights,BLR,HYD,BLR-HYD,BLR,HYD,IndiGo,IndiGo,6E 285,7:05 AM,10:45 AM,220,3 hr 40 min,Economy,5358.0,,,False,be47b01cfd7d
SCR_GF_1789021712_007,2026-09-10 11:58:25,2026-09-17,7,google_flights,BLR,HYD,BLR-HYD,BLR,HYD,IndiGo,IndiGo,6E 302,7:15 AM,11:10 AM,235,3 hr 55 min,Economy,5358.0,,,False,9b17adfcff85
SCR_GF_1789021712_008,2026-09-10 11:58:25,2026-09-17,7,google_flights,BLR,HYD,BLR-HYD,BLR,HYD,IndiGo,IndiGo,6E 319,11:40 AM,4:05 PM,265,4 hr 25 min,Economy,5358.0,,,False,d314d491b5fb
SCR_GF_1789021712_009,2026-09-10 11:58:25,2026-09-17,7,google_flights,BLR,HYD,BLR-HYD,BLR,HYD,IndiGo,IndiGo,6E 336,12:45 PM,5:25 PM,280,4 hr 40 min,Economy,5358.0,,,False,da1ef39db044
SCR_GF_1789021712_010,2026-09-10 11:58:25,2026-09-17,7,google_flights,BLR,HYD,BLR-HYD,BLR,HYD,IndiGo,IndiGo,6E 353,1:10 PM,5:30 PM,260,4 hr 20 min,Economy,5358.0,,,False,f041f670dbf1
SCR_GF_1789021712_011,2026-09-10 11:58:25,2026-09-17,7,google_flights,BLR,HYD,BLR-HYD,BLR,HYD,IndiGo,IndiGo,6E 370,5:40 PM,9:15 PM,215,3 hr 35 min,Economy,5358.0,,,False,ec4124de94ae
SCR_GF_1789021712_012,2026-09-10 11:58:25,2026-09-17,7,google_flights,BLR,HYD,BLR-HYD,BLR,HYD,IndiGo,IndiGo,6E 387,6:15 PM,10:40 PM,265,4 hr 25 min,Economy,5358.0,,,False,c47bfa409fac
SCR_GF_1789021713_013,2026-09-10 11:58:25,2026-09-17,7,google_flights,BLR,HYD,BLR-HYD,BLR,HYD,IndiGo,IndiGo,6E 404,7:15 PM,10:50 PM,215,3 hr 35 min,Economy,5358.0,,,False,f09a2e9f86ec
SCR_GF_1789021713_014,2026-09-10 11:58:25,2026-09-17,7,google_flights,BLR,HYD,BLR-HYD,BLR,HYD,IndiGo,IndiGo,6E 421,11:05 PM,3:10 AM,245,4 hr 5 min,Economy,5358.0,,,False,dcb4a0f10fa4
SCR_GF_1789021713_015,2026-09-10 11:58:25,2026-09-17,7,google_flights,BLR,HYD,BLR-HYD,BLR,HYD,IndiGo,IndiGo,6E 438,10:40 AM,3:05 PM,265,4 hr 25 min,Economy,5820.0,,,False,b617fec70f1d
SCR_GF_1789021713_016,2026-09-10 11:58:25,2026-09-17,7,google_flights,BLR,HYD,BLR-HYD,BLR,HYD,IndiGo,IndiGo,6E 455,10:55 AM,3:00 PM,245,4 hr 5 min,Economy,6048.0,,,False,94126c55f192
SCR_GF_1789021713_017,2026-09-10 11:58:25,2026-09-17,7,google_flights,BLR,HYD,BLR-HYD,BLR,HYD,Air India,Air India,AI 472,7:15 PM,8:25 PM,70,1 hr 10 min,Economy,7026.0,,,True,1f5f32be7a6a
SCR_GF_1789021713_018,2026-09-10 11:58:25,2026-09-17,7,google_flights,BLR,HYD,BLR-HYD,BLR,HYD,IndiGo,IndiGo,6E 489,11:35 AM,12:50 PM,75,1 hr 15 min,Economy,7414.0,,,True,24eed93b8933
SCR_GF_1789021713_019,2026-09-10 11:58:25,2026-09-17,7,google_flights,BLR,HYD,BLR-HYD,BLR,HYD,Air India,Air India,AI 506,12:30 PM,1:50 PM,80,1 hr 20 min,Economy,7727.0,,,True,15437d673a92
SCR_GF_1789021713_020,2026-09-10 11:58:25,2026-09-17,7,google_flights,BLR,HYD,BLR-HYD,BLR,HYD,IndiGo,IndiGo,6E 523,10:15 AM,11:30 AM,75,1 hr 15 min,Economy,9570.0,,,True,a79a5a193aa6
SCR_GF_1789021713_021,2026-09-10 11:58:25,2026-09-17,7,google_flights,BLR,HYD,BLR-HYD,BLR,HYD,IndiGo,IndiGo,6E 540,7:10 PM,8:25 PM,75,1 hr 15 min,Economy,9600.0,,,True,cec9412c7999
SCR_GF_1789021713_022,2026-09-10 11:58:25,2026-09-17,7,google_flights,BLR,HYD,BLR-HYD,BLR,HYD,IndiGo,IndiGo,6E 557,9:15 AM,10:30 AM,75,1 hr 15 min,Economy,10443.0,,,True,ec8fed2e43d7
SCR_GF_1789021713_023,2026-09-10 11:58:25,2026-09-17,7,google_flights,BLR,HYD,BLR-HYD,BLR,HYD,IndiGo,IndiGo,6E 574,7:45 PM,9:00 PM,75,1 hr 15 min,Economy,10443.0,,,True,785f1bb657c3
SCR_GF_1789021713_024,2026-09-10 11:58:25,2026-09-17,7,google_flights,BLR,HYD,BLR-HYD,BLR,HYD,IndiGo,IndiGo,6E 591,9:30 PM,10:45 PM,75,1 hr 15 min,Economy,11406.0,,,True,62575b61f987
SCR_GF_1789021713_025,2026-09-10 11:58:25,2026-09-17,7,google_flights,BLR,HYD,BLR-HYD,BLR,HYD,Air India,Air India,AI 608,6:05 AM,7:25 AM,80,1 hr 20 min,Economy,11627.0,,,True,829526d10c00
SCR_GF_1789021713_026,2026-09-10 11:58:25,2026-09-17,7,google_flights,BLR,HYD,BLR-HYD,BLR,HYD,IndiGo,IndiGo,6E 625,8:15 AM,9:30 AM,75,1 hr 15 min,Economy,14935.0,,,True,a0682b5696ac
SCR_GF_1789021713_027,2026-09-10 11:58:25,2026-09-17,7,google_flights,BLR,HYD,BLR-HYD,BLR,HYD,IndiGo,IndiGo,6E 642,6:25 AM,7:35 AM,70,1 hr 10 min,Economy,16363.0,,,True,83f0dca0f577
SCR_GF_1789021713_028,2026-09-10 11:58:25,2026-09-17,7,google_flights,BLR,HYD,BLR-HYD,BLR,HYD,IndiGo,IndiGo,6E 659,5:15,6:40,85,1 hr 25 min,Economy,5927.0,,,True,28821e7c4cc1
SCR_GF_1789021713_029,2026-09-10 11:58:25,2026-09-17,7,google_flights,BLR,HYD,BLR-HYD,BLR,HYD,IndiGo,IndiGo,6E 676,4:30,5:45,75,1 hr 15 min,Economy,6291.0,,,True,70ccdc428cf0
SCR_GF_1789021713_030,2026-09-10 11:58:25,2026-09-17,7,google_flights,BLR,HYD,BLR-HYD,BLR,HYD,IndiGo,IndiGo,6E 693,6:35,7:45,70,1 hr 10 min,Economy,6291.0,,,True,10b06bed7198
SCR_GF_1789021713_032,2026-09-10 11:58:25,2026-09-17,7,google_flights,BLR,HYD,BLR-HYD,BLR,HYD,IndiGo,IndiGo,6E 727,2:40,7:50,310,5 hr 10 min,Economy,5358.0,,,False,59bfad8dd84f
SCR_GF_1789021713_033,2026-09-10 11:58:25,2026-09-17,7,google_flights,BLR,HYD,BLR-HYD,BLR,HYD,IndiGo,IndiGo,6E 744,7:05,10:45,220,3 hr 40 min,Economy,5358.0,,,False,a673d91ec56e
SCR_GF_1789021713_034,2026-09-10 11:58:25,2026-09-17,7,google_flights,BLR,HYD,BLR-HYD,BLR,HYD,IndiGo,IndiGo,6E 761,7:15,11:10,235,3 hr 55 min,Economy,5358.0,,,False,6235435b9074
SCR_GF_1789021713_035,2026-09-10 11:58:25,2026-09-17,7,google_flights,BLR,HYD,BLR-HYD,BLR,HYD,IndiGo,IndiGo,6E 778,11:40,4:05,265,4 hr 25 min,Economy,5358.0,,,False,bac4aa39ae82
SCR_GF_1789021713_036,2026-09-10 11:58:25,2026-09-17,7,google_flights,BLR,HYD,BLR-HYD,BLR,HYD,IndiGo,IndiGo,6E 795,12:45,5:25,280,4 hr 40 min,Economy,5358.0,,,False,419b10e3ad34
SCR_GF_1789021713_037,2026-09-10 11:58:25,2026-09-17,7,google_flights,BLR,HYD,BLR-HYD,BLR,HYD,IndiGo,IndiGo,6E 812,1:10,5:30,260,4 hr 20 min,Economy,5358.0,,,False,c8a04f9dbe62
SCR_GF_1789021713_038,2026-09-10 11:58:25,2026-09-17,7,google_flights,BLR,HYD,BLR-HYD,BLR,HYD,IndiGo,IndiGo,6E 829,5:40,9:15,215,3 hr 35 min,Economy,5358.0,,,False,542cce506383
SCR_GF_1789021713_039,2026-09-10 11:58:25,2026-09-17,7,google_flights,BLR,HYD,BLR-HYD,BLR,HYD,IndiGo,IndiGo,6E 846,6:15,10:40,265,4 hr 25 min,Economy,5358.0,,,False,77c23624c1cd
SCR_GF_1789021713_040,2026-09-10 11:58:25,2026-09-17,7,google_flights,BLR,HYD,BLR-HYD,BLR,HYD,IndiGo,IndiGo,6E 863,7:15,10:50,215,3 hr 35 min,Economy,5358.0,,,False,6235435b9074
SCR_GF_1789021713_041,2026-09-10 11:58:25,2026-09-17,7,google_flights,BLR,HYD,BLR-HYD,BLR,HYD,IndiGo,IndiGo,6E 880,11:05,3:10,245,4 hr 5 min,Economy,5358.0,,,False,87668389043a
SCR_GF_1789021713_042,2026-09-10 11:58:25,2026-09-17,7,google_flights,BLR,HYD,BLR-HYD,BLR,HYD,IndiGo,IndiGo,6E 897,10:40,3:05,265,4 hr 25 min,Economy,5820.0,,,False,a6261b624b8f
SCR_GF_1789021713_043,2026-09-10 11:58:25,2026-09-17,7,google_flights,BLR,HYD,BLR-HYD,BLR,HYD,IndiGo,IndiGo,6E 914,10:55,3:00,245,4 hr 5 min,Economy,6048.0,,,False,f1e942a4f4f9
SCR_GF_1789021713_044,2026-09-10 11:58:25,2026-09-17,7,google_flights,BLR,HYD,BLR-HYD,BLR,HYD,IndiGo,IndiGo,6E 931,7:15,8:25,70,1 hr 10 min,Economy,7026.0,,,True,1cf92bf7f087
SCR_GF_1789021713_045,2026-09-10 11:58:25,2026-09-17,7,google_flights,BLR,HYD,BLR-HYD,BLR,HYD,IndiGo,IndiGo,6E 948,11:35,12:50,75,1 hr 15 min,Economy,7414.0,,,True,d14db96e5511
SCR_GF_1789021713_046,2026-09-10 11:58:25,2026-09-17,7,google_flights,BLR,HYD,BLR-HYD,BLR,HYD,IndiGo,IndiGo,6E 965,12:30,1:50,80,1 hr 20 min,Economy,7727.0,,,True,98b61521d42e
SCR_GF_1789021713_047,2026-09-10 11:58:25,2026-09-17,7,google_flights,BLR,HYD,BLR-HYD,BLR,HYD,IndiGo,IndiGo,6E 982,10:15,11:30,75,1 hr 15 min,Economy,9570.0,,,True,1fa4181fcc13
SCR_GF_1789021713_048,2026-09-10 11:58:25,2026-09-17,7,google_flights,BLR,HYD,BLR-HYD,BLR,HYD,IndiGo,IndiGo,6E 999,7:10,8:25,75,1 hr 15 min,Economy,9600.0,,,True,b0a758291116
SCR_GF_1789021713_049,2026-09-10 11:58:25,2026-09-17,7,google_flights,BLR,HYD,BLR-HYD,BLR,HYD,IndiGo,IndiGo,6E 216,9:15,10:30,75,1 hr 15 min,Economy,10443.0,,,True,4e1e05c8818f
SCR_GF_1789021713_050,2026-09-10 11:58:25,2026-09-17,7,google_flights,BLR,HYD,BLR-HYD,BLR,HYD,IndiGo,IndiGo,6E 233,7:45,9:00,75,1 hr 15 min,Economy,10443.0,,,True,adc7b51b7342
SCR_GF_1789021713_051,2026-09-10 11:58:25,2026-09-17,7,google_flights,BLR,HYD,BLR-HYD,BLR,HYD,IndiGo,IndiGo,6E 250,9:30,10:45,75,1 hr 15 min,Economy,11406.0,,,True,c9827f1d30bb
SCR_GF_1789021713_052,2026-09-10 11:58:25,2026-09-17,7,google_flights,BLR,HYD,BLR-HYD,BLR,HYD,IndiGo,IndiGo,6E 267,6:05,7:25,80,1 hr 20 min,Economy,11627.0,,,True,fae7e8084a28
SCR_GF_1789021713_053,2026-09-10 11:58:25,2026-09-17,7,google_flights,BLR,HYD,BLR-HYD,BLR,HYD,IndiGo,IndiGo,6E 284,8:15,9:30,75,1 hr 15 min,Economy,14935.0,,,True,9d39c3a4ddc8
SCR_GF_1789021713_054,2026-09-10 11:58:25,2026-09-17,7,google_flights,BLR,HYD,BLR-HYD,BLR,HYD,IndiGo,IndiGo,6E 301,6:25,7:35,70,1 hr 10 min,Economy,16363.0,,,True,f949e4fc4ca0
SCR_GF_1789021720_001,2026-09-10 11:58:34,2026-09-25,15,google_flights,BLR,HYD,BLR-HYD,BLR,HYD,Air India,Air India,AI 200,5:15 PM,6:40 PM,85,1 hr 25 min,Economy,4966.0,,,True,b35858ee366a
SCR_GF_1789021720_002,2026-09-10 11:58:34,2026-09-25,15,google_flights,BLR,HYD,BLR-HYD,BLR,HYD,IndiGo,IndiGo,6E 217,4:30 PM,5:45 PM,75,1 hr 15 min,Economy,5370.0,,,True,43a9b4042618
SCR_GF_1789021720_003,2026-09-10 11:58:34,2026-09-25,15,google_flights,BLR,HYD,BLR-HYD,BLR,HYD,Air India,Air India,AI 234,7:15 PM,8:25 PM,70,1 hr 10 min,Economy,5526.0,,,True,242a6dc66e11
SCR_GF_1789021720_004,2026-09-10 11:58:34,2026-09-25,15,google_flights,BLR,HYD,BLR-HYD,BLR,HYD,IndiGo,IndiGo,6E 251,11:35 AM,12:50 PM,75,1 hr 15 min,Economy,6291.0,,,True,49fcd3187bf5
SCR_GF_1789021720_005,2026-09-10 11:58:34,2026-09-25,15,google_flights,BLR,HYD,BLR-HYD,BLR,HYD,IndiGo,IndiGo,6E 268,7:05 AM,11:05 AM,240,4 hr,Economy,5358.0,,,False,8759fee9c492
SCR_GF_1789021720_006,2026-09-10 11:58:34,2026-09-25,15,google_flights,BLR,HYD,BLR-HYD,BLR,HYD,IndiGo,IndiGo,6E 285,7:15 AM,11:10 AM,235,3 hr 55 min,Economy,5358.0,,,False,836025cc8eba
SCR_GF_1789021720_007,2026-09-10 11:58:34,2026-09-25,15,google_flights,BLR,HYD,BLR-HYD,BLR,HYD,IndiGo,IndiGo,6E 302,5:40 PM,9:15 PM,215,3 hr 35 min,Economy,5358.0,,,False,17d8ac307347
SCR_GF_1789021720_008,2026-09-10 11:58:34,2026-09-25,15,google_flights,BLR,HYD,BLR-HYD,BLR,HYD,Air India,Air India,AI 319,6:05 AM,7:25 AM,80,1 hr 20 min,Economy,5927.0,,,True,907ca6f404e4
SCR_GF_1789021720_009,2026-09-10 11:58:34,2026-09-25,15,google_flights,BLR,HYD,BLR-HYD,BLR,HYD,Air India,Air India,AI 336,12:30 PM,1:50 PM,80,1 hr 20 min,Economy,5927.0,,,True,0daec353167e
SCR_GF_1789021720_010,2026-09-10 11:58:34,2026-09-25,15,google_flights,BLR,HYD,BLR-HYD,BLR,HYD,IndiGo,IndiGo,6E 353,6:35 PM,7:45 PM,70,1 hr 10 min,Economy,6291.0,,,True,99ffd3ba0a26
SCR_GF_1789021720_011,2026-09-10 11:58:34,2026-09-25,15,google_flights,BLR,HYD,BLR-HYD,BLR,HYD,IndiGo,IndiGo,6E 370,6:25 AM,7:35 AM,70,1 hr 10 min,Economy,7414.0,,,True,b927491596e8
SCR_GF_1789021720_012,2026-09-10 11:58:34,2026-09-25,15,google_flights,BLR,HYD,BLR-HYD,BLR,HYD,IndiGo,IndiGo,6E 387,9:15 AM,10:30 AM,75,1 hr 15 min,Economy,7414.0,,,True,ad8c485efb37
SCR_GF_1789021720_013,2026-09-10 11:58:34,2026-09-25,15,google_flights,BLR,HYD,BLR-HYD,BLR,HYD,IndiGo,IndiGo,6E 404,10:15 AM,11:30 AM,75,1 hr 15 min,Economy,7414.0,,,True,a11409320216
SCR_GF_1789021720_014,2026-09-10 11:58:34,2026-09-25,15,google_flights,BLR,HYD,BLR-HYD,BLR,HYD,IndiGo,IndiGo,6E 421,8:15 AM,9:30 AM,75,1 hr 15 min,Economy,8062.0,,,True,04bb9e80f9c0
SCR_GF_1789021720_015,2026-09-10 11:58:34,2026-09-25,15,google_flights,BLR,HYD,BLR-HYD,BLR,HYD,IndiGo,IndiGo,6E 438,7:45 PM,9:00 PM,75,1 hr 15 min,Economy,8780.0,,,True,cd0cad4164a2
SCR_GF_1789021720_016,2026-09-10 11:58:34,2026-09-25,15,google_flights,BLR,HYD,BLR-HYD,BLR,HYD,IndiGo,IndiGo,6E 455,9:30 PM,10:45 PM,75,1 hr 15 min,Economy,8780.0,,,True,312ca1ae0604
SCR_GF_1789021720_018,2026-09-10 11:58:34,2026-09-25,15,google_flights,BLR,HYD,BLR-HYD,BLR,HYD,IndiGo,IndiGo,6E 489,5:15,6:40,85,1 hr 25 min,Economy,4966.0,,,True,9a814bc603ff
SCR_GF_1789021720_019,2026-09-10 11:58:34,2026-09-25,15,google_flights,BLR,HYD,BLR-HYD,BLR,HYD,IndiGo,IndiGo,6E 506,4:30,5:45,75,1 hr 15 min,Economy,5370.0,,,True,0c6f912fa2e3
SCR_GF_1789021720_020,2026-09-10 11:58:34,2026-09-25,15,google_flights,BLR,HYD,BLR-HYD,BLR,HYD,IndiGo,IndiGo,6E 523,7:15,8:25,70,1 hr 10 min,Economy,5526.0,,,True,849d9f0db8ab
SCR_GF_1789021720_021,2026-09-10 11:58:34,2026-09-25,15,google_flights,BLR,HYD,BLR-HYD,BLR,HYD,IndiGo,IndiGo,6E 540,11:35,12:50,75,1 hr 15 min,Economy,6291.0,,,True,e56b0dcdba4c
SCR_GF_1789021720_022,2026-09-10 11:58:34,2026-09-25,15,google_flights,BLR,HYD,BLR-HYD,BLR,HYD,IndiGo,IndiGo,6E 557,7:05,11:05,240,4 hr,Economy,5358.0,,,False,eb176e0de404
SCR_GF_1789021720_023,2026-09-10 11:58:34,2026-09-25,15,google_flights,BLR,HYD,BLR-HYD,BLR,HYD,IndiGo,IndiGo,6E 574,7:15,11:10,235,3 hr 55 min,Economy,5358.0,,,False,ec4a1c20049e
SCR_GF_1789021720_024,2026-09-10 11:58:34,2026-09-25,15,google_flights,BLR,HYD,BLR-HYD,BLR,HYD,IndiGo,IndiGo,6E 591,5:40,9:15,215,3 hr 35 min,Economy,5358.0,,,False,bca3f37bc0d6
SCR_GF_1789021720_025,2026-09-10 11:58:34,2026-09-25,15,google_flights,BLR,HYD,BLR-HYD,BLR,HYD,IndiGo,IndiGo,6E 608,6:05,7:25,80,1 hr 20 min,Economy,5927.0,,,True,cc40a78640a6
SCR_GF_1789021720_026,2026-09-10 11:58:34,2026-09-25,15,google_flights,BLR,HYD,BLR-HYD,BLR,HYD,IndiGo,IndiGo,6E 625,12:30,1:50,80,1 hr 20 min,Economy,5927.0,,,True,e839bc616122
SCR_GF_1789021720_027,2026-09-10 11:58:34,2026-09-25,15,google_flights,BLR,HYD,BLR-HYD,BLR,HYD,IndiGo,IndiGo,6E 642,6:35,7:45,70,1 hr 10 min,Economy,6291.0,,,True,7080288c97a1
SCR_GF_1789021720_028,2026-09-10 11:58:34,2026-09-25,15,google_flights,BLR,HYD,BLR-HYD,BLR,HYD,IndiGo,IndiGo,6E 659,6:25,7:35,70,1 hr 10 min,Economy,7414.0,,,True,6d3abf02f57d
SCR_GF_1789021720_029,2026-09-10 11:58:34,2026-09-25,15,google_flights,BLR,HYD,BLR-HYD,BLR,HYD,IndiGo,IndiGo,6E 676,9:15,10:30,75,1 hr 15 min,Economy,7414.0,,,True,8c6269013ef0
SCR_GF_1789021720_030,2026-09-10 11:58:34,2026-09-25,15,google_flights,BLR,HYD,BLR-HYD,BLR,HYD,IndiGo,IndiGo,6E 693,10:15,11:30,75,1 hr 15 min,Economy,7414.0,,,True,1cd5eba28ce6
SCR_GF_1789021720_031,2026-09-10 11:58:34,2026-09-25,15,google_flights,BLR,HYD,BLR-HYD,BLR,HYD,IndiGo,IndiGo,6E 710,8:15,9:30,75,1 hr 15 min,Economy,8062.0,,,True,378f17c02163
SCR_GF_1789021720_032,2026-09-10 11:58:34,2026-09-25,15,google_flights,BLR,HYD,BLR-HYD,BLR,HYD,IndiGo,IndiGo,6E 727,7:45,9:00,75,1 hr 15 min,Economy,8780.0,,,True,f04cb32ba37b
SCR_GF_1789021720_033,2026-09-10 11:58:34,2026-09-25,15,google_flights,BLR,HYD,BLR-HYD,BLR,HYD,IndiGo,IndiGo,6E 744,9:30,10:45,75,1 hr 15 min,Economy,8780.0,,,True,d90a256938ee
SCR_GF_1789021727_001,2026-09-10 11:58:41,2026-09-11,1,google_flights,UDR,DEL,UDR-DEL,UDR,DEL,IndiGo,IndiGo,6E 200,12:30 PM,1:50 PM,80,1 hr 20 min,Economy,8155.0,,,True,40ccf0845972
SCR_GF_1789021727_002,2026-09-10 11:58:41,2026-09-11,1,google_flights,UDR,DEL,UDR-DEL,UDR,DEL,Air India,Air India,AI 217,1:50 PM,3:15 PM,85,1 hr 25 min,Economy,8522.0,,,True,5c35f2191f17
SCR_GF_1789021727_003,2026-09-10 11:58:41,2026-09-11,1,google_flights,UDR,DEL,UDR-DEL,UDR,DEL,IndiGo,IndiGo,6E 234,1:45 PM,3:00 PM,75,1 hr 15 min,Economy,8155.0,,,True,5da25431828d
SCR_GF_1789021727_004,2026-09-10 11:58:41,2026-09-11,1,google_flights,UDR,DEL,UDR-DEL,UDR,DEL,Air India,Air India,AI 251,3:35 PM,5:00 PM,85,1 hr 25 min,Economy,8522.0,,,True,edeeb979fe17
SCR_GF_1789021727_005,2026-09-10 11:58:41,2026-09-11,1,google_flights,UDR,DEL,UDR-DEL,UDR,DEL,IndiGo,IndiGo,6E 268,6:10 PM,11:25 PM,315,5 hr 15 min,Economy,8890.0,,,False,476328643484
SCR_GF_1789021727_006,2026-09-10 11:58:41,2026-09-11,1,google_flights,UDR,DEL,UDR-DEL,UDR,DEL,IndiGo,IndiGo,6E 285,8:00 PM,9:20 PM,80,1 hr 20 min,Economy,11161.0,,,True,c37105a728e2
SCR_GF_1789021727_007,2026-09-10 11:58:41,2026-09-11,1,google_flights,UDR,DEL,UDR-DEL,UDR,DEL,Air India,Air India,AI 302,4:35 PM,8:20 AM,945,15 hr 45 min,Economy,80509.0,,,False,7c094002528d
SCR_GF_1789021727_008,2026-09-10 11:58:41,2026-09-11,1,google_flights,UDR,DEL,UDR-DEL,UDR,DEL,IndiGo,IndiGo,6E 319,12:30,1:50,80,1 hr 20 min,Economy,8155.0,,,True,9a259a4999e1
SCR_GF_1789021727_009,2026-09-10 11:58:41,2026-09-11,1,google_flights,UDR,DEL,UDR-DEL,UDR,DEL,IndiGo,IndiGo,6E 336,1:50,3:15,85,1 hr 25 min,Economy,8522.0,,,True,9fe4f897fc2f
SCR_GF_1789021727_010,2026-09-10 11:58:41,2026-09-11,1,google_flights,UDR,DEL,UDR-DEL,UDR,DEL,IndiGo,IndiGo,6E 353,1:45,3:00,75,1 hr 15 min,Economy,8155.0,,,True,c724a27f4c17
SCR_GF_1789021727_011,2026-09-10 11:58:41,2026-09-11,1,google_flights,UDR,DEL,UDR-DEL,UDR,DEL,IndiGo,IndiGo,6E 370,3:35,5:00,85,1 hr 25 min,Economy,8522.0,,,True,67df57569e2f
SCR_GF_1789021727_012,2026-09-10 11:58:41,2026-09-11,1,google_flights,UDR,DEL,UDR-DEL,UDR,DEL,IndiGo,IndiGo,6E 387,6:10,11:25,315,5 hr 15 min,Economy,8890.0,,,False,de91ae58c931
SCR_GF_1789021728_013,2026-09-10 11:58:41,2026-09-11,1,google_flights,UDR,DEL,UDR-DEL,UDR,DEL,IndiGo,IndiGo,6E 404,8:00,9:20,80,1 hr 20 min,Economy,11161.0,,,True,982cb724f9f8
SCR_GF_1789021728_014,2026-09-10 11:58:41,2026-09-11,1,google_flights,UDR,DEL,UDR-DEL,UDR,DEL,IndiGo,IndiGo,6E 421,4:35,8:20,945,15 hr 45 min,Economy,80509.0,,,False,397cebc476a3
SCR_GF_1789021734_001,2026-09-10 11:58:48,2026-09-12,2,google_flights,UDR,DEL,UDR-DEL,UDR,DEL,IndiGo,IndiGo,6E 200,12:30 PM,1:50 PM,80,1 hr 20 min,Economy,8155.0,,,True,57e62ae812e7
SCR_GF_1789021734_002,2026-09-10 11:58:48,2026-09-12,2,google_flights,UDR,DEL,UDR-DEL,UDR,DEL,Air India,Air India,AI 217,1:50 PM,3:15 PM,85,1 hr 25 min,Economy,8522.0,,,True,cfc59c8e6ab5
SCR_GF_1789021734_003,2026-09-10 11:58:48,2026-09-12,2,google_flights,UDR,DEL,UDR-DEL,UDR,DEL,IndiGo,IndiGo,6E 234,8:00 PM,9:20 PM,80,1 hr 20 min,Economy,8155.0,,,True,db3bbc8bd7da
SCR_GF_1789021734_004,2026-09-10 11:58:48,2026-09-12,2,google_flights,UDR,DEL,UDR-DEL,UDR,DEL,Air India,Air India,AI 251,3:35 PM,5:00 PM,85,1 hr 25 min,Economy,8522.0,,,True,33c3f2f0f91c
SCR_GF_1789021734_005,2026-09-10 11:58:48,2026-09-12,2,google_flights,UDR,DEL,UDR-DEL,UDR,DEL,IndiGo,IndiGo,6E 268,1:45 PM,3:00 PM,75,1 hr 15 min,Economy,8956.0,,,True,44ec8cf9917f
SCR_GF_1789021734_006,2026-09-10 11:58:48,2026-09-12,2,google_flights,UDR,DEL,UDR-DEL,UDR,DEL,Air India,Air India,AI 285,4:35 PM,2:10 PM,1295,21 hr 35 min,Economy,102506.0,,,False,243a0b5cafee
SCR_GF_1789021734_007,2026-09-10 11:58:48,2026-09-12,2,google_flights,UDR,DEL,UDR-DEL,UDR,DEL,Air India,Air India,AI 302,4:35 PM,8:20 AM,945,15 hr 45 min,Economy,104111.0,,,False,9ffd6d64f925
SCR_GF_1789021734_008,2026-09-10 11:58:48,2026-09-12,2,google_flights,UDR,DEL,UDR-DEL,UDR,DEL,IndiGo,IndiGo,6E 319,12:30,1:50,80,1 hr 20 min,Economy,8155.0,,,True,1799bd001877
SCR_GF_1789021734_009,2026-09-10 11:58:48,2026-09-12,2,google_flights,UDR,DEL,UDR-DEL,UDR,DEL,IndiGo,IndiGo,6E 336,1:50,3:15,85,1 hr 25 min,Economy,8522.0,,,True,aac616c358e1
SCR_GF_1789021734_010,2026-09-10 11:58:48,2026-09-12,2,google_flights,UDR,DEL,UDR-DEL,UDR,DEL,IndiGo,IndiGo,6E 353,8:00,9:20,80,1 hr 20 min,Economy,8155.0,,,True,bc461ae0d84d
SCR_GF_1789021734_011,2026-09-10 11:58:48,2026-09-12,2,google_flights,UDR,DEL,UDR-DEL,UDR,DEL,IndiGo,IndiGo,6E 370,3:35,5:00,85,1 hr 25 min,Economy,8522.0,,,True,da40a5f6f368
SCR_GF_1789021734_012,2026-09-10 11:58:48,2026-09-12,2,google_flights,UDR,DEL,UDR-DEL,UDR,DEL,IndiGo,IndiGo,6E 387,1:45,3:00,75,1 hr 15 min,Economy,8956.0,,,True,db9eabeddf4f
SCR_GF_1789021734_013,2026-09-10 11:58:48,2026-09-12,2,google_flights,UDR,DEL,UDR-DEL,UDR,DEL,IndiGo,IndiGo,6E 404,4:35,2:10,1295,21 hr 35 min,Economy,102506.0,,,False,1da33f47bfc7
SCR_GF_1789021734_014,2026-09-10 11:58:48,2026-09-12,2,google_flights,UDR,DEL,UDR-DEL,UDR,DEL,IndiGo,IndiGo,6E 421,4:35,8:20,945,15 hr 45 min,Economy,104111.0,,,False,df30bc8a95c1
SCR_GF_1789021740_001,2026-09-10 11:58:55,2026-09-17,7,google_flights,UDR,DEL,UDR-DEL,UDR,DEL,IndiGo,IndiGo,6E 200,12:30 PM,1:50 PM,80,1 hr 20 min,Economy,8155.0,,,True,1cbafad099c0
SCR_GF_1789021740_002,2026-09-10 11:58:55,2026-09-17,7,google_flights,UDR,DEL,UDR-DEL,UDR,DEL,Air India,Air India,AI 217,1:50 PM,3:15 PM,85,1 hr 25 min,Economy,8522.0,,,True,5452d0f889ea
SCR_GF_1789021741_003,2026-09-10 11:58:55,2026-09-17,7,google_flights,UDR,DEL,UDR-DEL,UDR,DEL,IndiGo,IndiGo,6E 234,1:45 PM,3:00 PM,75,1 hr 15 min,Economy,8155.0,,,True,6af2f7aa1943
SCR_GF_1789021741_004,2026-09-10 11:58:55,2026-09-17,7,google_flights,UDR,DEL,UDR-DEL,UDR,DEL,IndiGo,IndiGo,6E 251,8:00 PM,9:20 PM,80,1 hr 20 min,Economy,8155.0,,,True,38c88ac0c77e
SCR_GF_1789021741_005,2026-09-10 11:58:55,2026-09-17,7,google_flights,UDR,DEL,UDR-DEL,UDR,DEL,Air India,Air India,AI 268,3:35 PM,5:00 PM,85,1 hr 25 min,Economy,8522.0,,,True,e4708ff424b9
SCR_GF_1789021741_006,2026-09-10 11:58:55,2026-09-17,7,google_flights,UDR,DEL,UDR-DEL,UDR,DEL,Air India,Air India,AI 285,12:40 PM,8:20 AM,1180,19 hr 40 min,Economy,73936.0,,,False,2714cbd719c2
SCR_GF_1789021741_007,2026-09-10 11:58:55,2026-09-17,7,google_flights,UDR,DEL,UDR-DEL,UDR,DEL,IndiGo,IndiGo,6E 302,12:30,1:50,80,1 hr 20 min,Economy,8155.0,,,True,661093685eac
SCR_GF_1789021741_008,2026-09-10 11:58:55,2026-09-17,7,google_flights,UDR,DEL,UDR-DEL,UDR,DEL,IndiGo,IndiGo,6E 319,1:50,3:15,85,1 hr 25 min,Economy,8522.0,,,True,dc2823d302f1
SCR_GF_1789021741_009,2026-09-10 11:58:55,2026-09-17,7,google_flights,UDR,DEL,UDR-DEL,UDR,DEL,IndiGo,IndiGo,6E 336,1:45,3:00,75,1 hr 15 min,Economy,8155.0,,,True,a3ca50946550
SCR_GF_1789021741_010,2026-09-10 11:58:55,2026-09-17,7,google_flights,UDR,DEL,UDR-DEL,UDR,DEL,IndiGo,IndiGo,6E 353,8:00,9:20,80,1 hr 20 min,Economy,8155.0,,,True,bfc05ee87a14
SCR_GF_1789021741_011,2026-09-10 11:58:55,2026-09-17,7,google_flights,UDR,DEL,UDR-DEL,UDR,DEL,IndiGo,IndiGo,6E 370,3:35,5:00,85,1 hr 25 min,Economy,8522.0,,,True,fc7a8448e020
SCR_GF_1789021741_012,2026-09-10 11:58:55,2026-09-17,7,google_flights,UDR,DEL,UDR-DEL,UDR,DEL,IndiGo,IndiGo,6E 387,12:40,8:20,1180,19 hr 40 min,Economy,73936.0,,,False,ce5a5ce9eb14
SCR_GF_1789021747_001,2026-09-10 11:59:02,2026-09-25,15,google_flights,UDR,DEL,UDR-DEL,UDR,DEL,IndiGo,IndiGo,6E 200,12:30 PM,1:50 PM,80,1 hr 20 min,Economy,8155.0,,,True,dcc41edf70b8
SCR_GF_1789021747_002,2026-09-10 11:59:02,2026-09-25,15,google_flights,UDR,DEL,UDR-DEL,UDR,DEL,Air India,Air India,AI 217,1:50 PM,3:15 PM,85,1 hr 25 min,Economy,9257.0,,,True,8b42e645c44b
SCR_GF_1789021747_003,2026-09-10 11:59:02,2026-09-25,15,google_flights,UDR,DEL,UDR-DEL,UDR,DEL,IndiGo,IndiGo,6E 234,8:00 PM,9:20 PM,80,1 hr 20 min,Economy,8155.0,,,True,bd131158a377
SCR_GF_1789021747_004,2026-09-10 11:59:02,2026-09-25,15,google_flights,UDR,DEL,UDR-DEL,UDR,DEL,IndiGo,IndiGo,6E 251,1:45 PM,3:00 PM,75,1 hr 15 min,Economy,8956.0,,,True,669e35575bbb
SCR_GF_1789021747_005,2026-09-10 11:59:02,2026-09-25,15,google_flights,UDR,DEL,UDR-DEL,UDR,DEL,Air India,Air India,AI 268,3:35 PM,5:00 PM,85,1 hr 25 min,Economy,9572.0,,,True,51e99714d686
SCR_GF_1789021747_006,2026-09-10 11:59:02,2026-09-25,15,google_flights,UDR,DEL,UDR-DEL,UDR,DEL,Air India,Air India,AI 285,12:40 PM,7:55 AM,1155,19 hr 15 min,Economy,70550.0,,,False,c032a38b7951
SCR_GF_1789021747_007,2026-09-10 11:59:02,2026-09-25,15,google_flights,UDR,DEL,UDR-DEL,UDR,DEL,IndiGo,IndiGo,6E 302,12:30,1:50,80,1 hr 20 min,Economy,8155.0,,,True,d152082be18c
SCR_GF_1789021747_008,2026-09-10 11:59:02,2026-09-25,15,google_flights,UDR,DEL,UDR-DEL,UDR,DEL,IndiGo,IndiGo,6E 319,1:50,3:15,85,1 hr 25 min,Economy,9257.0,,,True,0dd9368d53d8
SCR_GF_1789021747_009,2026-09-10 11:59:02,2026-09-25,15,google_flights,UDR,DEL,UDR-DEL,UDR,DEL,IndiGo,IndiGo,6E 336,8:00,9:20,80,1 hr 20 min,Economy,8155.0,,,True,0a323c58c22e
SCR_GF_1789021747_010,2026-09-10 11:59:02,2026-09-25,15,google_flights,UDR,DEL,UDR-DEL,UDR,DEL,IndiGo,IndiGo,6E 353,1:45,3:00,75,1 hr 15 min,Economy,8956.0,,,True,64bb19e242b8
SCR_GF_1789021747_011,2026-09-10 11:59:02,2026-09-25,15,google_flights,UDR,DEL,UDR-DEL,UDR,DEL,IndiGo,IndiGo,6E 370,3:35,5:00,85,1 hr 25 min,Economy,9572.0,,,True,b7be96efafcc
SCR_GF_1789021747_012,2026-09-10 11:59:02,2026-09-25,15,google_flights,UDR,DEL,UDR-DEL,UDR,DEL,IndiGo,IndiGo,6E 387,12:40,7:55,1155,19 hr 15 min,Economy,70550.0,,,False,4b3dc12c5ca4
SCR_GF_1789021753_001,2026-09-10 11:59:08,2026-09-11,1,google_flights,UDR,BOM,UDR-BOM,UDR,BOM,Akasa Air,Akasa Air,QP 200,1:30 PM,2:55 PM,85,1 hr 25 min,Economy,8374.0,,,True,a460732f50f4
SCR_GF_1789021753_002,2026-09-10 11:59:08,2026-09-11,1,google_flights,UDR,BOM,UDR-BOM,UDR,BOM,IndiGo,IndiGo,6E 217,5:45 PM,7:15 PM,90,1 hr 30 min,Economy,8493.0,,,True,3f011de6592e
SCR_GF_1789021753_003,2026-09-10 11:59:08,2026-09-11,1,google_flights,UDR,BOM,UDR-BOM,UDR,BOM,Air India,Air India,AI 234,4:35 PM,6:15 PM,100,1 hr 40 min,Economy,8650.0,,,True,201669ba5945
SCR_GF_1789021753_004,2026-09-10 11:59:08,2026-09-11,1,google_flights,UDR,BOM,UDR-BOM,UDR,BOM,IndiGo,IndiGo,6E 251,8:10 AM,9:40 AM,90,1 hr 30 min,Economy,8493.0,,,True,7bea6d6d3737
SCR_GF_1789021753_005,2026-09-10 11:59:08,2026-09-11,1,google_flights,UDR,BOM,UDR-BOM,UDR,BOM,IndiGo,IndiGo,6E 268,7:40 PM,9:20 PM,100,1 hr 40 min,Economy,8703.0,,,True,f06f82dc271f
SCR_GF_1789021753_006,2026-09-10 11:59:08,2026-09-11,1,google_flights,UDR,BOM,UDR-BOM,UDR,BOM,Air India,Air India,AI 285,12:40 PM,2:20 PM,100,1 hr 40 min,Economy,17575.0,,,True,4fdd203eef58
SCR_GF_1789021753_007,2026-09-10 11:59:08,2026-09-11,1,google_flights,UDR,BOM,UDR-BOM,UDR,BOM,IndiGo,IndiGo,6E 302,1:30,2:55,85,1 hr 25 min,Economy,8374.0,,,True,4f6258a4f5f1
SCR_GF_1789021753_008,2026-09-10 11:59:08,2026-09-11,1,google_flights,UDR,BOM,UDR-BOM,UDR,BOM,IndiGo,IndiGo,6E 319,5:45,7:15,90,1 hr 30 min,Economy,8493.0,,,True,d1951b20e834
SCR_GF_1789021753_009,2026-09-10 11:59:08,2026-09-11,1,google_flights,UDR,BOM,UDR-BOM,UDR,BOM,IndiGo,IndiGo,6E 336,4:35,6:15,100,1 hr 40 min,Economy,8650.0,,,True,328694eca3ff
SCR_GF_1789021753_010,2026-09-10 11:59:08,2026-09-11,1,google_flights,UDR,BOM,UDR-BOM,UDR,BOM,IndiGo,IndiGo,6E 353,8:10,9:40,90,1 hr 30 min,Economy,8493.0,,,True,c1cb9b916a7e
SCR_GF_1789021753_011,2026-09-10 11:59:08,2026-09-11,1,google_flights,UDR,BOM,UDR-BOM,UDR,BOM,IndiGo,IndiGo,6E 370,7:40,9:20,100,1 hr 40 min,Economy,8703.0,,,True,14e1b44e56dd
SCR_GF_1789021753_012,2026-09-10 11:59:08,2026-09-11,1,google_flights,UDR,BOM,UDR-BOM,UDR,BOM,IndiGo,IndiGo,6E 387,12:40,2:20,100,1 hr 40 min,Economy,17575.0,,,True,395c7eedc842
SCR_GF_1789021759_001,2026-09-10 11:59:14,2026-09-12,2,google_flights,UDR,BOM,UDR-BOM,UDR,BOM,IndiGo,IndiGo,6E 200,5:45 PM,7:15 PM,90,1 hr 30 min,Economy,8493.0,,,True,6523dfcbd572
SCR_GF_1789021759_002,2026-09-10 11:59:14,2026-09-12,2,google_flights,UDR,BOM,UDR-BOM,UDR,BOM,Air India,Air India,AI 217,12:40 PM,2:20 PM,100,1 hr 40 min,Economy,8650.0,,,True,0336a6b5453f
SCR_GF_1789021759_003,2026-09-10 11:59:14,2026-09-12,2,google_flights,UDR,BOM,UDR-BOM,UDR,BOM,IndiGo,IndiGo,6E 234,8:10 AM,9:40 AM,90,1 hr 30 min,Economy,8493.0,,,True,6ff7c69793e3
SCR_GF_1789021759_004,2026-09-10 11:59:14,2026-09-12,2,google_flights,UDR,BOM,UDR-BOM,UDR,BOM,IndiGo,IndiGo,6E 251,7:40 PM,9:20 PM,100,1 hr 40 min,Economy,8493.0,,,True,b7229a41c652
SCR_GF_1789021759_005,2026-09-10 11:59:14,2026-09-12,2,google_flights,UDR,BOM,UDR-BOM,UDR,BOM,Air India,Air India,AI 268,4:35 PM,6:15 PM,100,1 hr 40 min,Economy,8650.0,,,True,982af7a4daf9
SCR_GF_1789021759_006,2026-09-10 11:59:14,2026-09-12,2,google_flights,UDR,BOM,UDR-BOM,UDR,BOM,Air India,Air India,AI 285,1:50 PM,1:10 PM,1400,23 hr 20 min,Economy,79110.0,,,False,83cc701dd49a
SCR_GF_1789021759_007,2026-09-10 11:59:14,2026-09-12,2,google_flights,UDR,BOM,UDR-BOM,UDR,BOM,Air India,Air India,AI 302,3:35 PM,1:10 PM,1295,21 hr 35 min,Economy,100609.0,,,False,db5d76c92339
SCR_GF_1789021759_008,2026-09-10 11:59:14,2026-09-12,2,google_flights,UDR,BOM,UDR-BOM,UDR,BOM,IndiGo,IndiGo,6E 319,5:45,7:15,90,1 hr 30 min,Economy,8493.0,,,True,ba1f444d6dc3
SCR_GF_1789021759_009,2026-09-10 11:59:14,2026-09-12,2,google_flights,UDR,BOM,UDR-BOM,UDR,BOM,IndiGo,IndiGo,6E 336,12:40,2:20,100,1 hr 40 min,Economy,8650.0,,,True,6174dea5f174
SCR_GF_1789021760_010,2026-09-10 11:59:14,2026-09-12,2,google_flights,UDR,BOM,UDR-BOM,UDR,BOM,IndiGo,IndiGo,6E 353,8:10,9:40,90,1 hr 30 min,Economy,8493.0,,,True,14067ecdcfec
SCR_GF_1789021760_011,2026-09-10 11:59:14,2026-09-12,2,google_flights,UDR,BOM,UDR-BOM,UDR,BOM,IndiGo,IndiGo,6E 370,7:40,9:20,100,1 hr 40 min,Economy,8493.0,,,True,6c876630ffd3
SCR_GF_1789021760_012,2026-09-10 11:59:14,2026-09-12,2,google_flights,UDR,BOM,UDR-BOM,UDR,BOM,IndiGo,IndiGo,6E 387,4:35,6:15,100,1 hr 40 min,Economy,8650.0,,,True,aef37e6e813a
SCR_GF_1789021760_013,2026-09-10 11:59:14,2026-09-12,2,google_flights,UDR,BOM,UDR-BOM,UDR,BOM,IndiGo,IndiGo,6E 404,1:50,1:10,1400,23 hr 20 min,Economy,79110.0,,,False,e360497f6e4e
SCR_GF_1789021760_014,2026-09-10 11:59:14,2026-09-12,2,google_flights,UDR,BOM,UDR-BOM,UDR,BOM,IndiGo,IndiGo,6E 421,3:35,1:10,1295,21 hr 35 min,Economy,100609.0,,,False,582535cc34d8
SCR_GF_1789021766_001,2026-09-10 11:59:20,2026-09-17,7,google_flights,UDR,BOM,UDR-BOM,UDR,BOM,IndiGo,IndiGo,6E 200,8:10 AM,9:40 AM,90,1 hr 30 min,Economy,8493.0,,,True,7b23babf3d93
SCR_GF_1789021766_002,2026-09-10 11:59:20,2026-09-17,7,google_flights,UDR,BOM,UDR-BOM,UDR,BOM,Air India,Air India,AI 217,12:40 PM,2:20 PM,100,1 hr 40 min,Economy,11065.0,,,True,e164cf66d8d4
SCR_GF_1789021766_003,2026-09-10 11:59:20,2026-09-17,7,google_flights,UDR,BOM,UDR-BOM,UDR,BOM,IndiGo,IndiGo,6E 234,7:40 PM,9:20 PM,100,1 hr 40 min,Economy,8493.0,,,True,5c26b0d58ade
SCR_GF_1789021766_004,2026-09-10 11:59:20,2026-09-17,7,google_flights,UDR,BOM,UDR-BOM,UDR,BOM,IndiGo,IndiGo,6E 251,5:45 PM,7:15 PM,90,1 hr 30 min,Economy,8913.0,,,True,e6f079b55be8
SCR_GF_1789021766_005,2026-09-10 11:59:20,2026-09-17,7,google_flights,UDR,BOM,UDR-BOM,UDR,BOM,Air India,Air India,AI 268,3:35 PM,7:15 PM,1660,27 hr 40 min,Economy,51469.0,,,False,f284162f3874
SCR_GF_1789021766_006,2026-09-10 11:59:20,2026-09-17,7,google_flights,UDR,BOM,UDR-BOM,UDR,BOM,Air India,Air India,AI 285,3:35 PM,1:10 PM,1295,21 hr 35 min,Economy,60200.0,,,False,733cbb3da138
SCR_GF_1789021766_007,2026-09-10 11:59:20,2026-09-17,7,google_flights,UDR,BOM,UDR-BOM,UDR,BOM,IndiGo,IndiGo,6E 302,8:10,9:40,90,1 hr 30 min,Economy,8493.0,,,True,b9e158b8da4d
SCR_GF_1789021766_008,2026-09-10 11:59:20,2026-09-17,7,google_flights,UDR,BOM,UDR-BOM,UDR,BOM,IndiGo,IndiGo,6E 319,12:40,2:20,100,1 hr 40 min,Economy,11065.0,,,True,63d193d04f66
SCR_GF_1789021766_009,2026-09-10 11:59:20,2026-09-17,7,google_flights,UDR,BOM,UDR-BOM,UDR,BOM,IndiGo,IndiGo,6E 336,7:40,9:20,100,1 hr 40 min,Economy,8493.0,,,True,05cb09bc91cc
SCR_GF_1789021766_010,2026-09-10 11:59:20,2026-09-17,7,google_flights,UDR,BOM,UDR-BOM,UDR,BOM,IndiGo,IndiGo,6E 353,5:45,7:15,90,1 hr 30 min,Economy,8913.0,,,True,95962cab9b67
SCR_GF_1789021766_011,2026-09-10 11:59:20,2026-09-17,7,google_flights,UDR,BOM,UDR-BOM,UDR,BOM,IndiGo,IndiGo,6E 370,3:35,7:15,1660,27 hr 40 min,Economy,51469.0,,,False,83cfc9d53c96
SCR_GF_1789021766_012,2026-09-10 11:59:20,2026-09-17,7,google_flights,UDR,BOM,UDR-BOM,UDR,BOM,IndiGo,IndiGo,6E 387,3:35,1:10,1295,21 hr 35 min,Economy,60200.0,,,False,237b6e63a8a3
SCR_GF_1789021771_001,2026-09-10 11:59:27,2026-09-25,15,google_flights,UDR,BOM,UDR-BOM,UDR,BOM,IndiGo,IndiGo,6E 200,5:45 PM,7:15 PM,90,1 hr 30 min,Economy,8493.0,,,True,c31b0f03bc9d
SCR_GF_1789021771_002,2026-09-10 11:59:27,2026-09-25,15,google_flights,UDR,BOM,UDR-BOM,UDR,BOM,Air India,Air India,AI 217,12:40 PM,2:20 PM,100,1 hr 40 min,Economy,11590.0,,,True,64d34a6f35ce
SCR_GF_1789021771_003,2026-09-10 11:59:27,2026-09-25,15,google_flights,UDR,BOM,UDR-BOM,UDR,BOM,IndiGo,IndiGo,6E 234,8:10 AM,9:40 AM,90,1 hr 30 min,Economy,8493.0,,,True,1bf2ddd8db4d
SCR_GF_1789021771_004,2026-09-10 11:59:27,2026-09-25,15,google_flights,UDR,BOM,UDR-BOM,UDR,BOM,IndiGo,IndiGo,6E 251,7:40 PM,9:20 PM,100,1 hr 40 min,Economy,8493.0,,,True,db00be7b53dd
SCR_GF_1789021772_005,2026-09-10 11:59:27,2026-09-25,15,google_flights,UDR,BOM,UDR-BOM,UDR,BOM,Air India,Air India,AI 268,4:35 PM,6:15 PM,100,1 hr 40 min,Economy,29255.0,,,True,9c85e423718c
SCR_GF_1789021772_006,2026-09-10 11:59:27,2026-09-25,15,google_flights,UDR,BOM,UDR-BOM,UDR,BOM,Air India,Air India,AI 285,3:35 PM,7:00 PM,1645,27 hr 25 min,Economy,53732.0,,,False,cac13ea420f7
SCR_GF_1789021772_007,2026-09-10 11:59:27,2026-09-25,15,google_flights,UDR,BOM,UDR-BOM,UDR,BOM,Air India,Air India,AI 302,3:35 PM,7:10 AM,935,15 hr 35 min,Economy,54230.0,,,False,bb57a6222b62
SCR_GF_1789021772_008,2026-09-10 11:59:27,2026-09-25,15,google_flights,UDR,BOM,UDR-BOM,UDR,BOM,IndiGo,IndiGo,6E 319,5:45,7:15,90,1 hr 30 min,Economy,8493.0,,,True,dd55ec530c78
SCR_GF_1789021772_009,2026-09-10 11:59:27,2026-09-25,15,google_flights,UDR,BOM,UDR-BOM,UDR,BOM,IndiGo,IndiGo,6E 336,12:40,2:20,100,1 hr 40 min,Economy,11590.0,,,True,3292c5023033
SCR_GF_1789021772_010,2026-09-10 11:59:27,2026-09-25,15,google_flights,UDR,BOM,UDR-BOM,UDR,BOM,IndiGo,IndiGo,6E 353,8:10,9:40,90,1 hr 30 min,Economy,8493.0,,,True,f18143194ef4
SCR_GF_1789021772_011,2026-09-10 11:59:27,2026-09-25,15,google_flights,UDR,BOM,UDR-BOM,UDR,BOM,IndiGo,IndiGo,6E 370,7:40,9:20,100,1 hr 40 min,Economy,8493.0,,,True,e06e658edc98
SCR_GF_1789021772_012,2026-09-10 11:59:27,2026-09-25,15,google_flights,UDR,BOM,UDR-BOM,UDR,BOM,IndiGo,IndiGo,6E 387,4:35,6:15,100,1 hr 40 min,Economy,29255.0,,,True,a0df9c2279db
SCR_GF_1789021772_013,2026-09-10 11:59:27,2026-09-25,15,google_flights,UDR,BOM,UDR-BOM,UDR,BOM,IndiGo,IndiGo,6E 404,3:35,7:00,1645,27 hr 25 min,Economy,53732.0,,,False,01b64bfbe629
SCR_GF_1789021772_014,2026-09-10 11:59:27,2026-09-25,15,google_flights,UDR,BOM,UDR-BOM,UDR,BOM,IndiGo,IndiGo,6E 421,3:35,7:10,935,15 hr 35 min,Economy,54230.0,,,False,776b30263c4f
