record_id,search_timestamp,travel_date,lead_time_days,source_platform,origin_iata,dest_iata,route,origin_raw,dest_raw,airline_standardized,airline_raw,flight_number,departure_time,arrival_time,duration_minutes,duration_raw,cabin_class,total_fare_inr,base_fare_inr,fuel_surcharge_inr,udf_psf_inr,gst_inr,convenience_fee_inr,taxes_fees_inr,is_nonstop,stops_count,stop_info,raw_hash
SCR_GF_1789324305_001,2026-09-14 00:01:40,2026-09-15,1,google_flights,DEL,BOM,DEL-BOM,DEL,BOM,Air India,Air India,AI (Direct),11:00 PM,1:25 AM,145,2 hr 25 min,Economy,6314.0,3629.26,1707.88,710.0,266.86,0.0,2684.74,True,0,Non-Stop,c9173d0d1874
SCR_GF_1789324305_002,2026-09-14 00:01:40,2026-09-15,1,google_flights,DEL,BOM,DEL-BOM,DEL,BOM,IndiGo,IndiGo,6E (Direct),1:00 PM,3:10 PM,130,2 hr 10 min,Economy,6425.0,3701.14,1741.72,710.0,272.14,0.0,2723.86,True,0,Non-Stop,437ddd9b757b
SCR_GF_1789324305_003,2026-09-14 00:01:40,2026-09-15,1,google_flights,DEL,BOM,DEL-BOM,DEL,BOM,Air India Express,Air India Express,IX (Direct),10:45 PM,12:45 AM,120,2 hr,Economy,6610.0,3820.95,1798.1,710.0,280.95,0.0,2789.05,True,0,Non-Stop,075aa7f555c3
SCR_GF_1789324306_004,2026-09-14 00:01:40,2026-09-15,1,google_flights,DEL,BOM,DEL-BOM,DEL,BOM,Akasa Air,Akasa Air,QP (Direct),1:40 PM,3:55 PM,135,2 hr 15 min,Economy,6880.0,3995.81,1880.38,710.0,293.81,0.0,2884.19,True,0,Non-Stop,592efbb78181
SCR_GF_1789324306_005,2026-09-14 00:01:40,2026-09-15,1,google_flights,DEL,BOM,DEL-BOM,DEL,BOM,IndiGo,IndiGo,6E (Direct),9:30 AM,11:55 AM,145,2 hr 25 min,Economy,6425.0,3701.14,1741.72,710.0,272.14,0.0,2723.86,True,0,Non-Stop,d8a8afd85593
SCR_GF_1789324306_006,2026-09-14 00:01:40,2026-09-15,1,google_flights,DEL,BOM,DEL-BOM,DEL,BOM,Air India,Air India,AI (Direct),10:00 AM,12:25 PM,145,2 hr 25 min,Economy,6425.0,3701.14,1741.72,710.0,272.14,0.0,2723.86,True,0,Non-Stop,4420abde034a
SCR_GF_1789324306_007,2026-09-14 00:01:40,2026-09-15,1,google_flights,DEL,BOM,DEL-BOM,DEL,BOM,IndiGo,IndiGo,6E (Direct),10:15 AM,12:35 PM,140,2 hr 20 min,Economy,6425.0,3701.14,1741.72,710.0,272.14,0.0,2723.86,True,0,Non-Stop,ad08400d6fb5
SCR_GF_1789324306_008,2026-09-14 00:01:40,2026-09-15,1,google_flights,DEL,BOM,DEL-BOM,DEL,BOM,IndiGo,IndiGo,6E (Direct),11:00 AM,1:15 PM,135,2 hr 15 min,Economy,6425.0,3701.14,1741.72,710.0,272.14,0.0,2723.86,True,0,Non-Stop,c286d9ba9853
SCR_GF_1789324306_009,2026-09-14 00:01:40,2026-09-15,1,google_flights,DEL,BOM,DEL-BOM,DEL,BOM,IndiGo,IndiGo,6E (Direct),12:00 PM,2:15 PM,135,2 hr 15 min,Economy,6425.0,3701.14,1741.72,710.0,272.14,0.0,2723.86,True,0,Non-Stop,0ae66c23314b
SCR_GF_1789324306_010,2026-09-14 00:01:40,2026-09-15,1,google_flights,DEL,BOM,DEL-BOM,DEL,BOM,Air India,Air India,AI (Direct),12:00 PM,2:25 PM,145,2 hr 25 min,Economy,6425.0,3701.14,1741.72,710.0,272.14,0.0,2723.86,True,0,Non-Stop,69c04565bb71
SCR_GF_1789324307_011,2026-09-14 00:01:40,2026-09-15,1,google_flights,DEL,BOM,DEL-BOM,DEL,BOM,IndiGo,IndiGo,6E (Direct),2:00 PM,4:25 PM,145,2 hr 25 min,Economy,6425.0,3701.14,1741.72,710.0,272.14,0.0,2723.86,True,0,Non-Stop,6f9f20869171
SCR_GF_1789324307_012,2026-09-14 00:01:40,2026-09-15,1,google_flights,DEL,BOM,DEL-BOM,DEL,BOM,IndiGo,IndiGo,6E (Direct),2:45 PM,5:00 PM,135,2 hr 15 min,Economy,6425.0,3701.14,1741.72,710.0,272.14,0.0,2723.86,True,0,Non-Stop,9081d13858f4
SCR_GF_1789324307_013,2026-09-14 00:01:40,2026-09-15,1,google_flights,DEL,BOM,DEL-BOM,DEL,BOM,IndiGo,IndiGo,6E (Direct),3:30 PM,5:45 PM,135,2 hr 15 min,Economy,6425.0,3701.14,1741.72,710.0,272.14,0.0,2723.86,True,0,Non-Stop,160fe3b2dbf7
SCR_GF_1789324307_014,2026-09-14 00:01:40,2026-09-15,1,google_flights,DEL,BOM,DEL-BOM,DEL,BOM,Air India,Air India,AI (Direct),3:30 PM,5:55 PM,145,2 hr 25 min,Economy,6425.0,3701.14,1741.72,710.0,272.14,0.0,2723.86,True,0,Non-Stop,5fa1df7f2e1b
SCR_GF_1789324307_015,2026-09-14 00:01:40,2026-09-15,1,google_flights,DEL,BOM,DEL-BOM,DEL,BOM,Air India,Air India,AI (Direct),4:00 PM,6:25 PM,145,2 hr 25 min,Economy,6425.0,3701.14,1741.72,710.0,272.14,0.0,2723.86,True,0,Non-Stop,744a75b316c7
SCR_GF_1789324307_016,2026-09-14 00:01:40,2026-09-15,1,google_flights,DEL,BOM,DEL-BOM,DEL,BOM,IndiGo,IndiGo,6E (Direct),4:15 PM,6:35 PM,140,2 hr 20 min,Economy,6425.0,3701.14,1741.72,710.0,272.14,0.0,2723.86,True,0,Non-Stop,07bd720f8abf
SCR_GF_1789324307_017,2026-09-14 00:01:40,2026-09-15,1,google_flights,DEL,BOM,DEL-BOM,DEL,BOM,Air India,Air India,AI (Direct),4:30 PM,6:50 PM,140,2 hr 20 min,Economy,6425.0,3701.14,1741.72,710.0,272.14,0.0,2723.86,True,0,Non-Stop,1e50e52a473a
SCR_GF_1789324308_018,2026-09-14 00:01:40,2026-09-15,1,google_flights,DEL,BOM,DEL-BOM,DEL,BOM,Air India,Air India,AI (Direct),5:00 PM,7:25 PM,145,2 hr 25 min,Economy,6425.0,3701.14,1741.72,710.0,272.14,0.0,2723.86,True,0,Non-Stop,58cd175abb2c
SCR_GF_1789324308_019,2026-09-14 00:01:40,2026-09-15,1,google_flights,DEL,BOM,DEL-BOM,DEL,BOM,Air India,Air India,AI (Direct),9:30 PM,11:55 PM,145,2 hr 25 min,Economy,6425.0,3701.14,1741.72,710.0,272.14,0.0,2723.86,True,0,Non-Stop,2a5bca35377a
SCR_GF_1789324308_020,2026-09-14 00:01:40,2026-09-15,1,google_flights,DEL,BOM,DEL-BOM,DEL,BOM,IndiGo,IndiGo,6E (Direct),9:45 PM,12:05 AM,140,2 hr 20 min,Economy,6425.0,3701.14,1741.72,710.0,272.14,0.0,2723.86,True,0,Non-Stop,e1375f570b5e
SCR_GF_1789324308_021,2026-09-14 00:01:40,2026-09-15,1,google_flights,DEL,BOM,DEL-BOM,DEL,BOM,IndiGo,IndiGo,6E (Direct),10:45 PM,1:05 AM,140,2 hr 20 min,Economy,6425.0,3701.14,1741.72,710.0,272.14,0.0,2723.86,True,0,Non-Stop,8c9d34ebd55d
SCR_GF_1789324308_022,2026-09-14 00:01:40,2026-09-15,1,google_flights,DEL,BOM,DEL-BOM,DEL,BOM,IndiGo,IndiGo,6E (Direct),11:30 PM,1:45 AM,135,2 hr 15 min,Economy,6425.0,3701.14,1741.72,710.0,272.14,0.0,2723.86,True,0,Non-Stop,b2007e2ee1e4
SCR_GF_1789324308_023,2026-09-14 00:01:40,2026-09-15,1,google_flights,DEL,BOM,DEL-BOM,DEL,BOM,Air India,Air India,AI (Direct),9:30 AM,12:00 PM,150,2 hr 30 min,Economy,6582.0,3802.82,1789.56,710.0,279.62,0.0,2779.18,True,0,Non-Stop,7a283190e8e5
SCR_GF_1789324308_024,2026-09-14 00:01:40,2026-09-15,1,google_flights,DEL,BOM,DEL-BOM,DEL,BOM,Air India,Air India,AI (Direct),9:00 PM,11:20 PM,140,2 hr 20 min,Economy,6582.0,3802.82,1789.56,710.0,279.62,0.0,2779.18,True,0,Non-Stop,0d81c9ea2593
SCR_GF_1789324308_025,2026-09-14 00:01:40,2026-09-15,1,google_flights,DEL,BOM,DEL-BOM,DEL,BOM,IndiGo,IndiGo,6E (Direct),5:00 PM,7:15 PM,135,2 hr 15 min,Economy,6583.0,3803.47,1789.86,710.0,279.67,0.0,2779.53,True,0,Non-Stop,5b6ea55943c3
SCR_GF_1789324309_026,2026-09-14 00:01:40,2026-09-15,1,google_flights,DEL,BOM,DEL-BOM,DEL,BOM,Air India Express,Air India Express,IX (Direct),11:25 PM,1:50 AM,145,2 hr 25 min,Economy,6610.0,3820.95,1798.1,710.0,280.95,0.0,2789.05,True,0,Non-Stop,3b73b61ecfb0
SCR_GF_1789324309_027,2026-09-14 00:01:40,2026-09-15,1,google_flights,DEL,BOM,DEL-BOM,DEL,BOM,Air India,Air India,AI (Direct),1:30 PM,3:50 PM,140,2 hr 20 min,Economy,6792.0,3938.82,1853.56,710.0,289.62,0.0,2853.18,True,0,Non-Stop,900975426f2f
SCR_GF_1789324309_028,2026-09-14 00:01:40,2026-09-15,1,google_flights,DEL,BOM,DEL-BOM,DEL,BOM,Akasa Air,Akasa Air,QP (Direct),9:20 AM,11:40 AM,140,2 hr 20 min,Economy,6880.0,3995.81,1880.38,710.0,293.81,0.0,2884.19,True,0,Non-Stop,476440435857
SCR_GF_1789324309_029,2026-09-14 00:01:40,2026-09-15,1,google_flights,DEL,BOM,DEL-BOM,DEL,BOM,Akasa Air,Akasa Air,QP (Direct),10:30 AM,12:45 PM,135,2 hr 15 min,Economy,6880.0,3995.81,1880.38,710.0,293.81,0.0,2884.19,True,0,Non-Stop,68c3bd638773
SCR_GF_1789324309_030,2026-09-14 00:01:40,2026-09-15,1,google_flights,DEL,BOM,DEL-BOM,DEL,BOM,Akasa Air,Akasa Air,QP (Direct),12:30 PM,2:55 PM,145,2 hr 25 min,Economy,6880.0,3995.81,1880.38,710.0,293.81,0.0,2884.19,True,0,Non-Stop,32bf7fd4551b
SCR_GF_1789324309_031,2026-09-14 00:01:40,2026-09-15,1,google_flights,DEL,BOM,DEL-BOM,DEL,BOM,Akasa Air,Akasa Air,QP (Direct),4:00 PM,6:20 PM,140,2 hr 20 min,Economy,6880.0,3995.81,1880.38,710.0,293.81,0.0,2884.19,True,0,Non-Stop,d6da84d3cbad
SCR_GF_1789324310_032,2026-09-14 00:01:40,2026-09-15,1,google_flights,DEL,BOM,DEL-BOM,DEL,BOM,Akasa Air,Akasa Air,QP (Direct),5:30 PM,7:45 PM,135,2 hr 15 min,Economy,6880.0,3995.81,1880.38,710.0,293.81,0.0,2884.19,True,0,Non-Stop,6b43dfee5132
SCR_GF_1789324310_033,2026-09-14 00:01:40,2026-09-15,1,google_flights,DEL,BOM,DEL-BOM,DEL,BOM,Air India,Air India,AI (Direct),9:00 AM,11:15 AM,135,2 hr 15 min,Economy,7055.0,4109.14,1933.72,710.0,302.14,0.0,2945.86,True,0,Non-Stop,1f17fad3c1a0
SCR_GF_1789324310_034,2026-09-14 00:01:40,2026-09-15,1,google_flights,DEL,BOM,DEL-BOM,DEL,BOM,Air India,Air India,AI (Direct),11:00 AM,1:25 PM,145,2 hr 25 min,Economy,7055.0,4109.14,1933.72,710.0,302.14,0.0,2945.86,True,0,Non-Stop,89ae97e24af4
SCR_GF_1789324310_035,2026-09-14 00:01:40,2026-09-15,1,google_flights,DEL,BOM,DEL-BOM,DEL,BOM,IndiGo,IndiGo,6E (Direct),6:00 PM,8:15 PM,135,2 hr 15 min,Economy,7055.0,4109.14,1933.72,710.0,302.14,0.0,2945.86,True,0,Non-Stop,23974c9a7cfd
SCR_GF_1789324310_036,2026-09-14 00:01:40,2026-09-15,1,google_flights,DEL,BOM,DEL-BOM,DEL,BOM,Air India,Air India,AI (Direct),8:30 PM,11:05 PM,155,2 hr 35 min,Economy,7055.0,4109.14,1933.72,710.0,302.14,0.0,2945.86,True,0,Non-Stop,a3a689be5b02
SCR_GF_1789324310_037,2026-09-14 00:01:40,2026-09-15,1,google_flights,DEL,BOM,DEL-BOM,DEL,BOM,Air India,Air India,AI (Direct),6:00 PM,8:25 PM,145,2 hr 25 min,Economy,7181.0,4190.74,1972.12,710.0,308.14,0.0,2990.26,True,0,Non-Stop,08e4b5bbde25
SCR_GF_1789324311_038,2026-09-14 00:01:40,2026-09-15,1,google_flights,DEL,BOM,DEL-BOM,DEL,BOM,Air India,Air India,AI (Direct),8:30 AM,10:45 AM,135,2 hr 15 min,Economy,7228.0,4221.18,1986.44,710.0,310.38,0.0,3006.82,True,0,Non-Stop,85244f5158eb
SCR_GF_1789324311_039,2026-09-14 00:01:40,2026-09-15,1,google_flights,DEL,BOM,DEL-BOM,DEL,BOM,Air India,Air India,AI (Direct),7:30 PM,9:55 PM,145,2 hr 25 min,Economy,7228.0,4221.18,1986.44,710.0,310.38,0.0,3006.82,True,0,Non-Stop,f0d774950eee
SCR_GF_1789324311_040,2026-09-14 00:01:40,2026-09-15,1,google_flights,DEL,BOM,DEL-BOM,DEL,BOM,Akasa Air,Akasa Air,QP (Direct),7:55 PM,10:20 PM,145,2 hr 25 min,Economy,7327.0,4285.3,2016.6,710.0,315.1,0.0,3041.7,True,0,Non-Stop,acf344463767
SCR_GF_1789324311_041,2026-09-14 00:01:40,2026-09-15,1,google_flights,DEL,BOM,DEL-BOM,DEL,BOM,IndiGo,IndiGo,6E (Direct),8:45 AM,11:00 AM,135,2 hr 15 min,Economy,7370.0,4313.14,2029.72,710.0,317.14,0.0,3056.86,True,0,Non-Stop,edea1725406c
SCR_GF_1789324311_042,2026-09-14 00:01:40,2026-09-15,1,google_flights,DEL,BOM,DEL-BOM,DEL,BOM,IndiGo,IndiGo,6E (Direct),7:00 PM,9:25 PM,145,2 hr 25 min,Economy,7370.0,4313.14,2029.72,710.0,317.14,0.0,3056.86,True,0,Non-Stop,1d883053d7b7
SCR_GF_1789324311_043,2026-09-14 00:01:40,2026-09-15,1,google_flights,DEL,BOM,DEL-BOM,DEL,BOM,IndiGo,IndiGo,6E (Direct),8:00 PM,10:10 PM,130,2 hr 10 min,Economy,7370.0,4313.14,2029.72,710.0,317.14,0.0,3056.86,True,0,Non-Stop,a5ce78518949
SCR_GF_1789324311_044,2026-09-14 00:01:40,2026-09-15,1,google_flights,DEL,BOM,DEL-BOM,DEL,BOM,Akasa Air,Akasa Air,QP (Direct),8:40 AM,10:55 AM,135,2 hr 15 min,Economy,7453.0,4366.9,2055.0,710.0,321.1,0.0,3086.1,True,0,Non-Stop,56e1279d6973
SCR_GF_1789324312_045,2026-09-14 00:01:40,2026-09-15,1,google_flights,DEL,BOM,DEL-BOM,DEL,BOM,Air India,Air India,AI (Direct),7:00 PM,9:25 PM,145,2 hr 25 min,Economy,7464.0,4374.02,2058.36,710.0,321.62,0.0,3089.98,True,0,Non-Stop,0905b5642248
SCR_GF_1789324312_046,2026-09-14 00:01:40,2026-09-15,1,google_flights,DEL,BOM,DEL-BOM,DEL,BOM,IndiGo,IndiGo,6E (Direct),5:00 AM,7:15 AM,135,2 hr 15 min,Economy,7685.0,4517.14,2125.72,710.0,332.14,0.0,3167.86,True,0,Non-Stop,c397ce0147fc
SCR_GF_1789324312_047,2026-09-14 00:01:40,2026-09-15,1,google_flights,DEL,BOM,DEL-BOM,DEL,BOM,Air India,Air India,AI (Direct),5:00 AM,7:20 AM,140,2 hr 20 min,Economy,7685.0,4517.14,2125.72,710.0,332.14,0.0,3167.86,True,0,Non-Stop,1d633d10da02
SCR_GF_1789324312_048,2026-09-14 00:01:40,2026-09-15,1,google_flights,DEL,BOM,DEL-BOM,DEL,BOM,IndiGo,IndiGo,6E (Direct),6:05 AM,8:20 AM,135,2 hr 15 min,Economy,8473.0,5027.47,2365.86,710.0,369.67,0.0,3445.53,True,0,Non-Stop,77327133b313
SCR_GF_1789324312_049,2026-09-14 00:01:40,2026-09-15,1,google_flights,DEL,BOM,DEL-BOM,DEL,BOM,IndiGo,IndiGo,6E (Direct),8:00 AM,10:20 AM,140,2 hr 20 min,Economy,8473.0,5027.47,2365.86,710.0,369.67,0.0,3445.53,True,0,Non-Stop,b8a5ed47e6f1
SCR_GF_1789324312_050,2026-09-14 00:01:40,2026-09-15,1,google_flights,DEL,BOM,DEL-BOM,DEL,BOM,Air India Express,Air India Express,IX (Direct),5:35 AM,8:05 AM,150,2 hr 30 min,Economy,8476.0,5029.41,2366.78,710.0,369.81,0.0,3446.59,True,0,Non-Stop,9b7910d12107
SCR_GF_1789324312_051,2026-09-14 00:01:40,2026-09-15,1,google_flights,DEL,BOM,DEL-BOM,DEL,BOM,IndiGo,IndiGo,6E (Direct),7:15 AM,9:30 AM,135,2 hr 15 min,Economy,8998.0,5367.47,2525.86,710.0,394.67,0.0,3630.53,True,0,Non-Stop,c0b1e4d467cf
SCR_GF_1789324312_052,2026-09-14 00:01:40,2026-09-15,1,google_flights,DEL,BOM,DEL-BOM,DEL,BOM,Akasa Air,Akasa Air,QP (Direct),6:50 AM,9:10 AM,140,2 hr 20 min,Economy,9033.0,5390.13,2536.54,710.0,396.33,0.0,3642.87,True,0,Non-Stop,16b9bf1bb447
SCR_GF_1789324312_053,2026-09-14 00:01:40,2026-09-15,1,google_flights,DEL,BOM,DEL-BOM,DEL,BOM,SpiceJet,SpiceJet,SG (Direct),7:55 PM,10:40 PM,165,2 hr 45 min,Economy,9099.0,5432.88,2556.64,710.0,399.48,0.0,3666.12,True,0,Non-Stop,e8957fec2d54
SCR_GF_1789324312_054,2026-09-14 00:01:40,2026-09-15,1,google_flights,DEL,BOM,DEL-BOM,DEL,BOM,Air India,Air India,AI (Direct),6:30 AM,8:50 AM,140,2 hr 20 min,Economy,9569.0,5737.26,2699.88,710.0,421.86,0.0,3831.74,True,0,Non-Stop,a14f5d0b1e84
SCR_GF_1789324313_055,2026-09-14 00:01:40,2026-09-15,1,google_flights,DEL,BOM,DEL-BOM,DEL,BOM,Air India,Air India,AI (Direct),7:00 AM,9:25 AM,145,2 hr 25 min,Economy,9569.0,5737.26,2699.88,710.0,421.86,0.0,3831.74,True,0,Non-Stop,05d85ae35da2
SCR_GF_1789324313_056,2026-09-14 00:01:40,2026-09-15,1,google_flights,DEL,BOM,DEL-BOM,DEL,BOM,Air India,Air India,AI (Direct),7:30 AM,9:55 AM,145,2 hr 25 min,Economy,9569.0,5737.26,2699.88,710.0,421.86,0.0,3831.74,True,0,Non-Stop,091fde755b28
SCR_GF_1789324313_057,2026-09-14 00:01:40,2026-09-15,1,google_flights,DEL,BOM,DEL-BOM,DEL,BOM,IndiGo,IndiGo,6E (Direct),11:00,1:25,145,2 hr 25 min,Economy,6314.0,3629.26,1707.88,710.0,266.86,0.0,2684.74,True,0,Non-Stop,50af30ce1f28
SCR_GF_1789324313_058,2026-09-14 00:01:40,2026-09-15,1,google_flights,DEL,BOM,DEL-BOM,DEL,BOM,IndiGo,IndiGo,6E (Direct),1:00,3:10,130,2 hr 10 min,Economy,6425.0,3701.14,1741.72,710.0,272.14,0.0,2723.86,True,0,Non-Stop,0c49dd601cb4
SCR_GF_1789324313_059,2026-09-14 00:01:40,2026-09-15,1,google_flights,DEL,BOM,DEL-BOM,DEL,BOM,IndiGo,IndiGo,6E (Direct),10:45,12:45,120,2 hr,Economy,6610.0,3820.95,1798.1,710.0,280.95,0.0,2789.05,True,0,Non-Stop,0f17e06d8a3b
SCR_GF_1789324313_060,2026-09-14 00:01:40,2026-09-15,1,google_flights,DEL,BOM,DEL-BOM,DEL,BOM,IndiGo,IndiGo,6E (Direct),1:40,3:55,135,2 hr 15 min,Economy,6880.0,3995.81,1880.38,710.0,293.81,0.0,2884.19,True,0,Non-Stop,dbc6f2f90bb9
SCR_GF_1789324313_061,2026-09-14 00:01:40,2026-09-15,1,google_flights,DEL,BOM,DEL-BOM,DEL,BOM,IndiGo,IndiGo,6E (Direct),9:30,11:55,145,2 hr 25 min,Economy,6425.0,3701.14,1741.72,710.0,272.14,0.0,2723.86,True,0,Non-Stop,929a1170492d
SCR_GF_1789324313_062,2026-09-14 00:01:40,2026-09-15,1,google_flights,DEL,BOM,DEL-BOM,DEL,BOM,IndiGo,IndiGo,6E (Direct),10:00,12:25,145,2 hr 25 min,Economy,6425.0,3701.14,1741.72,710.0,272.14,0.0,2723.86,True,0,Non-Stop,f85eeedcd0cf
SCR_GF_1789324313_063,2026-09-14 00:01:40,2026-09-15,1,google_flights,DEL,BOM,DEL-BOM,DEL,BOM,IndiGo,IndiGo,6E (Direct),10:15,12:35,140,2 hr 20 min,Economy,6425.0,3701.14,1741.72,710.0,272.14,0.0,2723.86,True,0,Non-Stop,b322fb3cbaa8
SCR_GF_1789324313_064,2026-09-14 00:01:40,2026-09-15,1,google_flights,DEL,BOM,DEL-BOM,DEL,BOM,IndiGo,IndiGo,6E (Direct),11:00,1:15,135,2 hr 15 min,Economy,6425.0,3701.14,1741.72,710.0,272.14,0.0,2723.86,True,0,Non-Stop,844463c62d2d
SCR_GF_1789324314_065,2026-09-14 00:01:40,2026-09-15,1,google_flights,DEL,BOM,DEL-BOM,DEL,BOM,IndiGo,IndiGo,6E (Direct),12:00,2:15,135,2 hr 15 min,Economy,6425.0,3701.14,1741.72,710.0,272.14,0.0,2723.86,True,0,Non-Stop,fc82454b6490
SCR_GF_1789324314_066,2026-09-14 00:01:40,2026-09-15,1,google_flights,DEL,BOM,DEL-BOM,DEL,BOM,IndiGo,IndiGo,6E (Direct),12:00,2:25,145,2 hr 25 min,Economy,6425.0,3701.14,1741.72,710.0,272.14,0.0,2723.86,True,0,Non-Stop,fc82454b6490
SCR_GF_1789324314_067,2026-09-14 00:01:40,2026-09-15,1,google_flights,DEL,BOM,DEL-BOM,DEL,BOM,IndiGo,IndiGo,6E (Direct),2:00,4:25,145,2 hr 25 min,Economy,6425.0,3701.14,1741.72,710.0,272.14,0.0,2723.86,True,0,Non-Stop,8f9d59942415
SCR_GF_1789324314_068,2026-09-14 00:01:40,2026-09-15,1,google_flights,DEL,BOM,DEL-BOM,DEL,BOM,IndiGo,IndiGo,6E (Direct),2:45,5:00,135,2 hr 15 min,Economy,6425.0,3701.14,1741.72,710.0,272.14,0.0,2723.86,True,0,Non-Stop,cfa5dce4c785
SCR_GF_1789324314_069,2026-09-14 00:01:40,2026-09-15,1,google_flights,DEL,BOM,DEL-BOM,DEL,BOM,IndiGo,IndiGo,6E (Direct),3:30,5:45,135,2 hr 15 min,Economy,6425.0,3701.14,1741.72,710.0,272.14,0.0,2723.86,True,0,Non-Stop,79f887e6f16a
SCR_GF_1789324314_070,2026-09-14 00:01:40,2026-09-15,1,google_flights,DEL,BOM,DEL-BOM,DEL,BOM,IndiGo,IndiGo,6E (Direct),3:30,5:55,145,2 hr 25 min,Economy,6425.0,3701.14,1741.72,710.0,272.14,0.0,2723.86,True,0,Non-Stop,79f887e6f16a
SCR_GF_1789324314_071,2026-09-14 00:01:40,2026-09-15,1,google_flights,DEL,BOM,DEL-BOM,DEL,BOM,IndiGo,IndiGo,6E (Direct),4:00,6:25,145,2 hr 25 min,Economy,6425.0,3701.14,1741.72,710.0,272.14,0.0,2723.86,True,0,Non-Stop,0bf20a5cc5fa
SCR_GF_1789324314_072,2026-09-14 00:01:40,2026-09-15,1,google_flights,DEL,BOM,DEL-BOM,DEL,BOM,IndiGo,IndiGo,6E (Direct),4:15,6:35,140,2 hr 20 min,Economy,6425.0,3701.14,1741.72,710.0,272.14,0.0,2723.86,True,0,Non-Stop,08f571ad73cb
SCR_GF_1789324315_073,2026-09-14 00:01:40,2026-09-15,1,google_flights,DEL,BOM,DEL-BOM,DEL,BOM,IndiGo,IndiGo,6E (Direct),4:30,6:50,140,2 hr 20 min,Economy,6425.0,3701.14,1741.72,710.0,272.14,0.0,2723.86,True,0,Non-Stop,c8cf6eac9a69
SCR_GF_1789324315_074,2026-09-14 00:01:40,2026-09-15,1,google_flights,DEL,BOM,DEL-BOM,DEL,BOM,IndiGo,IndiGo,6E (Direct),5:00,7:25,145,2 hr 25 min,Economy,6425.0,3701.14,1741.72,710.0,272.14,0.0,2723.86,True,0,Non-Stop,96850f7af3aa
SCR_GF_1789324315_075,2026-09-14 00:01:40,2026-09-15,1,google_flights,DEL,BOM,DEL-BOM,DEL,BOM,IndiGo,IndiGo,6E (Direct),9:30,11:55,145,2 hr 25 min,Economy,6425.0,3701.14,1741.72,710.0,272.14,0.0,2723.86,True,0,Non-Stop,929a1170492d
SCR_GF_1789324315_076,2026-09-14 00:01:40,2026-09-15,1,google_flights,DEL,BOM,DEL-BOM,DEL,BOM,IndiGo,IndiGo,6E (Direct),9:45,12:05,140,2 hr 20 min,Economy,6425.0,3701.14,1741.72,710.0,272.14,0.0,2723.86,True,0,Non-Stop,4a940a28aafa
SCR_GF_1789324315_077,2026-09-14 00:01:40,2026-09-15,1,google_flights,DEL,BOM,DEL-BOM,DEL,BOM,IndiGo,IndiGo,6E (Direct),10:45,1:05,140,2 hr 20 min,Economy,6425.0,3701.14,1741.72,710.0,272.14,0.0,2723.86,True,0,Non-Stop,22b2976d9296
SCR_GF_1789324315_078,2026-09-14 00:01:40,2026-09-15,1,google_flights,DEL,BOM,DEL-BOM,DEL,BOM,IndiGo,IndiGo,6E (Direct),11:30,1:45,135,2 hr 15 min,Economy,6425.0,3701.14,1741.72,710.0,272.14,0.0,2723.86,True,0,Non-Stop,de234ea40cdd
SCR_GF_1789324315_079,2026-09-14 00:01:40,2026-09-15,1,google_flights,DEL,BOM,DEL-BOM,DEL,BOM,IndiGo,IndiGo,6E (Direct),9:30,12:00,150,2 hr 30 min,Economy,6582.0,3802.82,1789.56,710.0,279.62,0.0,2779.18,True,0,Non-Stop,49769a68b75d
SCR_GF_1789324316_080,2026-09-14 00:01:40,2026-09-15,1,google_flights,DEL,BOM,DEL-BOM,DEL,BOM,IndiGo,IndiGo,6E (Direct),9:00,11:20,140,2 hr 20 min,Economy,6582.0,3802.82,1789.56,710.0,279.62,0.0,2779.18,True,0,Non-Stop,7281719b3998
SCR_GF_1789324316_081,2026-09-14 00:01:40,2026-09-15,1,google_flights,DEL,BOM,DEL-BOM,DEL,BOM,IndiGo,IndiGo,6E (Direct),5:00,7:15,135,2 hr 15 min,Economy,6583.0,3803.47,1789.86,710.0,279.67,0.0,2779.53,True,0,Non-Stop,855e1e4e5184
SCR_GF_1789324316_082,2026-09-14 00:01:40,2026-09-15,1,google_flights,DEL,BOM,DEL-BOM,DEL,BOM,IndiGo,IndiGo,6E (Direct),11:25,1:50,145,2 hr 25 min,Economy,6610.0,3820.95,1798.1,710.0,280.95,0.0,2789.05,True,0,Non-Stop,3605e0d04a8c
SCR_GF_1789324316_083,2026-09-14 00:01:40,2026-09-15,1,google_flights,DEL,BOM,DEL-BOM,DEL,BOM,IndiGo,IndiGo,6E (Direct),1:30,3:50,140,2 hr 20 min,Economy,6792.0,3938.82,1853.56,710.0,289.62,0.0,2853.18,True,0,Non-Stop,dd32f5364868
SCR_GF_1789324316_084,2026-09-14 00:01:40,2026-09-15,1,google_flights,DEL,BOM,DEL-BOM,DEL,BOM,IndiGo,IndiGo,6E (Direct),9:20,11:40,140,2 hr 20 min,Economy,6880.0,3995.81,1880.38,710.0,293.81,0.0,2884.19,True,0,Non-Stop,9f39c5d293e1
SCR_GF_1789324316_085,2026-09-14 00:01:40,2026-09-15,1,google_flights,DEL,BOM,DEL-BOM,DEL,BOM,IndiGo,IndiGo,6E (Direct),10:30,12:45,135,2 hr 15 min,Economy,6880.0,3995.81,1880.38,710.0,293.81,0.0,2884.19,True,0,Non-Stop,424f03847009
SCR_GF_1789324316_086,2026-09-14 00:01:40,2026-09-15,1,google_flights,DEL,BOM,DEL-BOM,DEL,BOM,IndiGo,IndiGo,6E (Direct),12:30,2:55,145,2 hr 25 min,Economy,6880.0,3995.81,1880.38,710.0,293.81,0.0,2884.19,True,0,Non-Stop,aa9ef8607828
SCR_GF_1789324317_087,2026-09-14 00:01:40,2026-09-15,1,google_flights,DEL,BOM,DEL-BOM,DEL,BOM,IndiGo,IndiGo,6E (Direct),4:00,6:20,140,2 hr 20 min,Economy,6880.0,3995.81,1880.38,710.0,293.81,0.0,2884.19,True,0,Non-Stop,89d7a38091fe
SCR_GF_1789324317_088,2026-09-14 00:01:40,2026-09-15,1,google_flights,DEL,BOM,DEL-BOM,DEL,BOM,IndiGo,IndiGo,6E (Direct),5:30,7:45,135,2 hr 15 min,Economy,6880.0,3995.81,1880.38,710.0,293.81,0.0,2884.19,True,0,Non-Stop,3cdfa8d2672e
SCR_GF_1789324317_089,2026-09-14 00:01:40,2026-09-15,1,google_flights,DEL,BOM,DEL-BOM,DEL,BOM,IndiGo,IndiGo,6E (Direct),9:00,11:15,135,2 hr 15 min,Economy,7055.0,4109.14,1933.72,710.0,302.14,0.0,2945.86,True,0,Non-Stop,5d513953ff66
SCR_GF_1789324317_090,2026-09-14 00:01:40,2026-09-15,1,google_flights,DEL,BOM,DEL-BOM,DEL,BOM,IndiGo,IndiGo,6E (Direct),11:00,1:25,145,2 hr 25 min,Economy,7055.0,4109.14,1933.72,710.0,302.14,0.0,2945.86,True,0,Non-Stop,16eda902665b
SCR_GF_1789324317_091,2026-09-14 00:01:40,2026-09-15,1,google_flights,DEL,BOM,DEL-BOM,DEL,BOM,IndiGo,IndiGo,6E (Direct),6:00,8:15,135,2 hr 15 min,Economy,7055.0,4109.14,1933.72,710.0,302.14,0.0,2945.86,True,0,Non-Stop,098c911774c2
SCR_GF_1789324317_092,2026-09-14 00:01:40,2026-09-15,1,google_flights,DEL,BOM,DEL-BOM,DEL,BOM,IndiGo,IndiGo,6E (Direct),8:30,11:05,155,2 hr 35 min,Economy,7055.0,4109.14,1933.72,710.0,302.14,0.0,2945.86,True,0,Non-Stop,65262b7b3114
SCR_GF_1789324317_093,2026-09-14 00:01:40,2026-09-15,1,google_flights,DEL,BOM,DEL-BOM,DEL,BOM,IndiGo,IndiGo,6E (Direct),6:00,8:25,145,2 hr 25 min,Economy,7181.0,4190.74,1972.12,710.0,308.14,0.0,2990.26,True,0,Non-Stop,8c47846f4aae
SCR_GF_1789324318_094,2026-09-14 00:01:40,2026-09-15,1,google_flights,DEL,BOM,DEL-BOM,DEL,BOM,IndiGo,IndiGo,6E (Direct),8:30,10:45,135,2 hr 15 min,Economy,7228.0,4221.18,1986.44,710.0,310.38,0.0,3006.82,True,0,Non-Stop,32c07e24144b
SCR_GF_1789324318_095,2026-09-14 00:01:40,2026-09-15,1,google_flights,DEL,BOM,DEL-BOM,DEL,BOM,IndiGo,IndiGo,6E (Direct),7:30,9:55,145,2 hr 25 min,Economy,7228.0,4221.18,1986.44,710.0,310.38,0.0,3006.82,True,0,Non-Stop,250bbf8248f2
SCR_GF_1789324318_096,2026-09-14 00:01:40,2026-09-15,1,google_flights,DEL,BOM,DEL-BOM,DEL,BOM,IndiGo,IndiGo,6E (Direct),7:55,10:20,145,2 hr 25 min,Economy,7327.0,4285.3,2016.6,710.0,315.1,0.0,3041.7,True,0,Non-Stop,b7153b8c7ad2
SCR_GF_1789324318_097,2026-09-14 00:01:40,2026-09-15,1,google_flights,DEL,BOM,DEL-BOM,DEL,BOM,IndiGo,IndiGo,6E (Direct),8:45,11:00,135,2 hr 15 min,Economy,7370.0,4313.14,2029.72,710.0,317.14,0.0,3056.86,True,0,Non-Stop,6ac21251c313
SCR_GF_1789324318_098,2026-09-14 00:01:40,2026-09-15,1,google_flights,DEL,BOM,DEL-BOM,DEL,BOM,IndiGo,IndiGo,6E (Direct),7:00,9:25,145,2 hr 25 min,Economy,7370.0,4313.14,2029.72,710.0,317.14,0.0,3056.86,True,0,Non-Stop,2ec28d88ff3a
SCR_GF_1789324318_099,2026-09-14 00:01:40,2026-09-15,1,google_flights,DEL,BOM,DEL-BOM,DEL,BOM,IndiGo,IndiGo,6E (Direct),8:00,10:10,130,2 hr 10 min,Economy,7370.0,4313.14,2029.72,710.0,317.14,0.0,3056.86,True,0,Non-Stop,8802378706d1
SCR_GF_1789324318_100,2026-09-14 00:01:40,2026-09-15,1,google_flights,DEL,BOM,DEL-BOM,DEL,BOM,IndiGo,IndiGo,6E (Direct),8:40,10:55,135,2 hr 15 min,Economy,7453.0,4366.9,2055.0,710.0,321.1,0.0,3086.1,True,0,Non-Stop,ef20af7ec508
SCR_GF_1789324318_101,2026-09-14 00:01:40,2026-09-15,1,google_flights,DEL,BOM,DEL-BOM,DEL,BOM,IndiGo,IndiGo,6E (Direct),7:00,9:25,145,2 hr 25 min,Economy,7464.0,4374.02,2058.36,710.0,321.62,0.0,3089.98,True,0,Non-Stop,f14763d5a470
SCR_GF_1789324319_102,2026-09-14 00:01:40,2026-09-15,1,google_flights,DEL,BOM,DEL-BOM,DEL,BOM,IndiGo,IndiGo,6E (Direct),5:00,7:15,135,2 hr 15 min,Economy,7685.0,4517.14,2125.72,710.0,332.14,0.0,3167.86,True,0,Non-Stop,889d8df774b7
SCR_GF_1789324319_103,2026-09-14 00:01:40,2026-09-15,1,google_flights,DEL,BOM,DEL-BOM,DEL,BOM,IndiGo,IndiGo,6E (Direct),5:00,7:20,140,2 hr 20 min,Economy,7685.0,4517.14,2125.72,710.0,332.14,0.0,3167.86,True,0,Non-Stop,889d8df774b7
SCR_GF_1789324319_104,2026-09-14 00:01:40,2026-09-15,1,google_flights,DEL,BOM,DEL-BOM,DEL,BOM,IndiGo,IndiGo,6E (Direct),6:05,8:20,135,2 hr 15 min,Economy,8473.0,5027.47,2365.86,710.0,369.67,0.0,3445.53,True,0,Non-Stop,7c041fcf536d
SCR_GF_1789324319_105,2026-09-14 00:01:40,2026-09-15,1,google_flights,DEL,BOM,DEL-BOM,DEL,BOM,IndiGo,IndiGo,6E (Direct),8:00,10:20,140,2 hr 20 min,Economy,8473.0,5027.47,2365.86,710.0,369.67,0.0,3445.53,True,0,Non-Stop,bc26f95f35d1
SCR_GF_1789324319_106,2026-09-14 00:01:40,2026-09-15,1,google_flights,DEL,BOM,DEL-BOM,DEL,BOM,IndiGo,IndiGo,6E (Direct),5:35,8:05,150,2 hr 30 min,Economy,8476.0,5029.41,2366.78,710.0,369.81,0.0,3446.59,True,0,Non-Stop,10ebdf58d942
SCR_GF_1789324319_107,2026-09-14 00:01:40,2026-09-15,1,google_flights,DEL,BOM,DEL-BOM,DEL,BOM,IndiGo,IndiGo,6E (Direct),7:15,9:30,135,2 hr 15 min,Economy,8998.0,5367.47,2525.86,710.0,394.67,0.0,3630.53,True,0,Non-Stop,e7773b99ecd4
SCR_GF_1789324319_108,2026-09-14 00:01:40,2026-09-15,1,google_flights,DEL,BOM,DEL-BOM,DEL,BOM,IndiGo,IndiGo,6E (Direct),6:50,9:10,140,2 hr 20 min,Economy,9033.0,5390.13,2536.54,710.0,396.33,0.0,3642.87,True,0,Non-Stop,fe65173ec66a
SCR_GF_1789324319_109,2026-09-14 00:01:40,2026-09-15,1,google_flights,DEL,BOM,DEL-BOM,DEL,BOM,IndiGo,IndiGo,6E (Direct),7:55,10:40,165,2 hr 45 min,Economy,9099.0,5432.88,2556.64,710.0,399.48,0.0,3666.12,True,0,Non-Stop,634c07358484
SCR_GF_1789324320_110,2026-09-14 00:01:40,2026-09-15,1,google_flights,DEL,BOM,DEL-BOM,DEL,BOM,IndiGo,IndiGo,6E (Direct),6:30,8:50,140,2 hr 20 min,Economy,9569.0,5737.26,2699.88,710.0,421.86,0.0,3831.74,True,0,Non-Stop,048a253a5564
SCR_GF_1789324320_111,2026-09-14 00:01:40,2026-09-15,1,google_flights,DEL,BOM,DEL-BOM,DEL,BOM,IndiGo,IndiGo,6E (Direct),7:00,9:25,145,2 hr 25 min,Economy,9569.0,5737.26,2699.88,710.0,421.86,0.0,3831.74,True,0,Non-Stop,50ef05316780
SCR_GF_1789324320_112,2026-09-14 00:01:40,2026-09-15,1,google_flights,DEL,BOM,DEL-BOM,DEL,BOM,IndiGo,IndiGo,6E (Direct),7:30,9:55,145,2 hr 25 min,Economy,9569.0,5737.26,2699.88,710.0,421.86,0.0,3831.74,True,0,Non-Stop,6836695276df
SCR_GF_1789324325_001,2026-09-14 00:02:00,2026-09-21,7,google_flights,DEL,BOM,DEL-BOM,DEL,BOM,Air India,Air India,AI (Direct),11:00 PM,1:25 AM,145,2 hr 25 min,Economy,6314.0,3629.26,1707.88,710.0,266.86,0.0,2684.74,True,0,Non-Stop,9e6b1b2e87ce
SCR_GF_1789324325_002,2026-09-14 00:02:00,2026-09-21,7,google_flights,DEL,BOM,DEL-BOM,DEL,BOM,IndiGo,IndiGo,6E (Direct),1:00 PM,3:10 PM,130,2 hr 10 min,Economy,6425.0,3701.14,1741.72,710.0,272.14,0.0,2723.86,True,0,Non-Stop,ef06443d498e
SCR_GF_1789324325_003,2026-09-14 00:02:00,2026-09-21,7,google_flights,DEL,BOM,DEL-BOM,DEL,BOM,Air India Express,Air India Express,IX (Direct),11:25 PM,1:50 AM,145,2 hr 25 min,Economy,6610.0,3820.95,1798.1,710.0,280.95,0.0,2789.05,True,0,Non-Stop,28915cdd9ec5
SCR_GF_1789324326_004,2026-09-14 00:02:00,2026-09-21,7,google_flights,DEL,BOM,DEL-BOM,DEL,BOM,Akasa Air,Akasa Air,QP (Direct),5:30 PM,7:45 PM,135,2 hr 15 min,Economy,6880.0,3995.81,1880.38,710.0,293.81,0.0,2884.19,True,0,Non-Stop,bb99f41fd395
SCR_GF_1789324326_005,2026-09-14 00:02:00,2026-09-21,7,google_flights,DEL,BOM,DEL-BOM,DEL,BOM,Air India,Air India,AI (Direct),7:30 AM,9:55 AM,145,2 hr 25 min,Economy,6425.0,3701.14,1741.72,710.0,272.14,0.0,2723.86,True,0,Non-Stop,880f679f6d00
SCR_GF_1789324326_006,2026-09-14 00:02:00,2026-09-21,7,google_flights,DEL,BOM,DEL-BOM,DEL,BOM,Air India,Air India,AI (Direct),9:00 AM,11:15 AM,135,2 hr 15 min,Economy,6425.0,3701.14,1741.72,710.0,272.14,0.0,2723.86,True,0,Non-Stop,b291d8ec9611
SCR_GF_1789324326_007,2026-09-14 00:02:00,2026-09-21,7,google_flights,DEL,BOM,DEL-BOM,DEL,BOM,IndiGo,IndiGo,6E (Direct),9:30 AM,11:55 AM,145,2 hr 25 min,Economy,6425.0,3701.14,1741.72,710.0,272.14,0.0,2723.86,True,0,Non-Stop,ea02543468eb
SCR_GF_1789324326_008,2026-09-14 00:02:00,2026-09-21,7,google_flights,DEL,BOM,DEL-BOM,DEL,BOM,Air India,Air India,AI (Direct),9:30 AM,12:00 PM,150,2 hr 30 min,Economy,6425.0,3701.14,1741.72,710.0,272.14,0.0,2723.86,True,0,Non-Stop,273621863b82
SCR_GF_1789324326_009,2026-09-14 00:02:00,2026-09-21,7,google_flights,DEL,BOM,DEL-BOM,DEL,BOM,Air India,Air India,AI (Direct),10:00 AM,12:25 PM,145,2 hr 25 min,Economy,6425.0,3701.14,1741.72,710.0,272.14,0.0,2723.86,True,0,Non-Stop,b7dbc8de2e5b
SCR_GF_1789324326_010,2026-09-14 00:02:00,2026-09-21,7,google_flights,DEL,BOM,DEL-BOM,DEL,BOM,IndiGo,IndiGo,6E (Direct),10:15 AM,12:35 PM,140,2 hr 20 min,Economy,6425.0,3701.14,1741.72,710.0,272.14,0.0,2723.86,True,0,Non-Stop,ffc799c2d712
SCR_GF_1789324327_011,2026-09-14 00:02:00,2026-09-21,7,google_flights,DEL,BOM,DEL-BOM,DEL,BOM,Air India,Air India,AI (Direct),10:30 AM,12:50 PM,140,2 hr 20 min,Economy,6425.0,3701.14,1741.72,710.0,272.14,0.0,2723.86,True,0,Non-Stop,8fc80f58018d
SCR_GF_1789324327_012,2026-09-14 00:02:00,2026-09-21,7,google_flights,DEL,BOM,DEL-BOM,DEL,BOM,IndiGo,IndiGo,6E (Direct),11:00 AM,1:15 PM,135,2 hr 15 min,Economy,6425.0,3701.14,1741.72,710.0,272.14,0.0,2723.86,True,0,Non-Stop,4411f3ed02c0
SCR_GF_1789324327_013,2026-09-14 00:02:00,2026-09-21,7,google_flights,DEL,BOM,DEL-BOM,DEL,BOM,Air India,Air India,AI (Direct),11:00 AM,1:25 PM,145,2 hr 25 min,Economy,6425.0,3701.14,1741.72,710.0,272.14,0.0,2723.86,True,0,Non-Stop,f55d24583f14
SCR_GF_1789324327_014,2026-09-14 00:02:00,2026-09-21,7,google_flights,DEL,BOM,DEL-BOM,DEL,BOM,IndiGo,IndiGo,6E (Direct),12:00 PM,2:10 PM,130,2 hr 10 min,Economy,6425.0,3701.14,1741.72,710.0,272.14,0.0,2723.86,True,0,Non-Stop,4f89448d3fda
SCR_GF_1789324327_015,2026-09-14 00:02:00,2026-09-21,7,google_flights,DEL,BOM,DEL-BOM,DEL,BOM,IndiGo,IndiGo,6E (Direct),2:00 PM,4:25 PM,145,2 hr 25 min,Economy,6425.0,3701.14,1741.72,710.0,272.14,0.0,2723.86,True,0,Non-Stop,45646dcd6769
SCR_GF_1789324327_016,2026-09-14 00:02:00,2026-09-21,7,google_flights,DEL,BOM,DEL-BOM,DEL,BOM,IndiGo,IndiGo,6E (Direct),2:45 PM,5:00 PM,135,2 hr 15 min,Economy,6425.0,3701.14,1741.72,710.0,272.14,0.0,2723.86,True,0,Non-Stop,4d43e95f9887
SCR_GF_1789324327_017,2026-09-14 00:02:00,2026-09-21,7,google_flights,DEL,BOM,DEL-BOM,DEL,BOM,IndiGo,IndiGo,6E (Direct),3:30 PM,5:45 PM,135,2 hr 15 min,Economy,6425.0,3701.14,1741.72,710.0,272.14,0.0,2723.86,True,0,Non-Stop,1f750b948317
SCR_GF_1789324327_018,2026-09-14 00:02:00,2026-09-21,7,google_flights,DEL,BOM,DEL-BOM,DEL,BOM,Air India,Air India,AI (Direct),4:00 PM,6:25 PM,145,2 hr 25 min,Economy,6425.0,3701.14,1741.72,710.0,272.14,0.0,2723.86,True,0,Non-Stop,07d118aad668
SCR_GF_1789324327_019,2026-09-14 00:02:00,2026-09-21,7,google_flights,DEL,BOM,DEL-BOM,DEL,BOM,IndiGo,IndiGo,6E (Direct),4:15 PM,6:35 PM,140,2 hr 20 min,Economy,6425.0,3701.14,1741.72,710.0,272.14,0.0,2723.86,True,0,Non-Stop,de40afc3fcd7
SCR_GF_1789324327_020,2026-09-14 00:02:00,2026-09-21,7,google_flights,DEL,BOM,DEL-BOM,DEL,BOM,Air India,Air India,AI (Direct),4:30 PM,6:50 PM,140,2 hr 20 min,Economy,6425.0,3701.14,1741.72,710.0,272.14,0.0,2723.86,True,0,Non-Stop,ff3de36c9922
SCR_GF_1789324328_021,2026-09-14 00:02:00,2026-09-21,7,google_flights,DEL,BOM,DEL-BOM,DEL,BOM,IndiGo,IndiGo,6E (Direct),5:00 PM,7:15 PM,135,2 hr 15 min,Economy,6425.0,3701.14,1741.72,710.0,272.14,0.0,2723.86,True,0,Non-Stop,907f22bbf8a1
SCR_GF_1789324328_022,2026-09-14 00:02:00,2026-09-21,7,google_flights,DEL,BOM,DEL-BOM,DEL,BOM,Air India,Air India,AI (Direct),5:00 PM,7:25 PM,145,2 hr 25 min,Economy,6425.0,3701.14,1741.72,710.0,272.14,0.0,2723.86,True,0,Non-Stop,32a80a14c69c
SCR_GF_1789324328_023,2026-09-14 00:02:00,2026-09-21,7,google_flights,DEL,BOM,DEL-BOM,DEL,BOM,IndiGo,IndiGo,6E (Direct),6:00 PM,8:15 PM,135,2 hr 15 min,Economy,6425.0,3701.14,1741.72,710.0,272.14,0.0,2723.86,True,0,Non-Stop,61f084f4e09f
SCR_GF_1789324328_024,2026-09-14 00:02:00,2026-09-21,7,google_flights,DEL,BOM,DEL-BOM,DEL,BOM,Air India,Air India,AI (Direct),6:00 PM,8:25 PM,145,2 hr 25 min,Economy,6425.0,3701.14,1741.72,710.0,272.14,0.0,2723.86,True,0,Non-Stop,bc929da6a1f1
SCR_GF_1789324328_025,2026-09-14 00:02:00,2026-09-21,7,google_flights,DEL,BOM,DEL-BOM,DEL,BOM,Air India,Air India,AI (Direct),7:00 PM,9:25 PM,145,2 hr 25 min,Economy,6425.0,3701.14,1741.72,710.0,272.14,0.0,2723.86,True,0,Non-Stop,876f213c0ac8
SCR_GF_1789324328_026,2026-09-14 00:02:00,2026-09-21,7,google_flights,DEL,BOM,DEL-BOM,DEL,BOM,IndiGo,IndiGo,6E (Direct),7:00 PM,9:25 PM,145,2 hr 25 min,Economy,6425.0,3701.14,1741.72,710.0,272.14,0.0,2723.86,True,0,Non-Stop,2502660678cf
SCR_GF_1789324328_027,2026-09-14 00:02:00,2026-09-21,7,google_flights,DEL,BOM,DEL-BOM,DEL,BOM,Air India,Air India,AI (Direct),7:30 PM,9:55 PM,145,2 hr 25 min,Economy,6425.0,3701.14,1741.72,710.0,272.14,0.0,2723.86,True,0,Non-Stop,2eaa60ce148d
SCR_GF_1789324328_028,2026-09-14 00:02:00,2026-09-21,7,google_flights,DEL,BOM,DEL-BOM,DEL,BOM,IndiGo,IndiGo,6E (Direct),8:00 PM,10:10 PM,130,2 hr 10 min,Economy,6425.0,3701.14,1741.72,710.0,272.14,0.0,2723.86,True,0,Non-Stop,b87ab8b938b7
SCR_GF_1789324328_029,2026-09-14 00:02:00,2026-09-21,7,google_flights,DEL,BOM,DEL-BOM,DEL,BOM,Air India,Air India,AI (Direct),8:00 PM,10:25 PM,145,2 hr 25 min,Economy,6425.0,3701.14,1741.72,710.0,272.14,0.0,2723.86,True,0,Non-Stop,4759ddd54c71
SCR_GF_1789324328_030,2026-09-14 00:02:00,2026-09-21,7,google_flights,DEL,BOM,DEL-BOM,DEL,BOM,Air India,Air India,AI (Direct),8:30 PM,11:05 PM,155,2 hr 35 min,Economy,6425.0,3701.14,1741.72,710.0,272.14,0.0,2723.86,True,0,Non-Stop,42ca6bfdc87d
SCR_GF_1789324328_031,2026-09-14 00:02:00,2026-09-21,7,google_flights,DEL,BOM,DEL-BOM,DEL,BOM,IndiGo,IndiGo,6E (Direct),10:45 PM,1:05 AM,140,2 hr 20 min,Economy,6425.0,3701.14,1741.72,710.0,272.14,0.0,2723.86,True,0,Non-Stop,3bf39f2be51c
SCR_GF_1789324328_032,2026-09-14 00:02:00,2026-09-21,7,google_flights,DEL,BOM,DEL-BOM,DEL,BOM,IndiGo,IndiGo,6E (Direct),11:30 PM,1:45 AM,135,2 hr 15 min,Economy,6425.0,3701.14,1741.72,710.0,272.14,0.0,2723.86,True,0,Non-Stop,3ab305db9a80
SCR_GF_1789324328_033,2026-09-14 00:02:00,2026-09-21,7,google_flights,DEL,BOM,DEL-BOM,DEL,BOM,Air India,Air India,AI (Direct),8:30 AM,10:45 AM,135,2 hr 15 min,Economy,6582.0,3802.82,1789.56,710.0,279.62,0.0,2779.18,True,0,Non-Stop,7f3dfdd5e30c
SCR_GF_1789324328_034,2026-09-14 00:02:00,2026-09-21,7,google_flights,DEL,BOM,DEL-BOM,DEL,BOM,Air India,Air India,AI (Direct),9:00 PM,11:20 PM,140,2 hr 20 min,Economy,6582.0,3802.82,1789.56,710.0,279.62,0.0,2779.18,True,0,Non-Stop,fcd3beeda196
SCR_GF_1789324328_035,2026-09-14 00:02:00,2026-09-21,7,google_flights,DEL,BOM,DEL-BOM,DEL,BOM,Air India,Air India,AI (Direct),9:30 PM,11:55 PM,145,2 hr 25 min,Economy,6582.0,3802.82,1789.56,710.0,279.62,0.0,2779.18,True,0,Non-Stop,2700bfc8866f
SCR_GF_1789324329_036,2026-09-14 00:02:00,2026-09-21,7,google_flights,DEL,BOM,DEL-BOM,DEL,BOM,IndiGo,IndiGo,6E (Direct),5:00 AM,7:15 AM,135,2 hr 15 min,Economy,6583.0,3803.47,1789.86,710.0,279.67,0.0,2779.53,True,0,Non-Stop,61c0593aca31
SCR_GF_1789324329_037,2026-09-14 00:02:00,2026-09-21,7,google_flights,DEL,BOM,DEL-BOM,DEL,BOM,IndiGo,IndiGo,6E (Direct),8:45 AM,11:00 AM,135,2 hr 15 min,Economy,6583.0,3803.47,1789.86,710.0,279.67,0.0,2779.53,True,0,Non-Stop,f659fc7e7bdf
SCR_GF_1789324329_038,2026-09-14 00:02:00,2026-09-21,7,google_flights,DEL,BOM,DEL-BOM,DEL,BOM,IndiGo,IndiGo,6E (Direct),8:45 PM,11:00 PM,135,2 hr 15 min,Economy,6583.0,3803.47,1789.86,710.0,279.67,0.0,2779.53,True,0,Non-Stop,eed178fbe2c7
SCR_GF_1789324329_039,2026-09-14 00:02:00,2026-09-21,7,google_flights,DEL,BOM,DEL-BOM,DEL,BOM,IndiGo,IndiGo,6E (Direct),9:45 PM,12:05 AM,140,2 hr 20 min,Economy,6583.0,3803.47,1789.86,710.0,279.67,0.0,2779.53,True,0,Non-Stop,e470487319e2
SCR_GF_1789324329_040,2026-09-14 00:02:00,2026-09-21,7,google_flights,DEL,BOM,DEL-BOM,DEL,BOM,Air India,Air India,AI (Direct),5:00 AM,7:20 AM,140,2 hr 20 min,Economy,6740.0,3905.14,1837.72,710.0,287.14,0.0,2834.86,True,0,Non-Stop,9a15d9a4385b
SCR_GF_1789324329_041,2026-09-14 00:02:00,2026-09-21,7,google_flights,DEL,BOM,DEL-BOM,DEL,BOM,Air India Express,Air India Express,IX (Direct),5:35 AM,8:05 AM,150,2 hr 30 min,Economy,6779.0,3930.4,1849.6,710.0,289.0,0.0,2848.6,True,0,Non-Stop,3b7abb7c4a33
SCR_GF_1789324329_042,2026-09-14 00:02:00,2026-09-21,7,google_flights,DEL,BOM,DEL-BOM,DEL,BOM,Air India,Air India,AI (Direct),6:30 AM,8:50 AM,140,2 hr 20 min,Economy,6792.0,3938.82,1853.56,710.0,289.62,0.0,2853.18,True,0,Non-Stop,df28e49d0942
SCR_GF_1789324329_043,2026-09-14 00:02:00,2026-09-21,7,google_flights,DEL,BOM,DEL-BOM,DEL,BOM,Air India,Air India,AI (Direct),3:30 PM,5:55 PM,145,2 hr 25 min,Economy,6792.0,3938.82,1853.56,710.0,289.62,0.0,2853.18,True,0,Non-Stop,72cabc0c759c
SCR_GF_1789324329_044,2026-09-14 00:02:00,2026-09-21,7,google_flights,DEL,BOM,DEL-BOM,DEL,BOM,IndiGo,IndiGo,6E (Direct),6:05 AM,8:20 AM,135,2 hr 15 min,Economy,6793.0,3939.47,1853.86,710.0,289.67,0.0,2853.53,True,0,Non-Stop,955ef8a2a00c
SCR_GF_1789324329_045,2026-09-14 00:02:00,2026-09-21,7,google_flights,DEL,BOM,DEL-BOM,DEL,BOM,Akasa Air,Akasa Air,QP (Direct),8:40 AM,10:55 AM,135,2 hr 15 min,Economy,6880.0,3995.81,1880.38,710.0,293.81,0.0,2884.19,True,0,Non-Stop,d7ec7baeacdb
SCR_GF_1789324329_046,2026-09-14 00:02:00,2026-09-21,7,google_flights,DEL,BOM,DEL-BOM,DEL,BOM,Akasa Air,Akasa Air,QP (Direct),9:20 AM,11:40 AM,140,2 hr 20 min,Economy,6880.0,3995.81,1880.38,710.0,293.81,0.0,2884.19,True,0,Non-Stop,4af7cae5ba2c
SCR_GF_1789324329_047,2026-09-14 00:02:00,2026-09-21,7,google_flights,DEL,BOM,DEL-BOM,DEL,BOM,Akasa Air,Akasa Air,QP (Direct),10:30 AM,12:45 PM,135,2 hr 15 min,Economy,6880.0,3995.81,1880.38,710.0,293.81,0.0,2884.19,True,0,Non-Stop,b10051df3321
SCR_GF_1789324329_048,2026-09-14 00:02:00,2026-09-21,7,google_flights,DEL,BOM,DEL-BOM,DEL,BOM,Akasa Air,Akasa Air,QP (Direct),12:30 PM,2:55 PM,145,2 hr 25 min,Economy,6880.0,3995.81,1880.38,710.0,293.81,0.0,2884.19,True,0,Non-Stop,d243348f4f63
SCR_GF_1789324329_049,2026-09-14 00:02:00,2026-09-21,7,google_flights,DEL,BOM,DEL-BOM,DEL,BOM,Akasa Air,Akasa Air,QP (Direct),7:55 PM,10:20 PM,145,2 hr 25 min,Economy,6880.0,3995.81,1880.38,710.0,293.81,0.0,2884.19,True,0,Non-Stop,a7cdb5c26c8b
SCR_GF_1789324330_050,2026-09-14 00:02:00,2026-09-21,7,google_flights,DEL,BOM,DEL-BOM,DEL,BOM,IndiGo,IndiGo,6E (Direct),7:15 AM,9:30 AM,135,2 hr 15 min,Economy,7055.0,4109.14,1933.72,710.0,302.14,0.0,2945.86,True,0,Non-Stop,ce96777199fa
SCR_GF_1789324330_051,2026-09-14 00:02:00,2026-09-21,7,google_flights,DEL,BOM,DEL-BOM,DEL,BOM,IndiGo,IndiGo,6E (Direct),8:00 AM,10:20 AM,140,2 hr 20 min,Economy,7055.0,4109.14,1933.72,710.0,302.14,0.0,2945.86,True,0,Non-Stop,c6bc8b6085b1
SCR_GF_1789324330_052,2026-09-14 00:02:00,2026-09-21,7,google_flights,DEL,BOM,DEL-BOM,DEL,BOM,Akasa Air,Akasa Air,QP (Direct),6:50 AM,9:10 AM,140,2 hr 20 min,Economy,7201.0,4203.7,1978.2,710.0,309.1,0.0,2997.3,True,0,Non-Stop,0b4c6d4507e9
SCR_GF_1789324330_053,2026-09-14 00:02:00,2026-09-21,7,google_flights,DEL,BOM,DEL-BOM,DEL,BOM,Air India,Air India,AI (Direct),7:00 AM,9:25 AM,145,2 hr 25 min,Economy,7228.0,4221.18,1986.44,710.0,310.38,0.0,3006.82,True,0,Non-Stop,044f44a98580
SCR_GF_1789324330_054,2026-09-14 00:02:00,2026-09-21,7,google_flights,DEL,BOM,DEL-BOM,DEL,BOM,SpiceJet,SpiceJet,SG (Direct),7:55 PM,10:40 PM,165,2 hr 45 min,Economy,7335.0,4290.48,2019.04,710.0,315.48,0.0,3044.52,True,0,Non-Stop,1278986761db
SCR_GF_1789324330_055,2026-09-14 00:02:00,2026-09-21,7,google_flights,DEL,BOM,DEL-BOM,DEL,BOM,Air India,Air India,AI (Direct),1:30 PM,3:50 PM,140,2 hr 20 min,Economy,7685.0,4517.14,2125.72,710.0,332.14,0.0,3167.86,True,0,Non-Stop,61e234325e6a
SCR_GF_1789324330_056,2026-09-14 00:02:00,2026-09-21,7,google_flights,DEL,BOM,DEL-BOM,DEL,BOM,SpiceJet,SpiceJet,SG (Direct),10:45 PM,1:25 AM,160,2 hr 40 min,Economy,19603.0,12235.47,5757.86,710.0,899.67,0.0,7367.53,True,0,Non-Stop,b54a905c11a1
SCR_GF_1789324330_057,2026-09-14 00:02:00,2026-09-21,7,google_flights,DEL,BOM,DEL-BOM,DEL,BOM,IndiGo,IndiGo,6E (Direct),11:00,1:25,145,2 hr 25 min,Economy,6314.0,3629.26,1707.88,710.0,266.86,0.0,2684.74,True,0,Non-Stop,38114a8f2bf5
SCR_GF_1789324330_058,2026-09-14 00:02:00,2026-09-21,7,google_flights,DEL,BOM,DEL-BOM,DEL,BOM,IndiGo,IndiGo,6E (Direct),1:00,3:10,130,2 hr 10 min,Economy,6425.0,3701.14,1741.72,710.0,272.14,0.0,2723.86,True,0,Non-Stop,c6ce764e5608
SCR_GF_1789324330_059,2026-09-14 00:02:00,2026-09-21,7,google_flights,DEL,BOM,DEL-BOM,DEL,BOM,IndiGo,IndiGo,6E (Direct),11:25,1:50,145,2 hr 25 min,Economy,6610.0,3820.95,1798.1,710.0,280.95,0.0,2789.05,True,0,Non-Stop,2035535669ce
SCR_GF_1789324330_060,2026-09-14 00:02:00,2026-09-21,7,google_flights,DEL,BOM,DEL-BOM,DEL,BOM,IndiGo,IndiGo,6E (Direct),5:30,7:45,135,2 hr 15 min,Economy,6880.0,3995.81,1880.38,710.0,293.81,0.0,2884.19,True,0,Non-Stop,1c95456b2777
SCR_GF_1789324330_061,2026-09-14 00:02:00,2026-09-21,7,google_flights,DEL,BOM,DEL-BOM,DEL,BOM,IndiGo,IndiGo,6E (Direct),7:30,9:55,145,2 hr 25 min,Economy,6425.0,3701.14,1741.72,710.0,272.14,0.0,2723.86,True,0,Non-Stop,7455c9da9264
SCR_GF_1789324330_062,2026-09-14 00:02:00,2026-09-21,7,google_flights,DEL,BOM,DEL-BOM,DEL,BOM,IndiGo,IndiGo,6E (Direct),9:00,11:15,135,2 hr 15 min,Economy,6425.0,3701.14,1741.72,710.0,272.14,0.0,2723.86,True,0,Non-Stop,e03cea8a2198
SCR_GF_1789324330_063,2026-09-14 00:02:00,2026-09-21,7,google_flights,DEL,BOM,DEL-BOM,DEL,BOM,IndiGo,IndiGo,6E (Direct),9:30,11:55,145,2 hr 25 min,Economy,6425.0,3701.14,1741.72,710.0,272.14,0.0,2723.86,True,0,Non-Stop,a5b0c0daf6e6
SCR_GF_1789324330_064,2026-09-14 00:02:00,2026-09-21,7,google_flights,DEL,BOM,DEL-BOM,DEL,BOM,IndiGo,IndiGo,6E (Direct),9:30,12:00,150,2 hr 30 min,Economy,6425.0,3701.14,1741.72,710.0,272.14,0.0,2723.86,True,0,Non-Stop,a5b0c0daf6e6
SCR_GF_1789324331_065,2026-09-14 00:02:00,2026-09-21,7,google_flights,DEL,BOM,DEL-BOM,DEL,BOM,IndiGo,IndiGo,6E (Direct),10:00,12:25,145,2 hr 25 min,Economy,6425.0,3701.14,1741.72,710.0,272.14,0.0,2723.86,True,0,Non-Stop,1e4cf44f29a8
SCR_GF_1789324331_066,2026-09-14 00:02:00,2026-09-21,7,google_flights,DEL,BOM,DEL-BOM,DEL,BOM,IndiGo,IndiGo,6E (Direct),10:15,12:35,140,2 hr 20 min,Economy,6425.0,3701.14,1741.72,710.0,272.14,0.0,2723.86,True,0,Non-Stop,3d88f597556d
SCR_GF_1789324331_067,2026-09-14 00:02:00,2026-09-21,7,google_flights,DEL,BOM,DEL-BOM,DEL,BOM,IndiGo,IndiGo,6E (Direct),10:30,12:50,140,2 hr 20 min,Economy,6425.0,3701.14,1741.72,710.0,272.14,0.0,2723.86,True,0,Non-Stop,1df308c5d5e6
SCR_GF_1789324331_068,2026-09-14 00:02:00,2026-09-21,7,google_flights,DEL,BOM,DEL-BOM,DEL,BOM,IndiGo,IndiGo,6E (Direct),11:00,1:15,135,2 hr 15 min,Economy,6425.0,3701.14,1741.72,710.0,272.14,0.0,2723.86,True,0,Non-Stop,0614163ae35e
SCR_GF_1789324331_069,2026-09-14 00:02:00,2026-09-21,7,google_flights,DEL,BOM,DEL-BOM,DEL,BOM,IndiGo,IndiGo,6E (Direct),11:00,1:25,145,2 hr 25 min,Economy,6425.0,3701.14,1741.72,710.0,272.14,0.0,2723.86,True,0,Non-Stop,0614163ae35e
SCR_GF_1789324331_070,2026-09-14 00:02:00,2026-09-21,7,google_flights,DEL,BOM,DEL-BOM,DEL,BOM,IndiGo,IndiGo,6E (Direct),12:00,2:10,130,2 hr 10 min,Economy,6425.0,3701.14,1741.72,710.0,272.14,0.0,2723.86,True,0,Non-Stop,6c6181e21ed2
SCR_GF_1789324331_071,2026-09-14 00:02:00,2026-09-21,7,google_flights,DEL,BOM,DEL-BOM,DEL,BOM,IndiGo,IndiGo,6E (Direct),2:00,4:25,145,2 hr 25 min,Economy,6425.0,3701.14,1741.72,710.0,272.14,0.0,2723.86,True,0,Non-Stop,4c93b8b92a3f
SCR_GF_1789324331_072,2026-09-14 00:02:00,2026-09-21,7,google_flights,DEL,BOM,DEL-BOM,DEL,BOM,IndiGo,IndiGo,6E (Direct),2:45,5:00,135,2 hr 15 min,Economy,6425.0,3701.14,1741.72,710.0,272.14,0.0,2723.86,True,0,Non-Stop,969c70ee49eb
SCR_GF_1789324331_073,2026-09-14 00:02:00,2026-09-21,7,google_flights,DEL,BOM,DEL-BOM,DEL,BOM,IndiGo,IndiGo,6E (Direct),3:30,5:45,135,2 hr 15 min,Economy,6425.0,3701.14,1741.72,710.0,272.14,0.0,2723.86,True,0,Non-Stop,a40340bb2e33
SCR_GF_1789324331_074,2026-09-14 00:02:00,2026-09-21,7,google_flights,DEL,BOM,DEL-BOM,DEL,BOM,IndiGo,IndiGo,6E (Direct),4:00,6:25,145,2 hr 25 min,Economy,6425.0,3701.14,1741.72,710.0,272.14,0.0,2723.86,True,0,Non-Stop,41b0a1a0b251
SCR_GF_1789324331_075,2026-09-14 00:02:00,2026-09-21,7,google_flights,DEL,BOM,DEL-BOM,DEL,BOM,IndiGo,IndiGo,6E (Direct),4:15,6:35,140,2 hr 20 min,Economy,6425.0,3701.14,1741.72,710.0,272.14,0.0,2723.86,True,0,Non-Stop,8bae28bf5fbd
SCR_GF_1789324331_076,2026-09-14 00:02:00,2026-09-21,7,google_flights,DEL,BOM,DEL-BOM,DEL,BOM,IndiGo,IndiGo,6E (Direct),4:30,6:50,140,2 hr 20 min,Economy,6425.0,3701.14,1741.72,710.0,272.14,0.0,2723.86,True,0,Non-Stop,a00828df5667
SCR_GF_1789324332_077,2026-09-14 00:02:00,2026-09-21,7,google_flights,DEL,BOM,DEL-BOM,DEL,BOM,IndiGo,IndiGo,6E (Direct),5:00,7:15,135,2 hr 15 min,Economy,6425.0,3701.14,1741.72,710.0,272.14,0.0,2723.86,True,0,Non-Stop,b67b0086c92e
SCR_GF_1789324332_078,2026-09-14 00:02:00,2026-09-21,7,google_flights,DEL,BOM,DEL-BOM,DEL,BOM,IndiGo,IndiGo,6E (Direct),5:00,7:25,145,2 hr 25 min,Economy,6425.0,3701.14,1741.72,710.0,272.14,0.0,2723.86,True,0,Non-Stop,b67b0086c92e
SCR_GF_1789324332_079,2026-09-14 00:02:00,2026-09-21,7,google_flights,DEL,BOM,DEL-BOM,DEL,BOM,IndiGo,IndiGo,6E (Direct),6:00,8:15,135,2 hr 15 min,Economy,6425.0,3701.14,1741.72,710.0,272.14,0.0,2723.86,True,0,Non-Stop,2bbd92690dc2
SCR_GF_1789324332_080,2026-09-14 00:02:00,2026-09-21,7,google_flights,DEL,BOM,DEL-BOM,DEL,BOM,IndiGo,IndiGo,6E (Direct),6:00,8:25,145,2 hr 25 min,Economy,6425.0,3701.14,1741.72,710.0,272.14,0.0,2723.86,True,0,Non-Stop,2bbd92690dc2
SCR_GF_1789324332_081,2026-09-14 00:02:00,2026-09-21,7,google_flights,DEL,BOM,DEL-BOM,DEL,BOM,IndiGo,IndiGo,6E (Direct),7:00,9:25,145,2 hr 25 min,Economy,6425.0,3701.14,1741.72,710.0,272.14,0.0,2723.86,True,0,Non-Stop,95ef2d5ccce6
SCR_GF_1789324332_082,2026-09-14 00:02:00,2026-09-21,7,google_flights,DEL,BOM,DEL-BOM,DEL,BOM,IndiGo,IndiGo,6E (Direct),7:00,9:25,145,2 hr 25 min,Economy,6425.0,3701.14,1741.72,710.0,272.14,0.0,2723.86,True,0,Non-Stop,95ef2d5ccce6
SCR_GF_1789324332_083,2026-09-14 00:02:00,2026-09-21,7,google_flights,DEL,BOM,DEL-BOM,DEL,BOM,IndiGo,IndiGo,6E (Direct),7:30,9:55,145,2 hr 25 min,Economy,6425.0,3701.14,1741.72,710.0,272.14,0.0,2723.86,True,0,Non-Stop,7455c9da9264
SCR_GF_1789324332_084,2026-09-14 00:02:00,2026-09-21,7,google_flights,DEL,BOM,DEL-BOM,DEL,BOM,IndiGo,IndiGo,6E (Direct),8:00,10:10,130,2 hr 10 min,Economy,6425.0,3701.14,1741.72,710.0,272.14,0.0,2723.86,True,0,Non-Stop,c648dff271d8
SCR_GF_1789324332_085,2026-09-14 00:02:00,2026-09-21,7,google_flights,DEL,BOM,DEL-BOM,DEL,BOM,IndiGo,IndiGo,6E (Direct),8:00,10:25,145,2 hr 25 min,Economy,6425.0,3701.14,1741.72,710.0,272.14,0.0,2723.86,True,0,Non-Stop,c648dff271d8
SCR_GF_1789324332_086,2026-09-14 00:02:00,2026-09-21,7,google_flights,DEL,BOM,DEL-BOM,DEL,BOM,IndiGo,IndiGo,6E (Direct),8:30,11:05,155,2 hr 35 min,Economy,6425.0,3701.14,1741.72,710.0,272.14,0.0,2723.86,True,0,Non-Stop,73608b4a265b
SCR_GF_1789324332_087,2026-09-14 00:02:00,2026-09-21,7,google_flights,DEL,BOM,DEL-BOM,DEL,BOM,IndiGo,IndiGo,6E (Direct),10:45,1:05,140,2 hr 20 min,Economy,6425.0,3701.14,1741.72,710.0,272.14,0.0,2723.86,True,0,Non-Stop,0bad5d164269
SCR_GF_1789324332_088,2026-09-14 00:02:00,2026-09-21,7,google_flights,DEL,BOM,DEL-BOM,DEL,BOM,IndiGo,IndiGo,6E (Direct),11:30,1:45,135,2 hr 15 min,Economy,6425.0,3701.14,1741.72,710.0,272.14,0.0,2723.86,True,0,Non-Stop,1399abaf81ee
SCR_GF_1789324332_089,2026-09-14 00:02:00,2026-09-21,7,google_flights,DEL,BOM,DEL-BOM,DEL,BOM,IndiGo,IndiGo,6E (Direct),8:30,10:45,135,2 hr 15 min,Economy,6582.0,3802.82,1789.56,710.0,279.62,0.0,2779.18,True,0,Non-Stop,ee1b62af4195
SCR_GF_1789324332_090,2026-09-14 00:02:00,2026-09-21,7,google_flights,DEL,BOM,DEL-BOM,DEL,BOM,IndiGo,IndiGo,6E (Direct),9:00,11:20,140,2 hr 20 min,Economy,6582.0,3802.82,1789.56,710.0,279.62,0.0,2779.18,True,0,Non-Stop,65b80da919a2
SCR_GF_1789324332_091,2026-09-14 00:02:00,2026-09-21,7,google_flights,DEL,BOM,DEL-BOM,DEL,BOM,IndiGo,IndiGo,6E (Direct),9:30,11:55,145,2 hr 25 min,Economy,6582.0,3802.82,1789.56,710.0,279.62,0.0,2779.18,True,0,Non-Stop,6ab60ed6a764
SCR_GF_1789324333_092,2026-09-14 00:02:00,2026-09-21,7,google_flights,DEL,BOM,DEL-BOM,DEL,BOM,IndiGo,IndiGo,6E (Direct),5:00,7:15,135,2 hr 15 min,Economy,6583.0,3803.47,1789.86,710.0,279.67,0.0,2779.53,True,0,Non-Stop,3efbf0d5a927
SCR_GF_1789324333_093,2026-09-14 00:02:00,2026-09-21,7,google_flights,DEL,BOM,DEL-BOM,DEL,BOM,IndiGo,IndiGo,6E (Direct),8:45,11:00,135,2 hr 15 min,Economy,6583.0,3803.47,1789.86,710.0,279.67,0.0,2779.53,True,0,Non-Stop,846fbc3ba2f4
SCR_GF_1789324333_094,2026-09-14 00:02:00,2026-09-21,7,google_flights,DEL,BOM,DEL-BOM,DEL,BOM,IndiGo,IndiGo,6E (Direct),8:45,11:00,135,2 hr 15 min,Economy,6583.0,3803.47,1789.86,710.0,279.67,0.0,2779.53,True,0,Non-Stop,846fbc3ba2f4
SCR_GF_1789324333_095,2026-09-14 00:02:00,2026-09-21,7,google_flights,DEL,BOM,DEL-BOM,DEL,BOM,IndiGo,IndiGo,6E (Direct),9:45,12:05,140,2 hr 20 min,Economy,6583.0,3803.47,1789.86,710.0,279.67,0.0,2779.53,True,0,Non-Stop,ffafce3d771c
SCR_GF_1789324333_096,2026-09-14 00:02:00,2026-09-21,7,google_flights,DEL,BOM,DEL-BOM,DEL,BOM,IndiGo,IndiGo,6E (Direct),5:00,7:20,140,2 hr 20 min,Economy,6740.0,3905.14,1837.72,710.0,287.14,0.0,2834.86,True,0,Non-Stop,1300f7edb17a
SCR_GF_1789324333_097,2026-09-14 00:02:00,2026-09-21,7,google_flights,DEL,BOM,DEL-BOM,DEL,BOM,IndiGo,IndiGo,6E (Direct),5:35,8:05,150,2 hr 30 min,Economy,6779.0,3930.4,1849.6,710.0,289.0,0.0,2848.6,True,0,Non-Stop,c8240918a71a
SCR_GF_1789324333_098,2026-09-14 00:02:00,2026-09-21,7,google_flights,DEL,BOM,DEL-BOM,DEL,BOM,IndiGo,IndiGo,6E (Direct),6:30,8:50,140,2 hr 20 min,Economy,6792.0,3938.82,1853.56,710.0,289.62,0.0,2853.18,True,0,Non-Stop,43dfaab2b144
SCR_GF_1789324333_099,2026-09-14 00:02:00,2026-09-21,7,google_flights,DEL,BOM,DEL-BOM,DEL,BOM,IndiGo,IndiGo,6E (Direct),3:30,5:55,145,2 hr 25 min,Economy,6792.0,3938.82,1853.56,710.0,289.62,0.0,2853.18,True,0,Non-Stop,d462a612e22f
SCR_GF_1789324333_100,2026-09-14 00:02:00,2026-09-21,7,google_flights,DEL,BOM,DEL-BOM,DEL,BOM,IndiGo,IndiGo,6E (Direct),6:05,8:20,135,2 hr 15 min,Economy,6793.0,3939.47,1853.86,710.0,289.67,0.0,2853.53,True,0,Non-Stop,6a6b62dbf483
SCR_GF_1789324333_101,2026-09-14 00:02:00,2026-09-21,7,google_flights,DEL,BOM,DEL-BOM,DEL,BOM,IndiGo,IndiGo,6E (Direct),8:40,10:55,135,2 hr 15 min,Economy,6880.0,3995.81,1880.38,710.0,293.81,0.0,2884.19,True,0,Non-Stop,8d5aec76e4c9
SCR_GF_1789324333_102,2026-09-14 00:02:00,2026-09-21,7,google_flights,DEL,BOM,DEL-BOM,DEL,BOM,IndiGo,IndiGo,6E (Direct),9:20,11:40,140,2 hr 20 min,Economy,6880.0,3995.81,1880.38,710.0,293.81,0.0,2884.19,True,0,Non-Stop,c00ff857ee1e
SCR_GF_1789324333_103,2026-09-14 00:02:00,2026-09-21,7,google_flights,DEL,BOM,DEL-BOM,DEL,BOM,IndiGo,IndiGo,6E (Direct),10:30,12:45,135,2 hr 15 min,Economy,6880.0,3995.81,1880.38,710.0,293.81,0.0,2884.19,True,0,Non-Stop,186b7b458d56
SCR_GF_1789324333_104,2026-09-14 00:02:00,2026-09-21,7,google_flights,DEL,BOM,DEL-BOM,DEL,BOM,IndiGo,IndiGo,6E (Direct),12:30,2:55,145,2 hr 25 min,Economy,6880.0,3995.81,1880.38,710.0,293.81,0.0,2884.19,True,0,Non-Stop,c41a18e80151
SCR_GF_1789324333_105,2026-09-14 00:02:00,2026-09-21,7,google_flights,DEL,BOM,DEL-BOM,DEL,BOM,IndiGo,IndiGo,6E (Direct),7:55,10:20,145,2 hr 25 min,Economy,6880.0,3995.81,1880.38,710.0,293.81,0.0,2884.19,True,0,Non-Stop,bea23b7137f6
SCR_GF_1789324334_106,2026-09-14 00:02:00,2026-09-21,7,google_flights,DEL,BOM,DEL-BOM,DEL,BOM,IndiGo,IndiGo,6E (Direct),7:15,9:30,135,2 hr 15 min,Economy,7055.0,4109.14,1933.72,710.0,302.14,0.0,2945.86,True,0,Non-Stop,ec0e2842655b
SCR_GF_1789324334_107,2026-09-14 00:02:00,2026-09-21,7,google_flights,DEL,BOM,DEL-BOM,DEL,BOM,IndiGo,IndiGo,6E (Direct),8:00,10:20,140,2 hr 20 min,Economy,7055.0,4109.14,1933.72,710.0,302.14,0.0,2945.86,True,0,Non-Stop,a8fcb8867a6d
SCR_GF_1789324334_108,2026-09-14 00:02:00,2026-09-21,7,google_flights,DEL,BOM,DEL-BOM,DEL,BOM,IndiGo,IndiGo,6E (Direct),6:50,9:10,140,2 hr 20 min,Economy,7201.0,4203.7,1978.2,710.0,309.1,0.0,2997.3,True,0,Non-Stop,13f0ffff1ef9
SCR_GF_1789324334_109,2026-09-14 00:02:00,2026-09-21,7,google_flights,DEL,BOM,DEL-BOM,DEL,BOM,IndiGo,IndiGo,6E (Direct),7:00,9:25,145,2 hr 25 min,Economy,7228.0,4221.18,1986.44,710.0,310.38,0.0,3006.82,True,0,Non-Stop,3bd775c0f2f2
SCR_GF_1789324334_110,2026-09-14 00:02:00,2026-09-21,7,google_flights,DEL,BOM,DEL-BOM,DEL,BOM,IndiGo,IndiGo,6E (Direct),7:55,10:40,165,2 hr 45 min,Economy,7335.0,4290.48,2019.04,710.0,315.48,0.0,3044.52,True,0,Non-Stop,d071b69c91d7
SCR_GF_1789324334_111,2026-09-14 00:02:00,2026-09-21,7,google_flights,DEL,BOM,DEL-BOM,DEL,BOM,IndiGo,IndiGo,6E (Direct),1:30,3:50,140,2 hr 20 min,Economy,7685.0,4517.14,2125.72,710.0,332.14,0.0,3167.86,True,0,Non-Stop,a5008d452860
SCR_GF_1789324334_112,2026-09-14 00:02:00,2026-09-21,7,google_flights,DEL,BOM,DEL-BOM,DEL,BOM,IndiGo,IndiGo,6E (Direct),10:45,1:25,160,2 hr 40 min,Economy,19603.0,12235.47,5757.86,710.0,899.67,0.0,7367.53,True,0,Non-Stop,a9008e5de51d
SCR_GF_1789324339_001,2026-09-14 00:02:14,2026-09-29,15,google_flights,DEL,BOM,DEL-BOM,DEL,BOM,Air India,Air India,AI (Direct),11:00 PM,1:25 AM,145,2 hr 25 min,Economy,6314.0,3629.26,1707.88,710.0,266.86,0.0,2684.74,True,0,Non-Stop,290a4d3728b8
SCR_GF_1789324339_002,2026-09-14 00:02:14,2026-09-29,15,google_flights,DEL,BOM,DEL-BOM,DEL,BOM,IndiGo,IndiGo,6E (Direct),2:45 PM,5:00 PM,135,2 hr 15 min,Economy,6425.0,3701.14,1741.72,710.0,272.14,0.0,2723.86,True,0,Non-Stop,8de2b6c02d95
SCR_GF_1789324339_003,2026-09-14 00:02:14,2026-09-29,15,google_flights,DEL,BOM,DEL-BOM,DEL,BOM,Air India Express,Air India Express,IX (Direct),11:25 PM,1:50 AM,145,2 hr 25 min,Economy,6779.0,3930.4,1849.6,710.0,289.0,0.0,2848.6,True,0,Non-Stop,7d11eefb5e0f
SCR_GF_1789324339_004,2026-09-14 00:02:14,2026-09-29,15,google_flights,DEL,BOM,DEL-BOM,DEL,BOM,Akasa Air,Akasa Air,QP (Direct),1:40 PM,3:55 PM,135,2 hr 15 min,Economy,6880.0,3995.81,1880.38,710.0,293.81,0.0,2884.19,True,0,Non-Stop,a5a8e57d9d1a
SCR_GF_1789324339_005,2026-09-14 00:02:14,2026-09-29,15,google_flights,DEL,BOM,DEL-BOM,DEL,BOM,Air India,Air India,AI (Direct),5:00 AM,7:20 AM,140,2 hr 20 min,Economy,6314.0,3629.26,1707.88,710.0,266.86,0.0,2684.74,True,0,Non-Stop,4ea9f48c36fb
SCR_GF_1789324339_006,2026-09-14 00:02:14,2026-09-29,15,google_flights,DEL,BOM,DEL-BOM,DEL,BOM,IndiGo,IndiGo,6E (Direct),5:00 AM,7:15 AM,135,2 hr 15 min,Economy,6425.0,3701.14,1741.72,710.0,272.14,0.0,2723.86,True,0,Non-Stop,b8ec9bd77b6e
SCR_GF_1789324339_007,2026-09-14 00:02:14,2026-09-29,15,google_flights,DEL,BOM,DEL-BOM,DEL,BOM,Air India,Air India,AI (Direct),7:30 AM,9:55 AM,145,2 hr 25 min,Economy,6425.0,3701.14,1741.72,710.0,272.14,0.0,2723.86,True,0,Non-Stop,f298c82e7360
SCR_GF_1789324339_008,2026-09-14 00:02:14,2026-09-29,15,google_flights,DEL,BOM,DEL-BOM,DEL,BOM,Air India,Air India,AI (Direct),8:30 AM,10:45 AM,135,2 hr 15 min,Economy,6425.0,3701.14,1741.72,710.0,272.14,0.0,2723.86,True,0,Non-Stop,17422f46c809
SCR_GF_1789324339_009,2026-09-14 00:02:14,2026-09-29,15,google_flights,DEL,BOM,DEL-BOM,DEL,BOM,IndiGo,IndiGo,6E (Direct),8:45 AM,11:00 AM,135,2 hr 15 min,Economy,6425.0,3701.14,1741.72,710.0,272.14,0.0,2723.86,True,0,Non-Stop,5d57af4a8af9
SCR_GF_1789324339_010,2026-09-14 00:02:14,2026-09-29,15,google_flights,DEL,BOM,DEL-BOM,DEL,BOM,Air India,Air India,AI (Direct),9:00 AM,11:15 AM,135,2 hr 15 min,Economy,6425.0,3701.14,1741.72,710.0,272.14,0.0,2723.86,True,0,Non-Stop,4590fdd2c900
SCR_GF_1789324339_011,2026-09-14 00:02:14,2026-09-29,15,google_flights,DEL,BOM,DEL-BOM,DEL,BOM,IndiGo,IndiGo,6E (Direct),9:30 AM,11:55 AM,145,2 hr 25 min,Economy,6425.0,3701.14,1741.72,710.0,272.14,0.0,2723.86,True,0,Non-Stop,cbbef681e129
SCR_GF_1789324339_012,2026-09-14 00:02:14,2026-09-29,15,google_flights,DEL,BOM,DEL-BOM,DEL,BOM,Air India,Air India,AI (Direct),9:30 AM,12:00 PM,150,2 hr 30 min,Economy,6425.0,3701.14,1741.72,710.0,272.14,0.0,2723.86,True,0,Non-Stop,98a65b43e5b6
SCR_GF_1789324339_013,2026-09-14 00:02:14,2026-09-29,15,google_flights,DEL,BOM,DEL-BOM,DEL,BOM,Air India,Air India,AI (Direct),10:00 AM,12:25 PM,145,2 hr 25 min,Economy,6425.0,3701.14,1741.72,710.0,272.14,0.0,2723.86,True,0,Non-Stop,9d8836f86d7c
SCR_GF_1789324340_014,2026-09-14 00:02:14,2026-09-29,15,google_flights,DEL,BOM,DEL-BOM,DEL,BOM,IndiGo,IndiGo,6E (Direct),10:15 AM,12:35 PM,140,2 hr 20 min,Economy,6425.0,3701.14,1741.72,710.0,272.14,0.0,2723.86,True,0,Non-Stop,e5f16bf73127
SCR_GF_1789324340_015,2026-09-14 00:02:14,2026-09-29,15,google_flights,DEL,BOM,DEL-BOM,DEL,BOM,Air India,Air India,AI (Direct),10:30 AM,12:50 PM,140,2 hr 20 min,Economy,6425.0,3701.14,1741.72,710.0,272.14,0.0,2723.86,True,0,Non-Stop,895733c9256c
SCR_GF_1789324340_016,2026-09-14 00:02:14,2026-09-29,15,google_flights,DEL,BOM,DEL-BOM,DEL,BOM,IndiGo,IndiGo,6E (Direct),11:00 AM,1:15 PM,135,2 hr 15 min,Economy,6425.0,3701.14,1741.72,710.0,272.14,0.0,2723.86,True,0,Non-Stop,f6576a0f0add
SCR_GF_1789324340_017,2026-09-14 00:02:14,2026-09-29,15,google_flights,DEL,BOM,DEL-BOM,DEL,BOM,Air India,Air India,AI (Direct),11:00 AM,1:25 PM,145,2 hr 25 min,Economy,6425.0,3701.14,1741.72,710.0,272.14,0.0,2723.86,True,0,Non-Stop,070d7f70d23d
SCR_GF_1789324340_018,2026-09-14 00:02:14,2026-09-29,15,google_flights,DEL,BOM,DEL-BOM,DEL,BOM,IndiGo,IndiGo,6E (Direct),12:00 PM,2:15 PM,135,2 hr 15 min,Economy,6425.0,3701.14,1741.72,710.0,272.14,0.0,2723.86,True,0,Non-Stop,8f58ec771bc2
SCR_GF_1789324340_019,2026-09-14 00:02:14,2026-09-29,15,google_flights,DEL,BOM,DEL-BOM,DEL,BOM,Air India,Air India,AI (Direct),12:00 PM,2:25 PM,145,2 hr 25 min,Economy,6425.0,3701.14,1741.72,710.0,272.14,0.0,2723.86,True,0,Non-Stop,fbbfb26ce9dd
SCR_GF_1789324340_020,2026-09-14 00:02:14,2026-09-29,15,google_flights,DEL,BOM,DEL-BOM,DEL,BOM,IndiGo,IndiGo,6E (Direct),2:00 PM,4:25 PM,145,2 hr 25 min,Economy,6425.0,3701.14,1741.72,710.0,272.14,0.0,2723.86,True,0,Non-Stop,d4c079288688
SCR_GF_1789324340_021,2026-09-14 00:02:14,2026-09-29,15,google_flights,DEL,BOM,DEL-BOM,DEL,BOM,IndiGo,IndiGo,6E (Direct),3:30 PM,5:45 PM,135,2 hr 15 min,Economy,6425.0,3701.14,1741.72,710.0,272.14,0.0,2723.86,True,0,Non-Stop,0566a3b5bc25
SCR_GF_1789324340_022,2026-09-14 00:02:14,2026-09-29,15,google_flights,DEL,BOM,DEL-BOM,DEL,BOM,Air India,Air India,AI (Direct),3:30 PM,5:55 PM,145,2 hr 25 min,Economy,6425.0,3701.14,1741.72,710.0,272.14,0.0,2723.86,True,0,Non-Stop,f8e4725e5828
SCR_GF_1789324340_023,2026-09-14 00:02:14,2026-09-29,15,google_flights,DEL,BOM,DEL-BOM,DEL,BOM,Air India,Air India,AI (Direct),4:00 PM,6:25 PM,145,2 hr 25 min,Economy,6425.0,3701.14,1741.72,710.0,272.14,0.0,2723.86,True,0,Non-Stop,5ada310e1ac8
SCR_GF_1789324340_024,2026-09-14 00:02:14,2026-09-29,15,google_flights,DEL,BOM,DEL-BOM,DEL,BOM,IndiGo,IndiGo,6E (Direct),4:15 PM,6:35 PM,140,2 hr 20 min,Economy,6425.0,3701.14,1741.72,710.0,272.14,0.0,2723.86,True,0,Non-Stop,0d993a45cda5
SCR_GF_1789324340_025,2026-09-14 00:02:14,2026-09-29,15,google_flights,DEL,BOM,DEL-BOM,DEL,BOM,Air India,Air India,AI (Direct),4:30 PM,6:50 PM,140,2 hr 20 min,Economy,6425.0,3701.14,1741.72,710.0,272.14,0.0,2723.86,True,0,Non-Stop,254a506c412e
SCR_GF_1789324340_026,2026-09-14 00:02:14,2026-09-29,15,google_flights,DEL,BOM,DEL-BOM,DEL,BOM,IndiGo,IndiGo,6E (Direct),5:00 PM,7:15 PM,135,2 hr 15 min,Economy,6425.0,3701.14,1741.72,710.0,272.14,0.0,2723.86,True,0,Non-Stop,771e2e616416
SCR_GF_1789324340_027,2026-09-14 00:02:14,2026-09-29,15,google_flights,DEL,BOM,DEL-BOM,DEL,BOM,Air India,Air India,AI (Direct),5:00 PM,7:25 PM,145,2 hr 25 min,Economy,6425.0,3701.14,1741.72,710.0,272.14,0.0,2723.86,True,0,Non-Stop,3cea62915b84
SCR_GF_1789324340_028,2026-09-14 00:02:14,2026-09-29,15,google_flights,DEL,BOM,DEL-BOM,DEL,BOM,Air India,Air India,AI (Direct),9:00 PM,11:20 PM,140,2 hr 20 min,Economy,6425.0,3701.14,1741.72,710.0,272.14,0.0,2723.86,True,0,Non-Stop,9ba6099a844b
SCR_GF_1789324340_029,2026-09-14 00:02:14,2026-09-29,15,google_flights,DEL,BOM,DEL-BOM,DEL,BOM,IndiGo,IndiGo,6E (Direct),10:45 PM,1:05 AM,140,2 hr 20 min,Economy,6425.0,3701.14,1741.72,710.0,272.14,0.0,2723.86,True,0,Non-Stop,3e5f57e28ad8
SCR_GF_1789324340_030,2026-09-14 00:02:14,2026-09-29,15,google_flights,DEL,BOM,DEL-BOM,DEL,BOM,Air India,Air India,AI (Direct),6:00 PM,8:25 PM,145,2 hr 25 min,Economy,6582.0,3802.82,1789.56,710.0,279.62,0.0,2779.18,True,0,Non-Stop,75ceae642ebe
SCR_GF_1789324340_031,2026-09-14 00:02:14,2026-09-29,15,google_flights,DEL,BOM,DEL-BOM,DEL,BOM,Air India,Air India,AI (Direct),7:30 PM,9:55 PM,145,2 hr 25 min,Economy,6582.0,3802.82,1789.56,710.0,279.62,0.0,2779.18,True,0,Non-Stop,373bbd67c70c
SCR_GF_1789324340_032,2026-09-14 00:02:14,2026-09-29,15,google_flights,DEL,BOM,DEL-BOM,DEL,BOM,Air India,Air India,AI (Direct),8:30 PM,11:05 PM,155,2 hr 35 min,Economy,6582.0,3802.82,1789.56,710.0,279.62,0.0,2779.18,True,0,Non-Stop,ba6931ae1f7e
SCR_GF_1789324340_033,2026-09-14 00:02:14,2026-09-29,15,google_flights,DEL,BOM,DEL-BOM,DEL,BOM,IndiGo,IndiGo,6E (Direct),1:00 PM,3:10 PM,130,2 hr 10 min,Economy,6583.0,3803.47,1789.86,710.0,279.67,0.0,2779.53,True,0,Non-Stop,2172e2f7db12
SCR_GF_1789324340_034,2026-09-14 00:02:14,2026-09-29,15,google_flights,DEL,BOM,DEL-BOM,DEL,BOM,IndiGo,IndiGo,6E (Direct),6:00 PM,8:15 PM,135,2 hr 15 min,Economy,6583.0,3803.47,1789.86,710.0,279.67,0.0,2779.53,True,0,Non-Stop,43126a7abc7f
SCR_GF_1789324340_035,2026-09-14 00:02:14,2026-09-29,15,google_flights,DEL,BOM,DEL-BOM,DEL,BOM,IndiGo,IndiGo,6E (Direct),8:00 PM,10:10 PM,130,2 hr 10 min,Economy,6583.0,3803.47,1789.86,710.0,279.67,0.0,2779.53,True,0,Non-Stop,564ec50b238c
SCR_GF_1789324340_036,2026-09-14 00:02:14,2026-09-29,15,google_flights,DEL,BOM,DEL-BOM,DEL,BOM,Air India Express,Air India Express,IX (Direct),5:35 AM,8:05 AM,150,2 hr 30 min,Economy,6779.0,3930.4,1849.6,710.0,289.0,0.0,2848.6,True,0,Non-Stop,72f70df23491
SCR_GF_1789324340_037,2026-09-14 00:02:14,2026-09-29,15,google_flights,DEL,BOM,DEL-BOM,DEL,BOM,Air India,Air India,AI (Direct),6:30 AM,8:50 AM,140,2 hr 20 min,Economy,6792.0,3938.82,1853.56,710.0,289.62,0.0,2853.18,True,0,Non-Stop,79ebfac3fb4f
SCR_GF_1789324340_038,2026-09-14 00:02:14,2026-09-29,15,google_flights,DEL,BOM,DEL-BOM,DEL,BOM,Air India,Air India,AI (Direct),7:00 AM,9:25 AM,145,2 hr 25 min,Economy,6792.0,3938.82,1853.56,710.0,289.62,0.0,2853.18,True,0,Non-Stop,130e4a35197c
SCR_GF_1789324340_039,2026-09-14 00:02:14,2026-09-29,15,google_flights,DEL,BOM,DEL-BOM,DEL,BOM,Air India,Air India,AI (Direct),1:30 PM,3:50 PM,140,2 hr 20 min,Economy,6792.0,3938.82,1853.56,710.0,289.62,0.0,2853.18,True,0,Non-Stop,c945a5b3918d
SCR_GF_1789324340_040,2026-09-14 00:02:14,2026-09-29,15,google_flights,DEL,BOM,DEL-BOM,DEL,BOM,Air India,Air India,AI (Direct),9:30 PM,11:55 PM,145,2 hr 25 min,Economy,6792.0,3938.82,1853.56,710.0,289.62,0.0,2853.18,True,0,Non-Stop,673030ad441b
SCR_GF_1789324341_041,2026-09-14 00:02:14,2026-09-29,15,google_flights,DEL,BOM,DEL-BOM,DEL,BOM,IndiGo,IndiGo,6E (Direct),9:45 PM,12:05 AM,140,2 hr 20 min,Economy,6793.0,3939.47,1853.86,710.0,289.67,0.0,2853.53,True,0,Non-Stop,3ca9f4116381
SCR_GF_1789324341_042,2026-09-14 00:02:14,2026-09-29,15,google_flights,DEL,BOM,DEL-BOM,DEL,BOM,Akasa Air,Akasa Air,QP (Direct),8:40 AM,10:55 AM,135,2 hr 15 min,Economy,6880.0,3995.81,1880.38,710.0,293.81,0.0,2884.19,True,0,Non-Stop,fd4dc5d04f28
SCR_GF_1789324341_043,2026-09-14 00:02:14,2026-09-29,15,google_flights,DEL,BOM,DEL-BOM,DEL,BOM,Akasa Air,Akasa Air,QP (Direct),9:20 AM,11:40 AM,140,2 hr 20 min,Economy,6880.0,3995.81,1880.38,710.0,293.81,0.0,2884.19,True,0,Non-Stop,209d65be5d6e
SCR_GF_1789324341_044,2026-09-14 00:02:14,2026-09-29,15,google_flights,DEL,BOM,DEL-BOM,DEL,BOM,Akasa Air,Akasa Air,QP (Direct),10:30 AM,12:45 PM,135,2 hr 15 min,Economy,6880.0,3995.81,1880.38,710.0,293.81,0.0,2884.19,True,0,Non-Stop,84410ff086f4
SCR_GF_1789324341_045,2026-09-14 00:02:14,2026-09-29,15,google_flights,DEL,BOM,DEL-BOM,DEL,BOM,Akasa Air,Akasa Air,QP (Direct),12:30 PM,2:55 PM,145,2 hr 25 min,Economy,6880.0,3995.81,1880.38,710.0,293.81,0.0,2884.19,True,0,Non-Stop,4339fa3f27fd
SCR_GF_1789324341_046,2026-09-14 00:02:14,2026-09-29,15,google_flights,DEL,BOM,DEL-BOM,DEL,BOM,Akasa Air,Akasa Air,QP (Direct),4:00 PM,6:20 PM,140,2 hr 20 min,Economy,6880.0,3995.81,1880.38,710.0,293.81,0.0,2884.19,True,0,Non-Stop,c3b19a656378
SCR_GF_1789324341_047,2026-09-14 00:02:14,2026-09-29,15,google_flights,DEL,BOM,DEL-BOM,DEL,BOM,Akasa Air,Akasa Air,QP (Direct),5:30 PM,7:45 PM,135,2 hr 15 min,Economy,6880.0,3995.81,1880.38,710.0,293.81,0.0,2884.19,True,0,Non-Stop,c43beb1f88f6
SCR_GF_1789324341_048,2026-09-14 00:02:14,2026-09-29,15,google_flights,DEL,BOM,DEL-BOM,DEL,BOM,Akasa Air,Akasa Air,QP (Direct),7:55 PM,10:20 PM,145,2 hr 25 min,Economy,6880.0,3995.81,1880.38,710.0,293.81,0.0,2884.19,True,0,Non-Stop,2cc94cb61fe8
SCR_GF_1789324341_049,2026-09-14 00:02:14,2026-09-29,15,google_flights,DEL,BOM,DEL-BOM,DEL,BOM,IndiGo,IndiGo,6E (Direct),6:05 AM,8:20 AM,135,2 hr 15 min,Economy,7055.0,4109.14,1933.72,710.0,302.14,0.0,2945.86,True,0,Non-Stop,4a5e578f0970
SCR_GF_1789324341_050,2026-09-14 00:02:14,2026-09-29,15,google_flights,DEL,BOM,DEL-BOM,DEL,BOM,IndiGo,IndiGo,6E (Direct),8:00 AM,10:20 AM,140,2 hr 20 min,Economy,7055.0,4109.14,1933.72,710.0,302.14,0.0,2945.86,True,0,Non-Stop,a12e0dc95dbb
SCR_GF_1789324341_051,2026-09-14 00:02:14,2026-09-29,15,google_flights,DEL,BOM,DEL-BOM,DEL,BOM,IndiGo,IndiGo,6E (Direct),7:00 PM,9:25 PM,145,2 hr 25 min,Economy,7055.0,4109.14,1933.72,710.0,302.14,0.0,2945.86,True,0,Non-Stop,f1e26cccd95d
SCR_GF_1789324341_052,2026-09-14 00:02:14,2026-09-29,15,google_flights,DEL,BOM,DEL-BOM,DEL,BOM,IndiGo,IndiGo,6E (Direct),11:30 PM,1:45 AM,135,2 hr 15 min,Economy,7055.0,4109.14,1933.72,710.0,302.14,0.0,2945.86,True,0,Non-Stop,7f33252fb79b
SCR_GF_1789324341_053,2026-09-14 00:02:14,2026-09-29,15,google_flights,DEL,BOM,DEL-BOM,DEL,BOM,Air India,Air India,AI (Direct),7:00 PM,9:25 PM,145,2 hr 25 min,Economy,7181.0,4190.74,1972.12,710.0,308.14,0.0,2990.26,True,0,Non-Stop,ea33f856f6a5
SCR_GF_1789324341_054,2026-09-14 00:02:14,2026-09-29,15,google_flights,DEL,BOM,DEL-BOM,DEL,BOM,Akasa Air,Akasa Air,QP (Direct),6:50 AM,9:10 AM,140,2 hr 20 min,Economy,7201.0,4203.7,1978.2,710.0,309.1,0.0,2997.3,True,0,Non-Stop,19fcabee47a9
SCR_GF_1789324341_055,2026-09-14 00:02:14,2026-09-29,15,google_flights,DEL,BOM,DEL-BOM,DEL,BOM,IndiGo,IndiGo,6E (Direct),7:15 AM,9:30 AM,135,2 hr 15 min,Economy,7370.0,4313.14,2029.72,710.0,317.14,0.0,3056.86,True,0,Non-Stop,9785cd036327
SCR_GF_1789324341_056,2026-09-14 00:02:14,2026-09-29,15,google_flights,DEL,BOM,DEL-BOM,DEL,BOM,SpiceJet,SpiceJet,SG (Direct),7:55 PM,10:40 PM,165,2 hr 45 min,Economy,22551.0,14144.65,6656.3,710.0,1040.05,0.0,8406.35,True,0,Non-Stop,c3b81d00028a
SCR_GF_1789324341_057,2026-09-14 00:02:14,2026-09-29,15,google_flights,DEL,BOM,DEL-BOM,DEL,BOM,SpiceJet,SpiceJet,SG (Direct),10:45 PM,1:25 AM,160,2 hr 40 min,Economy,22551.0,14144.65,6656.3,710.0,1040.05,0.0,8406.35,True,0,Non-Stop,1e1587645d22
SCR_GF_1789324341_058,2026-09-14 00:02:14,2026-09-29,15,google_flights,DEL,BOM,DEL-BOM,DEL,BOM,IndiGo,IndiGo,6E (Direct),11:00,1:25,145,2 hr 25 min,Economy,6314.0,3629.26,1707.88,710.0,266.86,0.0,2684.74,True,0,Non-Stop,3089fdf5f472
SCR_GF_1789324341_059,2026-09-14 00:02:14,2026-09-29,15,google_flights,DEL,BOM,DEL-BOM,DEL,BOM,IndiGo,IndiGo,6E (Direct),2:45,5:00,135,2 hr 15 min,Economy,6425.0,3701.14,1741.72,710.0,272.14,0.0,2723.86,True,0,Non-Stop,a2c7e68e7f7c
SCR_GF_1789324341_060,2026-09-14 00:02:14,2026-09-29,15,google_flights,DEL,BOM,DEL-BOM,DEL,BOM,IndiGo,IndiGo,6E (Direct),11:25,1:50,145,2 hr 25 min,Economy,6779.0,3930.4,1849.6,710.0,289.0,0.0,2848.6,True,0,Non-Stop,198764c88ad8
SCR_GF_1789324341_061,2026-09-14 00:02:14,2026-09-29,15,google_flights,DEL,BOM,DEL-BOM,DEL,BOM,IndiGo,IndiGo,6E (Direct),1:40,3:55,135,2 hr 15 min,Economy,6880.0,3995.81,1880.38,710.0,293.81,0.0,2884.19,True,0,Non-Stop,dbf677d65a9e
SCR_GF_1789324341_062,2026-09-14 00:02:14,2026-09-29,15,google_flights,DEL,BOM,DEL-BOM,DEL,BOM,IndiGo,IndiGo,6E (Direct),5:00,7:20,140,2 hr 20 min,Economy,6314.0,3629.26,1707.88,710.0,266.86,0.0,2684.74,True,0,Non-Stop,0677402d902a
SCR_GF_1789324341_063,2026-09-14 00:02:14,2026-09-29,15,google_flights,DEL,BOM,DEL-BOM,DEL,BOM,IndiGo,IndiGo,6E (Direct),5:00,7:15,135,2 hr 15 min,Economy,6425.0,3701.14,1741.72,710.0,272.14,0.0,2723.86,True,0,Non-Stop,9732d6256807
SCR_GF_1789324341_064,2026-09-14 00:02:14,2026-09-29,15,google_flights,DEL,BOM,DEL-BOM,DEL,BOM,IndiGo,IndiGo,6E (Direct),7:30,9:55,145,2 hr 25 min,Economy,6425.0,3701.14,1741.72,710.0,272.14,0.0,2723.86,True,0,Non-Stop,9f6826e6c271
SCR_GF_1789324341_065,2026-09-14 00:02:14,2026-09-29,15,google_flights,DEL,BOM,DEL-BOM,DEL,BOM,IndiGo,IndiGo,6E (Direct),8:30,10:45,135,2 hr 15 min,Economy,6425.0,3701.14,1741.72,710.0,272.14,0.0,2723.86,True,0,Non-Stop,c58a313053a8
SCR_GF_1789324342_066,2026-09-14 00:02:14,2026-09-29,15,google_flights,DEL,BOM,DEL-BOM,DEL,BOM,IndiGo,IndiGo,6E (Direct),8:45,11:00,135,2 hr 15 min,Economy,6425.0,3701.14,1741.72,710.0,272.14,0.0,2723.86,True,0,Non-Stop,32f601ba36be
SCR_GF_1789324342_067,2026-09-14 00:02:14,2026-09-29,15,google_flights,DEL,BOM,DEL-BOM,DEL,BOM,IndiGo,IndiGo,6E (Direct),9:00,11:15,135,2 hr 15 min,Economy,6425.0,3701.14,1741.72,710.0,272.14,0.0,2723.86,True,0,Non-Stop,b357fea3833b
SCR_GF_1789324342_068,2026-09-14 00:02:14,2026-09-29,15,google_flights,DEL,BOM,DEL-BOM,DEL,BOM,IndiGo,IndiGo,6E (Direct),9:30,11:55,145,2 hr 25 min,Economy,6425.0,3701.14,1741.72,710.0,272.14,0.0,2723.86,True,0,Non-Stop,55fb042a94c7
SCR_GF_1789324342_069,2026-09-14 00:02:14,2026-09-29,15,google_flights,DEL,BOM,DEL-BOM,DEL,BOM,IndiGo,IndiGo,6E (Direct),9:30,12:00,150,2 hr 30 min,Economy,6425.0,3701.14,1741.72,710.0,272.14,0.0,2723.86,True,0,Non-Stop,55fb042a94c7
SCR_GF_1789324342_070,2026-09-14 00:02:14,2026-09-29,15,google_flights,DEL,BOM,DEL-BOM,DEL,BOM,IndiGo,IndiGo,6E (Direct),10:00,12:25,145,2 hr 25 min,Economy,6425.0,3701.14,1741.72,710.0,272.14,0.0,2723.86,True,0,Non-Stop,5564bbec9553
SCR_GF_1789324342_071,2026-09-14 00:02:14,2026-09-29,15,google_flights,DEL,BOM,DEL-BOM,DEL,BOM,IndiGo,IndiGo,6E (Direct),10:15,12:35,140,2 hr 20 min,Economy,6425.0,3701.14,1741.72,710.0,272.14,0.0,2723.86,True,0,Non-Stop,506b4de66207
SCR_GF_1789324342_072,2026-09-14 00:02:14,2026-09-29,15,google_flights,DEL,BOM,DEL-BOM,DEL,BOM,IndiGo,IndiGo,6E (Direct),10:30,12:50,140,2 hr 20 min,Economy,6425.0,3701.14,1741.72,710.0,272.14,0.0,2723.86,True,0,Non-Stop,b78903ba11d3
SCR_GF_1789324342_073,2026-09-14 00:02:14,2026-09-29,15,google_flights,DEL,BOM,DEL-BOM,DEL,BOM,IndiGo,IndiGo,6E (Direct),11:00,1:15,135,2 hr 15 min,Economy,6425.0,3701.14,1741.72,710.0,272.14,0.0,2723.86,True,0,Non-Stop,0ced5560e2fc
SCR_GF_1789324343_074,2026-09-14 00:02:14,2026-09-29,15,google_flights,DEL,BOM,DEL-BOM,DEL,BOM,IndiGo,IndiGo,6E (Direct),11:00,1:25,145,2 hr 25 min,Economy,6425.0,3701.14,1741.72,710.0,272.14,0.0,2723.86,True,0,Non-Stop,0ced5560e2fc
SCR_GF_1789324343_075,2026-09-14 00:02:14,2026-09-29,15,google_flights,DEL,BOM,DEL-BOM,DEL,BOM,IndiGo,IndiGo,6E (Direct),12:00,2:15,135,2 hr 15 min,Economy,6425.0,3701.14,1741.72,710.0,272.14,0.0,2723.86,True,0,Non-Stop,9a674f4ebc18
SCR_GF_1789324343_076,2026-09-14 00:02:14,2026-09-29,15,google_flights,DEL,BOM,DEL-BOM,DEL,BOM,IndiGo,IndiGo,6E (Direct),12:00,2:25,145,2 hr 25 min,Economy,6425.0,3701.14,1741.72,710.0,272.14,0.0,2723.86,True,0,Non-Stop,9a674f4ebc18
SCR_GF_1789324343_077,2026-09-14 00:02:14,2026-09-29,15,google_flights,DEL,BOM,DEL-BOM,DEL,BOM,IndiGo,IndiGo,6E (Direct),2:00,4:25,145,2 hr 25 min,Economy,6425.0,3701.14,1741.72,710.0,272.14,0.0,2723.86,True,0,Non-Stop,2a86259fb46d
SCR_GF_1789324343_078,2026-09-14 00:02:14,2026-09-29,15,google_flights,DEL,BOM,DEL-BOM,DEL,BOM,IndiGo,IndiGo,6E (Direct),3:30,5:45,135,2 hr 15 min,Economy,6425.0,3701.14,1741.72,710.0,272.14,0.0,2723.86,True,0,Non-Stop,60a9c997bdbd
SCR_GF_1789324343_079,2026-09-14 00:02:14,2026-09-29,15,google_flights,DEL,BOM,DEL-BOM,DEL,BOM,IndiGo,IndiGo,6E (Direct),3:30,5:55,145,2 hr 25 min,Economy,6425.0,3701.14,1741.72,710.0,272.14,0.0,2723.86,True,0,Non-Stop,60a9c997bdbd
SCR_GF_1789324343_080,2026-09-14 00:02:14,2026-09-29,15,google_flights,DEL,BOM,DEL-BOM,DEL,BOM,IndiGo,IndiGo,6E (Direct),4:00,6:25,145,2 hr 25 min,Economy,6425.0,3701.14,1741.72,710.0,272.14,0.0,2723.86,True,0,Non-Stop,adfe44ea85f2
SCR_GF_1789324343_081,2026-09-14 00:02:14,2026-09-29,15,google_flights,DEL,BOM,DEL-BOM,DEL,BOM,IndiGo,IndiGo,6E (Direct),4:15,6:35,140,2 hr 20 min,Economy,6425.0,3701.14,1741.72,710.0,272.14,0.0,2723.86,True,0,Non-Stop,ac3a1b468dbb
SCR_GF_1789324343_082,2026-09-14 00:02:14,2026-09-29,15,google_flights,DEL,BOM,DEL-BOM,DEL,BOM,IndiGo,IndiGo,6E (Direct),4:30,6:50,140,2 hr 20 min,Economy,6425.0,3701.14,1741.72,710.0,272.14,0.0,2723.86,True,0,Non-Stop,fd22d8be7555
SCR_GF_1789324344_083,2026-09-14 00:02:14,2026-09-29,15,google_flights,DEL,BOM,DEL-BOM,DEL,BOM,IndiGo,IndiGo,6E (Direct),5:00,7:15,135,2 hr 15 min,Economy,6425.0,3701.14,1741.72,710.0,272.14,0.0,2723.86,True,0,Non-Stop,9732d6256807
SCR_GF_1789324344_084,2026-09-14 00:02:14,2026-09-29,15,google_flights,DEL,BOM,DEL-BOM,DEL,BOM,IndiGo,IndiGo,6E (Direct),5:00,7:25,145,2 hr 25 min,Economy,6425.0,3701.14,1741.72,710.0,272.14,0.0,2723.86,True,0,Non-Stop,9732d6256807
SCR_GF_1789324344_085,2026-09-14 00:02:14,2026-09-29,15,google_flights,DEL,BOM,DEL-BOM,DEL,BOM,IndiGo,IndiGo,6E (Direct),9:00,11:20,140,2 hr 20 min,Economy,6425.0,3701.14,1741.72,710.0,272.14,0.0,2723.86,True,0,Non-Stop,b357fea3833b
SCR_GF_1789324344_086,2026-09-14 00:02:14,2026-09-29,15,google_flights,DEL,BOM,DEL-BOM,DEL,BOM,IndiGo,IndiGo,6E (Direct),10:45,1:05,140,2 hr 20 min,Economy,6425.0,3701.14,1741.72,710.0,272.14,0.0,2723.86,True,0,Non-Stop,2d5992e8f3b2
SCR_GF_1789324344_087,2026-09-14 00:02:14,2026-09-29,15,google_flights,DEL,BOM,DEL-BOM,DEL,BOM,IndiGo,IndiGo,6E (Direct),6:00,8:25,145,2 hr 25 min,Economy,6582.0,3802.82,1789.56,710.0,279.62,0.0,2779.18,True,0,Non-Stop,2620ff11c915
SCR_GF_1789324344_088,2026-09-14 00:02:14,2026-09-29,15,google_flights,DEL,BOM,DEL-BOM,DEL,BOM,IndiGo,IndiGo,6E (Direct),7:30,9:55,145,2 hr 25 min,Economy,6582.0,3802.82,1789.56,710.0,279.62,0.0,2779.18,True,0,Non-Stop,0eeaf42833ad
SCR_GF_1789324344_089,2026-09-14 00:02:14,2026-09-29,15,google_flights,DEL,BOM,DEL-BOM,DEL,BOM,IndiGo,IndiGo,6E (Direct),8:30,11:05,155,2 hr 35 min,Economy,6582.0,3802.82,1789.56,710.0,279.62,0.0,2779.18,True,0,Non-Stop,f80a9dbe9182
SCR_GF_1789324345_090,2026-09-14 00:02:14,2026-09-29,15,google_flights,DEL,BOM,DEL-BOM,DEL,BOM,IndiGo,IndiGo,6E (Direct),1:00,3:10,130,2 hr 10 min,Economy,6583.0,3803.47,1789.86,710.0,279.67,0.0,2779.53,True,0,Non-Stop,5a91b0433288
SCR_GF_1789324345_091,2026-09-14 00:02:14,2026-09-29,15,google_flights,DEL,BOM,DEL-BOM,DEL,BOM,IndiGo,IndiGo,6E (Direct),6:00,8:15,135,2 hr 15 min,Economy,6583.0,3803.47,1789.86,710.0,279.67,0.0,2779.53,True,0,Non-Stop,c5a0de7a603f
SCR_GF_1789324345_092,2026-09-14 00:02:14,2026-09-29,15,google_flights,DEL,BOM,DEL-BOM,DEL,BOM,IndiGo,IndiGo,6E (Direct),8:00,10:10,130,2 hr 10 min,Economy,6583.0,3803.47,1789.86,710.0,279.67,0.0,2779.53,True,0,Non-Stop,6b80baa854c8
SCR_GF_1789324345_093,2026-09-14 00:02:14,2026-09-29,15,google_flights,DEL,BOM,DEL-BOM,DEL,BOM,IndiGo,IndiGo,6E (Direct),5:35,8:05,150,2 hr 30 min,Economy,6779.0,3930.4,1849.6,710.0,289.0,0.0,2848.6,True,0,Non-Stop,04917cf890fa
SCR_GF_1789324345_094,2026-09-14 00:02:14,2026-09-29,15,google_flights,DEL,BOM,DEL-BOM,DEL,BOM,IndiGo,IndiGo,6E (Direct),6:30,8:50,140,2 hr 20 min,Economy,6792.0,3938.82,1853.56,710.0,289.62,0.0,2853.18,True,0,Non-Stop,5d422a767132
SCR_GF_1789324345_095,2026-09-14 00:02:14,2026-09-29,15,google_flights,DEL,BOM,DEL-BOM,DEL,BOM,IndiGo,IndiGo,6E (Direct),7:00,9:25,145,2 hr 25 min,Economy,6792.0,3938.82,1853.56,710.0,289.62,0.0,2853.18,True,0,Non-Stop,e1d1081f38a7
SCR_GF_1789324345_096,2026-09-14 00:02:14,2026-09-29,15,google_flights,DEL,BOM,DEL-BOM,DEL,BOM,IndiGo,IndiGo,6E (Direct),1:30,3:50,140,2 hr 20 min,Economy,6792.0,3938.82,1853.56,710.0,289.62,0.0,2853.18,True,0,Non-Stop,e9e901142a22
SCR_GF_1789324345_097,2026-09-14 00:02:14,2026-09-29,15,google_flights,DEL,BOM,DEL-BOM,DEL,BOM,IndiGo,IndiGo,6E (Direct),9:30,11:55,145,2 hr 25 min,Economy,6792.0,3938.82,1853.56,710.0,289.62,0.0,2853.18,True,0,Non-Stop,03bc19e496f6
SCR_GF_1789324345_098,2026-09-14 00:02:14,2026-09-29,15,google_flights,DEL,BOM,DEL-BOM,DEL,BOM,IndiGo,IndiGo,6E (Direct),9:45,12:05,140,2 hr 20 min,Economy,6793.0,3939.47,1853.86,710.0,289.67,0.0,2853.53,True,0,Non-Stop,43290a4379ba
SCR_GF_1789324346_099,2026-09-14 00:02:14,2026-09-29,15,google_flights,DEL,BOM,DEL-BOM,DEL,BOM,IndiGo,IndiGo,6E (Direct),8:40,10:55,135,2 hr 15 min,Economy,6880.0,3995.81,1880.38,710.0,293.81,0.0,2884.19,True,0,Non-Stop,2e7d65e989d4
SCR_GF_1789324346_100,2026-09-14 00:02:14,2026-09-29,15,google_flights,DEL,BOM,DEL-BOM,DEL,BOM,IndiGo,IndiGo,6E (Direct),9:20,11:40,140,2 hr 20 min,Economy,6880.0,3995.81,1880.38,710.0,293.81,0.0,2884.19,True,0,Non-Stop,f64caa9179a3
SCR_GF_1789324346_101,2026-09-14 00:02:14,2026-09-29,15,google_flights,DEL,BOM,DEL-BOM,DEL,BOM,IndiGo,IndiGo,6E (Direct),10:30,12:45,135,2 hr 15 min,Economy,6880.0,3995.81,1880.38,710.0,293.81,0.0,2884.19,True,0,Non-Stop,243d3308a5b2
SCR_GF_1789324346_102,2026-09-14 00:02:14,2026-09-29,15,google_flights,DEL,BOM,DEL-BOM,DEL,BOM,IndiGo,IndiGo,6E (Direct),12:30,2:55,145,2 hr 25 min,Economy,6880.0,3995.81,1880.38,710.0,293.81,0.0,2884.19,True,0,Non-Stop,bc2460154f52
SCR_GF_1789324346_103,2026-09-14 00:02:14,2026-09-29,15,google_flights,DEL,BOM,DEL-BOM,DEL,BOM,IndiGo,IndiGo,6E (Direct),4:00,6:20,140,2 hr 20 min,Economy,6880.0,3995.81,1880.38,710.0,293.81,0.0,2884.19,True,0,Non-Stop,46cc1e6c56b1
SCR_GF_1789324346_104,2026-09-14 00:02:14,2026-09-29,15,google_flights,DEL,BOM,DEL-BOM,DEL,BOM,IndiGo,IndiGo,6E (Direct),5:30,7:45,135,2 hr 15 min,Economy,6880.0,3995.81,1880.38,710.0,293.81,0.0,2884.19,True,0,Non-Stop,2eba3f999367
SCR_GF_1789324346_105,2026-09-14 00:02:14,2026-09-29,15,google_flights,DEL,BOM,DEL-BOM,DEL,BOM,IndiGo,IndiGo,6E (Direct),7:55,10:20,145,2 hr 25 min,Economy,6880.0,3995.81,1880.38,710.0,293.81,0.0,2884.19,True,0,Non-Stop,765937377a51
SCR_GF_1789324346_106,2026-09-14 00:02:14,2026-09-29,15,google_flights,DEL,BOM,DEL-BOM,DEL,BOM,IndiGo,IndiGo,6E (Direct),6:05,8:20,135,2 hr 15 min,Economy,7055.0,4109.14,1933.72,710.0,302.14,0.0,2945.86,True,0,Non-Stop,1be601c7f3da
SCR_GF_1789324347_107,2026-09-14 00:02:14,2026-09-29,15,google_flights,DEL,BOM,DEL-BOM,DEL,BOM,IndiGo,IndiGo,6E (Direct),8:00,10:20,140,2 hr 20 min,Economy,7055.0,4109.14,1933.72,710.0,302.14,0.0,2945.86,True,0,Non-Stop,b13ae3d1ed66
SCR_GF_1789324347_108,2026-09-14 00:02:14,2026-09-29,15,google_flights,DEL,BOM,DEL-BOM,DEL,BOM,IndiGo,IndiGo,6E (Direct),7:00,9:25,145,2 hr 25 min,Economy,7055.0,4109.14,1933.72,710.0,302.14,0.0,2945.86,True,0,Non-Stop,e0dd8d49745a
SCR_GF_1789324347_109,2026-09-14 00:02:14,2026-09-29,15,google_flights,DEL,BOM,DEL-BOM,DEL,BOM,IndiGo,IndiGo,6E (Direct),11:30,1:45,135,2 hr 15 min,Economy,7055.0,4109.14,1933.72,710.0,302.14,0.0,2945.86,True,0,Non-Stop,00adca4ea12d
SCR_GF_1789324347_110,2026-09-14 00:02:14,2026-09-29,15,google_flights,DEL,BOM,DEL-BOM,DEL,BOM,IndiGo,IndiGo,6E (Direct),7:00,9:25,145,2 hr 25 min,Economy,7181.0,4190.74,1972.12,710.0,308.14,0.0,2990.26,True,0,Non-Stop,a2490f3a8837
SCR_GF_1789324347_111,2026-09-14 00:02:14,2026-09-29,15,google_flights,DEL,BOM,DEL-BOM,DEL,BOM,IndiGo,IndiGo,6E (Direct),6:50,9:10,140,2 hr 20 min,Economy,7201.0,4203.7,1978.2,710.0,309.1,0.0,2997.3,True,0,Non-Stop,708768d9d1a8
SCR_GF_1789324347_112,2026-09-14 00:02:14,2026-09-29,15,google_flights,DEL,BOM,DEL-BOM,DEL,BOM,IndiGo,IndiGo,6E (Direct),7:15,9:30,135,2 hr 15 min,Economy,7370.0,4313.14,2029.72,710.0,317.14,0.0,3056.86,True,0,Non-Stop,5cdd25f9f10a
SCR_GF_1789324347_113,2026-09-14 00:02:14,2026-09-29,15,google_flights,DEL,BOM,DEL-BOM,DEL,BOM,IndiGo,IndiGo,6E (Direct),7:55,10:40,165,2 hr 45 min,Economy,22551.0,14144.65,6656.3,710.0,1040.05,0.0,8406.35,True,0,Non-Stop,4287e2de6940
SCR_GF_1789324347_114,2026-09-14 00:02:14,2026-09-29,15,google_flights,DEL,BOM,DEL-BOM,DEL,BOM,IndiGo,IndiGo,6E (Direct),10:45,1:25,160,2 hr 40 min,Economy,22551.0,14144.65,6656.3,710.0,1040.05,0.0,8406.35,True,0,Non-Stop,18b750a368c0
SCR_GF_1789324352_001,2026-09-14 00:02:28,2026-09-15,1,google_flights,DEL,BLR,DEL-BLR,DEL,BLR,IndiGo,IndiGo,6E (Direct),10:00 PM,12:55 AM,175,2 hr 55 min,Economy,8724.0,5190.02,2442.36,710.0,381.62,0.0,3533.98,True,0,Non-Stop,2f91cb323f14
SCR_GF_1789324353_002,2026-09-14 00:02:28,2026-09-15,1,google_flights,DEL,BLR,DEL-BLR,DEL,BLR,IndiGo,IndiGo,6E (Direct),11:30 PM,2:25 AM,175,2 hr 55 min,Economy,8724.0,5190.02,2442.36,710.0,381.62,0.0,3533.98,True,0,Non-Stop,e98ca623c3dd
SCR_GF_1789324353_003,2026-09-14 00:02:28,2026-09-15,1,google_flights,DEL,BLR,DEL-BLR,DEL,BLR,Akasa Air,Akasa Air,QP (Direct),9:55 PM,12:50 AM,175,2 hr 55 min,Economy,9179.0,5484.69,2581.02,710.0,403.29,0.0,3694.31,True,0,Non-Stop,c3fb2bf76624
SCR_GF_1789324353_004,2026-09-14 00:02:28,2026-09-15,1,google_flights,DEL,BLR,DEL-BLR,DEL,BLR,Akasa Air,Akasa Air,QP (Direct),10:55 PM,1:45 AM,170,2 hr 50 min,Economy,9179.0,5484.69,2581.02,710.0,403.29,0.0,3694.31,True,0,Non-Stop,4117aad06be8
SCR_GF_1789324353_005,2026-09-14 00:02:28,2026-09-15,1,google_flights,DEL,BLR,DEL-BLR,DEL,BLR,IndiGo,IndiGo,6E (Connecting),4:15 PM,9:20 PM,305,5 hr 5 min,Economy,9841.0,5913.41,2782.78,710.0,434.81,0.0,3927.59,False,1,1 Stop (HYD),f7512ff9a421
SCR_GF_1789324353_006,2026-09-14 00:02:28,2026-09-15,1,google_flights,DEL,BLR,DEL-BLR,DEL,BLR,Air India Express,Air India Express,IX (Connecting),12:55 PM,11:30 PM,635,10 hr 35 min,Economy,10072.0,6063.01,2853.18,710.0,445.81,0.0,4008.99,False,1,1 Stop (GAU),151577a818f0
SCR_GF_1789324353_007,2026-09-14 00:02:28,2026-09-15,1,google_flights,DEL,BLR,DEL-BLR,DEL,BLR,IndiGo,IndiGo,6E (Direct),8:45 PM,11:40 PM,175,2 hr 55 min,Economy,11309.0,6864.11,3230.18,710.0,504.71,0.0,4444.89,True,0,Non-Stop,5c45696faef3
SCR_GF_1789324353_008,2026-09-14 00:02:28,2026-09-15,1,google_flights,DEL,BLR,DEL-BLR,DEL,BLR,Akasa Air,Akasa Air,QP (Direct),8:55 PM,11:50 PM,175,2 hr 55 min,Economy,11368.0,6902.32,3248.16,710.0,507.52,0.0,4465.68,True,0,Non-Stop,22a262ac96f1
SCR_GF_1789324354_009,2026-09-14 00:02:28,2026-09-15,1,google_flights,DEL,BLR,DEL-BLR,DEL,BLR,Akasa Air,Akasa Air,QP (Direct),8:10 PM,11:10 PM,180,3 hr,Economy,11786.0,7173.03,3375.54,710.0,527.43,0.0,4612.97,True,0,Non-Stop,fa16e447f9b7
SCR_GF_1789324354_010,2026-09-14 00:02:28,2026-09-15,1,google_flights,DEL,BLR,DEL-BLR,DEL,BLR,Air India,Air India,AI (Direct),9:30 PM,12:25 AM,175,2 hr 55 min,Economy,11923.0,7261.75,3417.3,710.0,533.95,0.0,4661.25,True,0,Non-Stop,61c548267fd5
SCR_GF_1789324354_011,2026-09-14 00:02:28,2026-09-15,1,google_flights,DEL,BLR,DEL-BLR,DEL,BLR,Air India Express,Air India Express,IX (Direct),6:20 PM,9:15 PM,175,2 hr 55 min,Economy,12173.0,7423.66,3493.48,710.0,545.86,0.0,4749.34,True,0,Non-Stop,5cfe9e8e4851
SCR_GF_1789324354_012,2026-09-14 00:02:28,2026-09-15,1,google_flights,DEL,BLR,DEL-BLR,DEL,BLR,IndiGo,IndiGo,6E (Direct),7:30 PM,10:25 PM,175,2 hr 55 min,Economy,12582.0,7688.53,3618.14,710.0,565.33,0.0,4893.47,True,0,Non-Stop,1c6965278ac5
SCR_GF_1789324354_013,2026-09-14 00:02:28,2026-09-15,1,google_flights,DEL,BLR,DEL-BLR,DEL,BLR,IndiGo,IndiGo,6E (Direct),3:00 AM,5:55 AM,175,2 hr 55 min,Economy,14017.0,8617.87,4055.46,710.0,633.67,0.0,5399.13,True,0,Non-Stop,2a10fb616923
SCR_GF_1789324354_014,2026-09-14 00:02:28,2026-09-15,1,google_flights,DEL,BLR,DEL-BLR,DEL,BLR,IndiGo,IndiGo,6E (Direct),5:00 PM,7:55 PM,175,2 hr 55 min,Economy,14802.0,9126.25,4294.7,710.0,671.05,0.0,5675.75,True,0,Non-Stop,2dce6a93d2e4
SCR_GF_1789324354_015,2026-09-14 00:02:28,2026-09-15,1,google_flights,DEL,BLR,DEL-BLR,DEL,BLR,Air India,Air India,AI (Direct),12:15 AM,3:10 AM,175,2 hr 55 min,Economy,15104.0,9321.83,4386.74,710.0,685.43,0.0,5782.17,True,0,Non-Stop,fd09668d12b0
SCR_GF_1789324355_016,2026-09-14 00:02:28,2026-09-15,1,google_flights,DEL,BLR,DEL-BLR,DEL,BLR,Air India,Air India,AI (Direct),7:30 PM,10:20 PM,170,2 hr 50 min,Economy,15104.0,9321.83,4386.74,710.0,685.43,0.0,5782.17,True,0,Non-Stop,4501575c5090
SCR_GF_1789324355_017,2026-09-14 00:02:28,2026-09-15,1,google_flights,DEL,BLR,DEL-BLR,DEL,BLR,Akasa Air,Akasa Air,QP (Direct),4:40 PM,7:40 PM,180,3 hr,Economy,15227.0,9401.49,4424.22,710.0,691.29,0.0,5825.51,True,0,Non-Stop,2bfafd34519c
SCR_GF_1789324355_018,2026-09-14 00:02:28,2026-09-15,1,google_flights,DEL,BLR,DEL-BLR,DEL,BLR,IndiGo,IndiGo,6E (Direct),7:05 AM,10:00 AM,175,2 hr 55 min,Economy,15637.0,9667.01,4549.18,710.0,710.81,0.0,5969.99,True,0,Non-Stop,69ec3f17b4c0
SCR_GF_1789324355_019,2026-09-14 00:02:28,2026-09-15,1,google_flights,DEL,BLR,DEL-BLR,DEL,BLR,IndiGo,IndiGo,6E (Direct),12:20 PM,3:20 PM,180,3 hr,Economy,15637.0,9667.01,4549.18,710.0,710.81,0.0,5969.99,True,0,Non-Stop,65d708969029
SCR_GF_1789324355_020,2026-09-14 00:02:28,2026-09-15,1,google_flights,DEL,BLR,DEL-BLR,DEL,BLR,IndiGo,IndiGo,6E (Direct),6:20 PM,9:10 PM,170,2 hr 50 min,Economy,15637.0,9667.01,4549.18,710.0,710.81,0.0,5969.99,True,0,Non-Stop,ca33b3603a67
SCR_GF_1789324355_021,2026-09-14 00:02:28,2026-09-15,1,google_flights,DEL,BLR,DEL-BLR,DEL,BLR,Air India,Air India,AI (Direct),4:30 AM,7:20 AM,170,2 hr 50 min,Economy,17782.0,11056.15,5202.9,710.0,812.95,0.0,6725.85,True,0,Non-Stop,5946883d030d
SCR_GF_1789324355_022,2026-09-14 00:02:28,2026-09-15,1,google_flights,DEL,BLR,DEL-BLR,DEL,BLR,Air India,Air India,AI (Direct),6:30 PM,9:25 PM,175,2 hr 55 min,Economy,17782.0,11056.15,5202.9,710.0,812.95,0.0,6725.85,True,0,Non-Stop,482781cdf0f8
SCR_GF_1789324356_023,2026-09-14 00:02:28,2026-09-15,1,google_flights,DEL,BLR,DEL-BLR,DEL,BLR,Air India,Air India,AI (Direct),7:00 PM,9:55 PM,175,2 hr 55 min,Economy,17782.0,11056.15,5202.9,710.0,812.95,0.0,6725.85,True,0,Non-Stop,44ec786fb0f7
SCR_GF_1789324356_024,2026-09-14 00:02:28,2026-09-15,1,google_flights,DEL,BLR,DEL-BLR,DEL,BLR,Air India,Air India,AI (Direct),7:00 AM,9:55 AM,175,2 hr 55 min,Economy,20690.0,12939.43,6089.14,710.0,951.43,0.0,7750.57,True,0,Non-Stop,cd497a71196c
SCR_GF_1789324356_025,2026-09-14 00:02:28,2026-09-15,1,google_flights,DEL,BLR,DEL-BLR,DEL,BLR,Air India,Air India,AI (Direct),8:30 AM,11:20 AM,170,2 hr 50 min,Economy,20690.0,12939.43,6089.14,710.0,951.43,0.0,7750.57,True,0,Non-Stop,ed0cc9473514
SCR_GF_1789324356_026,2026-09-14 00:02:28,2026-09-15,1,google_flights,DEL,BLR,DEL-BLR,DEL,BLR,Air India,Air India,AI (Direct),3:50 PM,6:45 PM,175,2 hr 55 min,Economy,20690.0,12939.43,6089.14,710.0,951.43,0.0,7750.57,True,0,Non-Stop,7d74231c67ef
SCR_GF_1789324356_027,2026-09-14 00:02:28,2026-09-15,1,google_flights,DEL,BLR,DEL-BLR,DEL,BLR,Air India,Air India,AI (Direct),4:30 PM,7:15 PM,165,2 hr 45 min,Economy,20690.0,12939.43,6089.14,710.0,951.43,0.0,7750.57,True,0,Non-Stop,1c03474725db
SCR_GF_1789324356_028,2026-09-14 00:02:28,2026-09-15,1,google_flights,DEL,BLR,DEL-BLR,DEL,BLR,Air India,Air India,AI (Direct),9:30 AM,12:25 PM,175,2 hr 55 min,Economy,21073.0,13187.47,6205.86,710.0,969.67,0.0,7885.53,True,0,Non-Stop,a4e5567e063a
SCR_GF_1789324356_029,2026-09-14 00:02:28,2026-09-15,1,google_flights,DEL,BLR,DEL-BLR,DEL,BLR,Air India,Air India,AI (Direct),3:00 PM,5:55 PM,175,2 hr 55 min,Economy,21073.0,13187.47,6205.86,710.0,969.67,0.0,7885.53,True,0,Non-Stop,3f531ecb60b9
SCR_GF_1789324356_030,2026-09-14 00:02:28,2026-09-15,1,google_flights,DEL,BLR,DEL-BLR,DEL,BLR,Air India,Air India,AI (Direct),6:00 AM,8:55 AM,175,2 hr 55 min,Economy,24559.0,15445.07,7268.26,710.0,1135.67,0.0,9113.93,True,0,Non-Stop,97510874f6bf
SCR_GF_1789324357_031,2026-09-14 00:02:28,2026-09-15,1,google_flights,DEL,BLR,DEL-BLR,DEL,BLR,Air India,Air India,AI (Direct),6:30 AM,9:25 AM,175,2 hr 55 min,Economy,24559.0,15445.07,7268.26,710.0,1135.67,0.0,9113.93,True,0,Non-Stop,84d8f9fd9f14
SCR_GF_1789324357_032,2026-09-14 00:02:28,2026-09-15,1,google_flights,DEL,BLR,DEL-BLR,DEL,BLR,Air India,Air India,AI (Direct),10:30 AM,1:20 PM,170,2 hr 50 min,Economy,24559.0,15445.07,7268.26,710.0,1135.67,0.0,9113.93,True,0,Non-Stop,dea0f83cbd5f
SCR_GF_1789324357_033,2026-09-14 00:02:28,2026-09-15,1,google_flights,DEL,BLR,DEL-BLR,DEL,BLR,Air India,Air India,AI (Direct),1:00 PM,3:55 PM,175,2 hr 55 min,Economy,24559.0,15445.07,7268.26,710.0,1135.67,0.0,9113.93,True,0,Non-Stop,760472938a14
SCR_GF_1789324357_034,2026-09-14 00:02:28,2026-09-15,1,google_flights,DEL,BLR,DEL-BLR,DEL,BLR,IndiGo,IndiGo,6E (Direct),10:00,12:55,175,2 hr 55 min,Economy,8724.0,5190.02,2442.36,710.0,381.62,0.0,3533.98,True,0,Non-Stop,462c7ae1a669
SCR_GF_1789324357_035,2026-09-14 00:02:28,2026-09-15,1,google_flights,DEL,BLR,DEL-BLR,DEL,BLR,IndiGo,IndiGo,6E (Direct),11:30,2:25,175,2 hr 55 min,Economy,8724.0,5190.02,2442.36,710.0,381.62,0.0,3533.98,True,0,Non-Stop,420569e75300
SCR_GF_1789324357_036,2026-09-14 00:02:28,2026-09-15,1,google_flights,DEL,BLR,DEL-BLR,DEL,BLR,IndiGo,IndiGo,6E (Direct),9:55,12:50,175,2 hr 55 min,Economy,9179.0,5484.69,2581.02,710.0,403.29,0.0,3694.31,True,0,Non-Stop,0ee919c005d9
SCR_GF_1789324357_037,2026-09-14 00:02:28,2026-09-15,1,google_flights,DEL,BLR,DEL-BLR,DEL,BLR,IndiGo,IndiGo,6E (Direct),10:55,1:45,170,2 hr 50 min,Economy,9179.0,5484.69,2581.02,710.0,403.29,0.0,3694.31,True,0,Non-Stop,02f2fb487360
SCR_GF_1789324357_038,2026-09-14 00:02:28,2026-09-15,1,google_flights,DEL,BLR,DEL-BLR,DEL,BLR,IndiGo,IndiGo,6E (Connecting),4:15,9:20,305,5 hr 5 min,Economy,9841.0,5913.41,2782.78,710.0,434.81,0.0,3927.59,False,1,1 Stop,324aefb05306
SCR_GF_1789324358_039,2026-09-14 00:02:28,2026-09-15,1,google_flights,DEL,BLR,DEL-BLR,DEL,BLR,IndiGo,IndiGo,6E (Connecting),12:55,11:30,635,10 hr 35 min,Economy,10072.0,6063.01,2853.18,710.0,445.81,0.0,4008.99,False,1,1 Stop,ec355af58d3f
SCR_GF_1789324358_040,2026-09-14 00:02:28,2026-09-15,1,google_flights,DEL,BLR,DEL-BLR,DEL,BLR,IndiGo,IndiGo,6E (Direct),8:45,11:40,175,2 hr 55 min,Economy,11309.0,6864.11,3230.18,710.0,504.71,0.0,4444.89,True,0,Non-Stop,d26ac7c523c3
SCR_GF_1789324358_041,2026-09-14 00:02:28,2026-09-15,1,google_flights,DEL,BLR,DEL-BLR,DEL,BLR,IndiGo,IndiGo,6E (Direct),8:55,11:50,175,2 hr 55 min,Economy,11368.0,6902.32,3248.16,710.0,507.52,0.0,4465.68,True,0,Non-Stop,3cae29f03a23
SCR_GF_1789324358_042,2026-09-14 00:02:28,2026-09-15,1,google_flights,DEL,BLR,DEL-BLR,DEL,BLR,IndiGo,IndiGo,6E (Direct),8:10,11:10,180,3 hr,Economy,11786.0,7173.03,3375.54,710.0,527.43,0.0,4612.97,True,0,Non-Stop,76fd0689ea47
SCR_GF_1789324358_043,2026-09-14 00:02:28,2026-09-15,1,google_flights,DEL,BLR,DEL-BLR,DEL,BLR,IndiGo,IndiGo,6E (Direct),9:30,12:25,175,2 hr 55 min,Economy,11923.0,7261.75,3417.3,710.0,533.95,0.0,4661.25,True,0,Non-Stop,6ca0d46ca99b
SCR_GF_1789324358_044,2026-09-14 00:02:28,2026-09-15,1,google_flights,DEL,BLR,DEL-BLR,DEL,BLR,IndiGo,IndiGo,6E (Direct),6:20,9:15,175,2 hr 55 min,Economy,12173.0,7423.66,3493.48,710.0,545.86,0.0,4749.34,True,0,Non-Stop,4fdd3b69348e
SCR_GF_1789324358_045,2026-09-14 00:02:28,2026-09-15,1,google_flights,DEL,BLR,DEL-BLR,DEL,BLR,IndiGo,IndiGo,6E (Direct),7:30,10:25,175,2 hr 55 min,Economy,12582.0,7688.53,3618.14,710.0,565.33,0.0,4893.47,True,0,Non-Stop,5cd2f527f518
SCR_GF_1789324358_046,2026-09-14 00:02:28,2026-09-15,1,google_flights,DEL,BLR,DEL-BLR,DEL,BLR,IndiGo,IndiGo,6E (Direct),3:00,5:55,175,2 hr 55 min,Economy,14017.0,8617.87,4055.46,710.0,633.67,0.0,5399.13,True,0,Non-Stop,f7ab1105e20a
SCR_GF_1789324358_047,2026-09-14 00:02:28,2026-09-15,1,google_flights,DEL,BLR,DEL-BLR,DEL,BLR,IndiGo,IndiGo,6E (Direct),5:00,7:55,175,2 hr 55 min,Economy,14802.0,9126.25,4294.7,710.0,671.05,0.0,5675.75,True,0,Non-Stop,155ce0f6fd70
SCR_GF_1789324358_048,2026-09-14 00:02:28,2026-09-15,1,google_flights,DEL,BLR,DEL-BLR,DEL,BLR,IndiGo,IndiGo,6E (Direct),12:15,3:10,175,2 hr 55 min,Economy,15104.0,9321.83,4386.74,710.0,685.43,0.0,5782.17,True,0,Non-Stop,4c27f8e68b12
SCR_GF_1789324358_049,2026-09-14 00:02:28,2026-09-15,1,google_flights,DEL,BLR,DEL-BLR,DEL,BLR,IndiGo,IndiGo,6E (Direct),7:30,10:20,170,2 hr 50 min,Economy,15104.0,9321.83,4386.74,710.0,685.43,0.0,5782.17,True,0,Non-Stop,ce710c61fc4c
SCR_GF_1789324358_050,2026-09-14 00:02:28,2026-09-15,1,google_flights,DEL,BLR,DEL-BLR,DEL,BLR,IndiGo,IndiGo,6E (Direct),4:40,7:40,180,3 hr,Economy,15227.0,9401.49,4424.22,710.0,691.29,0.0,5825.51,True,0,Non-Stop,bcbd9368174e
SCR_GF_1789324359_051,2026-09-14 00:02:28,2026-09-15,1,google_flights,DEL,BLR,DEL-BLR,DEL,BLR,IndiGo,IndiGo,6E (Direct),7:05,10:00,175,2 hr 55 min,Economy,15637.0,9667.01,4549.18,710.0,710.81,0.0,5969.99,True,0,Non-Stop,198abe99b755
SCR_GF_1789324359_052,2026-09-14 00:02:28,2026-09-15,1,google_flights,DEL,BLR,DEL-BLR,DEL,BLR,IndiGo,IndiGo,6E (Direct),12:20,3:20,180,3 hr,Economy,15637.0,9667.01,4549.18,710.0,710.81,0.0,5969.99,True,0,Non-Stop,99210bd2ce7a
SCR_GF_1789324359_053,2026-09-14 00:02:28,2026-09-15,1,google_flights,DEL,BLR,DEL-BLR,DEL,BLR,IndiGo,IndiGo,6E (Direct),6:20,9:10,170,2 hr 50 min,Economy,15637.0,9667.01,4549.18,710.0,710.81,0.0,5969.99,True,0,Non-Stop,aec48d3c9e13
SCR_GF_1789324359_054,2026-09-14 00:02:28,2026-09-15,1,google_flights,DEL,BLR,DEL-BLR,DEL,BLR,IndiGo,IndiGo,6E (Direct),4:30,7:20,170,2 hr 50 min,Economy,17782.0,11056.15,5202.9,710.0,812.95,0.0,6725.85,True,0,Non-Stop,ad1c0f2e288f
SCR_GF_1789324359_055,2026-09-14 00:02:28,2026-09-15,1,google_flights,DEL,BLR,DEL-BLR,DEL,BLR,IndiGo,IndiGo,6E (Direct),6:30,9:25,175,2 hr 55 min,Economy,17782.0,11056.15,5202.9,710.0,812.95,0.0,6725.85,True,0,Non-Stop,1ac85b16ed68
SCR_GF_1789324359_056,2026-09-14 00:02:28,2026-09-15,1,google_flights,DEL,BLR,DEL-BLR,DEL,BLR,IndiGo,IndiGo,6E (Direct),7:00,9:55,175,2 hr 55 min,Economy,17782.0,11056.15,5202.9,710.0,812.95,0.0,6725.85,True,0,Non-Stop,80f1f3daa6fb
SCR_GF_1789324359_057,2026-09-14 00:02:28,2026-09-15,1,google_flights,DEL,BLR,DEL-BLR,DEL,BLR,IndiGo,IndiGo,6E (Direct),7:00,9:55,175,2 hr 55 min,Economy,20690.0,12939.43,6089.14,710.0,951.43,0.0,7750.57,True,0,Non-Stop,132bc4856764
SCR_GF_1789324360_058,2026-09-14 00:02:28,2026-09-15,1,google_flights,DEL,BLR,DEL-BLR,DEL,BLR,IndiGo,IndiGo,6E (Direct),8:30,11:20,170,2 hr 50 min,Economy,20690.0,12939.43,6089.14,710.0,951.43,0.0,7750.57,True,0,Non-Stop,dfae421c0683
SCR_GF_1789324360_059,2026-09-14 00:02:28,2026-09-15,1,google_flights,DEL,BLR,DEL-BLR,DEL,BLR,IndiGo,IndiGo,6E (Direct),3:50,6:45,175,2 hr 55 min,Economy,20690.0,12939.43,6089.14,710.0,951.43,0.0,7750.57,True,0,Non-Stop,d2c76e3d3b3a
SCR_GF_1789324360_060,2026-09-14 00:02:28,2026-09-15,1,google_flights,DEL,BLR,DEL-BLR,DEL,BLR,IndiGo,IndiGo,6E (Direct),4:30,7:15,165,2 hr 45 min,Economy,20690.0,12939.43,6089.14,710.0,951.43,0.0,7750.57,True,0,Non-Stop,3836c050eb33
SCR_GF_1789324360_061,2026-09-14 00:02:28,2026-09-15,1,google_flights,DEL,BLR,DEL-BLR,DEL,BLR,IndiGo,IndiGo,6E (Direct),9:30,12:25,175,2 hr 55 min,Economy,21073.0,13187.47,6205.86,710.0,969.67,0.0,7885.53,True,0,Non-Stop,4e9a38d604da
SCR_GF_1789324360_062,2026-09-14 00:02:28,2026-09-15,1,google_flights,DEL,BLR,DEL-BLR,DEL,BLR,IndiGo,IndiGo,6E (Direct),3:00,5:55,175,2 hr 55 min,Economy,21073.0,13187.47,6205.86,710.0,969.67,0.0,7885.53,True,0,Non-Stop,e44ba0cc2ae9
SCR_GF_1789324360_063,2026-09-14 00:02:28,2026-09-15,1,google_flights,DEL,BLR,DEL-BLR,DEL,BLR,IndiGo,IndiGo,6E (Direct),6:00,8:55,175,2 hr 55 min,Economy,24559.0,15445.07,7268.26,710.0,1135.67,0.0,9113.93,True,0,Non-Stop,d4a4841301a9
SCR_GF_1789324360_064,2026-09-14 00:02:28,2026-09-15,1,google_flights,DEL,BLR,DEL-BLR,DEL,BLR,IndiGo,IndiGo,6E (Direct),6:30,9:25,175,2 hr 55 min,Economy,24559.0,15445.07,7268.26,710.0,1135.67,0.0,9113.93,True,0,Non-Stop,f74313065e09
SCR_GF_1789324361_065,2026-09-14 00:02:28,2026-09-15,1,google_flights,DEL,BLR,DEL-BLR,DEL,BLR,IndiGo,IndiGo,6E (Direct),10:30,1:20,170,2 hr 50 min,Economy,24559.0,15445.07,7268.26,710.0,1135.67,0.0,9113.93,True,0,Non-Stop,512715436b31
SCR_GF_1789324361_066,2026-09-14 00:02:28,2026-09-15,1,google_flights,DEL,BLR,DEL-BLR,DEL,BLR,IndiGo,IndiGo,6E (Direct),1:00,3:55,175,2 hr 55 min,Economy,24559.0,15445.07,7268.26,710.0,1135.67,0.0,9113.93,True,0,Non-Stop,c0ede2251677
SCR_GF_1789324366_001,2026-09-14 00:02:41,2026-09-21,7,google_flights,DEL,BLR,DEL-BLR,DEL,BLR,IndiGo,IndiGo,6E (Direct),10:00 PM,12:55 AM,175,2 hr 55 min,Economy,8724.0,5190.02,2442.36,710.0,381.62,0.0,3533.98,True,0,Non-Stop,65edbbbbab54
SCR_GF_1789324366_002,2026-09-14 00:02:41,2026-09-21,7,google_flights,DEL,BLR,DEL-BLR,DEL,BLR,Air India,Air India,AI (Direct),7:00 PM,9:55 PM,175,2 hr 55 min,Economy,8725.0,5190.67,2442.66,710.0,381.67,0.0,3534.33,True,0,Non-Stop,6c01cc71d296
SCR_GF_1789324366_003,2026-09-14 00:02:41,2026-09-21,7,google_flights,DEL,BLR,DEL-BLR,DEL,BLR,Akasa Air,Akasa Air,QP (Direct),10:55 PM,1:45 AM,170,2 hr 50 min,Economy,9179.0,5484.69,2581.02,710.0,403.29,0.0,3694.31,True,0,Non-Stop,2cc6cd3b7a64
SCR_GF_1789324366_004,2026-09-14 00:02:41,2026-09-21,7,google_flights,DEL,BLR,DEL-BLR,DEL,BLR,IndiGo,IndiGo,6E (Direct),8:45 PM,11:40 PM,175,2 hr 55 min,Economy,8724.0,5190.02,2442.36,710.0,381.62,0.0,3533.98,True,0,Non-Stop,eedbc9c68b68
SCR_GF_1789324366_005,2026-09-14 00:02:41,2026-09-21,7,google_flights,DEL,BLR,DEL-BLR,DEL,BLR,IndiGo,IndiGo,6E (Direct),11:30 PM,2:25 AM,175,2 hr 55 min,Economy,8724.0,5190.02,2442.36,710.0,381.62,0.0,3533.98,True,0,Non-Stop,19ba776a12b8
SCR_GF_1789324367_006,2026-09-14 00:02:41,2026-09-21,7,google_flights,DEL,BLR,DEL-BLR,DEL,BLR,Air India,Air India,AI (Direct),7:30 PM,10:20 PM,170,2 hr 50 min,Economy,8725.0,5190.67,2442.66,710.0,381.67,0.0,3534.33,True,0,Non-Stop,80ef8275c9cc
SCR_GF_1789324367_007,2026-09-14 00:02:41,2026-09-21,7,google_flights,DEL,BLR,DEL-BLR,DEL,BLR,Air India,Air India,AI (Direct),9:30 PM,12:25 AM,175,2 hr 55 min,Economy,8725.0,5190.67,2442.66,710.0,381.67,0.0,3534.33,True,0,Non-Stop,52fbd29a141d
SCR_GF_1789324367_008,2026-09-14 00:02:41,2026-09-21,7,google_flights,DEL,BLR,DEL-BLR,DEL,BLR,Air India Express,Air India Express,IX (Direct),9:00 PM,11:55 PM,175,2 hr 55 min,Economy,8909.0,5309.83,2498.74,710.0,390.43,0.0,3599.17,True,0,Non-Stop,2804049f5db3
SCR_GF_1789324367_009,2026-09-14 00:02:41,2026-09-21,7,google_flights,DEL,BLR,DEL-BLR,DEL,BLR,Air India Express,Air India Express,IX (Direct),6:20 PM,9:15 PM,175,2 hr 55 min,Economy,9173.0,5480.8,2579.2,710.0,403.0,0.0,3692.2,True,0,Non-Stop,02a2de657523
SCR_GF_1789324367_010,2026-09-14 00:02:41,2026-09-21,7,google_flights,DEL,BLR,DEL-BLR,DEL,BLR,Akasa Air,Akasa Air,QP (Direct),8:10 PM,11:10 PM,180,3 hr,Economy,9179.0,5484.69,2581.02,710.0,403.29,0.0,3694.31,True,0,Non-Stop,f58cf37d0d31
SCR_GF_1789324367_011,2026-09-14 00:02:41,2026-09-21,7,google_flights,DEL,BLR,DEL-BLR,DEL,BLR,Akasa Air,Akasa Air,QP (Direct),8:55 PM,11:50 PM,175,2 hr 55 min,Economy,9179.0,5484.69,2581.02,710.0,403.29,0.0,3694.31,True,0,Non-Stop,0a42d4420ad6
SCR_GF_1789324367_012,2026-09-14 00:02:41,2026-09-21,7,google_flights,DEL,BLR,DEL-BLR,DEL,BLR,Akasa Air,Akasa Air,QP (Direct),9:55 PM,12:50 AM,175,2 hr 55 min,Economy,9179.0,5484.69,2581.02,710.0,403.29,0.0,3694.31,True,0,Non-Stop,9dfb42df567f
SCR_GF_1789324368_013,2026-09-14 00:02:41,2026-09-21,7,google_flights,DEL,BLR,DEL-BLR,DEL,BLR,IndiGo,IndiGo,6E (Direct),5:00 PM,7:55 PM,175,2 hr 55 min,Economy,9181.0,5485.98,2581.64,710.0,403.38,0.0,3695.02,True,0,Non-Stop,d70d49b1af56
SCR_GF_1789324368_014,2026-09-14 00:02:41,2026-09-21,7,google_flights,DEL,BLR,DEL-BLR,DEL,BLR,IndiGo,IndiGo,6E (Direct),6:20 PM,9:10 PM,170,2 hr 50 min,Economy,9181.0,5485.98,2581.64,710.0,403.38,0.0,3695.02,True,0,Non-Stop,e83f41b36d96
SCR_GF_1789324368_015,2026-09-14 00:02:41,2026-09-21,7,google_flights,DEL,BLR,DEL-BLR,DEL,BLR,IndiGo,IndiGo,6E (Direct),7:30 PM,10:25 PM,175,2 hr 55 min,Economy,9181.0,5485.98,2581.64,710.0,403.38,0.0,3695.02,True,0,Non-Stop,b9e5772a3aef
SCR_GF_1789324368_016,2026-09-14 00:02:41,2026-09-21,7,google_flights,DEL,BLR,DEL-BLR,DEL,BLR,Air India,Air India,AI (Direct),3:50 PM,6:45 PM,175,2 hr 55 min,Economy,9182.0,5486.63,2581.94,710.0,403.43,0.0,3695.37,True,0,Non-Stop,7091d644d0df
SCR_GF_1789324368_017,2026-09-14 00:02:41,2026-09-21,7,google_flights,DEL,BLR,DEL-BLR,DEL,BLR,Air India,Air India,AI (Direct),4:30 PM,7:15 PM,165,2 hr 45 min,Economy,9182.0,5486.63,2581.94,710.0,403.43,0.0,3695.37,True,0,Non-Stop,f732ca316a82
SCR_GF_1789324368_018,2026-09-14 00:02:41,2026-09-21,7,google_flights,DEL,BLR,DEL-BLR,DEL,BLR,Air India,Air India,AI (Direct),6:30 PM,9:25 PM,175,2 hr 55 min,Economy,9182.0,5486.63,2581.94,710.0,403.43,0.0,3695.37,True,0,Non-Stop,4e96e6b4a5d9
SCR_GF_1789324368_019,2026-09-14 00:02:41,2026-09-21,7,google_flights,DEL,BLR,DEL-BLR,DEL,BLR,Air India,Air India,AI (Direct),7:00 AM,9:55 AM,175,2 hr 55 min,Economy,9334.0,5585.07,2628.26,710.0,410.67,0.0,3748.93,True,0,Non-Stop,836311a5bd75
SCR_GF_1789324368_020,2026-09-14 00:02:41,2026-09-21,7,google_flights,DEL,BLR,DEL-BLR,DEL,BLR,Air India,Air India,AI (Direct),3:00 PM,5:55 PM,175,2 hr 55 min,Economy,9487.0,5684.15,2674.9,710.0,417.95,0.0,3802.85,True,0,Non-Stop,6b77c379e49e
SCR_GF_1789324368_021,2026-09-14 00:02:41,2026-09-21,7,google_flights,DEL,BLR,DEL-BLR,DEL,BLR,Air India,Air India,AI (Direct),6:30 AM,9:25 AM,175,2 hr 55 min,Economy,9565.0,5734.67,2698.66,710.0,421.67,0.0,3830.33,True,0,Non-Stop,5f64e2ba84ac
SCR_GF_1789324369_022,2026-09-14 00:02:41,2026-09-21,7,google_flights,DEL,BLR,DEL-BLR,DEL,BLR,IndiGo,IndiGo,6E (Direct),5:45 AM,8:40 AM,175,2 hr 55 min,Economy,9666.0,5800.08,2729.44,710.0,426.48,0.0,3865.92,True,0,Non-Stop,7cf9071dbc34
SCR_GF_1789324369_023,2026-09-14 00:02:41,2026-09-21,7,google_flights,DEL,BLR,DEL-BLR,DEL,BLR,IndiGo,IndiGo,6E (Direct),3:45 PM,6:40 PM,175,2 hr 55 min,Economy,9666.0,5800.08,2729.44,710.0,426.48,0.0,3865.92,True,0,Non-Stop,5c09b51d738e
SCR_GF_1789324369_024,2026-09-14 00:02:41,2026-09-21,7,google_flights,DEL,BLR,DEL-BLR,DEL,BLR,Air India,Air India,AI (Direct),8:30 AM,11:20 AM,170,2 hr 50 min,Economy,9828.0,5904.99,2778.82,710.0,434.19,0.0,3923.01,True,0,Non-Stop,d66fc3dde810
SCR_GF_1789324369_025,2026-09-14 00:02:41,2026-09-21,7,google_flights,DEL,BLR,DEL-BLR,DEL,BLR,Air India,Air India,AI (Direct),6:00 AM,8:55 AM,175,2 hr 55 min,Economy,9912.0,5959.39,2804.42,710.0,438.19,0.0,3952.61,True,0,Non-Stop,72c87371dbc8
SCR_GF_1789324369_026,2026-09-14 00:02:41,2026-09-21,7,google_flights,DEL,BLR,DEL-BLR,DEL,BLR,Akasa Air,Akasa Air,QP (Direct),4:40 PM,7:40 PM,180,3 hr,Economy,10030.0,6035.81,2840.38,710.0,443.81,0.0,3994.19,True,0,Non-Stop,a1c9ab84f2c5
SCR_GF_1789324369_027,2026-09-14 00:02:41,2026-09-21,7,google_flights,DEL,BLR,DEL-BLR,DEL,BLR,Air India,Air India,AI (Direct),4:30 AM,7:20 AM,170,2 hr 50 min,Economy,10075.0,6064.95,2854.1,710.0,445.95,0.0,4010.05,True,0,Non-Stop,31532152b6ab
SCR_GF_1789324369_028,2026-09-14 00:02:41,2026-09-21,7,google_flights,DEL,BLR,DEL-BLR,DEL,BLR,IndiGo,IndiGo,6E (Direct),3:00 AM,5:55 AM,175,2 hr 55 min,Economy,10180.0,6132.95,2886.1,710.0,450.95,0.0,4047.05,True,0,Non-Stop,ae21a174dd38
SCR_GF_1789324369_029,2026-09-14 00:02:41,2026-09-21,7,google_flights,DEL,BLR,DEL-BLR,DEL,BLR,IndiGo,IndiGo,6E (Direct),7:05 AM,10:00 AM,175,2 hr 55 min,Economy,10180.0,6132.95,2886.1,710.0,450.95,0.0,4047.05,True,0,Non-Stop,63e0721d6e2a
SCR_GF_1789324370_030,2026-09-14 00:02:41,2026-09-21,7,google_flights,DEL,BLR,DEL-BLR,DEL,BLR,IndiGo,IndiGo,6E (Direct),10:45 AM,1:40 PM,175,2 hr 55 min,Economy,10180.0,6132.95,2886.1,710.0,450.95,0.0,4047.05,True,0,Non-Stop,bd0002bb0081
SCR_GF_1789324370_031,2026-09-14 00:02:41,2026-09-21,7,google_flights,DEL,BLR,DEL-BLR,DEL,BLR,IndiGo,IndiGo,6E (Direct),12:20 PM,3:20 PM,180,3 hr,Economy,10180.0,6132.95,2886.1,710.0,450.95,0.0,4047.05,True,0,Non-Stop,ca5a5701eb7f
SCR_GF_1789324370_032,2026-09-14 00:02:41,2026-09-21,7,google_flights,DEL,BLR,DEL-BLR,DEL,BLR,IndiGo,IndiGo,6E (Direct),1:15 PM,4:10 PM,175,2 hr 55 min,Economy,10180.0,6132.95,2886.1,710.0,450.95,0.0,4047.05,True,0,Non-Stop,b06957479b2e
SCR_GF_1789324370_033,2026-09-14 00:02:41,2026-09-21,7,google_flights,DEL,BLR,DEL-BLR,DEL,BLR,IndiGo,IndiGo,6E (Direct),2:30 PM,5:25 PM,175,2 hr 55 min,Economy,10180.0,6132.95,2886.1,710.0,450.95,0.0,4047.05,True,0,Non-Stop,30cbe1cfc4b0
SCR_GF_1789324370_034,2026-09-14 00:02:41,2026-09-21,7,google_flights,DEL,BLR,DEL-BLR,DEL,BLR,Air India,Air India,AI (Direct),10:30 AM,1:20 PM,170,2 hr 50 min,Economy,10526.0,6357.03,2991.54,710.0,467.43,0.0,4168.97,True,0,Non-Stop,09446b749746
SCR_GF_1789324370_035,2026-09-14 00:02:41,2026-09-21,7,google_flights,DEL,BLR,DEL-BLR,DEL,BLR,Air India,Air India,AI (Direct),1:00 PM,3:55 PM,175,2 hr 55 min,Economy,10615.0,6414.67,3018.66,710.0,471.67,0.0,4200.33,True,0,Non-Stop,b6b152eda884
SCR_GF_1789324370_036,2026-09-14 00:02:41,2026-09-21,7,google_flights,DEL,BLR,DEL-BLR,DEL,BLR,IndiGo,IndiGo,6E (Direct),9:30 AM,12:25 PM,175,2 hr 55 min,Economy,10727.0,6487.2,3052.8,710.0,477.0,0.0,4239.8,True,0,Non-Stop,2147cbd4d5c2
SCR_GF_1789324370_037,2026-09-14 00:02:41,2026-09-21,7,google_flights,DEL,BLR,DEL-BLR,DEL,BLR,Air India,Air India,AI (Direct),9:30 AM,12:25 PM,175,2 hr 55 min,Economy,10909.0,6605.07,3108.26,710.0,485.67,0.0,4303.93,True,0,Non-Stop,540f4177a778
SCR_GF_1789324371_038,2026-09-14 00:02:41,2026-09-21,7,google_flights,DEL,BLR,DEL-BLR,DEL,BLR,IndiGo,IndiGo,6E (Direct),8:20 AM,11:10 AM,170,2 hr 50 min,Economy,11309.0,6864.11,3230.18,710.0,504.71,0.0,4444.89,True,0,Non-Stop,08d40b9bbf12
SCR_GF_1789324371_039,2026-09-14 00:02:41,2026-09-21,7,google_flights,DEL,BLR,DEL-BLR,DEL,BLR,IndiGo,IndiGo,6E (Direct),10:00,12:55,175,2 hr 55 min,Economy,8724.0,5190.02,2442.36,710.0,381.62,0.0,3533.98,True,0,Non-Stop,76a7d21ac871
SCR_GF_1789324371_040,2026-09-14 00:02:41,2026-09-21,7,google_flights,DEL,BLR,DEL-BLR,DEL,BLR,IndiGo,IndiGo,6E (Direct),7:00,9:55,175,2 hr 55 min,Economy,8725.0,5190.67,2442.66,710.0,381.67,0.0,3534.33,True,0,Non-Stop,95eba3130d0c
SCR_GF_1789324371_041,2026-09-14 00:02:41,2026-09-21,7,google_flights,DEL,BLR,DEL-BLR,DEL,BLR,IndiGo,IndiGo,6E (Direct),10:55,1:45,170,2 hr 50 min,Economy,9179.0,5484.69,2581.02,710.0,403.29,0.0,3694.31,True,0,Non-Stop,d2142e9419a3
SCR_GF_1789324371_042,2026-09-14 00:02:41,2026-09-21,7,google_flights,DEL,BLR,DEL-BLR,DEL,BLR,IndiGo,IndiGo,6E (Direct),8:45,11:40,175,2 hr 55 min,Economy,8724.0,5190.02,2442.36,710.0,381.62,0.0,3533.98,True,0,Non-Stop,9ebb013dadd5
SCR_GF_1789324371_043,2026-09-14 00:02:41,2026-09-21,7,google_flights,DEL,BLR,DEL-BLR,DEL,BLR,IndiGo,IndiGo,6E (Direct),11:30,2:25,175,2 hr 55 min,Economy,8724.0,5190.02,2442.36,710.0,381.62,0.0,3533.98,True,0,Non-Stop,4e1693be164b
SCR_GF_1789324372_044,2026-09-14 00:02:41,2026-09-21,7,google_flights,DEL,BLR,DEL-BLR,DEL,BLR,IndiGo,IndiGo,6E (Direct),7:30,10:20,170,2 hr 50 min,Economy,8725.0,5190.67,2442.66,710.0,381.67,0.0,3534.33,True,0,Non-Stop,8833ec09b2a8
SCR_GF_1789324372_045,2026-09-14 00:02:41,2026-09-21,7,google_flights,DEL,BLR,DEL-BLR,DEL,BLR,IndiGo,IndiGo,6E (Direct),9:30,12:25,175,2 hr 55 min,Economy,8725.0,5190.67,2442.66,710.0,381.67,0.0,3534.33,True,0,Non-Stop,c863abe78a8e
SCR_GF_1789324372_046,2026-09-14 00:02:41,2026-09-21,7,google_flights,DEL,BLR,DEL-BLR,DEL,BLR,IndiGo,IndiGo,6E (Direct),9:00,11:55,175,2 hr 55 min,Economy,8909.0,5309.83,2498.74,710.0,390.43,0.0,3599.17,True,0,Non-Stop,09f579014df7
SCR_GF_1789324372_047,2026-09-14 00:02:41,2026-09-21,7,google_flights,DEL,BLR,DEL-BLR,DEL,BLR,IndiGo,IndiGo,6E (Direct),6:20,9:15,175,2 hr 55 min,Economy,9173.0,5480.8,2579.2,710.0,403.0,0.0,3692.2,True,0,Non-Stop,e4dab388099a
SCR_GF_1789324372_048,2026-09-14 00:02:41,2026-09-21,7,google_flights,DEL,BLR,DEL-BLR,DEL,BLR,IndiGo,IndiGo,6E (Direct),8:10,11:10,180,3 hr,Economy,9179.0,5484.69,2581.02,710.0,403.29,0.0,3694.31,True,0,Non-Stop,35df98572c94
SCR_GF_1789324372_049,2026-09-14 00:02:41,2026-09-21,7,google_flights,DEL,BLR,DEL-BLR,DEL,BLR,IndiGo,IndiGo,6E (Direct),8:55,11:50,175,2 hr 55 min,Economy,9179.0,5484.69,2581.02,710.0,403.29,0.0,3694.31,True,0,Non-Stop,e8bcddb7d5e3
SCR_GF_1789324372_050,2026-09-14 00:02:41,2026-09-21,7,google_flights,DEL,BLR,DEL-BLR,DEL,BLR,IndiGo,IndiGo,6E (Direct),9:55,12:50,175,2 hr 55 min,Economy,9179.0,5484.69,2581.02,710.0,403.29,0.0,3694.31,True,0,Non-Stop,097625318e23
SCR_GF_1789324372_051,2026-09-14 00:02:41,2026-09-21,7,google_flights,DEL,BLR,DEL-BLR,DEL,BLR,IndiGo,IndiGo,6E (Direct),5:00,7:55,175,2 hr 55 min,Economy,9181.0,5485.98,2581.64,710.0,403.38,0.0,3695.02,True,0,Non-Stop,7f10ea5dba14
SCR_GF_1789324373_052,2026-09-14 00:02:41,2026-09-21,7,google_flights,DEL,BLR,DEL-BLR,DEL,BLR,IndiGo,IndiGo,6E (Direct),6:20,9:10,170,2 hr 50 min,Economy,9181.0,5485.98,2581.64,710.0,403.38,0.0,3695.02,True,0,Non-Stop,769f39cf4e2c
SCR_GF_1789324373_053,2026-09-14 00:02:41,2026-09-21,7,google_flights,DEL,BLR,DEL-BLR,DEL,BLR,IndiGo,IndiGo,6E (Direct),7:30,10:25,175,2 hr 55 min,Economy,9181.0,5485.98,2581.64,710.0,403.38,0.0,3695.02,True,0,Non-Stop,b93438a6bf50
SCR_GF_1789324373_054,2026-09-14 00:02:41,2026-09-21,7,google_flights,DEL,BLR,DEL-BLR,DEL,BLR,IndiGo,IndiGo,6E (Direct),3:50,6:45,175,2 hr 55 min,Economy,9182.0,5486.63,2581.94,710.0,403.43,0.0,3695.37,True,0,Non-Stop,f82523338e05
SCR_GF_1789324373_055,2026-09-14 00:02:41,2026-09-21,7,google_flights,DEL,BLR,DEL-BLR,DEL,BLR,IndiGo,IndiGo,6E (Direct),4:30,7:15,165,2 hr 45 min,Economy,9182.0,5486.63,2581.94,710.0,403.43,0.0,3695.37,True,0,Non-Stop,cd86c52c9c1e
SCR_GF_1789324373_056,2026-09-14 00:02:41,2026-09-21,7,google_flights,DEL,BLR,DEL-BLR,DEL,BLR,IndiGo,IndiGo,6E (Direct),6:30,9:25,175,2 hr 55 min,Economy,9182.0,5486.63,2581.94,710.0,403.43,0.0,3695.37,True,0,Non-Stop,e0837e9b78bb
SCR_GF_1789324373_057,2026-09-14 00:02:41,2026-09-21,7,google_flights,DEL,BLR,DEL-BLR,DEL,BLR,IndiGo,IndiGo,6E (Direct),7:00,9:55,175,2 hr 55 min,Economy,9334.0,5585.07,2628.26,710.0,410.67,0.0,3748.93,True,0,Non-Stop,3546bb7a1669
SCR_GF_1789324373_058,2026-09-14 00:02:41,2026-09-21,7,google_flights,DEL,BLR,DEL-BLR,DEL,BLR,IndiGo,IndiGo,6E (Direct),3:00,5:55,175,2 hr 55 min,Economy,9487.0,5684.15,2674.9,710.0,417.95,0.0,3802.85,True,0,Non-Stop,b916e7e93dfd
SCR_GF_1789324373_059,2026-09-14 00:02:41,2026-09-21,7,google_flights,DEL,BLR,DEL-BLR,DEL,BLR,IndiGo,IndiGo,6E (Direct),6:30,9:25,175,2 hr 55 min,Economy,9565.0,5734.67,2698.66,710.0,421.67,0.0,3830.33,True,0,Non-Stop,0adbd001df18
SCR_GF_1789324373_060,2026-09-14 00:02:41,2026-09-21,7,google_flights,DEL,BLR,DEL-BLR,DEL,BLR,IndiGo,IndiGo,6E (Direct),5:45,8:40,175,2 hr 55 min,Economy,9666.0,5800.08,2729.44,710.0,426.48,0.0,3865.92,True,0,Non-Stop,380678651c3d
SCR_GF_1789324374_061,2026-09-14 00:02:41,2026-09-21,7,google_flights,DEL,BLR,DEL-BLR,DEL,BLR,IndiGo,IndiGo,6E (Direct),3:45,6:40,175,2 hr 55 min,Economy,9666.0,5800.08,2729.44,710.0,426.48,0.0,3865.92,True,0,Non-Stop,73a54f70433e
SCR_GF_1789324374_062,2026-09-14 00:02:41,2026-09-21,7,google_flights,DEL,BLR,DEL-BLR,DEL,BLR,IndiGo,IndiGo,6E (Direct),8:30,11:20,170,2 hr 50 min,Economy,9828.0,5904.99,2778.82,710.0,434.19,0.0,3923.01,True,0,Non-Stop,49a6ecb1d4c4
SCR_GF_1789324374_063,2026-09-14 00:02:41,2026-09-21,7,google_flights,DEL,BLR,DEL-BLR,DEL,BLR,IndiGo,IndiGo,6E (Direct),6:00,8:55,175,2 hr 55 min,Economy,9912.0,5959.39,2804.42,710.0,438.19,0.0,3952.61,True,0,Non-Stop,db6cc5250fdc
SCR_GF_1789324374_064,2026-09-14 00:02:41,2026-09-21,7,google_flights,DEL,BLR,DEL-BLR,DEL,BLR,IndiGo,IndiGo,6E (Direct),4:40,7:40,180,3 hr,Economy,10030.0,6035.81,2840.38,710.0,443.81,0.0,3994.19,True,0,Non-Stop,81421a667187
SCR_GF_1789324374_065,2026-09-14 00:02:41,2026-09-21,7,google_flights,DEL,BLR,DEL-BLR,DEL,BLR,IndiGo,IndiGo,6E (Direct),4:30,7:20,170,2 hr 50 min,Economy,10075.0,6064.95,2854.1,710.0,445.95,0.0,4010.05,True,0,Non-Stop,1330ba49b86c
SCR_GF_1789324374_066,2026-09-14 00:02:41,2026-09-21,7,google_flights,DEL,BLR,DEL-BLR,DEL,BLR,IndiGo,IndiGo,6E (Direct),3:00,5:55,175,2 hr 55 min,Economy,10180.0,6132.95,2886.1,710.0,450.95,0.0,4047.05,True,0,Non-Stop,759652f1f40c
SCR_GF_1789324374_067,2026-09-14 00:02:41,2026-09-21,7,google_flights,DEL,BLR,DEL-BLR,DEL,BLR,IndiGo,IndiGo,6E (Direct),7:05,10:00,175,2 hr 55 min,Economy,10180.0,6132.95,2886.1,710.0,450.95,0.0,4047.05,True,0,Non-Stop,fdd6566b4326
SCR_GF_1789324374_068,2026-09-14 00:02:41,2026-09-21,7,google_flights,DEL,BLR,DEL-BLR,DEL,BLR,IndiGo,IndiGo,6E (Direct),10:45,1:40,175,2 hr 55 min,Economy,10180.0,6132.95,2886.1,710.0,450.95,0.0,4047.05,True,0,Non-Stop,150d5910b225
SCR_GF_1789324374_069,2026-09-14 00:02:41,2026-09-21,7,google_flights,DEL,BLR,DEL-BLR,DEL,BLR,IndiGo,IndiGo,6E (Direct),12:20,3:20,180,3 hr,Economy,10180.0,6132.95,2886.1,710.0,450.95,0.0,4047.05,True,0,Non-Stop,e97bd0a060bd
SCR_GF_1789324375_070,2026-09-14 00:02:41,2026-09-21,7,google_flights,DEL,BLR,DEL-BLR,DEL,BLR,IndiGo,IndiGo,6E (Direct),1:15,4:10,175,2 hr 55 min,Economy,10180.0,6132.95,2886.1,710.0,450.95,0.0,4047.05,True,0,Non-Stop,1a8aab6e20a2
SCR_GF_1789324375_071,2026-09-14 00:02:41,2026-09-21,7,google_flights,DEL,BLR,DEL-BLR,DEL,BLR,IndiGo,IndiGo,6E (Direct),2:30,5:25,175,2 hr 55 min,Economy,10180.0,6132.95,2886.1,710.0,450.95,0.0,4047.05,True,0,Non-Stop,576dcfde37cc
SCR_GF_1789324375_072,2026-09-14 00:02:41,2026-09-21,7,google_flights,DEL,BLR,DEL-BLR,DEL,BLR,IndiGo,IndiGo,6E (Direct),10:30,1:20,170,2 hr 50 min,Economy,10526.0,6357.03,2991.54,710.0,467.43,0.0,4168.97,True,0,Non-Stop,a884687b68c2
SCR_GF_1789324375_073,2026-09-14 00:02:41,2026-09-21,7,google_flights,DEL,BLR,DEL-BLR,DEL,BLR,IndiGo,IndiGo,6E (Direct),1:00,3:55,175,2 hr 55 min,Economy,10615.0,6414.67,3018.66,710.0,471.67,0.0,4200.33,True,0,Non-Stop,e89a88b5ebc1
SCR_GF_1789324375_074,2026-09-14 00:02:41,2026-09-21,7,google_flights,DEL,BLR,DEL-BLR,DEL,BLR,IndiGo,IndiGo,6E (Direct),9:30,12:25,175,2 hr 55 min,Economy,10727.0,6487.2,3052.8,710.0,477.0,0.0,4239.8,True,0,Non-Stop,d5d9337196f2
SCR_GF_1789324375_075,2026-09-14 00:02:41,2026-09-21,7,google_flights,DEL,BLR,DEL-BLR,DEL,BLR,IndiGo,IndiGo,6E (Direct),9:30,12:25,175,2 hr 55 min,Economy,10909.0,6605.07,3108.26,710.0,485.67,0.0,4303.93,True,0,Non-Stop,5209a301b312
SCR_GF_1789324375_076,2026-09-14 00:02:41,2026-09-21,7,google_flights,DEL,BLR,DEL-BLR,DEL,BLR,IndiGo,IndiGo,6E (Direct),8:20,11:10,170,2 hr 50 min,Economy,11309.0,6864.11,3230.18,710.0,504.71,0.0,4444.89,True,0,Non-Stop,5eb4c06f4dba
SCR_GF_1789324381_001,2026-09-14 00:02:55,2026-09-29,15,google_flights,DEL,BLR,DEL-BLR,DEL,BLR,IndiGo,IndiGo,6E (Direct),8:45 PM,11:40 PM,175,2 hr 55 min,Economy,8724.0,5190.02,2442.36,710.0,381.62,0.0,3533.98,True,0,Non-Stop,b35782f2c30f
SCR_GF_1789324381_002,2026-09-14 00:02:55,2026-09-29,15,google_flights,DEL,BLR,DEL-BLR,DEL,BLR,Air India,Air India,AI (Direct),9:30 AM,12:25 PM,175,2 hr 55 min,Economy,8725.0,5190.67,2442.66,710.0,381.67,0.0,3534.33,True,0,Non-Stop,9e80c26ac02b
SCR_GF_1789324381_003,2026-09-14 00:02:55,2026-09-29,15,google_flights,DEL,BLR,DEL-BLR,DEL,BLR,Akasa Air,Akasa Air,QP (Direct),10:55 PM,1:45 AM,170,2 hr 50 min,Economy,9179.0,5484.69,2581.02,710.0,403.29,0.0,3694.31,True,0,Non-Stop,fa73c1a69661
SCR_GF_1789324381_004,2026-09-14 00:02:55,2026-09-29,15,google_flights,DEL,BLR,DEL-BLR,DEL,BLR,IndiGo,IndiGo,6E (Direct),7:05 AM,10:00 AM,175,2 hr 55 min,Economy,8724.0,5190.02,2442.36,710.0,381.62,0.0,3533.98,True,0,Non-Stop,8afccab6a63d
SCR_GF_1789324381_005,2026-09-14 00:02:55,2026-09-29,15,google_flights,DEL,BLR,DEL-BLR,DEL,BLR,IndiGo,IndiGo,6E (Direct),8:20 AM,11:10 AM,170,2 hr 50 min,Economy,8724.0,5190.02,2442.36,710.0,381.62,0.0,3533.98,True,0,Non-Stop,0ca4f1db0d87
SCR_GF_1789324381_006,2026-09-14 00:02:55,2026-09-29,15,google_flights,DEL,BLR,DEL-BLR,DEL,BLR,IndiGo,IndiGo,6E (Direct),9:30 AM,12:25 PM,175,2 hr 55 min,Economy,8724.0,5190.02,2442.36,710.0,381.62,0.0,3533.98,True,0,Non-Stop,8f8a0f5ea1a4
SCR_GF_1789324381_007,2026-09-14 00:02:55,2026-09-29,15,google_flights,DEL,BLR,DEL-BLR,DEL,BLR,Air India,Air India,AI (Direct),12:15 AM,3:10 AM,175,2 hr 55 min,Economy,8725.0,5190.67,2442.66,710.0,381.67,0.0,3534.33,True,0,Non-Stop,e4063807d5ae
SCR_GF_1789324382_008,2026-09-14 00:02:55,2026-09-29,15,google_flights,DEL,BLR,DEL-BLR,DEL,BLR,Air India,Air India,AI (Direct),4:30 AM,7:20 AM,170,2 hr 50 min,Economy,8725.0,5190.67,2442.66,710.0,381.67,0.0,3534.33,True,0,Non-Stop,3d520f39ffbb
SCR_GF_1789324382_009,2026-09-14 00:02:55,2026-09-29,15,google_flights,DEL,BLR,DEL-BLR,DEL,BLR,Air India,Air India,AI (Direct),6:30 AM,9:25 AM,175,2 hr 55 min,Economy,8725.0,5190.67,2442.66,710.0,381.67,0.0,3534.33,True,0,Non-Stop,8bca3c0712f3
SCR_GF_1789324382_010,2026-09-14 00:02:55,2026-09-29,15,google_flights,DEL,BLR,DEL-BLR,DEL,BLR,Air India,Air India,AI (Direct),7:00 AM,9:55 AM,175,2 hr 55 min,Economy,8725.0,5190.67,2442.66,710.0,381.67,0.0,3534.33,True,0,Non-Stop,08c735b1fe17
SCR_GF_1789324382_011,2026-09-14 00:02:55,2026-09-29,15,google_flights,DEL,BLR,DEL-BLR,DEL,BLR,Air India,Air India,AI (Direct),8:30 AM,11:20 AM,170,2 hr 50 min,Economy,8725.0,5190.67,2442.66,710.0,381.67,0.0,3534.33,True,0,Non-Stop,b8f239b59111
SCR_GF_1789324382_012,2026-09-14 00:02:55,2026-09-29,15,google_flights,DEL,BLR,DEL-BLR,DEL,BLR,Air India Express,Air India Express,IX (Direct),6:20 PM,9:15 PM,175,2 hr 55 min,Economy,8909.0,5309.83,2498.74,710.0,390.43,0.0,3599.17,True,0,Non-Stop,799feea4bed7
SCR_GF_1789324382_013,2026-09-14 00:02:55,2026-09-29,15,google_flights,DEL,BLR,DEL-BLR,DEL,BLR,Akasa Air,Akasa Air,QP (Direct),8:10 PM,11:10 PM,180,3 hr,Economy,9179.0,5484.69,2581.02,710.0,403.29,0.0,3694.31,True,0,Non-Stop,229d4b566db1
SCR_GF_1789324382_014,2026-09-14 00:02:55,2026-09-29,15,google_flights,DEL,BLR,DEL-BLR,DEL,BLR,Akasa Air,Akasa Air,QP (Direct),8:55 PM,11:50 PM,175,2 hr 55 min,Economy,9179.0,5484.69,2581.02,710.0,403.29,0.0,3694.31,True,0,Non-Stop,f1147435e801
SCR_GF_1789324383_015,2026-09-14 00:02:55,2026-09-29,15,google_flights,DEL,BLR,DEL-BLR,DEL,BLR,Akasa Air,Akasa Air,QP (Direct),9:55 PM,12:50 AM,175,2 hr 55 min,Economy,9179.0,5484.69,2581.02,710.0,403.29,0.0,3694.31,True,0,Non-Stop,66653a2a4484
SCR_GF_1789324383_016,2026-09-14 00:02:55,2026-09-29,15,google_flights,DEL,BLR,DEL-BLR,DEL,BLR,IndiGo,IndiGo,6E (Direct),5:45 AM,8:40 AM,175,2 hr 55 min,Economy,9181.0,5485.98,2581.64,710.0,403.38,0.0,3695.02,True,0,Non-Stop,4cbba0e4e08b
SCR_GF_1789324383_017,2026-09-14 00:02:55,2026-09-29,15,google_flights,DEL,BLR,DEL-BLR,DEL,BLR,IndiGo,IndiGo,6E (Direct),10:45 AM,1:40 PM,175,2 hr 55 min,Economy,9181.0,5485.98,2581.64,710.0,403.38,0.0,3695.02,True,0,Non-Stop,146f829d8f7d
SCR_GF_1789324383_018,2026-09-14 00:02:55,2026-09-29,15,google_flights,DEL,BLR,DEL-BLR,DEL,BLR,IndiGo,IndiGo,6E (Direct),3:45 PM,6:40 PM,175,2 hr 55 min,Economy,9181.0,5485.98,2581.64,710.0,403.38,0.0,3695.02,True,0,Non-Stop,bc622a0446f9
SCR_GF_1789324383_019,2026-09-14 00:02:55,2026-09-29,15,google_flights,DEL,BLR,DEL-BLR,DEL,BLR,IndiGo,IndiGo,6E (Direct),5:00 PM,7:55 PM,175,2 hr 55 min,Economy,9181.0,5485.98,2581.64,710.0,403.38,0.0,3695.02,True,0,Non-Stop,03a4fd7a6c46
SCR_GF_1789324383_020,2026-09-14 00:02:55,2026-09-29,15,google_flights,DEL,BLR,DEL-BLR,DEL,BLR,IndiGo,IndiGo,6E (Direct),6:20 PM,9:10 PM,170,2 hr 50 min,Economy,9181.0,5485.98,2581.64,710.0,403.38,0.0,3695.02,True,0,Non-Stop,e2ff97e1b2d2
SCR_GF_1789324383_021,2026-09-14 00:02:55,2026-09-29,15,google_flights,DEL,BLR,DEL-BLR,DEL,BLR,IndiGo,IndiGo,6E (Direct),10:00 PM,12:55 AM,175,2 hr 55 min,Economy,9181.0,5485.98,2581.64,710.0,403.38,0.0,3695.02,True,0,Non-Stop,a5daa4f38b32
SCR_GF_1789324383_022,2026-09-14 00:02:55,2026-09-29,15,google_flights,DEL,BLR,DEL-BLR,DEL,BLR,IndiGo,IndiGo,6E (Direct),11:30 PM,2:25 AM,175,2 hr 55 min,Economy,9181.0,5485.98,2581.64,710.0,403.38,0.0,3695.02,True,0,Non-Stop,58da70c19019
SCR_GF_1789324383_023,2026-09-14 00:02:55,2026-09-29,15,google_flights,DEL,BLR,DEL-BLR,DEL,BLR,Air India,Air India,AI (Direct),6:00 AM,8:55 AM,175,2 hr 55 min,Economy,9182.0,5486.63,2581.94,710.0,403.43,0.0,3695.37,True,0,Non-Stop,92c2e5c5585c
SCR_GF_1789324384_024,2026-09-14 00:02:55,2026-09-29,15,google_flights,DEL,BLR,DEL-BLR,DEL,BLR,Air India,Air India,AI (Direct),10:30 AM,1:20 PM,170,2 hr 50 min,Economy,9182.0,5486.63,2581.94,710.0,403.43,0.0,3695.37,True,0,Non-Stop,1dd3488f9e78
SCR_GF_1789324384_025,2026-09-14 00:02:55,2026-09-29,15,google_flights,DEL,BLR,DEL-BLR,DEL,BLR,Air India,Air India,AI (Direct),3:50 PM,6:45 PM,175,2 hr 55 min,Economy,9182.0,5486.63,2581.94,710.0,403.43,0.0,3695.37,True,0,Non-Stop,784d6be886d7
SCR_GF_1789324384_026,2026-09-14 00:02:55,2026-09-29,15,google_flights,DEL,BLR,DEL-BLR,DEL,BLR,Air India,Air India,AI (Direct),4:30 PM,7:15 PM,165,2 hr 45 min,Economy,9182.0,5486.63,2581.94,710.0,403.43,0.0,3695.37,True,0,Non-Stop,0b30b7006d34
SCR_GF_1789324384_027,2026-09-14 00:02:55,2026-09-29,15,google_flights,DEL,BLR,DEL-BLR,DEL,BLR,Air India,Air India,AI (Direct),6:30 PM,9:25 PM,175,2 hr 55 min,Economy,9182.0,5486.63,2581.94,710.0,403.43,0.0,3695.37,True,0,Non-Stop,8b2f2abc5d04
SCR_GF_1789324384_028,2026-09-14 00:02:55,2026-09-29,15,google_flights,DEL,BLR,DEL-BLR,DEL,BLR,Air India,Air India,AI (Direct),7:00 PM,9:55 PM,175,2 hr 55 min,Economy,9182.0,5486.63,2581.94,710.0,403.43,0.0,3695.37,True,0,Non-Stop,683f6053542d
SCR_GF_1789324384_029,2026-09-14 00:02:55,2026-09-29,15,google_flights,DEL,BLR,DEL-BLR,DEL,BLR,Air India,Air India,AI (Direct),7:30 PM,10:20 PM,170,2 hr 50 min,Economy,9182.0,5486.63,2581.94,710.0,403.43,0.0,3695.37,True,0,Non-Stop,d8e139a280f6
SCR_GF_1789324384_030,2026-09-14 00:02:55,2026-09-29,15,google_flights,DEL,BLR,DEL-BLR,DEL,BLR,Air India,Air India,AI (Direct),9:30 PM,12:25 AM,175,2 hr 55 min,Economy,9182.0,5486.63,2581.94,710.0,403.43,0.0,3695.37,True,0,Non-Stop,2e4f421df9d3
SCR_GF_1789324384_031,2026-09-14 00:02:55,2026-09-29,15,google_flights,DEL,BLR,DEL-BLR,DEL,BLR,Air India,Air India,AI (Direct),3:00 PM,5:55 PM,175,2 hr 55 min,Economy,9334.0,5585.07,2628.26,710.0,410.67,0.0,3748.93,True,0,Non-Stop,ebbee60553dc
SCR_GF_1789324384_032,2026-09-14 00:02:55,2026-09-29,15,google_flights,DEL,BLR,DEL-BLR,DEL,BLR,IndiGo,IndiGo,6E (Direct),12:20 PM,3:20 PM,180,3 hr,Economy,9666.0,5800.08,2729.44,710.0,426.48,0.0,3865.92,True,0,Non-Stop,c2726003f3b9
SCR_GF_1789324385_033,2026-09-14 00:02:55,2026-09-29,15,google_flights,DEL,BLR,DEL-BLR,DEL,BLR,IndiGo,IndiGo,6E (Direct),2:30 PM,5:25 PM,175,2 hr 55 min,Economy,9666.0,5800.08,2729.44,710.0,426.48,0.0,3865.92,True,0,Non-Stop,3baba3fddda2
SCR_GF_1789324385_034,2026-09-14 00:02:55,2026-09-29,15,google_flights,DEL,BLR,DEL-BLR,DEL,BLR,IndiGo,IndiGo,6E (Direct),7:30 PM,10:25 PM,175,2 hr 55 min,Economy,9666.0,5800.08,2729.44,710.0,426.48,0.0,3865.92,True,0,Non-Stop,480d0abb9499
SCR_GF_1789324385_035,2026-09-14 00:02:55,2026-09-29,15,google_flights,DEL,BLR,DEL-BLR,DEL,BLR,Air India,Air India,AI (Direct),1:00 PM,3:55 PM,175,2 hr 55 min,Economy,9828.0,5904.99,2778.82,710.0,434.19,0.0,3923.01,True,0,Non-Stop,9f9ffa048b8d
SCR_GF_1789324385_036,2026-09-14 00:02:55,2026-09-29,15,google_flights,DEL,BLR,DEL-BLR,DEL,BLR,IndiGo,IndiGo,6E (Direct),3:00 AM,5:55 AM,175,2 hr 55 min,Economy,11925.0,7263.05,3417.9,710.0,534.05,0.0,4661.95,True,0,Non-Stop,60547ba6886d
SCR_GF_1789324385_037,2026-09-14 00:02:55,2026-09-29,15,google_flights,DEL,BLR,DEL-BLR,DEL,BLR,IndiGo,IndiGo,6E (Direct),8:45,11:40,175,2 hr 55 min,Economy,8724.0,5190.02,2442.36,710.0,381.62,0.0,3533.98,True,0,Non-Stop,bd6f4881813c
SCR_GF_1789324385_038,2026-09-14 00:02:55,2026-09-29,15,google_flights,DEL,BLR,DEL-BLR,DEL,BLR,IndiGo,IndiGo,6E (Direct),9:30,12:25,175,2 hr 55 min,Economy,8725.0,5190.67,2442.66,710.0,381.67,0.0,3534.33,True,0,Non-Stop,2442b4b5564b
SCR_GF_1789324385_039,2026-09-14 00:02:55,2026-09-29,15,google_flights,DEL,BLR,DEL-BLR,DEL,BLR,IndiGo,IndiGo,6E (Direct),10:55,1:45,170,2 hr 50 min,Economy,9179.0,5484.69,2581.02,710.0,403.29,0.0,3694.31,True,0,Non-Stop,e2f8030af9e3
SCR_GF_1789324385_040,2026-09-14 00:02:55,2026-09-29,15,google_flights,DEL,BLR,DEL-BLR,DEL,BLR,IndiGo,IndiGo,6E (Direct),7:05,10:00,175,2 hr 55 min,Economy,8724.0,5190.02,2442.36,710.0,381.62,0.0,3533.98,True,0,Non-Stop,0366ced895c1
SCR_GF_1789324385_041,2026-09-14 00:02:55,2026-09-29,15,google_flights,DEL,BLR,DEL-BLR,DEL,BLR,IndiGo,IndiGo,6E (Direct),8:20,11:10,170,2 hr 50 min,Economy,8724.0,5190.02,2442.36,710.0,381.62,0.0,3533.98,True,0,Non-Stop,3475c6b4f710
SCR_GF_1789324386_042,2026-09-14 00:02:55,2026-09-29,15,google_flights,DEL,BLR,DEL-BLR,DEL,BLR,IndiGo,IndiGo,6E (Direct),9:30,12:25,175,2 hr 55 min,Economy,8724.0,5190.02,2442.36,710.0,381.62,0.0,3533.98,True,0,Non-Stop,122e9772eec7
SCR_GF_1789324386_043,2026-09-14 00:02:55,2026-09-29,15,google_flights,DEL,BLR,DEL-BLR,DEL,BLR,IndiGo,IndiGo,6E (Direct),12:15,3:10,175,2 hr 55 min,Economy,8725.0,5190.67,2442.66,710.0,381.67,0.0,3534.33,True,0,Non-Stop,15069b371d37
SCR_GF_1789324386_044,2026-09-14 00:02:55,2026-09-29,15,google_flights,DEL,BLR,DEL-BLR,DEL,BLR,IndiGo,IndiGo,6E (Direct),4:30,7:20,170,2 hr 50 min,Economy,8725.0,5190.67,2442.66,710.0,381.67,0.0,3534.33,True,0,Non-Stop,8bc453fd7cf8
SCR_GF_1789324386_045,2026-09-14 00:02:55,2026-09-29,15,google_flights,DEL,BLR,DEL-BLR,DEL,BLR,IndiGo,IndiGo,6E (Direct),6:30,9:25,175,2 hr 55 min,Economy,8725.0,5190.67,2442.66,710.0,381.67,0.0,3534.33,True,0,Non-Stop,8a74675fe86e
SCR_GF_1789324386_046,2026-09-14 00:02:55,2026-09-29,15,google_flights,DEL,BLR,DEL-BLR,DEL,BLR,IndiGo,IndiGo,6E (Direct),7:00,9:55,175,2 hr 55 min,Economy,8725.0,5190.67,2442.66,710.0,381.67,0.0,3534.33,True,0,Non-Stop,3348c23e462d
SCR_GF_1789324386_047,2026-09-14 00:02:55,2026-09-29,15,google_flights,DEL,BLR,DEL-BLR,DEL,BLR,IndiGo,IndiGo,6E (Direct),8:30,11:20,170,2 hr 50 min,Economy,8725.0,5190.67,2442.66,710.0,381.67,0.0,3534.33,True,0,Non-Stop,a62a7c3eb2b6
SCR_GF_1789324386_048,2026-09-14 00:02:55,2026-09-29,15,google_flights,DEL,BLR,DEL-BLR,DEL,BLR,IndiGo,IndiGo,6E (Direct),6:20,9:15,175,2 hr 55 min,Economy,8909.0,5309.83,2498.74,710.0,390.43,0.0,3599.17,True,0,Non-Stop,538e92463b08
SCR_GF_1789324386_049,2026-09-14 00:02:55,2026-09-29,15,google_flights,DEL,BLR,DEL-BLR,DEL,BLR,IndiGo,IndiGo,6E (Direct),8:10,11:10,180,3 hr,Economy,9179.0,5484.69,2581.02,710.0,403.29,0.0,3694.31,True,0,Non-Stop,5386b47e800f
SCR_GF_1789324387_050,2026-09-14 00:02:55,2026-09-29,15,google_flights,DEL,BLR,DEL-BLR,DEL,BLR,IndiGo,IndiGo,6E (Direct),8:55,11:50,175,2 hr 55 min,Economy,9179.0,5484.69,2581.02,710.0,403.29,0.0,3694.31,True,0,Non-Stop,06d338cc4c38
SCR_GF_1789324387_051,2026-09-14 00:02:55,2026-09-29,15,google_flights,DEL,BLR,DEL-BLR,DEL,BLR,IndiGo,IndiGo,6E (Direct),9:55,12:50,175,2 hr 55 min,Economy,9179.0,5484.69,2581.02,710.0,403.29,0.0,3694.31,True,0,Non-Stop,f098ec586dea
SCR_GF_1789324387_052,2026-09-14 00:02:55,2026-09-29,15,google_flights,DEL,BLR,DEL-BLR,DEL,BLR,IndiGo,IndiGo,6E (Direct),5:45,8:40,175,2 hr 55 min,Economy,9181.0,5485.98,2581.64,710.0,403.38,0.0,3695.02,True,0,Non-Stop,fd81bb7d4fe1
SCR_GF_1789324387_053,2026-09-14 00:02:55,2026-09-29,15,google_flights,DEL,BLR,DEL-BLR,DEL,BLR,IndiGo,IndiGo,6E (Direct),10:45,1:40,175,2 hr 55 min,Economy,9181.0,5485.98,2581.64,710.0,403.38,0.0,3695.02,True,0,Non-Stop,41a6aecc7104
SCR_GF_1789324387_054,2026-09-14 00:02:55,2026-09-29,15,google_flights,DEL,BLR,DEL-BLR,DEL,BLR,IndiGo,IndiGo,6E (Direct),3:45,6:40,175,2 hr 55 min,Economy,9181.0,5485.98,2581.64,710.0,403.38,0.0,3695.02,True,0,Non-Stop,9bf22e2605be
SCR_GF_1789324387_055,2026-09-14 00:02:55,2026-09-29,15,google_flights,DEL,BLR,DEL-BLR,DEL,BLR,IndiGo,IndiGo,6E (Direct),5:00,7:55,175,2 hr 55 min,Economy,9181.0,5485.98,2581.64,710.0,403.38,0.0,3695.02,True,0,Non-Stop,11745c8ee97a
SCR_GF_1789324387_056,2026-09-14 00:02:55,2026-09-29,15,google_flights,DEL,BLR,DEL-BLR,DEL,BLR,IndiGo,IndiGo,6E (Direct),6:20,9:10,170,2 hr 50 min,Economy,9181.0,5485.98,2581.64,710.0,403.38,0.0,3695.02,True,0,Non-Stop,e9b93c7860de
SCR_GF_1789324388_057,2026-09-14 00:02:55,2026-09-29,15,google_flights,DEL,BLR,DEL-BLR,DEL,BLR,IndiGo,IndiGo,6E (Direct),10:00,12:55,175,2 hr 55 min,Economy,9181.0,5485.98,2581.64,710.0,403.38,0.0,3695.02,True,0,Non-Stop,3861b97d7b7f
SCR_GF_1789324388_058,2026-09-14 00:02:55,2026-09-29,15,google_flights,DEL,BLR,DEL-BLR,DEL,BLR,IndiGo,IndiGo,6E (Direct),11:30,2:25,175,2 hr 55 min,Economy,9181.0,5485.98,2581.64,710.0,403.38,0.0,3695.02,True,0,Non-Stop,a7d64e284503
SCR_GF_1789324388_059,2026-09-14 00:02:55,2026-09-29,15,google_flights,DEL,BLR,DEL-BLR,DEL,BLR,IndiGo,IndiGo,6E (Direct),6:00,8:55,175,2 hr 55 min,Economy,9182.0,5486.63,2581.94,710.0,403.43,0.0,3695.37,True,0,Non-Stop,8bbfca10b6dd
SCR_GF_1789324388_060,2026-09-14 00:02:55,2026-09-29,15,google_flights,DEL,BLR,DEL-BLR,DEL,BLR,IndiGo,IndiGo,6E (Direct),10:30,1:20,170,2 hr 50 min,Economy,9182.0,5486.63,2581.94,710.0,403.43,0.0,3695.37,True,0,Non-Stop,31124139d275
SCR_GF_1789324388_061,2026-09-14 00:02:55,2026-09-29,15,google_flights,DEL,BLR,DEL-BLR,DEL,BLR,IndiGo,IndiGo,6E (Direct),3:50,6:45,175,2 hr 55 min,Economy,9182.0,5486.63,2581.94,710.0,403.43,0.0,3695.37,True,0,Non-Stop,eb060e77463a
SCR_GF_1789324388_062,2026-09-14 00:02:55,2026-09-29,15,google_flights,DEL,BLR,DEL-BLR,DEL,BLR,IndiGo,IndiGo,6E (Direct),4:30,7:15,165,2 hr 45 min,Economy,9182.0,5486.63,2581.94,710.0,403.43,0.0,3695.37,True,0,Non-Stop,6232f876fb8d
SCR_GF_1789324388_063,2026-09-14 00:02:55,2026-09-29,15,google_flights,DEL,BLR,DEL-BLR,DEL,BLR,IndiGo,IndiGo,6E (Direct),6:30,9:25,175,2 hr 55 min,Economy,9182.0,5486.63,2581.94,710.0,403.43,0.0,3695.37,True,0,Non-Stop,18e9b5e5b3c1
SCR_GF_1789324388_064,2026-09-14 00:02:55,2026-09-29,15,google_flights,DEL,BLR,DEL-BLR,DEL,BLR,IndiGo,IndiGo,6E (Direct),7:00,9:55,175,2 hr 55 min,Economy,9182.0,5486.63,2581.94,710.0,403.43,0.0,3695.37,True,0,Non-Stop,4c2203829841
SCR_GF_1789324388_065,2026-09-14 00:02:55,2026-09-29,15,google_flights,DEL,BLR,DEL-BLR,DEL,BLR,IndiGo,IndiGo,6E (Direct),7:30,10:20,170,2 hr 50 min,Economy,9182.0,5486.63,2581.94,710.0,403.43,0.0,3695.37,True,0,Non-Stop,4a46ec16b39f
SCR_GF_1789324388_066,2026-09-14 00:02:55,2026-09-29,15,google_flights,DEL,BLR,DEL-BLR,DEL,BLR,IndiGo,IndiGo,6E (Direct),9:30,12:25,175,2 hr 55 min,Economy,9182.0,5486.63,2581.94,710.0,403.43,0.0,3695.37,True,0,Non-Stop,5b5d79df3a9f
SCR_GF_1789324389_067,2026-09-14 00:02:55,2026-09-29,15,google_flights,DEL,BLR,DEL-BLR,DEL,BLR,IndiGo,IndiGo,6E (Direct),3:00,5:55,175,2 hr 55 min,Economy,9334.0,5585.07,2628.26,710.0,410.67,0.0,3748.93,True,0,Non-Stop,618d2db5f341
SCR_GF_1789324389_068,2026-09-14 00:02:55,2026-09-29,15,google_flights,DEL,BLR,DEL-BLR,DEL,BLR,IndiGo,IndiGo,6E (Direct),12:20,3:20,180,3 hr,Economy,9666.0,5800.08,2729.44,710.0,426.48,0.0,3865.92,True,0,Non-Stop,cd81c3204a41
SCR_GF_1789324389_069,2026-09-14 00:02:55,2026-09-29,15,google_flights,DEL,BLR,DEL-BLR,DEL,BLR,IndiGo,IndiGo,6E (Direct),2:30,5:25,175,2 hr 55 min,Economy,9666.0,5800.08,2729.44,710.0,426.48,0.0,3865.92,True,0,Non-Stop,6d438c667f81
SCR_GF_1789324389_070,2026-09-14 00:02:55,2026-09-29,15,google_flights,DEL,BLR,DEL-BLR,DEL,BLR,IndiGo,IndiGo,6E (Direct),7:30,10:25,175,2 hr 55 min,Economy,9666.0,5800.08,2729.44,710.0,426.48,0.0,3865.92,True,0,Non-Stop,6147ebc522b3
SCR_GF_1789324389_071,2026-09-14 00:02:55,2026-09-29,15,google_flights,DEL,BLR,DEL-BLR,DEL,BLR,IndiGo,IndiGo,6E (Direct),1:00,3:55,175,2 hr 55 min,Economy,9828.0,5904.99,2778.82,710.0,434.19,0.0,3923.01,True,0,Non-Stop,37ea03593da2
SCR_GF_1789324389_072,2026-09-14 00:02:55,2026-09-29,15,google_flights,DEL,BLR,DEL-BLR,DEL,BLR,IndiGo,IndiGo,6E (Direct),3:00,5:55,175,2 hr 55 min,Economy,11925.0,7263.05,3417.9,710.0,534.05,0.0,4661.95,True,0,Non-Stop,18e14e749631
SCR_GF_1789324394_001,2026-09-14 00:03:09,2026-09-15,1,google_flights,BOM,BLR,BOM-BLR,BOM,BLR,Akasa Air,Akasa Air,QP (Direct),12:35 AM,2:25 AM,110,1 hr 50 min,Economy,6735.0,3940.76,1854.48,650.0,289.76,0.0,2794.24,True,0,Non-Stop,1995b2fc0e76
SCR_GF_1789324394_002,2026-09-14 00:03:09,2026-09-15,1,google_flights,BOM,BLR,BOM-BLR,BOM,BLR,IndiGo,IndiGo,6E (Direct),3:35 PM,5:25 PM,110,1 hr 50 min,Economy,6957.0,4084.53,1922.14,650.0,300.33,0.0,2872.47,True,0,Non-Stop,c8d14399f70c
SCR_GF_1789324394_003,2026-09-14 00:03:09,2026-09-15,1,google_flights,BOM,BLR,BOM-BLR,BOM,BLR,Air India,Air India,AI (Direct),3:25 PM,5:35 PM,130,2 hr 10 min,Economy,7012.0,4120.15,1938.9,650.0,302.95,0.0,2891.85,True,0,Non-Stop,5fbf3ee25b6d
SCR_GF_1789324394_004,2026-09-14 00:03:09,2026-09-15,1,google_flights,BOM,BLR,BOM-BLR,BOM,BLR,Air India,Air India,AI (Direct),2:05 AM,4:10 AM,125,2 hr 5 min,Economy,6623.0,3868.23,1820.34,650.0,284.43,0.0,2754.77,True,0,Non-Stop,68e72cac671a
SCR_GF_1789324394_005,2026-09-14 00:03:09,2026-09-15,1,google_flights,BOM,BLR,BOM-BLR,BOM,BLR,Air India,Air India,AI (Direct),11:30 PM,1:35 AM,125,2 hr 5 min,Economy,6623.0,3868.23,1820.34,650.0,284.43,0.0,2754.77,True,0,Non-Stop,02ce2c03877a
SCR_GF_1789324394_006,2026-09-14 00:03:09,2026-09-15,1,google_flights,BOM,BLR,BOM-BLR,BOM,BLR,IndiGo,IndiGo,6E (Direct),9:50 AM,11:55 AM,125,2 hr 5 min,Economy,6957.0,4084.53,1922.14,650.0,300.33,0.0,2872.47,True,0,Non-Stop,b56fb94980ef
SCR_GF_1789324395_007,2026-09-14 00:03:09,2026-09-15,1,google_flights,BOM,BLR,BOM-BLR,BOM,BLR,IndiGo,IndiGo,6E (Direct),11:00 AM,12:55 PM,115,1 hr 55 min,Economy,6957.0,4084.53,1922.14,650.0,300.33,0.0,2872.47,True,0,Non-Stop,0c3866975e0d
SCR_GF_1789324395_008,2026-09-14 00:03:09,2026-09-15,1,google_flights,BOM,BLR,BOM-BLR,BOM,BLR,IndiGo,IndiGo,6E (Direct),12:30 PM,2:25 PM,115,1 hr 55 min,Economy,6957.0,4084.53,1922.14,650.0,300.33,0.0,2872.47,True,0,Non-Stop,fa526eae5146
SCR_GF_1789324395_009,2026-09-14 00:03:09,2026-09-15,1,google_flights,BOM,BLR,BOM-BLR,BOM,BLR,IndiGo,IndiGo,6E (Direct),2:30 PM,4:25 PM,115,1 hr 55 min,Economy,6957.0,4084.53,1922.14,650.0,300.33,0.0,2872.47,True,0,Non-Stop,e136cef7e512
SCR_GF_1789324395_010,2026-09-14 00:03:09,2026-09-15,1,google_flights,BOM,BLR,BOM-BLR,BOM,BLR,IndiGo,IndiGo,6E (Direct),5:00 PM,6:55 PM,115,1 hr 55 min,Economy,6957.0,4084.53,1922.14,650.0,300.33,0.0,2872.47,True,0,Non-Stop,9b70e8634595
SCR_GF_1789324395_011,2026-09-14 00:03:09,2026-09-15,1,google_flights,BOM,BLR,BOM-BLR,BOM,BLR,IndiGo,IndiGo,6E (Direct),10:20 PM,12:20 AM,120,2 hr,Economy,6957.0,4084.53,1922.14,650.0,300.33,0.0,2872.47,True,0,Non-Stop,c42fca5967c8
SCR_GF_1789324395_012,2026-09-14 00:03:09,2026-09-15,1,google_flights,BOM,BLR,BOM-BLR,BOM,BLR,Air India,Air India,AI (Direct),10:00 AM,12:05 PM,125,2 hr 5 min,Economy,7243.0,4269.75,2009.3,650.0,313.95,0.0,2973.25,True,0,Non-Stop,266bd1ead885
SCR_GF_1789324395_013,2026-09-14 00:03:09,2026-09-15,1,google_flights,BOM,BLR,BOM-BLR,BOM,BLR,Air India,Air India,AI (Direct),5:30 PM,7:35 PM,125,2 hr 5 min,Economy,7243.0,4269.75,2009.3,650.0,313.95,0.0,2973.25,True,0,Non-Stop,70bb6bbaf30d
SCR_GF_1789324395_014,2026-09-14 00:03:09,2026-09-15,1,google_flights,BOM,BLR,BOM-BLR,BOM,BLR,IndiGo,IndiGo,6E (Direct),1:10 AM,3:05 AM,115,1 hr 55 min,Economy,7253.0,4276.23,2012.34,650.0,314.43,0.0,2976.77,True,0,Non-Stop,5dd3857a6304
SCR_GF_1789324395_015,2026-09-14 00:03:09,2026-09-15,1,google_flights,BOM,BLR,BOM-BLR,BOM,BLR,Akasa Air,Akasa Air,QP (Direct),7:40 PM,9:45 PM,125,2 hr 5 min,Economy,7264.0,4283.35,2015.7,650.0,314.95,0.0,2980.65,True,0,Non-Stop,75786bcd440d
SCR_GF_1789324396_016,2026-09-14 00:03:09,2026-09-15,1,google_flights,BOM,BLR,BOM-BLR,BOM,BLR,Akasa Air,Akasa Air,QP (Direct),9:45 PM,11:45 PM,120,2 hr,Economy,7264.0,4283.35,2015.7,650.0,314.95,0.0,2980.65,True,0,Non-Stop,b53d52ea502c
SCR_GF_1789324396_017,2026-09-14 00:03:09,2026-09-15,1,google_flights,BOM,BLR,BOM-BLR,BOM,BLR,Air India,Air India,AI (Direct),12:00 PM,2:05 PM,125,2 hr 5 min,Economy,7327.0,4324.15,2034.9,650.0,317.95,0.0,3002.85,True,0,Non-Stop,26eaea8f69f6
SCR_GF_1789324396_018,2026-09-14 00:03:09,2026-09-15,1,google_flights,BOM,BLR,BOM-BLR,BOM,BLR,Akasa Air,Akasa Air,QP (Direct),10:15 AM,12:10 PM,115,1 hr 55 min,Economy,7549.0,4467.92,2102.56,650.0,328.52,0.0,3081.08,True,0,Non-Stop,a303aa5c819d
SCR_GF_1789324396_019,2026-09-14 00:03:09,2026-09-15,1,google_flights,BOM,BLR,BOM-BLR,BOM,BLR,Akasa Air,Akasa Air,QP (Direct),6:25 PM,8:20 PM,115,1 hr 55 min,Economy,7549.0,4467.92,2102.56,650.0,328.52,0.0,3081.08,True,0,Non-Stop,31f74ac6f5a1
SCR_GF_1789324396_020,2026-09-14 00:03:09,2026-09-15,1,google_flights,BOM,BLR,BOM-BLR,BOM,BLR,IndiGo,IndiGo,6E (Direct),6:30 AM,8:25 AM,115,1 hr 55 min,Economy,7587.0,4492.53,2114.14,650.0,330.33,0.0,3094.47,True,0,Non-Stop,74c1b66505c5
SCR_GF_1789324396_021,2026-09-14 00:03:09,2026-09-15,1,google_flights,BOM,BLR,BOM-BLR,BOM,BLR,IndiGo,IndiGo,6E (Direct),9:30 PM,11:25 PM,115,1 hr 55 min,Economy,7587.0,4492.53,2114.14,650.0,330.33,0.0,3094.47,True,0,Non-Stop,672c75d6a2c3
SCR_GF_1789324396_022,2026-09-14 00:03:09,2026-09-15,1,google_flights,BOM,BLR,BOM-BLR,BOM,BLR,Air India,Air India,AI (Direct),6:35 AM,8:35 AM,120,2 hr,Economy,7899.0,4694.59,2209.22,650.0,345.19,0.0,3204.41,True,0,Non-Stop,2ae4729f35f4
SCR_GF_1789324397_023,2026-09-14 00:03:09,2026-09-15,1,google_flights,BOM,BLR,BOM-BLR,BOM,BLR,Air India,Air India,AI (Direct),8:45 PM,10:45 PM,120,2 hr,Economy,7962.0,4735.39,2228.42,650.0,348.19,0.0,3226.61,True,0,Non-Stop,f4f7c5af66aa
SCR_GF_1789324397_024,2026-09-14 00:03:09,2026-09-15,1,google_flights,BOM,BLR,BOM-BLR,BOM,BLR,IndiGo,IndiGo,6E (Direct),8:05 AM,9:55 AM,110,1 hr 50 min,Economy,8007.0,4764.53,2242.14,650.0,350.33,0.0,3242.47,True,0,Non-Stop,75344ef087b5
SCR_GF_1789324397_025,2026-09-14 00:03:09,2026-09-15,1,google_flights,BOM,BLR,BOM-BLR,BOM,BLR,IndiGo,IndiGo,6E (Direct),6:30 PM,8:25 PM,115,1 hr 55 min,Economy,8007.0,4764.53,2242.14,650.0,350.33,0.0,3242.47,True,0,Non-Stop,cf6bace0ad3c
SCR_GF_1789324397_026,2026-09-14 00:03:09,2026-09-15,1,google_flights,BOM,BLR,BOM-BLR,BOM,BLR,Air India,Air India,AI (Direct),7:45 PM,9:50 PM,125,2 hr 5 min,Economy,8062.0,4800.15,2258.9,650.0,352.95,0.0,3261.85,True,0,Non-Stop,6c5f0abd9636
SCR_GF_1789324397_027,2026-09-14 00:03:09,2026-09-15,1,google_flights,BOM,BLR,BOM-BLR,BOM,BLR,Air India,Air India,AI (Direct),6:30 PM,8:35 PM,125,2 hr 5 min,Economy,8335.0,4976.95,2342.1,650.0,365.95,0.0,3358.05,True,0,Non-Stop,c24a0147f6ab
SCR_GF_1789324397_028,2026-09-14 00:03:09,2026-09-15,1,google_flights,BOM,BLR,BOM-BLR,BOM,BLR,Akasa Air,Akasa Air,QP (Direct),5:30 AM,7:25 AM,115,1 hr 55 min,Economy,8480.0,5070.86,2386.28,650.0,372.86,0.0,3409.14,True,0,Non-Stop,22b8d862883f
SCR_GF_1789324397_029,2026-09-14 00:03:09,2026-09-15,1,google_flights,BOM,BLR,BOM-BLR,BOM,BLR,IndiGo,IndiGo,6E (Direct),4:30 AM,6:25 AM,115,1 hr 55 min,Economy,8520.0,5096.76,2398.48,650.0,374.76,0.0,3423.24,True,0,Non-Stop,8add36ab1773
SCR_GF_1789324397_030,2026-09-14 00:03:09,2026-09-15,1,google_flights,BOM,BLR,BOM-BLR,BOM,BLR,Akasa Air,Akasa Air,QP (Direct),7:35 AM,9:35 AM,120,2 hr,Economy,9546.0,5761.22,2711.16,650.0,423.62,0.0,3784.78,True,0,Non-Stop,c1927bdd1c7e
SCR_GF_1789324397_031,2026-09-14 00:03:09,2026-09-15,1,google_flights,BOM,BLR,BOM-BLR,BOM,BLR,Air India,Air India,AI (Direct),7:55 AM,10:05 AM,130,2 hr 10 min,Economy,12991.0,7992.27,3761.06,650.0,587.67,0.0,4998.73,True,0,Non-Stop,27e5e46d611a
SCR_GF_1789324398_032,2026-09-14 00:03:09,2026-09-15,1,google_flights,BOM,BLR,BOM-BLR,BOM,BLR,IndiGo,IndiGo,6E (Direct),12:35,2:25,110,1 hr 50 min,Economy,6735.0,3940.76,1854.48,650.0,289.76,0.0,2794.24,True,0,Non-Stop,6956f402209f
SCR_GF_1789324398_033,2026-09-14 00:03:09,2026-09-15,1,google_flights,BOM,BLR,BOM-BLR,BOM,BLR,IndiGo,IndiGo,6E (Direct),3:35,5:25,110,1 hr 50 min,Economy,6957.0,4084.53,1922.14,650.0,300.33,0.0,2872.47,True,0,Non-Stop,433c6a5f670f
SCR_GF_1789324398_034,2026-09-14 00:03:09,2026-09-15,1,google_flights,BOM,BLR,BOM-BLR,BOM,BLR,IndiGo,IndiGo,6E (Direct),3:25,5:35,130,2 hr 10 min,Economy,7012.0,4120.15,1938.9,650.0,302.95,0.0,2891.85,True,0,Non-Stop,5b7e06f4de46
SCR_GF_1789324398_035,2026-09-14 00:03:09,2026-09-15,1,google_flights,BOM,BLR,BOM-BLR,BOM,BLR,IndiGo,IndiGo,6E (Direct),2:05,4:10,125,2 hr 5 min,Economy,6623.0,3868.23,1820.34,650.0,284.43,0.0,2754.77,True,0,Non-Stop,017d085dfe4b
SCR_GF_1789324398_036,2026-09-14 00:03:09,2026-09-15,1,google_flights,BOM,BLR,BOM-BLR,BOM,BLR,IndiGo,IndiGo,6E (Direct),11:30,1:35,125,2 hr 5 min,Economy,6623.0,3868.23,1820.34,650.0,284.43,0.0,2754.77,True,0,Non-Stop,aaddf8915607
SCR_GF_1789324398_037,2026-09-14 00:03:09,2026-09-15,1,google_flights,BOM,BLR,BOM-BLR,BOM,BLR,IndiGo,IndiGo,6E (Direct),9:50,11:55,125,2 hr 5 min,Economy,6957.0,4084.53,1922.14,650.0,300.33,0.0,2872.47,True,0,Non-Stop,d4f3408ed5dc
SCR_GF_1789324398_038,2026-09-14 00:03:09,2026-09-15,1,google_flights,BOM,BLR,BOM-BLR,BOM,BLR,IndiGo,IndiGo,6E (Direct),11:00,12:55,115,1 hr 55 min,Economy,6957.0,4084.53,1922.14,650.0,300.33,0.0,2872.47,True,0,Non-Stop,7880f74bd89a
SCR_GF_1789324399_039,2026-09-14 00:03:09,2026-09-15,1,google_flights,BOM,BLR,BOM-BLR,BOM,BLR,IndiGo,IndiGo,6E (Direct),12:30,2:25,115,1 hr 55 min,Economy,6957.0,4084.53,1922.14,650.0,300.33,0.0,2872.47,True,0,Non-Stop,fc2ac2dd7752
SCR_GF_1789324399_040,2026-09-14 00:03:09,2026-09-15,1,google_flights,BOM,BLR,BOM-BLR,BOM,BLR,IndiGo,IndiGo,6E (Direct),2:30,4:25,115,1 hr 55 min,Economy,6957.0,4084.53,1922.14,650.0,300.33,0.0,2872.47,True,0,Non-Stop,fedecfe4f1e6
SCR_GF_1789324399_041,2026-09-14 00:03:09,2026-09-15,1,google_flights,BOM,BLR,BOM-BLR,BOM,BLR,IndiGo,IndiGo,6E (Direct),5:00,6:55,115,1 hr 55 min,Economy,6957.0,4084.53,1922.14,650.0,300.33,0.0,2872.47,True,0,Non-Stop,2ba53e88ef83
SCR_GF_1789324399_042,2026-09-14 00:03:09,2026-09-15,1,google_flights,BOM,BLR,BOM-BLR,BOM,BLR,IndiGo,IndiGo,6E (Direct),10:20,12:20,120,2 hr,Economy,6957.0,4084.53,1922.14,650.0,300.33,0.0,2872.47,True,0,Non-Stop,147ec28c977c
SCR_GF_1789324399_043,2026-09-14 00:03:09,2026-09-15,1,google_flights,BOM,BLR,BOM-BLR,BOM,BLR,IndiGo,IndiGo,6E (Direct),10:00,12:05,125,2 hr 5 min,Economy,7243.0,4269.75,2009.3,650.0,313.95,0.0,2973.25,True,0,Non-Stop,03934af4ca5c
SCR_GF_1789324399_044,2026-09-14 00:03:09,2026-09-15,1,google_flights,BOM,BLR,BOM-BLR,BOM,BLR,IndiGo,IndiGo,6E (Direct),5:30,7:35,125,2 hr 5 min,Economy,7243.0,4269.75,2009.3,650.0,313.95,0.0,2973.25,True,0,Non-Stop,53bea2d927c5
SCR_GF_1789324399_045,2026-09-14 00:03:09,2026-09-15,1,google_flights,BOM,BLR,BOM-BLR,BOM,BLR,IndiGo,IndiGo,6E (Direct),1:10,3:05,115,1 hr 55 min,Economy,7253.0,4276.23,2012.34,650.0,314.43,0.0,2976.77,True,0,Non-Stop,5e8b7d036d55
SCR_GF_1789324400_046,2026-09-14 00:03:09,2026-09-15,1,google_flights,BOM,BLR,BOM-BLR,BOM,BLR,IndiGo,IndiGo,6E (Direct),7:40,9:45,125,2 hr 5 min,Economy,7264.0,4283.35,2015.7,650.0,314.95,0.0,2980.65,True,0,Non-Stop,5ea8befab481
SCR_GF_1789324400_047,2026-09-14 00:03:09,2026-09-15,1,google_flights,BOM,BLR,BOM-BLR,BOM,BLR,IndiGo,IndiGo,6E (Direct),9:45,11:45,120,2 hr,Economy,7264.0,4283.35,2015.7,650.0,314.95,0.0,2980.65,True,0,Non-Stop,cc8f8d1142c0
SCR_GF_1789324400_048,2026-09-14 00:03:09,2026-09-15,1,google_flights,BOM,BLR,BOM-BLR,BOM,BLR,IndiGo,IndiGo,6E (Direct),12:00,2:05,125,2 hr 5 min,Economy,7327.0,4324.15,2034.9,650.0,317.95,0.0,3002.85,True,0,Non-Stop,7d28c91c5043
SCR_GF_1789324400_049,2026-09-14 00:03:09,2026-09-15,1,google_flights,BOM,BLR,BOM-BLR,BOM,BLR,IndiGo,IndiGo,6E (Direct),10:15,12:10,115,1 hr 55 min,Economy,7549.0,4467.92,2102.56,650.0,328.52,0.0,3081.08,True,0,Non-Stop,eef1ff46ba6a
SCR_GF_1789324400_050,2026-09-14 00:03:09,2026-09-15,1,google_flights,BOM,BLR,BOM-BLR,BOM,BLR,IndiGo,IndiGo,6E (Direct),6:25,8:20,115,1 hr 55 min,Economy,7549.0,4467.92,2102.56,650.0,328.52,0.0,3081.08,True,0,Non-Stop,0ee3c87be626
SCR_GF_1789324400_051,2026-09-14 00:03:09,2026-09-15,1,google_flights,BOM,BLR,BOM-BLR,BOM,BLR,IndiGo,IndiGo,6E (Direct),6:30,8:25,115,1 hr 55 min,Economy,7587.0,4492.53,2114.14,650.0,330.33,0.0,3094.47,True,0,Non-Stop,8bac401d8e92
SCR_GF_1789324400_052,2026-09-14 00:03:09,2026-09-15,1,google_flights,BOM,BLR,BOM-BLR,BOM,BLR,IndiGo,IndiGo,6E (Direct),9:30,11:25,115,1 hr 55 min,Economy,7587.0,4492.53,2114.14,650.0,330.33,0.0,3094.47,True,0,Non-Stop,a8f2ba51d75f
SCR_GF_1789324400_053,2026-09-14 00:03:09,2026-09-15,1,google_flights,BOM,BLR,BOM-BLR,BOM,BLR,IndiGo,IndiGo,6E (Direct),6:35,8:35,120,2 hr,Economy,7899.0,4694.59,2209.22,650.0,345.19,0.0,3204.41,True,0,Non-Stop,e1bdab77676b
SCR_GF_1789324400_054,2026-09-14 00:03:09,2026-09-15,1,google_flights,BOM,BLR,BOM-BLR,BOM,BLR,IndiGo,IndiGo,6E (Direct),8:45,10:45,120,2 hr,Economy,7962.0,4735.39,2228.42,650.0,348.19,0.0,3226.61,True,0,Non-Stop,c27f7f9146f3
SCR_GF_1789324400_055,2026-09-14 00:03:09,2026-09-15,1,google_flights,BOM,BLR,BOM-BLR,BOM,BLR,IndiGo,IndiGo,6E (Direct),8:05,9:55,110,1 hr 50 min,Economy,8007.0,4764.53,2242.14,650.0,350.33,0.0,3242.47,True,0,Non-Stop,9cb2527760cb
SCR_GF_1789324401_056,2026-09-14 00:03:09,2026-09-15,1,google_flights,BOM,BLR,BOM-BLR,BOM,BLR,IndiGo,IndiGo,6E (Direct),6:30,8:25,115,1 hr 55 min,Economy,8007.0,4764.53,2242.14,650.0,350.33,0.0,3242.47,True,0,Non-Stop,d60ad757a3ae
SCR_GF_1789324401_057,2026-09-14 00:03:09,2026-09-15,1,google_flights,BOM,BLR,BOM-BLR,BOM,BLR,IndiGo,IndiGo,6E (Direct),7:45,9:50,125,2 hr 5 min,Economy,8062.0,4800.15,2258.9,650.0,352.95,0.0,3261.85,True,0,Non-Stop,5ea66f56be2a
SCR_GF_1789324401_058,2026-09-14 00:03:09,2026-09-15,1,google_flights,BOM,BLR,BOM-BLR,BOM,BLR,IndiGo,IndiGo,6E (Direct),6:30,8:35,125,2 hr 5 min,Economy,8335.0,4976.95,2342.1,650.0,365.95,0.0,3358.05,True,0,Non-Stop,28ea3b355718
SCR_GF_1789324401_059,2026-09-14 00:03:09,2026-09-15,1,google_flights,BOM,BLR,BOM-BLR,BOM,BLR,IndiGo,IndiGo,6E (Direct),5:30,7:25,115,1 hr 55 min,Economy,8480.0,5070.86,2386.28,650.0,372.86,0.0,3409.14,True,0,Non-Stop,b76c0e25cd88
SCR_GF_1789324401_060,2026-09-14 00:03:09,2026-09-15,1,google_flights,BOM,BLR,BOM-BLR,BOM,BLR,IndiGo,IndiGo,6E (Direct),4:30,6:25,115,1 hr 55 min,Economy,8520.0,5096.76,2398.48,650.0,374.76,0.0,3423.24,True,0,Non-Stop,0de60633da70
SCR_GF_1789324401_061,2026-09-14 00:03:09,2026-09-15,1,google_flights,BOM,BLR,BOM-BLR,BOM,BLR,IndiGo,IndiGo,6E (Direct),7:35,9:35,120,2 hr,Economy,9546.0,5761.22,2711.16,650.0,423.62,0.0,3784.78,True,0,Non-Stop,01da2b113afa
SCR_GF_1789324401_062,2026-09-14 00:03:09,2026-09-15,1,google_flights,BOM,BLR,BOM-BLR,BOM,BLR,IndiGo,IndiGo,6E (Direct),7:55,10:05,130,2 hr 10 min,Economy,12991.0,7992.27,3761.06,650.0,587.67,0.0,4998.73,True,0,Non-Stop,2d8594d06863
SCR_GF_1789324406_001,2026-09-14 00:03:21,2026-09-21,7,google_flights,BOM,BLR,BOM-BLR,BOM,BLR,IndiGo,IndiGo,6E (Direct),9:30 PM,11:25 PM,115,1 hr 55 min,Economy,6957.0,4084.53,1922.14,650.0,300.33,0.0,2872.47,True,0,Non-Stop,fa39feb9e380
SCR_GF_1789324406_002,2026-09-14 00:03:21,2026-09-21,7,google_flights,BOM,BLR,BOM-BLR,BOM,BLR,Air India,Air India,AI (Direct),7:45 PM,9:50 PM,125,2 hr 5 min,Economy,7012.0,4120.15,1938.9,650.0,302.95,0.0,2891.85,True,0,Non-Stop,25e2560d31c9
SCR_GF_1789324406_003,2026-09-14 00:03:21,2026-09-21,7,google_flights,BOM,BLR,BOM-BLR,BOM,BLR,Akasa Air,Akasa Air,QP (Direct),11:10 PM,1:05 AM,115,1 hr 55 min,Economy,7264.0,4283.35,2015.7,650.0,314.95,0.0,2980.65,True,0,Non-Stop,176fccd7f942
SCR_GF_1789324406_004,2026-09-14 00:03:21,2026-09-21,7,google_flights,BOM,BLR,BOM-BLR,BOM,BLR,IndiGo,IndiGo,6E (Direct),10:20 PM,12:20 AM,120,2 hr,Economy,6957.0,4084.53,1922.14,650.0,300.33,0.0,2872.47,True,0,Non-Stop,63e545ff89bd
SCR_GF_1789324406_005,2026-09-14 00:03:21,2026-09-21,7,google_flights,BOM,BLR,BOM-BLR,BOM,BLR,Air India,Air India,AI (Direct),11:30 PM,1:35 AM,125,2 hr 5 min,Economy,7327.0,4324.15,2034.9,650.0,317.95,0.0,3002.85,True,0,Non-Stop,89bee1730565
SCR_GF_1789324407_006,2026-09-14 00:03:21,2026-09-21,7,google_flights,BOM,BLR,BOM-BLR,BOM,BLR,Akasa Air,Akasa Air,QP (Direct),9:45 PM,11:45 PM,120,2 hr,Economy,7549.0,4467.92,2102.56,650.0,328.52,0.0,3081.08,True,0,Non-Stop,678a23a39213
SCR_GF_1789324407_007,2026-09-14 00:03:21,2026-09-21,7,google_flights,BOM,BLR,BOM-BLR,BOM,BLR,IndiGo,IndiGo,6E (Direct),11:00 AM,12:55 PM,115,1 hr 55 min,Economy,7587.0,4492.53,2114.14,650.0,330.33,0.0,3094.47,True,0,Non-Stop,9827684cb66a
SCR_GF_1789324407_008,2026-09-14 00:03:21,2026-09-21,7,google_flights,BOM,BLR,BOM-BLR,BOM,BLR,IndiGo,IndiGo,6E (Direct),12:30 PM,2:25 PM,115,1 hr 55 min,Economy,7587.0,4492.53,2114.14,650.0,330.33,0.0,3094.47,True,0,Non-Stop,48fd14c5b2fc
SCR_GF_1789324407_009,2026-09-14 00:03:21,2026-09-21,7,google_flights,BOM,BLR,BOM-BLR,BOM,BLR,Air India,Air India,AI (Direct),12:00 PM,2:05 PM,125,2 hr 5 min,Economy,7768.0,4609.75,2169.3,650.0,338.95,0.0,3158.25,True,0,Non-Stop,b107e4fdc6e1
SCR_GF_1789324407_010,2026-09-14 00:03:21,2026-09-21,7,google_flights,BOM,BLR,BOM-BLR,BOM,BLR,IndiGo,IndiGo,6E (Direct),2:30 PM,4:25 PM,115,1 hr 55 min,Economy,8007.0,4764.53,2242.14,650.0,350.33,0.0,3242.47,True,0,Non-Stop,fd07b8dc63fe
SCR_GF_1789324407_011,2026-09-14 00:03:21,2026-09-21,7,google_flights,BOM,BLR,BOM-BLR,BOM,BLR,IndiGo,IndiGo,6E (Direct),5:00 PM,6:55 PM,115,1 hr 55 min,Economy,8007.0,4764.53,2242.14,650.0,350.33,0.0,3242.47,True,0,Non-Stop,68c8830e6388
SCR_GF_1789324407_012,2026-09-14 00:03:21,2026-09-21,7,google_flights,BOM,BLR,BOM-BLR,BOM,BLR,Air India,Air India,AI (Direct),8:45 PM,10:45 PM,120,2 hr,Economy,8062.0,4800.15,2258.9,650.0,352.95,0.0,3261.85,True,0,Non-Stop,26ae70014068
SCR_GF_1789324407_013,2026-09-14 00:03:21,2026-09-21,7,google_flights,BOM,BLR,BOM-BLR,BOM,BLR,Akasa Air,Akasa Air,QP (Direct),6:25 PM,8:20 PM,115,1 hr 55 min,Economy,8157.0,4861.68,2287.84,650.0,357.48,0.0,3295.32,True,0,Non-Stop,e6aa9d29dfb7
SCR_GF_1789324407_014,2026-09-14 00:03:21,2026-09-21,7,google_flights,BOM,BLR,BOM-BLR,BOM,BLR,Air India,Air India,AI (Direct),3:25 PM,5:35 PM,130,2 hr 10 min,Economy,8335.0,4976.95,2342.1,650.0,365.95,0.0,3358.05,True,0,Non-Stop,92e2c66d9b96
SCR_GF_1789324408_015,2026-09-14 00:03:21,2026-09-21,7,google_flights,BOM,BLR,BOM-BLR,BOM,BLR,Air India,Air India,AI (Direct),5:30 PM,7:35 PM,125,2 hr 5 min,Economy,8335.0,4976.95,2342.1,650.0,365.95,0.0,3358.05,True,0,Non-Stop,5b8e499cf5c1
SCR_GF_1789324408_016,2026-09-14 00:03:21,2026-09-21,7,google_flights,BOM,BLR,BOM-BLR,BOM,BLR,IndiGo,IndiGo,6E (Direct),9:50 AM,11:55 AM,125,2 hr 5 min,Economy,8427.0,5036.53,2370.14,650.0,370.33,0.0,3390.47,True,0,Non-Stop,b2c6b7bf5ec2
SCR_GF_1789324408_017,2026-09-14 00:03:21,2026-09-21,7,google_flights,BOM,BLR,BOM-BLR,BOM,BLR,IndiGo,IndiGo,6E (Direct),6:30 PM,8:25 PM,115,1 hr 55 min,Economy,8427.0,5036.53,2370.14,650.0,370.33,0.0,3390.47,True,0,Non-Stop,11f049f7510a
SCR_GF_1789324408_018,2026-09-14 00:03:21,2026-09-21,7,google_flights,BOM,BLR,BOM-BLR,BOM,BLR,IndiGo,IndiGo,6E (Direct),4:30 AM,6:25 AM,115,1 hr 55 min,Economy,8520.0,5096.76,2398.48,650.0,374.76,0.0,3423.24,True,0,Non-Stop,e2d976203135
SCR_GF_1789324408_019,2026-09-14 00:03:21,2026-09-21,7,google_flights,BOM,BLR,BOM-BLR,BOM,BLR,Air India,Air India,AI (Direct),10:00 AM,12:05 PM,125,2 hr 5 min,Economy,8770.0,5258.67,2474.66,650.0,386.67,0.0,3511.33,True,0,Non-Stop,bc50abb2a040
SCR_GF_1789324408_020,2026-09-14 00:03:21,2026-09-21,7,google_flights,BOM,BLR,BOM-BLR,BOM,BLR,Air India,Air India,AI (Direct),6:30 PM,8:35 PM,125,2 hr 5 min,Economy,8770.0,5258.67,2474.66,650.0,386.67,0.0,3511.33,True,0,Non-Stop,7bc4673b81ad
SCR_GF_1789324408_021,2026-09-14 00:03:21,2026-09-21,7,google_flights,BOM,BLR,BOM-BLR,BOM,BLR,Akasa Air,Akasa Air,QP (Direct),7:40 PM,9:45 PM,125,2 hr 5 min,Economy,8819.0,5290.4,2489.6,650.0,389.0,0.0,3528.6,True,0,Non-Stop,e3441d59e5ad
SCR_GF_1789324409_022,2026-09-14 00:03:21,2026-09-21,7,google_flights,BOM,BLR,BOM-BLR,BOM,BLR,IndiGo,IndiGo,6E (Direct),8:05 AM,9:55 AM,110,1 hr 50 min,Economy,10002.0,6056.53,2850.14,650.0,445.33,0.0,3945.47,True,0,Non-Stop,18603bca6c1e
SCR_GF_1789324409_023,2026-09-14 00:03:21,2026-09-21,7,google_flights,BOM,BLR,BOM-BLR,BOM,BLR,Air India,Air India,AI (Direct),2:05 AM,4:10 AM,125,2 hr 5 min,Economy,10429.0,6333.07,2980.26,650.0,465.67,0.0,4095.93,True,0,Non-Stop,b3e7696db847
SCR_GF_1789324409_024,2026-09-14 00:03:21,2026-09-21,7,google_flights,BOM,BLR,BOM-BLR,BOM,BLR,Air India,Air India,AI (Direct),5:30 AM,7:35 AM,125,2 hr 5 min,Economy,10429.0,6333.07,2980.26,650.0,465.67,0.0,4095.93,True,0,Non-Stop,211f78b02191
SCR_GF_1789324409_025,2026-09-14 00:03:21,2026-09-21,7,google_flights,BOM,BLR,BOM-BLR,BOM,BLR,Akasa Air,Akasa Air,QP (Direct),12:35 AM,2:25 AM,110,1 hr 50 min,Economy,10765.0,6550.67,3082.66,650.0,481.67,0.0,4214.33,True,0,Non-Stop,3b0d95eb120b
SCR_GF_1789324409_026,2026-09-14 00:03:21,2026-09-21,7,google_flights,BOM,BLR,BOM-BLR,BOM,BLR,Air India,Air India,AI (Direct),6:35 AM,8:35 AM,120,2 hr,Economy,10802.0,6574.63,3093.94,650.0,483.43,0.0,4227.37,True,0,Non-Stop,28ceaf33dac9
SCR_GF_1789324409_027,2026-09-14 00:03:21,2026-09-21,7,google_flights,BOM,BLR,BOM-BLR,BOM,BLR,IndiGo,IndiGo,6E (Direct),1:10 AM,3:05 AM,115,1 hr 55 min,Economy,10915.0,6647.81,3128.38,650.0,488.81,0.0,4267.19,True,0,Non-Stop,9f155fc67358
SCR_GF_1789324409_028,2026-09-14 00:03:21,2026-09-21,7,google_flights,BOM,BLR,BOM-BLR,BOM,BLR,Air India,Air India,AI (Direct),7:55 AM,10:05 AM,130,2 hr 10 min,Economy,11170.0,6812.95,3206.1,650.0,500.95,0.0,4357.05,True,0,Non-Stop,3477920e7990
SCR_GF_1789324409_029,2026-09-14 00:03:21,2026-09-21,7,google_flights,BOM,BLR,BOM-BLR,BOM,BLR,IndiGo,IndiGo,6E (Direct),6:30 AM,8:25 AM,115,1 hr 55 min,Economy,11262.0,6872.53,3234.14,650.0,505.33,0.0,4389.47,True,0,Non-Stop,31ff7b26d530
SCR_GF_1789324410_030,2026-09-14 00:03:21,2026-09-21,7,google_flights,BOM,BLR,BOM-BLR,BOM,BLR,Akasa Air,Akasa Air,QP (Direct),7:35 AM,9:35 AM,120,2 hr,Economy,12666.0,7781.79,3662.02,650.0,572.19,0.0,4884.21,True,0,Non-Stop,5d16217a2b0c
SCR_GF_1789324410_031,2026-09-14 00:03:21,2026-09-21,7,google_flights,BOM,BLR,BOM-BLR,BOM,BLR,IndiGo,IndiGo,6E (Direct),9:30,11:25,115,1 hr 55 min,Economy,6957.0,4084.53,1922.14,650.0,300.33,0.0,2872.47,True,0,Non-Stop,f4b4bf4511e8
SCR_GF_1789324410_032,2026-09-14 00:03:21,2026-09-21,7,google_flights,BOM,BLR,BOM-BLR,BOM,BLR,IndiGo,IndiGo,6E (Direct),7:45,9:50,125,2 hr 5 min,Economy,7012.0,4120.15,1938.9,650.0,302.95,0.0,2891.85,True,0,Non-Stop,e0b470ae3dac
SCR_GF_1789324410_033,2026-09-14 00:03:21,2026-09-21,7,google_flights,BOM,BLR,BOM-BLR,BOM,BLR,IndiGo,IndiGo,6E (Direct),11:10,1:05,115,1 hr 55 min,Economy,7264.0,4283.35,2015.7,650.0,314.95,0.0,2980.65,True,0,Non-Stop,081539617048
SCR_GF_1789324410_034,2026-09-14 00:03:21,2026-09-21,7,google_flights,BOM,BLR,BOM-BLR,BOM,BLR,IndiGo,IndiGo,6E (Direct),10:20,12:20,120,2 hr,Economy,6957.0,4084.53,1922.14,650.0,300.33,0.0,2872.47,True,0,Non-Stop,95525de46199
SCR_GF_1789324410_035,2026-09-14 00:03:21,2026-09-21,7,google_flights,BOM,BLR,BOM-BLR,BOM,BLR,IndiGo,IndiGo,6E (Direct),11:30,1:35,125,2 hr 5 min,Economy,7327.0,4324.15,2034.9,650.0,317.95,0.0,3002.85,True,0,Non-Stop,9bdf8c1de57d
SCR_GF_1789324410_036,2026-09-14 00:03:21,2026-09-21,7,google_flights,BOM,BLR,BOM-BLR,BOM,BLR,IndiGo,IndiGo,6E (Direct),9:45,11:45,120,2 hr,Economy,7549.0,4467.92,2102.56,650.0,328.52,0.0,3081.08,True,0,Non-Stop,28ee2ed7857c
SCR_GF_1789324410_037,2026-09-14 00:03:21,2026-09-21,7,google_flights,BOM,BLR,BOM-BLR,BOM,BLR,IndiGo,IndiGo,6E (Direct),11:00,12:55,115,1 hr 55 min,Economy,7587.0,4492.53,2114.14,650.0,330.33,0.0,3094.47,True,0,Non-Stop,0b04f9c06c00
SCR_GF_1789324411_038,2026-09-14 00:03:21,2026-09-21,7,google_flights,BOM,BLR,BOM-BLR,BOM,BLR,IndiGo,IndiGo,6E (Direct),12:30,2:25,115,1 hr 55 min,Economy,7587.0,4492.53,2114.14,650.0,330.33,0.0,3094.47,True,0,Non-Stop,440aaf3e04a9
SCR_GF_1789324411_039,2026-09-14 00:03:21,2026-09-21,7,google_flights,BOM,BLR,BOM-BLR,BOM,BLR,IndiGo,IndiGo,6E (Direct),12:00,2:05,125,2 hr 5 min,Economy,7768.0,4609.75,2169.3,650.0,338.95,0.0,3158.25,True,0,Non-Stop,9179036c6e4b
SCR_GF_1789324411_040,2026-09-14 00:03:21,2026-09-21,7,google_flights,BOM,BLR,BOM-BLR,BOM,BLR,IndiGo,IndiGo,6E (Direct),2:30,4:25,115,1 hr 55 min,Economy,8007.0,4764.53,2242.14,650.0,350.33,0.0,3242.47,True,0,Non-Stop,e138fc04ea99
SCR_GF_1789324411_041,2026-09-14 00:03:21,2026-09-21,7,google_flights,BOM,BLR,BOM-BLR,BOM,BLR,IndiGo,IndiGo,6E (Direct),5:00,6:55,115,1 hr 55 min,Economy,8007.0,4764.53,2242.14,650.0,350.33,0.0,3242.47,True,0,Non-Stop,e7af6b3f1589
SCR_GF_1789324411_042,2026-09-14 00:03:21,2026-09-21,7,google_flights,BOM,BLR,BOM-BLR,BOM,BLR,IndiGo,IndiGo,6E (Direct),8:45,10:45,120,2 hr,Economy,8062.0,4800.15,2258.9,650.0,352.95,0.0,3261.85,True,0,Non-Stop,16b46b198d71
SCR_GF_1789324411_043,2026-09-14 00:03:21,2026-09-21,7,google_flights,BOM,BLR,BOM-BLR,BOM,BLR,IndiGo,IndiGo,6E (Direct),6:25,8:20,115,1 hr 55 min,Economy,8157.0,4861.68,2287.84,650.0,357.48,0.0,3295.32,True,0,Non-Stop,4cb9faac36ca
SCR_GF_1789324411_044,2026-09-14 00:03:21,2026-09-21,7,google_flights,BOM,BLR,BOM-BLR,BOM,BLR,IndiGo,IndiGo,6E (Direct),3:25,5:35,130,2 hr 10 min,Economy,8335.0,4976.95,2342.1,650.0,365.95,0.0,3358.05,True,0,Non-Stop,97806cc97473
SCR_GF_1789324412_045,2026-09-14 00:03:21,2026-09-21,7,google_flights,BOM,BLR,BOM-BLR,BOM,BLR,IndiGo,IndiGo,6E (Direct),5:30,7:35,125,2 hr 5 min,Economy,8335.0,4976.95,2342.1,650.0,365.95,0.0,3358.05,True,0,Non-Stop,7f0784cf6a4d
SCR_GF_1789324412_046,2026-09-14 00:03:21,2026-09-21,7,google_flights,BOM,BLR,BOM-BLR,BOM,BLR,IndiGo,IndiGo,6E (Direct),9:50,11:55,125,2 hr 5 min,Economy,8427.0,5036.53,2370.14,650.0,370.33,0.0,3390.47,True,0,Non-Stop,4b1ad2c01820
SCR_GF_1789324412_047,2026-09-14 00:03:21,2026-09-21,7,google_flights,BOM,BLR,BOM-BLR,BOM,BLR,IndiGo,IndiGo,6E (Direct),6:30,8:25,115,1 hr 55 min,Economy,8427.0,5036.53,2370.14,650.0,370.33,0.0,3390.47,True,0,Non-Stop,1670b2f54d31
SCR_GF_1789324412_048,2026-09-14 00:03:21,2026-09-21,7,google_flights,BOM,BLR,BOM-BLR,BOM,BLR,IndiGo,IndiGo,6E (Direct),4:30,6:25,115,1 hr 55 min,Economy,8520.0,5096.76,2398.48,650.0,374.76,0.0,3423.24,True,0,Non-Stop,3a8782c8014d
SCR_GF_1789324412_049,2026-09-14 00:03:21,2026-09-21,7,google_flights,BOM,BLR,BOM-BLR,BOM,BLR,IndiGo,IndiGo,6E (Direct),10:00,12:05,125,2 hr 5 min,Economy,8770.0,5258.67,2474.66,650.0,386.67,0.0,3511.33,True,0,Non-Stop,6999d6660fcd
SCR_GF_1789324412_050,2026-09-14 00:03:21,2026-09-21,7,google_flights,BOM,BLR,BOM-BLR,BOM,BLR,IndiGo,IndiGo,6E (Direct),6:30,8:35,125,2 hr 5 min,Economy,8770.0,5258.67,2474.66,650.0,386.67,0.0,3511.33,True,0,Non-Stop,44c91db6176a
SCR_GF_1789324412_051,2026-09-14 00:03:21,2026-09-21,7,google_flights,BOM,BLR,BOM-BLR,BOM,BLR,IndiGo,IndiGo,6E (Direct),7:40,9:45,125,2 hr 5 min,Economy,8819.0,5290.4,2489.6,650.0,389.0,0.0,3528.6,True,0,Non-Stop,f2dbe18c4e95
SCR_GF_1789324413_052,2026-09-14 00:03:21,2026-09-21,7,google_flights,BOM,BLR,BOM-BLR,BOM,BLR,IndiGo,IndiGo,6E (Direct),8:05,9:55,110,1 hr 50 min,Economy,10002.0,6056.53,2850.14,650.0,445.33,0.0,3945.47,True,0,Non-Stop,21a1a7766be6
SCR_GF_1789324413_053,2026-09-14 00:03:21,2026-09-21,7,google_flights,BOM,BLR,BOM-BLR,BOM,BLR,IndiGo,IndiGo,6E (Direct),2:05,4:10,125,2 hr 5 min,Economy,10429.0,6333.07,2980.26,650.0,465.67,0.0,4095.93,True,0,Non-Stop,ccfaf2b9d689
SCR_GF_1789324413_054,2026-09-14 00:03:21,2026-09-21,7,google_flights,BOM,BLR,BOM-BLR,BOM,BLR,IndiGo,IndiGo,6E (Direct),5:30,7:35,125,2 hr 5 min,Economy,10429.0,6333.07,2980.26,650.0,465.67,0.0,4095.93,True,0,Non-Stop,a9cd69896788
SCR_GF_1789324413_055,2026-09-14 00:03:21,2026-09-21,7,google_flights,BOM,BLR,BOM-BLR,BOM,BLR,IndiGo,IndiGo,6E (Direct),12:35,2:25,110,1 hr 50 min,Economy,10765.0,6550.67,3082.66,650.0,481.67,0.0,4214.33,True,0,Non-Stop,1f43571f29de
SCR_GF_1789324413_056,2026-09-14 00:03:21,2026-09-21,7,google_flights,BOM,BLR,BOM-BLR,BOM,BLR,IndiGo,IndiGo,6E (Direct),6:35,8:35,120,2 hr,Economy,10802.0,6574.63,3093.94,650.0,483.43,0.0,4227.37,True,0,Non-Stop,cd3076ffafcf
SCR_GF_1789324413_057,2026-09-14 00:03:21,2026-09-21,7,google_flights,BOM,BLR,BOM-BLR,BOM,BLR,IndiGo,IndiGo,6E (Direct),1:10,3:05,115,1 hr 55 min,Economy,10915.0,6647.81,3128.38,650.0,488.81,0.0,4267.19,True,0,Non-Stop,816afc107c65
SCR_GF_1789324413_058,2026-09-14 00:03:21,2026-09-21,7,google_flights,BOM,BLR,BOM-BLR,BOM,BLR,IndiGo,IndiGo,6E (Direct),7:55,10:05,130,2 hr 10 min,Economy,11170.0,6812.95,3206.1,650.0,500.95,0.0,4357.05,True,0,Non-Stop,a355ed330d3e
SCR_GF_1789324414_059,2026-09-14 00:03:21,2026-09-21,7,google_flights,BOM,BLR,BOM-BLR,BOM,BLR,IndiGo,IndiGo,6E (Direct),6:30,8:25,115,1 hr 55 min,Economy,11262.0,6872.53,3234.14,650.0,505.33,0.0,4389.47,True,0,Non-Stop,c2cdaac698a9
SCR_GF_1789324414_060,2026-09-14 00:03:21,2026-09-21,7,google_flights,BOM,BLR,BOM-BLR,BOM,BLR,IndiGo,IndiGo,6E (Direct),7:35,9:35,120,2 hr,Economy,12666.0,7781.79,3662.02,650.0,572.19,0.0,4884.21,True,0,Non-Stop,e339586de33d
SCR_GF_1789324419_001,2026-09-14 00:03:34,2026-09-29,15,google_flights,BOM,BLR,BOM-BLR,BOM,BLR,IndiGo,IndiGo,6E (Direct),4:30 AM,6:25 AM,115,1 hr 55 min,Economy,4945.0,2781.52,1308.96,650.0,204.52,0.0,2163.48,True,0,Non-Stop,1ab74e8a636b
SCR_GF_1789324419_002,2026-09-14 00:03:34,2026-09-29,15,google_flights,BOM,BLR,BOM-BLR,BOM,BLR,Air India,Air India,AI (Direct),11:30 PM,1:35 AM,125,2 hr 5 min,Economy,4948.0,2783.47,1309.86,650.0,204.67,0.0,2164.53,True,0,Non-Stop,35b05cf88873
SCR_GF_1789324419_003,2026-09-14 00:03:34,2026-09-29,15,google_flights,BOM,BLR,BOM-BLR,BOM,BLR,Akasa Air,Akasa Air,QP (Direct),10:15 AM,12:10 PM,115,1 hr 55 min,Economy,5400.0,3076.19,1447.62,650.0,226.19,0.0,2323.81,True,0,Non-Stop,413a41f8b0c2
SCR_GF_1789324420_005,2026-09-14 00:03:34,2026-09-29,15,google_flights,BOM,BLR,BOM-BLR,BOM,BLR,IndiGo,IndiGo,6E (Direct),1:10 AM,3:05 AM,115,1 hr 55 min,Economy,4945.0,2781.52,1308.96,650.0,204.52,0.0,2163.48,True,0,Non-Stop,b5fafad016c8
SCR_GF_1789324420_006,2026-09-14 00:03:34,2026-09-29,15,google_flights,BOM,BLR,BOM-BLR,BOM,BLR,Air India,Air India,AI (Direct),2:05 AM,4:10 AM,125,2 hr 5 min,Economy,4948.0,2783.47,1309.86,650.0,204.67,0.0,2164.53,True,0,Non-Stop,762b40ff4fab
SCR_GF_1789324420_007,2026-09-14 00:03:34,2026-09-29,15,google_flights,BOM,BLR,BOM-BLR,BOM,BLR,Akasa Air,Akasa Air,QP (Direct),12:35 AM,2:25 AM,110,1 hr 50 min,Economy,5400.0,3076.19,1447.62,650.0,226.19,0.0,2323.81,True,0,Non-Stop,cd037e66e5c8
SCR_GF_1789324420_008,2026-09-14 00:03:34,2026-09-29,15,google_flights,BOM,BLR,BOM-BLR,BOM,BLR,Akasa Air,Akasa Air,QP (Direct),5:30 AM,7:25 AM,115,1 hr 55 min,Economy,5400.0,3076.19,1447.62,650.0,226.19,0.0,2323.81,True,0,Non-Stop,08e135e9c1ad
SCR_GF_1789324420_009,2026-09-14 00:03:34,2026-09-29,15,google_flights,BOM,BLR,BOM-BLR,BOM,BLR,IndiGo,IndiGo,6E (Direct),6:30 AM,8:25 AM,115,1 hr 55 min,Economy,6957.0,4084.53,1922.14,650.0,300.33,0.0,2872.47,True,0,Non-Stop,80dfa1fc8933
SCR_GF_1789324420_010,2026-09-14 00:03:34,2026-09-29,15,google_flights,BOM,BLR,BOM-BLR,BOM,BLR,IndiGo,IndiGo,6E (Direct),8:05 AM,9:55 AM,110,1 hr 50 min,Economy,6957.0,4084.53,1922.14,650.0,300.33,0.0,2872.47,True,0,Non-Stop,8cd7836bd39f
SCR_GF_1789324420_011,2026-09-14 00:03:34,2026-09-29,15,google_flights,BOM,BLR,BOM-BLR,BOM,BLR,IndiGo,IndiGo,6E (Direct),9:50 AM,11:55 AM,125,2 hr 5 min,Economy,6957.0,4084.53,1922.14,650.0,300.33,0.0,2872.47,True,0,Non-Stop,89fc3cc1a426
SCR_GF_1789324421_012,2026-09-14 00:03:34,2026-09-29,15,google_flights,BOM,BLR,BOM-BLR,BOM,BLR,IndiGo,IndiGo,6E (Direct),11:00 AM,12:55 PM,115,1 hr 55 min,Economy,6957.0,4084.53,1922.14,650.0,300.33,0.0,2872.47,True,0,Non-Stop,cf8a3645927f
SCR_GF_1789324421_013,2026-09-14 00:03:34,2026-09-29,15,google_flights,BOM,BLR,BOM-BLR,BOM,BLR,IndiGo,IndiGo,6E (Direct),12:30 PM,2:25 PM,115,1 hr 55 min,Economy,6957.0,4084.53,1922.14,650.0,300.33,0.0,2872.47,True,0,Non-Stop,d97dd786af68
SCR_GF_1789324421_014,2026-09-14 00:03:34,2026-09-29,15,google_flights,BOM,BLR,BOM-BLR,BOM,BLR,IndiGo,IndiGo,6E (Direct),2:30 PM,4:25 PM,115,1 hr 55 min,Economy,6957.0,4084.53,1922.14,650.0,300.33,0.0,2872.47,True,0,Non-Stop,2bd50fb2fbee
SCR_GF_1789324421_015,2026-09-14 00:03:34,2026-09-29,15,google_flights,BOM,BLR,BOM-BLR,BOM,BLR,IndiGo,IndiGo,6E (Direct),3:35 PM,5:25 PM,110,1 hr 50 min,Economy,6957.0,4084.53,1922.14,650.0,300.33,0.0,2872.47,True,0,Non-Stop,f6f7ac107148
SCR_GF_1789324421_016,2026-09-14 00:03:34,2026-09-29,15,google_flights,BOM,BLR,BOM-BLR,BOM,BLR,IndiGo,IndiGo,6E (Direct),5:00 PM,6:55 PM,115,1 hr 55 min,Economy,6957.0,4084.53,1922.14,650.0,300.33,0.0,2872.47,True,0,Non-Stop,b63618fc8021
SCR_GF_1789324421_017,2026-09-14 00:03:34,2026-09-29,15,google_flights,BOM,BLR,BOM-BLR,BOM,BLR,IndiGo,IndiGo,6E (Direct),6:30 PM,8:25 PM,115,1 hr 55 min,Economy,6957.0,4084.53,1922.14,650.0,300.33,0.0,2872.47,True,0,Non-Stop,25b618f2b34b
SCR_GF_1789324421_018,2026-09-14 00:03:34,2026-09-29,15,google_flights,BOM,BLR,BOM-BLR,BOM,BLR,IndiGo,IndiGo,6E (Direct),9:30 PM,11:25 PM,115,1 hr 55 min,Economy,6957.0,4084.53,1922.14,650.0,300.33,0.0,2872.47,True,0,Non-Stop,cfb8978fcaa7
SCR_GF_1789324421_019,2026-09-14 00:03:34,2026-09-29,15,google_flights,BOM,BLR,BOM-BLR,BOM,BLR,IndiGo,IndiGo,6E (Direct),10:20 PM,12:20 AM,120,2 hr,Economy,6957.0,4084.53,1922.14,650.0,300.33,0.0,2872.47,True,0,Non-Stop,75551616d15d
SCR_GF_1789324422_020,2026-09-14 00:03:34,2026-09-29,15,google_flights,BOM,BLR,BOM-BLR,BOM,BLR,Akasa Air,Akasa Air,QP (Direct),6:25 PM,8:20 PM,115,1 hr 55 min,Economy,6994.0,4108.5,1933.4,650.0,302.1,0.0,2885.5,True,0,Non-Stop,96f7f96965f5
SCR_GF_1789324422_021,2026-09-14 00:03:34,2026-09-29,15,google_flights,BOM,BLR,BOM-BLR,BOM,BLR,Air India,Air India,AI (Direct),3:25 PM,5:35 PM,130,2 hr 10 min,Economy,7012.0,4120.15,1938.9,650.0,302.95,0.0,2891.85,True,0,Non-Stop,2b1652c4a627
SCR_GF_1789324422_022,2026-09-14 00:03:34,2026-09-29,15,google_flights,BOM,BLR,BOM-BLR,BOM,BLR,Air India,Air India,AI (Direct),6:35 AM,8:35 AM,120,2 hr,Economy,7243.0,4269.75,2009.3,650.0,313.95,0.0,2973.25,True,0,Non-Stop,f803f9781686
SCR_GF_1789324422_023,2026-09-14 00:03:34,2026-09-29,15,google_flights,BOM,BLR,BOM-BLR,BOM,BLR,Air India,Air India,AI (Direct),10:00 AM,12:05 PM,125,2 hr 5 min,Economy,7243.0,4269.75,2009.3,650.0,313.95,0.0,2973.25,True,0,Non-Stop,77468a2d4e94
SCR_GF_1789324422_024,2026-09-14 00:03:34,2026-09-29,15,google_flights,BOM,BLR,BOM-BLR,BOM,BLR,Air India,Air India,AI (Direct),5:30 PM,7:35 PM,125,2 hr 5 min,Economy,7243.0,4269.75,2009.3,650.0,313.95,0.0,2973.25,True,0,Non-Stop,b5eba8a7fef5
SCR_GF_1789324422_025,2026-09-14 00:03:34,2026-09-29,15,google_flights,BOM,BLR,BOM-BLR,BOM,BLR,Air India,Air India,AI (Direct),6:30 PM,8:35 PM,125,2 hr 5 min,Economy,7243.0,4269.75,2009.3,650.0,313.95,0.0,2973.25,True,0,Non-Stop,70ab94869bad
SCR_GF_1789324422_026,2026-09-14 00:03:34,2026-09-29,15,google_flights,BOM,BLR,BOM-BLR,BOM,BLR,Akasa Air,Akasa Air,QP (Direct),7:40 PM,9:45 PM,125,2 hr 5 min,Economy,7264.0,4283.35,2015.7,650.0,314.95,0.0,2980.65,True,0,Non-Stop,e7fad368ea30
SCR_GF_1789324422_027,2026-09-14 00:03:34,2026-09-29,15,google_flights,BOM,BLR,BOM-BLR,BOM,BLR,Akasa Air,Akasa Air,QP (Direct),9:45 PM,11:45 PM,120,2 hr,Economy,7264.0,4283.35,2015.7,650.0,314.95,0.0,2980.65,True,0,Non-Stop,794834bfdf82
SCR_GF_1789324423_028,2026-09-14 00:03:34,2026-09-29,15,google_flights,BOM,BLR,BOM-BLR,BOM,BLR,Air India,Air India,AI (Direct),8:45 PM,10:45 PM,120,2 hr,Economy,7300.0,4306.67,2026.66,650.0,316.67,0.0,2993.33,True,0,Non-Stop,f681db9cf86f
SCR_GF_1789324423_029,2026-09-14 00:03:34,2026-09-29,15,google_flights,BOM,BLR,BOM-BLR,BOM,BLR,Air India,Air India,AI (Direct),12:00 PM,2:05 PM,125,2 hr 5 min,Economy,7327.0,4324.15,2034.9,650.0,317.95,0.0,3002.85,True,0,Non-Stop,9ced1d7e9889
SCR_GF_1789324423_030,2026-09-14 00:03:34,2026-09-29,15,google_flights,BOM,BLR,BOM-BLR,BOM,BLR,Air India,Air India,AI (Direct),7:45 PM,9:50 PM,125,2 hr 5 min,Economy,7327.0,4324.15,2034.9,650.0,317.95,0.0,3002.85,True,0,Non-Stop,8bf948605733
SCR_GF_1789324423_031,2026-09-14 00:03:34,2026-09-29,15,google_flights,BOM,BLR,BOM-BLR,BOM,BLR,Air India,Air India,AI (Direct),7:55 AM,10:05 AM,130,2 hr 10 min,Economy,7358.0,4344.23,2044.34,650.0,319.43,0.0,3013.77,True,0,Non-Stop,9ea596039677
SCR_GF_1789324423_032,2026-09-14 00:03:34,2026-09-29,15,google_flights,BOM,BLR,BOM-BLR,BOM,BLR,Akasa Air,Akasa Air,QP (Direct),7:35 AM,9:35 AM,120,2 hr,Economy,7549.0,4467.92,2102.56,650.0,328.52,0.0,3081.08,True,0,Non-Stop,11edacc0c2ce
SCR_GF_1789324423_033,2026-09-14 00:03:34,2026-09-29,15,google_flights,BOM,BLR,BOM-BLR,BOM,BLR,IndiGo,IndiGo,6E (Direct),4:30,6:25,115,1 hr 55 min,Economy,4945.0,2781.52,1308.96,650.0,204.52,0.0,2163.48,True,0,Non-Stop,eba7b3801e29
SCR_GF_1789324423_034,2026-09-14 00:03:34,2026-09-29,15,google_flights,BOM,BLR,BOM-BLR,BOM,BLR,IndiGo,IndiGo,6E (Direct),11:30,1:35,125,2 hr 5 min,Economy,4948.0,2783.47,1309.86,650.0,204.67,0.0,2164.53,True,0,Non-Stop,c8c6994a5ef7
SCR_GF_1789324423_035,2026-09-14 00:03:34,2026-09-29,15,google_flights,BOM,BLR,BOM-BLR,BOM,BLR,IndiGo,IndiGo,6E (Direct),10:15,12:10,115,1 hr 55 min,Economy,5400.0,3076.19,1447.62,650.0,226.19,0.0,2323.81,True,0,Non-Stop,e01888966cdc
SCR_GF_1789324424_037,2026-09-14 00:03:34,2026-09-29,15,google_flights,BOM,BLR,BOM-BLR,BOM,BLR,IndiGo,IndiGo,6E (Direct),1:10,3:05,115,1 hr 55 min,Economy,4945.0,2781.52,1308.96,650.0,204.52,0.0,2163.48,True,0,Non-Stop,2e936da79574
SCR_GF_1789324424_038,2026-09-14 00:03:34,2026-09-29,15,google_flights,BOM,BLR,BOM-BLR,BOM,BLR,IndiGo,IndiGo,6E (Direct),2:05,4:10,125,2 hr 5 min,Economy,4948.0,2783.47,1309.86,650.0,204.67,0.0,2164.53,True,0,Non-Stop,901f681c5389
SCR_GF_1789324424_039,2026-09-14 00:03:34,2026-09-29,15,google_flights,BOM,BLR,BOM-BLR,BOM,BLR,IndiGo,IndiGo,6E (Direct),12:35,2:25,110,1 hr 50 min,Economy,5400.0,3076.19,1447.62,650.0,226.19,0.0,2323.81,True,0,Non-Stop,179b7e7a2ef5
SCR_GF_1789324425_040,2026-09-14 00:03:34,2026-09-29,15,google_flights,BOM,BLR,BOM-BLR,BOM,BLR,IndiGo,IndiGo,6E (Direct),5:30,7:25,115,1 hr 55 min,Economy,5400.0,3076.19,1447.62,650.0,226.19,0.0,2323.81,True,0,Non-Stop,321ef3584f3b
SCR_GF_1789324425_041,2026-09-14 00:03:34,2026-09-29,15,google_flights,BOM,BLR,BOM-BLR,BOM,BLR,IndiGo,IndiGo,6E (Direct),6:30,8:25,115,1 hr 55 min,Economy,6957.0,4084.53,1922.14,650.0,300.33,0.0,2872.47,True,0,Non-Stop,4f19cb979a93
SCR_GF_1789324425_042,2026-09-14 00:03:34,2026-09-29,15,google_flights,BOM,BLR,BOM-BLR,BOM,BLR,IndiGo,IndiGo,6E (Direct),8:05,9:55,110,1 hr 50 min,Economy,6957.0,4084.53,1922.14,650.0,300.33,0.0,2872.47,True,0,Non-Stop,d3cae702591e
SCR_GF_1789324425_043,2026-09-14 00:03:34,2026-09-29,15,google_flights,BOM,BLR,BOM-BLR,BOM,BLR,IndiGo,IndiGo,6E (Direct),9:50,11:55,125,2 hr 5 min,Economy,6957.0,4084.53,1922.14,650.0,300.33,0.0,2872.47,True,0,Non-Stop,489e508525b6
SCR_GF_1789324425_044,2026-09-14 00:03:34,2026-09-29,15,google_flights,BOM,BLR,BOM-BLR,BOM,BLR,IndiGo,IndiGo,6E (Direct),11:00,12:55,115,1 hr 55 min,Economy,6957.0,4084.53,1922.14,650.0,300.33,0.0,2872.47,True,0,Non-Stop,ae6cfbca4925
SCR_GF_1789324425_045,2026-09-14 00:03:34,2026-09-29,15,google_flights,BOM,BLR,BOM-BLR,BOM,BLR,IndiGo,IndiGo,6E (Direct),12:30,2:25,115,1 hr 55 min,Economy,6957.0,4084.53,1922.14,650.0,300.33,0.0,2872.47,True,0,Non-Stop,0a919b9b2865
SCR_GF_1789324425_046,2026-09-14 00:03:34,2026-09-29,15,google_flights,BOM,BLR,BOM-BLR,BOM,BLR,IndiGo,IndiGo,6E (Direct),2:30,4:25,115,1 hr 55 min,Economy,6957.0,4084.53,1922.14,650.0,300.33,0.0,2872.47,True,0,Non-Stop,766880a42b7d
SCR_GF_1789324425_047,2026-09-14 00:03:34,2026-09-29,15,google_flights,BOM,BLR,BOM-BLR,BOM,BLR,IndiGo,IndiGo,6E (Direct),3:35,5:25,110,1 hr 50 min,Economy,6957.0,4084.53,1922.14,650.0,300.33,0.0,2872.47,True,0,Non-Stop,e742cbd1e7bc
SCR_GF_1789324426_048,2026-09-14 00:03:34,2026-09-29,15,google_flights,BOM,BLR,BOM-BLR,BOM,BLR,IndiGo,IndiGo,6E (Direct),5:00,6:55,115,1 hr 55 min,Economy,6957.0,4084.53,1922.14,650.0,300.33,0.0,2872.47,True,0,Non-Stop,66f92b53d3a5
SCR_GF_1789324426_049,2026-09-14 00:03:34,2026-09-29,15,google_flights,BOM,BLR,BOM-BLR,BOM,BLR,IndiGo,IndiGo,6E (Direct),6:30,8:25,115,1 hr 55 min,Economy,6957.0,4084.53,1922.14,650.0,300.33,0.0,2872.47,True,0,Non-Stop,4f19cb979a93
SCR_GF_1789324426_050,2026-09-14 00:03:34,2026-09-29,15,google_flights,BOM,BLR,BOM-BLR,BOM,BLR,IndiGo,IndiGo,6E (Direct),9:30,11:25,115,1 hr 55 min,Economy,6957.0,4084.53,1922.14,650.0,300.33,0.0,2872.47,True,0,Non-Stop,7cc30d68b80e
SCR_GF_1789324426_051,2026-09-14 00:03:34,2026-09-29,15,google_flights,BOM,BLR,BOM-BLR,BOM,BLR,IndiGo,IndiGo,6E (Direct),10:20,12:20,120,2 hr,Economy,6957.0,4084.53,1922.14,650.0,300.33,0.0,2872.47,True,0,Non-Stop,8c63b0e34366
SCR_GF_1789324426_052,2026-09-14 00:03:34,2026-09-29,15,google_flights,BOM,BLR,BOM-BLR,BOM,BLR,IndiGo,IndiGo,6E (Direct),6:25,8:20,115,1 hr 55 min,Economy,6994.0,4108.5,1933.4,650.0,302.1,0.0,2885.5,True,0,Non-Stop,281310a7d554
SCR_GF_1789324426_053,2026-09-14 00:03:34,2026-09-29,15,google_flights,BOM,BLR,BOM-BLR,BOM,BLR,IndiGo,IndiGo,6E (Direct),3:25,5:35,130,2 hr 10 min,Economy,7012.0,4120.15,1938.9,650.0,302.95,0.0,2891.85,True,0,Non-Stop,af691f48f9bd
SCR_GF_1789324426_054,2026-09-14 00:03:34,2026-09-29,15,google_flights,BOM,BLR,BOM-BLR,BOM,BLR,IndiGo,IndiGo,6E (Direct),6:35,8:35,120,2 hr,Economy,7243.0,4269.75,2009.3,650.0,313.95,0.0,2973.25,True,0,Non-Stop,a5abfc90d744
SCR_GF_1789324426_055,2026-09-14 00:03:34,2026-09-29,15,google_flights,BOM,BLR,BOM-BLR,BOM,BLR,IndiGo,IndiGo,6E (Direct),10:00,12:05,125,2 hr 5 min,Economy,7243.0,4269.75,2009.3,650.0,313.95,0.0,2973.25,True,0,Non-Stop,630d40e54f2d
SCR_GF_1789324427_056,2026-09-14 00:03:34,2026-09-29,15,google_flights,BOM,BLR,BOM-BLR,BOM,BLR,IndiGo,IndiGo,6E (Direct),5:30,7:35,125,2 hr 5 min,Economy,7243.0,4269.75,2009.3,650.0,313.95,0.0,2973.25,True,0,Non-Stop,73cbfdf7d94b
SCR_GF_1789324427_057,2026-09-14 00:03:34,2026-09-29,15,google_flights,BOM,BLR,BOM-BLR,BOM,BLR,IndiGo,IndiGo,6E (Direct),6:30,8:35,125,2 hr 5 min,Economy,7243.0,4269.75,2009.3,650.0,313.95,0.0,2973.25,True,0,Non-Stop,6e5565d3c113
SCR_GF_1789324427_058,2026-09-14 00:03:34,2026-09-29,15,google_flights,BOM,BLR,BOM-BLR,BOM,BLR,IndiGo,IndiGo,6E (Direct),7:40,9:45,125,2 hr 5 min,Economy,7264.0,4283.35,2015.7,650.0,314.95,0.0,2980.65,True,0,Non-Stop,2e802e53245b
SCR_GF_1789324427_059,2026-09-14 00:03:34,2026-09-29,15,google_flights,BOM,BLR,BOM-BLR,BOM,BLR,IndiGo,IndiGo,6E (Direct),9:45,11:45,120,2 hr,Economy,7264.0,4283.35,2015.7,650.0,314.95,0.0,2980.65,True,0,Non-Stop,86a2882ec6f1
SCR_GF_1789324427_060,2026-09-14 00:03:34,2026-09-29,15,google_flights,BOM,BLR,BOM-BLR,BOM,BLR,IndiGo,IndiGo,6E (Direct),8:45,10:45,120,2 hr,Economy,7300.0,4306.67,2026.66,650.0,316.67,0.0,2993.33,True,0,Non-Stop,5f747a73f9de
SCR_GF_1789324427_061,2026-09-14 00:03:34,2026-09-29,15,google_flights,BOM,BLR,BOM-BLR,BOM,BLR,IndiGo,IndiGo,6E (Direct),12:00,2:05,125,2 hr 5 min,Economy,7327.0,4324.15,2034.9,650.0,317.95,0.0,3002.85,True,0,Non-Stop,533964e9d44e
SCR_GF_1789324427_062,2026-09-14 00:03:34,2026-09-29,15,google_flights,BOM,BLR,BOM-BLR,BOM,BLR,IndiGo,IndiGo,6E (Direct),7:45,9:50,125,2 hr 5 min,Economy,7327.0,4324.15,2034.9,650.0,317.95,0.0,3002.85,True,0,Non-Stop,7f6c5b29e2b4
SCR_GF_1789324428_063,2026-09-14 00:03:34,2026-09-29,15,google_flights,BOM,BLR,BOM-BLR,BOM,BLR,IndiGo,IndiGo,6E (Direct),7:55,10:05,130,2 hr 10 min,Economy,7358.0,4344.23,2044.34,650.0,319.43,0.0,3013.77,True,0,Non-Stop,ef7266234091
SCR_GF_1789324428_064,2026-09-14 00:03:34,2026-09-29,15,google_flights,BOM,BLR,BOM-BLR,BOM,BLR,IndiGo,IndiGo,6E (Direct),7:35,9:35,120,2 hr,Economy,7549.0,4467.92,2102.56,650.0,328.52,0.0,3081.08,True,0,Non-Stop,f8f9490f725a
SCR_GF_1789324432_001,2026-09-14 00:03:48,2026-09-15,1,google_flights,DEL,CCU,DEL-CCU,DEL,CCU,IndiGo,IndiGo,6E (Connecting),7:40 AM,12:05 PM,265,4 hr 25 min,Economy,7481.0,4385.03,2063.54,710.0,322.43,0.0,3095.97,False,1,1 Stop (JAI),d7357155ecb8
SCR_GF_1789324432_002,2026-09-14 00:03:48,2026-09-15,1,google_flights,DEL,CCU,DEL-CCU,DEL,CCU,Akasa Air,Akasa Air,QP (Direct),5:55 AM,8:15 AM,140,2 hr 20 min,Economy,8259.0,4888.88,2300.64,710.0,359.48,0.0,3370.12,True,0,Non-Stop,fac8cf81b06c
SCR_GF_1789324432_003,2026-09-14 00:03:48,2026-09-15,1,google_flights,DEL,CCU,DEL-CCU,DEL,CCU,Air India,Air India,AI (Direct),2:30 AM,4:50 AM,140,2 hr 20 min,Economy,8724.0,5190.02,2442.36,710.0,381.62,0.0,3533.98,True,0,Non-Stop,c1e6ba011864
SCR_GF_1789324432_004,2026-09-14 00:03:48,2026-09-15,1,google_flights,DEL,CCU,DEL-CCU,DEL,CCU,IndiGo,IndiGo,6E (Direct),5:00 AM,7:15 AM,135,2 hr 15 min,Economy,8817.0,5250.25,2470.7,710.0,386.05,0.0,3566.75,True,0,Non-Stop,c2d1543aace5
SCR_GF_1789324432_005,2026-09-14 00:03:48,2026-09-15,1,google_flights,DEL,CCU,DEL-CCU,DEL,CCU,IndiGo,IndiGo,6E (Connecting),6:20 AM,1:45 PM,445,7 hr 25 min,Economy,7271.0,4249.03,1999.54,710.0,312.43,0.0,3021.97,False,1,1 Stop (PAT),9b25b1f6402a
SCR_GF_1789324433_006,2026-09-14 00:03:48,2026-09-15,1,google_flights,DEL,CCU,DEL-CCU,DEL,CCU,IndiGo,IndiGo,6E (Connecting),4:40 PM,10:05 PM,325,5 hr 25 min,Economy,7271.0,4249.03,1999.54,710.0,312.43,0.0,3021.97,False,1,1 Stop (LKO),f0266361890e
SCR_GF_1789324433_007,2026-09-14 00:03:48,2026-09-15,1,google_flights,DEL,CCU,DEL-CCU,DEL,CCU,IndiGo,IndiGo,6E (Connecting),5:00 AM,10:50 AM,350,5 hr 50 min,Economy,7481.0,4385.03,2063.54,710.0,322.43,0.0,3095.97,False,1,1 Stop (BBI),85078ac07d98
SCR_GF_1789324433_008,2026-09-14 00:03:48,2026-09-15,1,google_flights,DEL,CCU,DEL-CCU,DEL,CCU,IndiGo,IndiGo,6E (Direct),7:20 AM,9:40 AM,140,2 hr 20 min,Economy,8817.0,5250.25,2470.7,710.0,386.05,0.0,3566.75,True,0,Non-Stop,c5b4a91a5790
SCR_GF_1789324433_009,2026-09-14 00:03:48,2026-09-15,1,google_flights,DEL,CCU,DEL-CCU,DEL,CCU,IndiGo,IndiGo,6E (Direct),2:25 PM,4:45 PM,140,2 hr 20 min,Economy,8817.0,5250.25,2470.7,710.0,386.05,0.0,3566.75,True,0,Non-Stop,995063c6e342
SCR_GF_1789324433_010,2026-09-14 00:03:48,2026-09-15,1,google_flights,DEL,CCU,DEL-CCU,DEL,CCU,IndiGo,IndiGo,6E (Direct),4:00 PM,6:15 PM,135,2 hr 15 min,Economy,8817.0,5250.25,2470.7,710.0,386.05,0.0,3566.75,True,0,Non-Stop,c18cccfface6
SCR_GF_1789324433_011,2026-09-14 00:03:48,2026-09-15,1,google_flights,DEL,CCU,DEL-CCU,DEL,CCU,IndiGo,IndiGo,6E (Direct),5:55 PM,8:15 PM,140,2 hr 20 min,Economy,8817.0,5250.25,2470.7,710.0,386.05,0.0,3566.75,True,0,Non-Stop,1fcfd9cd6eaa
SCR_GF_1789324433_012,2026-09-14 00:03:48,2026-09-15,1,google_flights,DEL,CCU,DEL-CCU,DEL,CCU,IndiGo,IndiGo,6E (Direct),9:50 PM,12:05 AM,135,2 hr 15 min,Economy,8817.0,5250.25,2470.7,710.0,386.05,0.0,3566.75,True,0,Non-Stop,39e524ec1df6
SCR_GF_1789324433_013,2026-09-14 00:03:48,2026-09-15,1,google_flights,DEL,CCU,DEL-CCU,DEL,CCU,IndiGo,IndiGo,6E (Direct),11:30 PM,1:45 AM,135,2 hr 15 min,Economy,8817.0,5250.25,2470.7,710.0,386.05,0.0,3566.75,True,0,Non-Stop,a9df0983e2de
SCR_GF_1789324434_014,2026-09-14 00:03:48,2026-09-15,1,google_flights,DEL,CCU,DEL-CCU,DEL,CCU,Air India,Air India,AI (Direct),6:40 AM,8:50 AM,130,2 hr 10 min,Economy,8819.0,5251.54,2471.32,710.0,386.14,0.0,3567.46,True,0,Non-Stop,4741fb367cce
SCR_GF_1789324434_015,2026-09-14 00:03:48,2026-09-15,1,google_flights,DEL,CCU,DEL-CCU,DEL,CCU,Air India,Air India,AI (Direct),4:15 PM,6:35 PM,140,2 hr 20 min,Economy,8819.0,5251.54,2471.32,710.0,386.14,0.0,3567.46,True,0,Non-Stop,ca752449ffff
SCR_GF_1789324434_016,2026-09-14 00:03:48,2026-09-15,1,google_flights,DEL,CCU,DEL-CCU,DEL,CCU,Air India,Air India,AI (Direct),6:00 PM,8:20 PM,140,2 hr 20 min,Economy,8819.0,5251.54,2471.32,710.0,386.14,0.0,3567.46,True,0,Non-Stop,d8b642a88d85
SCR_GF_1789324434_017,2026-09-14 00:03:48,2026-09-15,1,google_flights,DEL,CCU,DEL-CCU,DEL,CCU,Air India,Air India,AI (Direct),9:00 PM,11:20 PM,140,2 hr 20 min,Economy,8819.0,5251.54,2471.32,710.0,386.14,0.0,3567.46,True,0,Non-Stop,5e1923409866
SCR_GF_1789324434_018,2026-09-14 00:03:48,2026-09-15,1,google_flights,DEL,CCU,DEL-CCU,DEL,CCU,Akasa Air,Akasa Air,QP (Direct),5:05 PM,7:25 PM,140,2 hr 20 min,Economy,8867.0,5282.63,2485.94,710.0,388.43,0.0,3584.37,True,0,Non-Stop,a9238d740022
SCR_GF_1789324434_019,2026-09-14 00:03:48,2026-09-15,1,google_flights,DEL,CCU,DEL-CCU,DEL,CCU,Air India,Air India,AI (Direct),9:55 AM,12:15 PM,140,2 hr 20 min,Economy,8971.0,5349.98,2517.64,710.0,393.38,0.0,3621.02,True,0,Non-Stop,3599726840d0
SCR_GF_1789324435_020,2026-09-14 00:03:48,2026-09-15,1,google_flights,DEL,CCU,DEL-CCU,DEL,CCU,Air India,Air India,AI (Direct),1:00 PM,3:20 PM,140,2 hr 20 min,Economy,8971.0,5349.98,2517.64,710.0,393.38,0.0,3621.02,True,0,Non-Stop,1d3118ccd6bb
SCR_GF_1789324435_021,2026-09-14 00:03:48,2026-09-15,1,google_flights,DEL,CCU,DEL-CCU,DEL,CCU,Air India,Air India,AI (Direct),7:40 PM,9:50 PM,130,2 hr 10 min,Economy,8971.0,5349.98,2517.64,710.0,393.38,0.0,3621.02,True,0,Non-Stop,a5f1718ddcb8
SCR_GF_1789324435_022,2026-09-14 00:03:48,2026-09-15,1,google_flights,DEL,CCU,DEL-CCU,DEL,CCU,IndiGo,IndiGo,6E (Direct),8:30 AM,10:45 AM,135,2 hr 15 min,Economy,9080.0,5420.57,2550.86,710.0,398.57,0.0,3659.43,True,0,Non-Stop,939ad34712d8
SCR_GF_1789324435_023,2026-09-14 00:03:48,2026-09-15,1,google_flights,DEL,CCU,DEL-CCU,DEL,CCU,IndiGo,IndiGo,6E (Direct),7:30 PM,9:45 PM,135,2 hr 15 min,Economy,9080.0,5420.57,2550.86,710.0,398.57,0.0,3659.43,True,0,Non-Stop,28f54b201ca5
SCR_GF_1789324435_024,2026-09-14 00:03:48,2026-09-15,1,google_flights,DEL,CCU,DEL-CCU,DEL,CCU,IndiGo,IndiGo,6E (Direct),10:15 AM,12:30 PM,135,2 hr 15 min,Economy,9395.0,5624.57,2646.86,710.0,413.57,0.0,3770.43,True,0,Non-Stop,f68bad9f06b2
SCR_GF_1789324435_025,2026-09-14 00:03:48,2026-09-15,1,google_flights,DEL,CCU,DEL-CCU,DEL,CCU,IndiGo,IndiGo,6E (Direct),12:45 PM,3:05 PM,140,2 hr 20 min,Economy,9395.0,5624.57,2646.86,710.0,413.57,0.0,3770.43,True,0,Non-Stop,c79ca477e611
SCR_GF_1789324435_026,2026-09-14 00:03:48,2026-09-15,1,google_flights,DEL,CCU,DEL-CCU,DEL,CCU,Air India,Air India,AI (Direct),7:30 AM,9:50 AM,140,2 hr 20 min,Economy,13397.0,8216.34,3866.52,710.0,604.14,0.0,5180.66,True,0,Non-Stop,a8206f54ff51
SCR_GF_1789324435_027,2026-09-14 00:03:48,2026-09-15,1,google_flights,DEL,CCU,DEL-CCU,DEL,CCU,IndiGo,IndiGo,6E (Connecting),7:40,12:05,265,4 hr 25 min,Economy,7481.0,4385.03,2063.54,710.0,322.43,0.0,3095.97,False,1,1 Stop,34ad66d7c26b
SCR_GF_1789324436_028,2026-09-14 00:03:48,2026-09-15,1,google_flights,DEL,CCU,DEL-CCU,DEL,CCU,IndiGo,IndiGo,6E (Direct),5:55,8:15,140,2 hr 20 min,Economy,8259.0,4888.88,2300.64,710.0,359.48,0.0,3370.12,True,0,Non-Stop,5f1a81c3e64e
SCR_GF_1789324436_029,2026-09-14 00:03:48,2026-09-15,1,google_flights,DEL,CCU,DEL-CCU,DEL,CCU,IndiGo,IndiGo,6E (Direct),2:30,4:50,140,2 hr 20 min,Economy,8724.0,5190.02,2442.36,710.0,381.62,0.0,3533.98,True,0,Non-Stop,a9e2457addc9
SCR_GF_1789324436_030,2026-09-14 00:03:48,2026-09-15,1,google_flights,DEL,CCU,DEL-CCU,DEL,CCU,IndiGo,IndiGo,6E (Direct),5:00,7:15,135,2 hr 15 min,Economy,8817.0,5250.25,2470.7,710.0,386.05,0.0,3566.75,True,0,Non-Stop,9b104fdbfddf
SCR_GF_1789324436_031,2026-09-14 00:03:48,2026-09-15,1,google_flights,DEL,CCU,DEL-CCU,DEL,CCU,IndiGo,IndiGo,6E (Connecting),6:20,1:45,445,7 hr 25 min,Economy,7271.0,4249.03,1999.54,710.0,312.43,0.0,3021.97,False,1,1 Stop,d3fac417f8e5
SCR_GF_1789324436_032,2026-09-14 00:03:48,2026-09-15,1,google_flights,DEL,CCU,DEL-CCU,DEL,CCU,IndiGo,IndiGo,6E (Connecting),4:40,10:05,325,5 hr 25 min,Economy,7271.0,4249.03,1999.54,710.0,312.43,0.0,3021.97,False,1,1 Stop,0aac70300a8b
SCR_GF_1789324436_033,2026-09-14 00:03:48,2026-09-15,1,google_flights,DEL,CCU,DEL-CCU,DEL,CCU,IndiGo,IndiGo,6E (Connecting),5:00,10:50,350,5 hr 50 min,Economy,7481.0,4385.03,2063.54,710.0,322.43,0.0,3095.97,False,1,1 Stop,0496d098115d
SCR_GF_1789324436_034,2026-09-14 00:03:48,2026-09-15,1,google_flights,DEL,CCU,DEL-CCU,DEL,CCU,IndiGo,IndiGo,6E (Direct),7:20,9:40,140,2 hr 20 min,Economy,8817.0,5250.25,2470.7,710.0,386.05,0.0,3566.75,True,0,Non-Stop,1d8c2d1ad56c
SCR_GF_1789324437_035,2026-09-14 00:03:48,2026-09-15,1,google_flights,DEL,CCU,DEL-CCU,DEL,CCU,IndiGo,IndiGo,6E (Direct),2:25,4:45,140,2 hr 20 min,Economy,8817.0,5250.25,2470.7,710.0,386.05,0.0,3566.75,True,0,Non-Stop,65ee54a6b3d0
SCR_GF_1789324437_036,2026-09-14 00:03:48,2026-09-15,1,google_flights,DEL,CCU,DEL-CCU,DEL,CCU,IndiGo,IndiGo,6E (Direct),4:00,6:15,135,2 hr 15 min,Economy,8817.0,5250.25,2470.7,710.0,386.05,0.0,3566.75,True,0,Non-Stop,628e9e081843
SCR_GF_1789324437_037,2026-09-14 00:03:48,2026-09-15,1,google_flights,DEL,CCU,DEL-CCU,DEL,CCU,IndiGo,IndiGo,6E (Direct),5:55,8:15,140,2 hr 20 min,Economy,8817.0,5250.25,2470.7,710.0,386.05,0.0,3566.75,True,0,Non-Stop,b950f7586170
SCR_GF_1789324437_038,2026-09-14 00:03:48,2026-09-15,1,google_flights,DEL,CCU,DEL-CCU,DEL,CCU,IndiGo,IndiGo,6E (Direct),9:50,12:05,135,2 hr 15 min,Economy,8817.0,5250.25,2470.7,710.0,386.05,0.0,3566.75,True,0,Non-Stop,99c35d06604d
SCR_GF_1789324437_039,2026-09-14 00:03:48,2026-09-15,1,google_flights,DEL,CCU,DEL-CCU,DEL,CCU,IndiGo,IndiGo,6E (Direct),11:30,1:45,135,2 hr 15 min,Economy,8817.0,5250.25,2470.7,710.0,386.05,0.0,3566.75,True,0,Non-Stop,b91120b4d55d
SCR_GF_1789324437_040,2026-09-14 00:03:48,2026-09-15,1,google_flights,DEL,CCU,DEL-CCU,DEL,CCU,IndiGo,IndiGo,6E (Direct),6:40,8:50,130,2 hr 10 min,Economy,8819.0,5251.54,2471.32,710.0,386.14,0.0,3567.46,True,0,Non-Stop,6d43cbcbb504
SCR_GF_1789324437_041,2026-09-14 00:03:48,2026-09-15,1,google_flights,DEL,CCU,DEL-CCU,DEL,CCU,IndiGo,IndiGo,6E (Direct),4:15,6:35,140,2 hr 20 min,Economy,8819.0,5251.54,2471.32,710.0,386.14,0.0,3567.46,True,0,Non-Stop,247296b265b7
SCR_GF_1789324438_042,2026-09-14 00:03:48,2026-09-15,1,google_flights,DEL,CCU,DEL-CCU,DEL,CCU,IndiGo,IndiGo,6E (Direct),6:00,8:20,140,2 hr 20 min,Economy,8819.0,5251.54,2471.32,710.0,386.14,0.0,3567.46,True,0,Non-Stop,c126d7c348a8
SCR_GF_1789324438_043,2026-09-14 00:03:48,2026-09-15,1,google_flights,DEL,CCU,DEL-CCU,DEL,CCU,IndiGo,IndiGo,6E (Direct),9:00,11:20,140,2 hr 20 min,Economy,8819.0,5251.54,2471.32,710.0,386.14,0.0,3567.46,True,0,Non-Stop,e7c56a1b3c33
SCR_GF_1789324438_044,2026-09-14 00:03:48,2026-09-15,1,google_flights,DEL,CCU,DEL-CCU,DEL,CCU,IndiGo,IndiGo,6E (Direct),5:05,7:25,140,2 hr 20 min,Economy,8867.0,5282.63,2485.94,710.0,388.43,0.0,3584.37,True,0,Non-Stop,cb9afb54a43a
SCR_GF_1789324438_045,2026-09-14 00:03:48,2026-09-15,1,google_flights,DEL,CCU,DEL-CCU,DEL,CCU,IndiGo,IndiGo,6E (Direct),9:55,12:15,140,2 hr 20 min,Economy,8971.0,5349.98,2517.64,710.0,393.38,0.0,3621.02,True,0,Non-Stop,4f95fcc0c34d
SCR_GF_1789324438_046,2026-09-14 00:03:48,2026-09-15,1,google_flights,DEL,CCU,DEL-CCU,DEL,CCU,IndiGo,IndiGo,6E (Direct),1:00,3:20,140,2 hr 20 min,Economy,8971.0,5349.98,2517.64,710.0,393.38,0.0,3621.02,True,0,Non-Stop,30292b924d75
SCR_GF_1789324438_047,2026-09-14 00:03:48,2026-09-15,1,google_flights,DEL,CCU,DEL-CCU,DEL,CCU,IndiGo,IndiGo,6E (Direct),7:40,9:50,130,2 hr 10 min,Economy,8971.0,5349.98,2517.64,710.0,393.38,0.0,3621.02,True,0,Non-Stop,1b3f45a9ec73
SCR_GF_1789324438_048,2026-09-14 00:03:48,2026-09-15,1,google_flights,DEL,CCU,DEL-CCU,DEL,CCU,IndiGo,IndiGo,6E (Direct),8:30,10:45,135,2 hr 15 min,Economy,9080.0,5420.57,2550.86,710.0,398.57,0.0,3659.43,True,0,Non-Stop,ad898f74ed9e
SCR_GF_1789324438_049,2026-09-14 00:03:48,2026-09-15,1,google_flights,DEL,CCU,DEL-CCU,DEL,CCU,IndiGo,IndiGo,6E (Direct),7:30,9:45,135,2 hr 15 min,Economy,9080.0,5420.57,2550.86,710.0,398.57,0.0,3659.43,True,0,Non-Stop,1d70c3e3ef2c
SCR_GF_1789324439_050,2026-09-14 00:03:48,2026-09-15,1,google_flights,DEL,CCU,DEL-CCU,DEL,CCU,IndiGo,IndiGo,6E (Direct),10:15,12:30,135,2 hr 15 min,Economy,9395.0,5624.57,2646.86,710.0,413.57,0.0,3770.43,True,0,Non-Stop,971f5e3bf3d7
SCR_GF_1789324439_051,2026-09-14 00:03:48,2026-09-15,1,google_flights,DEL,CCU,DEL-CCU,DEL,CCU,IndiGo,IndiGo,6E (Direct),12:45,3:05,140,2 hr 20 min,Economy,9395.0,5624.57,2646.86,710.0,413.57,0.0,3770.43,True,0,Non-Stop,7c58ae78ba01
SCR_GF_1789324439_052,2026-09-14 00:03:48,2026-09-15,1,google_flights,DEL,CCU,DEL-CCU,DEL,CCU,IndiGo,IndiGo,6E (Direct),7:30,9:50,140,2 hr 20 min,Economy,13397.0,8216.34,3866.52,710.0,604.14,0.0,5180.66,True,0,Non-Stop,a726db6fda88
SCR_GF_1789324444_001,2026-09-14 00:03:59,2026-09-21,7,google_flights,DEL,CCU,DEL-CCU,DEL,CCU,Akasa Air,Akasa Air,QP (Direct),5:55 AM,8:15 AM,140,2 hr 20 min,Economy,8406.0,4984.08,2345.44,710.0,366.48,0.0,3421.92,True,0,Non-Stop,5900282b9996
SCR_GF_1789324444_002,2026-09-14 00:03:59,2026-09-21,7,google_flights,DEL,CCU,DEL-CCU,DEL,CCU,Air India,Air India,AI (Direct),2:30 AM,4:50 AM,140,2 hr 20 min,Economy,8724.0,5190.02,2442.36,710.0,381.62,0.0,3533.98,True,0,Non-Stop,7eed6fa88de1
SCR_GF_1789324444_003,2026-09-14 00:03:59,2026-09-21,7,google_flights,DEL,CCU,DEL-CCU,DEL,CCU,IndiGo,IndiGo,6E (Direct),8:30 AM,10:45 AM,135,2 hr 15 min,Economy,8817.0,5250.25,2470.7,710.0,386.05,0.0,3566.75,True,0,Non-Stop,bebd736e09b2
SCR_GF_1789324445_004,2026-09-14 00:03:59,2026-09-21,7,google_flights,DEL,CCU,DEL-CCU,DEL,CCU,IndiGo,IndiGo,6E (Connecting),6:20 AM,1:45 PM,445,7 hr 25 min,Economy,7271.0,4249.03,1999.54,710.0,312.43,0.0,3021.97,False,1,1 Stop (PAT),27328c711f2e
SCR_GF_1789324445_005,2026-09-14 00:03:59,2026-09-21,7,google_flights,DEL,CCU,DEL-CCU,DEL,CCU,IndiGo,IndiGo,6E (Connecting),1:35 PM,9:05 PM,450,7 hr 30 min,Economy,7271.0,4249.03,1999.54,710.0,312.43,0.0,3021.97,False,1,1 Stop (PAT),d02400f97efb
SCR_GF_1789324445_006,2026-09-14 00:03:59,2026-09-21,7,google_flights,DEL,CCU,DEL-CCU,DEL,CCU,IndiGo,IndiGo,6E (Connecting),10:50 AM,3:25 PM,275,4 hr 35 min,Economy,7586.0,4453.03,2095.54,710.0,327.43,0.0,3132.97,False,1,1 Stop (IXB),1c17bdb42702
SCR_GF_1789324445_007,2026-09-14 00:03:59,2026-09-21,7,google_flights,DEL,CCU,DEL-CCU,DEL,CCU,IndiGo,IndiGo,6E (Connecting),2:40 PM,7:20 PM,280,4 hr 40 min,Economy,7586.0,4453.03,2095.54,710.0,327.43,0.0,3132.97,False,1,1 Stop (IXB),802b07172569
SCR_GF_1789324445_008,2026-09-14 00:03:59,2026-09-21,7,google_flights,DEL,CCU,DEL-CCU,DEL,CCU,Akasa Air,Akasa Air,QP (Direct),5:05 PM,7:25 PM,140,2 hr 20 min,Economy,8406.0,4984.08,2345.44,710.0,366.48,0.0,3421.92,True,0,Non-Stop,3ed79133f034
SCR_GF_1789324445_009,2026-09-14 00:03:59,2026-09-21,7,google_flights,DEL,CCU,DEL-CCU,DEL,CCU,IndiGo,IndiGo,6E (Direct),5:00 AM,7:15 AM,135,2 hr 15 min,Economy,8817.0,5250.25,2470.7,710.0,386.05,0.0,3566.75,True,0,Non-Stop,fdb35f493610
SCR_GF_1789324445_010,2026-09-14 00:03:59,2026-09-21,7,google_flights,DEL,CCU,DEL-CCU,DEL,CCU,IndiGo,IndiGo,6E (Direct),7:20 AM,9:40 AM,140,2 hr 20 min,Economy,8817.0,5250.25,2470.7,710.0,386.05,0.0,3566.75,True,0,Non-Stop,a938a99ce2d8
SCR_GF_1789324445_011,2026-09-14 00:03:59,2026-09-21,7,google_flights,DEL,CCU,DEL-CCU,DEL,CCU,IndiGo,IndiGo,6E (Direct),12:45 PM,3:05 PM,140,2 hr 20 min,Economy,8817.0,5250.25,2470.7,710.0,386.05,0.0,3566.75,True,0,Non-Stop,67a84e33eb24
SCR_GF_1789324446_012,2026-09-14 00:03:59,2026-09-21,7,google_flights,DEL,CCU,DEL-CCU,DEL,CCU,IndiGo,IndiGo,6E (Direct),2:25 PM,4:45 PM,140,2 hr 20 min,Economy,8817.0,5250.25,2470.7,710.0,386.05,0.0,3566.75,True,0,Non-Stop,9cc7564a5c48
SCR_GF_1789324446_013,2026-09-14 00:03:59,2026-09-21,7,google_flights,DEL,CCU,DEL-CCU,DEL,CCU,IndiGo,IndiGo,6E (Direct),4:00 PM,6:15 PM,135,2 hr 15 min,Economy,8817.0,5250.25,2470.7,710.0,386.05,0.0,3566.75,True,0,Non-Stop,1ac94d6b70e2
SCR_GF_1789324446_014,2026-09-14 00:03:59,2026-09-21,7,google_flights,DEL,CCU,DEL-CCU,DEL,CCU,IndiGo,IndiGo,6E (Direct),5:55 PM,8:15 PM,140,2 hr 20 min,Economy,8817.0,5250.25,2470.7,710.0,386.05,0.0,3566.75,True,0,Non-Stop,bc7a4774938c
SCR_GF_1789324446_015,2026-09-14 00:03:59,2026-09-21,7,google_flights,DEL,CCU,DEL-CCU,DEL,CCU,IndiGo,IndiGo,6E (Direct),7:30 PM,9:45 PM,135,2 hr 15 min,Economy,8817.0,5250.25,2470.7,710.0,386.05,0.0,3566.75,True,0,Non-Stop,58f3fa728012
SCR_GF_1789324446_016,2026-09-14 00:03:59,2026-09-21,7,google_flights,DEL,CCU,DEL-CCU,DEL,CCU,IndiGo,IndiGo,6E (Direct),11:30 PM,1:45 AM,135,2 hr 15 min,Economy,8817.0,5250.25,2470.7,710.0,386.05,0.0,3566.75,True,0,Non-Stop,0535e8683065
SCR_GF_1789324446_017,2026-09-14 00:03:59,2026-09-21,7,google_flights,DEL,CCU,DEL-CCU,DEL,CCU,Air India,Air India,AI (Direct),6:40 AM,8:50 AM,130,2 hr 10 min,Economy,8819.0,5251.54,2471.32,710.0,386.14,0.0,3567.46,True,0,Non-Stop,3260bde65738
SCR_GF_1789324446_018,2026-09-14 00:03:59,2026-09-21,7,google_flights,DEL,CCU,DEL-CCU,DEL,CCU,Air India,Air India,AI (Direct),4:15 PM,6:35 PM,140,2 hr 20 min,Economy,8819.0,5251.54,2471.32,710.0,386.14,0.0,3567.46,True,0,Non-Stop,620252f523d8
SCR_GF_1789324446_019,2026-09-14 00:03:59,2026-09-21,7,google_flights,DEL,CCU,DEL-CCU,DEL,CCU,Air India,Air India,AI (Direct),6:00 PM,8:20 PM,140,2 hr 20 min,Economy,8819.0,5251.54,2471.32,710.0,386.14,0.0,3567.46,True,0,Non-Stop,d3035dad39dc
SCR_GF_1789324447_020,2026-09-14 00:03:59,2026-09-21,7,google_flights,DEL,CCU,DEL-CCU,DEL,CCU,Air India,Air India,AI (Direct),9:00 PM,11:20 PM,140,2 hr 20 min,Economy,8819.0,5251.54,2471.32,710.0,386.14,0.0,3567.46,True,0,Non-Stop,311049bfe788
SCR_GF_1789324447_021,2026-09-14 00:03:59,2026-09-21,7,google_flights,DEL,CCU,DEL-CCU,DEL,CCU,Air India,Air India,AI (Direct),7:30 AM,9:50 AM,140,2 hr 20 min,Economy,8971.0,5349.98,2517.64,710.0,393.38,0.0,3621.02,True,0,Non-Stop,d86bd5421f1d
SCR_GF_1789324447_022,2026-09-14 00:03:59,2026-09-21,7,google_flights,DEL,CCU,DEL-CCU,DEL,CCU,Air India,Air India,AI (Direct),7:40 PM,9:50 PM,130,2 hr 10 min,Economy,8971.0,5349.98,2517.64,710.0,393.38,0.0,3621.02,True,0,Non-Stop,ae48e9aa8766
SCR_GF_1789324447_023,2026-09-14 00:03:59,2026-09-21,7,google_flights,DEL,CCU,DEL-CCU,DEL,CCU,IndiGo,IndiGo,6E (Direct),10:15 AM,12:30 PM,135,2 hr 15 min,Economy,9867.0,5930.25,2790.7,710.0,436.05,0.0,3936.75,True,0,Non-Stop,1014778c087e
SCR_GF_1789324447_024,2026-09-14 00:03:59,2026-09-21,7,google_flights,DEL,CCU,DEL-CCU,DEL,CCU,Air India,Air India,AI (Direct),9:55 AM,12:15 PM,140,2 hr 20 min,Economy,10095.0,6077.9,2860.2,710.0,446.9,0.0,4017.1,True,0,Non-Stop,894ced623ec0
SCR_GF_1789324447_025,2026-09-14 00:03:59,2026-09-21,7,google_flights,DEL,CCU,DEL-CCU,DEL,CCU,Air India,Air India,AI (Direct),1:00 PM,3:20 PM,140,2 hr 20 min,Economy,10725.0,6485.9,3052.2,710.0,476.9,0.0,4239.1,True,0,Non-Stop,a42ad84aadd0
SCR_GF_1789324447_026,2026-09-14 00:03:59,2026-09-21,7,google_flights,DEL,CCU,DEL-CCU,DEL,CCU,IndiGo,IndiGo,6E (Direct),5:55,8:15,140,2 hr 20 min,Economy,8406.0,4984.08,2345.44,710.0,366.48,0.0,3421.92,True,0,Non-Stop,d8ab34997b2a
SCR_GF_1789324447_027,2026-09-14 00:03:59,2026-09-21,7,google_flights,DEL,CCU,DEL-CCU,DEL,CCU,IndiGo,IndiGo,6E (Direct),2:30,4:50,140,2 hr 20 min,Economy,8724.0,5190.02,2442.36,710.0,381.62,0.0,3533.98,True,0,Non-Stop,91363d511ccb
SCR_GF_1789324448_028,2026-09-14 00:03:59,2026-09-21,7,google_flights,DEL,CCU,DEL-CCU,DEL,CCU,IndiGo,IndiGo,6E (Direct),8:30,10:45,135,2 hr 15 min,Economy,8817.0,5250.25,2470.7,710.0,386.05,0.0,3566.75,True,0,Non-Stop,d1d9001858fa
SCR_GF_1789324448_029,2026-09-14 00:03:59,2026-09-21,7,google_flights,DEL,CCU,DEL-CCU,DEL,CCU,IndiGo,IndiGo,6E (Connecting),6:20,1:45,445,7 hr 25 min,Economy,7271.0,4249.03,1999.54,710.0,312.43,0.0,3021.97,False,1,1 Stop,824152da1934
SCR_GF_1789324448_030,2026-09-14 00:03:59,2026-09-21,7,google_flights,DEL,CCU,DEL-CCU,DEL,CCU,IndiGo,IndiGo,6E (Connecting),1:35,9:05,450,7 hr 30 min,Economy,7271.0,4249.03,1999.54,710.0,312.43,0.0,3021.97,False,1,1 Stop,839ef5eb5cfb
SCR_GF_1789324448_031,2026-09-14 00:03:59,2026-09-21,7,google_flights,DEL,CCU,DEL-CCU,DEL,CCU,IndiGo,IndiGo,6E (Connecting),10:50,3:25,275,4 hr 35 min,Economy,7586.0,4453.03,2095.54,710.0,327.43,0.0,3132.97,False,1,1 Stop,5e2bb3a58a5c
SCR_GF_1789324448_032,2026-09-14 00:03:59,2026-09-21,7,google_flights,DEL,CCU,DEL-CCU,DEL,CCU,IndiGo,IndiGo,6E (Connecting),2:40,7:20,280,4 hr 40 min,Economy,7586.0,4453.03,2095.54,710.0,327.43,0.0,3132.97,False,1,1 Stop,af80319cf330
SCR_GF_1789324448_033,2026-09-14 00:03:59,2026-09-21,7,google_flights,DEL,CCU,DEL-CCU,DEL,CCU,IndiGo,IndiGo,6E (Direct),5:05,7:25,140,2 hr 20 min,Economy,8406.0,4984.08,2345.44,710.0,366.48,0.0,3421.92,True,0,Non-Stop,73dbeba91640
SCR_GF_1789324448_034,2026-09-14 00:03:59,2026-09-21,7,google_flights,DEL,CCU,DEL-CCU,DEL,CCU,IndiGo,IndiGo,6E (Direct),5:00,7:15,135,2 hr 15 min,Economy,8817.0,5250.25,2470.7,710.0,386.05,0.0,3566.75,True,0,Non-Stop,32f5fa2507e0
SCR_GF_1789324448_035,2026-09-14 00:03:59,2026-09-21,7,google_flights,DEL,CCU,DEL-CCU,DEL,CCU,IndiGo,IndiGo,6E (Direct),7:20,9:40,140,2 hr 20 min,Economy,8817.0,5250.25,2470.7,710.0,386.05,0.0,3566.75,True,0,Non-Stop,bf12bde46add
SCR_GF_1789324449_036,2026-09-14 00:03:59,2026-09-21,7,google_flights,DEL,CCU,DEL-CCU,DEL,CCU,IndiGo,IndiGo,6E (Direct),12:45,3:05,140,2 hr 20 min,Economy,8817.0,5250.25,2470.7,710.0,386.05,0.0,3566.75,True,0,Non-Stop,33668892b099
SCR_GF_1789324449_037,2026-09-14 00:03:59,2026-09-21,7,google_flights,DEL,CCU,DEL-CCU,DEL,CCU,IndiGo,IndiGo,6E (Direct),2:25,4:45,140,2 hr 20 min,Economy,8817.0,5250.25,2470.7,710.0,386.05,0.0,3566.75,True,0,Non-Stop,f8df93da8fc5
SCR_GF_1789324449_038,2026-09-14 00:03:59,2026-09-21,7,google_flights,DEL,CCU,DEL-CCU,DEL,CCU,IndiGo,IndiGo,6E (Direct),4:00,6:15,135,2 hr 15 min,Economy,8817.0,5250.25,2470.7,710.0,386.05,0.0,3566.75,True,0,Non-Stop,1616c83ce05f
SCR_GF_1789324449_039,2026-09-14 00:03:59,2026-09-21,7,google_flights,DEL,CCU,DEL-CCU,DEL,CCU,IndiGo,IndiGo,6E (Direct),5:55,8:15,140,2 hr 20 min,Economy,8817.0,5250.25,2470.7,710.0,386.05,0.0,3566.75,True,0,Non-Stop,69606ec4754c
SCR_GF_1789324449_040,2026-09-14 00:03:59,2026-09-21,7,google_flights,DEL,CCU,DEL-CCU,DEL,CCU,IndiGo,IndiGo,6E (Direct),7:30,9:45,135,2 hr 15 min,Economy,8817.0,5250.25,2470.7,710.0,386.05,0.0,3566.75,True,0,Non-Stop,f393c76ec7d9
SCR_GF_1789324449_041,2026-09-14 00:03:59,2026-09-21,7,google_flights,DEL,CCU,DEL-CCU,DEL,CCU,IndiGo,IndiGo,6E (Direct),11:30,1:45,135,2 hr 15 min,Economy,8817.0,5250.25,2470.7,710.0,386.05,0.0,3566.75,True,0,Non-Stop,d8fcf2430381
SCR_GF_1789324449_042,2026-09-14 00:03:59,2026-09-21,7,google_flights,DEL,CCU,DEL-CCU,DEL,CCU,IndiGo,IndiGo,6E (Direct),6:40,8:50,130,2 hr 10 min,Economy,8819.0,5251.54,2471.32,710.0,386.14,0.0,3567.46,True,0,Non-Stop,afd48ce9d203
SCR_GF_1789324450_043,2026-09-14 00:03:59,2026-09-21,7,google_flights,DEL,CCU,DEL-CCU,DEL,CCU,IndiGo,IndiGo,6E (Direct),4:15,6:35,140,2 hr 20 min,Economy,8819.0,5251.54,2471.32,710.0,386.14,0.0,3567.46,True,0,Non-Stop,00bcce226aff
SCR_GF_1789324450_044,2026-09-14 00:03:59,2026-09-21,7,google_flights,DEL,CCU,DEL-CCU,DEL,CCU,IndiGo,IndiGo,6E (Direct),6:00,8:20,140,2 hr 20 min,Economy,8819.0,5251.54,2471.32,710.0,386.14,0.0,3567.46,True,0,Non-Stop,f7612192df64
SCR_GF_1789324450_045,2026-09-14 00:03:59,2026-09-21,7,google_flights,DEL,CCU,DEL-CCU,DEL,CCU,IndiGo,IndiGo,6E (Direct),9:00,11:20,140,2 hr 20 min,Economy,8819.0,5251.54,2471.32,710.0,386.14,0.0,3567.46,True,0,Non-Stop,76a8284cc85e
SCR_GF_1789324450_046,2026-09-14 00:03:59,2026-09-21,7,google_flights,DEL,CCU,DEL-CCU,DEL,CCU,IndiGo,IndiGo,6E (Direct),7:30,9:50,140,2 hr 20 min,Economy,8971.0,5349.98,2517.64,710.0,393.38,0.0,3621.02,True,0,Non-Stop,f3b25c3d75ff
SCR_GF_1789324450_047,2026-09-14 00:03:59,2026-09-21,7,google_flights,DEL,CCU,DEL-CCU,DEL,CCU,IndiGo,IndiGo,6E (Direct),7:40,9:50,130,2 hr 10 min,Economy,8971.0,5349.98,2517.64,710.0,393.38,0.0,3621.02,True,0,Non-Stop,6d2cd3fca7ae
SCR_GF_1789324450_048,2026-09-14 00:03:59,2026-09-21,7,google_flights,DEL,CCU,DEL-CCU,DEL,CCU,IndiGo,IndiGo,6E (Direct),10:15,12:30,135,2 hr 15 min,Economy,9867.0,5930.25,2790.7,710.0,436.05,0.0,3936.75,True,0,Non-Stop,5637d47eb682
SCR_GF_1789324450_049,2026-09-14 00:03:59,2026-09-21,7,google_flights,DEL,CCU,DEL-CCU,DEL,CCU,IndiGo,IndiGo,6E (Direct),9:55,12:15,140,2 hr 20 min,Economy,10095.0,6077.9,2860.2,710.0,446.9,0.0,4017.1,True,0,Non-Stop,2bb146561ace
SCR_GF_1789324451_050,2026-09-14 00:03:59,2026-09-21,7,google_flights,DEL,CCU,DEL-CCU,DEL,CCU,IndiGo,IndiGo,6E (Direct),1:00,3:20,140,2 hr 20 min,Economy,10725.0,6485.9,3052.2,710.0,476.9,0.0,4239.1,True,0,Non-Stop,de5f6d1a57e3
SCR_GF_1789324455_001,2026-09-14 00:04:11,2026-09-29,15,google_flights,DEL,CCU,DEL-CCU,DEL,CCU,Akasa Air,Akasa Air,QP (Direct),5:55 AM,8:15 AM,140,2 hr 20 min,Economy,8406.0,4984.08,2345.44,710.0,366.48,0.0,3421.92,True,0,Non-Stop,34422a9e16c2
SCR_GF_1789324455_002,2026-09-14 00:04:11,2026-09-29,15,google_flights,DEL,CCU,DEL-CCU,DEL,CCU,Akasa Air,Akasa Air,QP (Direct),5:05 PM,7:25 PM,140,2 hr 20 min,Economy,8406.0,4984.08,2345.44,710.0,366.48,0.0,3421.92,True,0,Non-Stop,9b010a807b76
SCR_GF_1789324455_003,2026-09-14 00:04:11,2026-09-29,15,google_flights,DEL,CCU,DEL-CCU,DEL,CCU,Air India,Air India,AI (Direct),2:30 AM,4:50 AM,140,2 hr 20 min,Economy,8724.0,5190.02,2442.36,710.0,381.62,0.0,3533.98,True,0,Non-Stop,00521b5d5a4a
SCR_GF_1789324455_004,2026-09-14 00:04:11,2026-09-29,15,google_flights,DEL,CCU,DEL-CCU,DEL,CCU,IndiGo,IndiGo,6E (Direct),8:30 AM,10:45 AM,135,2 hr 15 min,Economy,8817.0,5250.25,2470.7,710.0,386.05,0.0,3566.75,True,0,Non-Stop,f832bb5c3322
SCR_GF_1789324455_005,2026-09-14 00:04:11,2026-09-29,15,google_flights,DEL,CCU,DEL-CCU,DEL,CCU,IndiGo,IndiGo,6E (Connecting),6:20 AM,1:45 PM,445,7 hr 25 min,Economy,7271.0,4249.03,1999.54,710.0,312.43,0.0,3021.97,False,1,1 Stop (PAT),19fa9afe8578
SCR_GF_1789324456_006,2026-09-14 00:04:11,2026-09-29,15,google_flights,DEL,CCU,DEL-CCU,DEL,CCU,IndiGo,IndiGo,6E (Connecting),4:40 PM,10:05 PM,325,5 hr 25 min,Economy,7271.0,4249.03,1999.54,710.0,312.43,0.0,3021.97,False,1,1 Stop (LKO),15200abc7e3e
SCR_GF_1789324456_007,2026-09-14 00:04:11,2026-09-29,15,google_flights,DEL,CCU,DEL-CCU,DEL,CCU,IndiGo,IndiGo,6E (Direct),5:00 AM,7:15 AM,135,2 hr 15 min,Economy,8817.0,5250.25,2470.7,710.0,386.05,0.0,3566.75,True,0,Non-Stop,66942407ec8b
SCR_GF_1789324456_008,2026-09-14 00:04:11,2026-09-29,15,google_flights,DEL,CCU,DEL-CCU,DEL,CCU,IndiGo,IndiGo,6E (Direct),7:20 AM,9:40 AM,140,2 hr 20 min,Economy,8817.0,5250.25,2470.7,710.0,386.05,0.0,3566.75,True,0,Non-Stop,6e604f024e19
SCR_GF_1789324456_009,2026-09-14 00:04:11,2026-09-29,15,google_flights,DEL,CCU,DEL-CCU,DEL,CCU,IndiGo,IndiGo,6E (Direct),2:25 PM,4:45 PM,140,2 hr 20 min,Economy,8817.0,5250.25,2470.7,710.0,386.05,0.0,3566.75,True,0,Non-Stop,7ec4c271fa90
SCR_GF_1789324456_010,2026-09-14 00:04:11,2026-09-29,15,google_flights,DEL,CCU,DEL-CCU,DEL,CCU,IndiGo,IndiGo,6E (Direct),4:00 PM,6:15 PM,135,2 hr 15 min,Economy,8817.0,5250.25,2470.7,710.0,386.05,0.0,3566.75,True,0,Non-Stop,141bcd57fbcf
SCR_GF_1789324456_011,2026-09-14 00:04:11,2026-09-29,15,google_flights,DEL,CCU,DEL-CCU,DEL,CCU,IndiGo,IndiGo,6E (Direct),5:55 PM,8:15 PM,140,2 hr 20 min,Economy,8817.0,5250.25,2470.7,710.0,386.05,0.0,3566.75,True,0,Non-Stop,c69226f69c30
SCR_GF_1789324456_012,2026-09-14 00:04:11,2026-09-29,15,google_flights,DEL,CCU,DEL-CCU,DEL,CCU,IndiGo,IndiGo,6E (Direct),9:50 PM,12:05 AM,135,2 hr 15 min,Economy,8817.0,5250.25,2470.7,710.0,386.05,0.0,3566.75,True,0,Non-Stop,18a92f98eaf3
SCR_GF_1789324456_013,2026-09-14 00:04:11,2026-09-29,15,google_flights,DEL,CCU,DEL-CCU,DEL,CCU,IndiGo,IndiGo,6E (Direct),11:30 PM,1:45 AM,135,2 hr 15 min,Economy,8817.0,5250.25,2470.7,710.0,386.05,0.0,3566.75,True,0,Non-Stop,0a9b7f6860cb
SCR_GF_1789324457_014,2026-09-14 00:04:11,2026-09-29,15,google_flights,DEL,CCU,DEL-CCU,DEL,CCU,Air India,Air India,AI (Direct),6:40 AM,8:50 AM,130,2 hr 10 min,Economy,8819.0,5251.54,2471.32,710.0,386.14,0.0,3567.46,True,0,Non-Stop,f3e5eb1ffcde
SCR_GF_1789324457_015,2026-09-14 00:04:11,2026-09-29,15,google_flights,DEL,CCU,DEL-CCU,DEL,CCU,Air India,Air India,AI (Direct),4:15 PM,6:35 PM,140,2 hr 20 min,Economy,8819.0,5251.54,2471.32,710.0,386.14,0.0,3567.46,True,0,Non-Stop,b05c12aa9ecb
SCR_GF_1789324457_016,2026-09-14 00:04:11,2026-09-29,15,google_flights,DEL,CCU,DEL-CCU,DEL,CCU,Air India,Air India,AI (Direct),6:00 PM,8:20 PM,140,2 hr 20 min,Economy,8819.0,5251.54,2471.32,710.0,386.14,0.0,3567.46,True,0,Non-Stop,38b007a2911b
SCR_GF_1789324457_017,2026-09-14 00:04:11,2026-09-29,15,google_flights,DEL,CCU,DEL-CCU,DEL,CCU,Air India,Air India,AI (Direct),9:00 PM,11:20 PM,140,2 hr 20 min,Economy,8819.0,5251.54,2471.32,710.0,386.14,0.0,3567.46,True,0,Non-Stop,e897dc4ff1dc
SCR_GF_1789324457_018,2026-09-14 00:04:11,2026-09-29,15,google_flights,DEL,CCU,DEL-CCU,DEL,CCU,Air India,Air India,AI (Direct),7:30 AM,9:50 AM,140,2 hr 20 min,Economy,8971.0,5349.98,2517.64,710.0,393.38,0.0,3621.02,True,0,Non-Stop,1bc8bddf3d4b
SCR_GF_1789324457_019,2026-09-14 00:04:11,2026-09-29,15,google_flights,DEL,CCU,DEL-CCU,DEL,CCU,Air India,Air India,AI (Direct),9:55 AM,12:15 PM,140,2 hr 20 min,Economy,8971.0,5349.98,2517.64,710.0,393.38,0.0,3621.02,True,0,Non-Stop,691363b0310a
SCR_GF_1789324457_020,2026-09-14 00:04:11,2026-09-29,15,google_flights,DEL,CCU,DEL-CCU,DEL,CCU,Air India,Air India,AI (Direct),1:00 PM,3:20 PM,140,2 hr 20 min,Economy,8971.0,5349.98,2517.64,710.0,393.38,0.0,3621.02,True,0,Non-Stop,97b126ef67be
SCR_GF_1789324457_021,2026-09-14 00:04:11,2026-09-29,15,google_flights,DEL,CCU,DEL-CCU,DEL,CCU,Air India,Air India,AI (Direct),7:40 PM,9:50 PM,130,2 hr 10 min,Economy,8971.0,5349.98,2517.64,710.0,393.38,0.0,3621.02,True,0,Non-Stop,a5becf963343
SCR_GF_1789324458_022,2026-09-14 00:04:11,2026-09-29,15,google_flights,DEL,CCU,DEL-CCU,DEL,CCU,IndiGo,IndiGo,6E (Direct),10:15 AM,12:30 PM,135,2 hr 15 min,Economy,9080.0,5420.57,2550.86,710.0,398.57,0.0,3659.43,True,0,Non-Stop,414dce94a54a
SCR_GF_1789324458_023,2026-09-14 00:04:11,2026-09-29,15,google_flights,DEL,CCU,DEL-CCU,DEL,CCU,IndiGo,IndiGo,6E (Direct),12:45 PM,3:05 PM,140,2 hr 20 min,Economy,9080.0,5420.57,2550.86,710.0,398.57,0.0,3659.43,True,0,Non-Stop,6cbf2ab7342c
SCR_GF_1789324458_024,2026-09-14 00:04:11,2026-09-29,15,google_flights,DEL,CCU,DEL-CCU,DEL,CCU,IndiGo,IndiGo,6E (Direct),7:30 PM,9:45 PM,135,2 hr 15 min,Economy,9080.0,5420.57,2550.86,710.0,398.57,0.0,3659.43,True,0,Non-Stop,fbaa397ed611
SCR_GF_1789324458_025,2026-09-14 00:04:11,2026-09-29,15,google_flights,DEL,CCU,DEL-CCU,DEL,CCU,IndiGo,IndiGo,6E (Direct),5:55,8:15,140,2 hr 20 min,Economy,8406.0,4984.08,2345.44,710.0,366.48,0.0,3421.92,True,0,Non-Stop,fa837f69342d
SCR_GF_1789324458_026,2026-09-14 00:04:11,2026-09-29,15,google_flights,DEL,CCU,DEL-CCU,DEL,CCU,IndiGo,IndiGo,6E (Direct),5:05,7:25,140,2 hr 20 min,Economy,8406.0,4984.08,2345.44,710.0,366.48,0.0,3421.92,True,0,Non-Stop,9bb119125f36
SCR_GF_1789324458_027,2026-09-14 00:04:11,2026-09-29,15,google_flights,DEL,CCU,DEL-CCU,DEL,CCU,IndiGo,IndiGo,6E (Direct),2:30,4:50,140,2 hr 20 min,Economy,8724.0,5190.02,2442.36,710.0,381.62,0.0,3533.98,True,0,Non-Stop,e26d3412e6a1
SCR_GF_1789324458_028,2026-09-14 00:04:11,2026-09-29,15,google_flights,DEL,CCU,DEL-CCU,DEL,CCU,IndiGo,IndiGo,6E (Direct),8:30,10:45,135,2 hr 15 min,Economy,8817.0,5250.25,2470.7,710.0,386.05,0.0,3566.75,True,0,Non-Stop,52ae96330bb9
SCR_GF_1789324458_029,2026-09-14 00:04:11,2026-09-29,15,google_flights,DEL,CCU,DEL-CCU,DEL,CCU,IndiGo,IndiGo,6E (Connecting),6:20,1:45,445,7 hr 25 min,Economy,7271.0,4249.03,1999.54,710.0,312.43,0.0,3021.97,False,1,1 Stop,86a45b5b71b0
SCR_GF_1789324458_030,2026-09-14 00:04:11,2026-09-29,15,google_flights,DEL,CCU,DEL-CCU,DEL,CCU,IndiGo,IndiGo,6E (Connecting),4:40,10:05,325,5 hr 25 min,Economy,7271.0,4249.03,1999.54,710.0,312.43,0.0,3021.97,False,1,1 Stop,00ab5a331b41
SCR_GF_1789324459_031,2026-09-14 00:04:11,2026-09-29,15,google_flights,DEL,CCU,DEL-CCU,DEL,CCU,IndiGo,IndiGo,6E (Direct),5:00,7:15,135,2 hr 15 min,Economy,8817.0,5250.25,2470.7,710.0,386.05,0.0,3566.75,True,0,Non-Stop,22adfc3baf07
SCR_GF_1789324459_032,2026-09-14 00:04:11,2026-09-29,15,google_flights,DEL,CCU,DEL-CCU,DEL,CCU,IndiGo,IndiGo,6E (Direct),7:20,9:40,140,2 hr 20 min,Economy,8817.0,5250.25,2470.7,710.0,386.05,0.0,3566.75,True,0,Non-Stop,0e12a7ed1f83
SCR_GF_1789324459_033,2026-09-14 00:04:11,2026-09-29,15,google_flights,DEL,CCU,DEL-CCU,DEL,CCU,IndiGo,IndiGo,6E (Direct),2:25,4:45,140,2 hr 20 min,Economy,8817.0,5250.25,2470.7,710.0,386.05,0.0,3566.75,True,0,Non-Stop,370c37e159b6
SCR_GF_1789324459_034,2026-09-14 00:04:11,2026-09-29,15,google_flights,DEL,CCU,DEL-CCU,DEL,CCU,IndiGo,IndiGo,6E (Direct),4:00,6:15,135,2 hr 15 min,Economy,8817.0,5250.25,2470.7,710.0,386.05,0.0,3566.75,True,0,Non-Stop,3ced33902220
SCR_GF_1789324459_035,2026-09-14 00:04:11,2026-09-29,15,google_flights,DEL,CCU,DEL-CCU,DEL,CCU,IndiGo,IndiGo,6E (Direct),5:55,8:15,140,2 hr 20 min,Economy,8817.0,5250.25,2470.7,710.0,386.05,0.0,3566.75,True,0,Non-Stop,97495a0dbf69
SCR_GF_1789324459_036,2026-09-14 00:04:11,2026-09-29,15,google_flights,DEL,CCU,DEL-CCU,DEL,CCU,IndiGo,IndiGo,6E (Direct),9:50,12:05,135,2 hr 15 min,Economy,8817.0,5250.25,2470.7,710.0,386.05,0.0,3566.75,True,0,Non-Stop,f1c5841d0f8c
SCR_GF_1789324459_037,2026-09-14 00:04:11,2026-09-29,15,google_flights,DEL,CCU,DEL-CCU,DEL,CCU,IndiGo,IndiGo,6E (Direct),11:30,1:45,135,2 hr 15 min,Economy,8817.0,5250.25,2470.7,710.0,386.05,0.0,3566.75,True,0,Non-Stop,d6737e5093e8
SCR_GF_1789324459_038,2026-09-14 00:04:11,2026-09-29,15,google_flights,DEL,CCU,DEL-CCU,DEL,CCU,IndiGo,IndiGo,6E (Direct),6:40,8:50,130,2 hr 10 min,Economy,8819.0,5251.54,2471.32,710.0,386.14,0.0,3567.46,True,0,Non-Stop,595faa2c05cb
SCR_GF_1789324460_039,2026-09-14 00:04:11,2026-09-29,15,google_flights,DEL,CCU,DEL-CCU,DEL,CCU,IndiGo,IndiGo,6E (Direct),4:15,6:35,140,2 hr 20 min,Economy,8819.0,5251.54,2471.32,710.0,386.14,0.0,3567.46,True,0,Non-Stop,6bfb115fbc1a
SCR_GF_1789324460_040,2026-09-14 00:04:11,2026-09-29,15,google_flights,DEL,CCU,DEL-CCU,DEL,CCU,IndiGo,IndiGo,6E (Direct),6:00,8:20,140,2 hr 20 min,Economy,8819.0,5251.54,2471.32,710.0,386.14,0.0,3567.46,True,0,Non-Stop,57383cb5224f
SCR_GF_1789324460_041,2026-09-14 00:04:11,2026-09-29,15,google_flights,DEL,CCU,DEL-CCU,DEL,CCU,IndiGo,IndiGo,6E (Direct),9:00,11:20,140,2 hr 20 min,Economy,8819.0,5251.54,2471.32,710.0,386.14,0.0,3567.46,True,0,Non-Stop,212a10ec2ce2
SCR_GF_1789324460_042,2026-09-14 00:04:11,2026-09-29,15,google_flights,DEL,CCU,DEL-CCU,DEL,CCU,IndiGo,IndiGo,6E (Direct),7:30,9:50,140,2 hr 20 min,Economy,8971.0,5349.98,2517.64,710.0,393.38,0.0,3621.02,True,0,Non-Stop,f0a6c82c9a53
SCR_GF_1789324460_043,2026-09-14 00:04:11,2026-09-29,15,google_flights,DEL,CCU,DEL-CCU,DEL,CCU,IndiGo,IndiGo,6E (Direct),9:55,12:15,140,2 hr 20 min,Economy,8971.0,5349.98,2517.64,710.0,393.38,0.0,3621.02,True,0,Non-Stop,39e384d27846
SCR_GF_1789324460_044,2026-09-14 00:04:11,2026-09-29,15,google_flights,DEL,CCU,DEL-CCU,DEL,CCU,IndiGo,IndiGo,6E (Direct),1:00,3:20,140,2 hr 20 min,Economy,8971.0,5349.98,2517.64,710.0,393.38,0.0,3621.02,True,0,Non-Stop,0ec372e690bb
SCR_GF_1789324460_045,2026-09-14 00:04:11,2026-09-29,15,google_flights,DEL,CCU,DEL-CCU,DEL,CCU,IndiGo,IndiGo,6E (Direct),7:40,9:50,130,2 hr 10 min,Economy,8971.0,5349.98,2517.64,710.0,393.38,0.0,3621.02,True,0,Non-Stop,baa1e7ad0832
SCR_GF_1789324461_046,2026-09-14 00:04:11,2026-09-29,15,google_flights,DEL,CCU,DEL-CCU,DEL,CCU,IndiGo,IndiGo,6E (Direct),10:15,12:30,135,2 hr 15 min,Economy,9080.0,5420.57,2550.86,710.0,398.57,0.0,3659.43,True,0,Non-Stop,387249ac3e76
SCR_GF_1789324461_047,2026-09-14 00:04:11,2026-09-29,15,google_flights,DEL,CCU,DEL-CCU,DEL,CCU,IndiGo,IndiGo,6E (Direct),12:45,3:05,140,2 hr 20 min,Economy,9080.0,5420.57,2550.86,710.0,398.57,0.0,3659.43,True,0,Non-Stop,429068f19380
SCR_GF_1789324461_048,2026-09-14 00:04:11,2026-09-29,15,google_flights,DEL,CCU,DEL-CCU,DEL,CCU,IndiGo,IndiGo,6E (Direct),7:30,9:45,135,2 hr 15 min,Economy,9080.0,5420.57,2550.86,710.0,398.57,0.0,3659.43,True,0,Non-Stop,abb060853079
SCR_GF_1789324466_001,2026-09-14 00:04:21,2026-09-15,1,google_flights,DEL,HYD,DEL-HYD,DEL,HYD,IndiGo,IndiGo,6E (Direct),11:15 PM,1:30 AM,135,2 hr 15 min,Economy,8825.0,5255.43,2473.14,710.0,386.43,0.0,3569.57,True,0,Non-Stop,7e8155eb52ea
SCR_GF_1789324466_002,2026-09-14 00:04:21,2026-09-15,1,google_flights,DEL,HYD,DEL-HYD,DEL,HYD,Air India,Air India,AI (Direct),7:30 PM,9:50 PM,140,2 hr 20 min,Economy,8827.0,5256.72,2473.76,710.0,386.52,0.0,3570.28,True,0,Non-Stop,2113d007585a
SCR_GF_1789324466_003,2026-09-14 00:04:21,2026-09-15,1,google_flights,DEL,HYD,DEL-HYD,DEL,HYD,Akasa Air,Akasa Air,QP (Direct),2:10 PM,4:30 PM,140,2 hr 20 min,Economy,9042.0,5395.96,2539.28,710.0,396.76,0.0,3646.04,True,0,Non-Stop,173d0f2c3a3c
SCR_GF_1789324467_004,2026-09-14 00:04:21,2026-09-15,1,google_flights,DEL,HYD,DEL-HYD,DEL,HYD,IndiGo,IndiGo,6E (Connecting),4:40 PM,10:45 PM,365,6 hr 5 min,Economy,7962.0,4696.53,2210.14,710.0,345.33,0.0,3265.47,False,1,1 Stop (LKO),afebe60d132b
SCR_GF_1789324467_005,2026-09-14 00:04:21,2026-09-15,1,google_flights,DEL,HYD,DEL-HYD,DEL,HYD,IndiGo,IndiGo,6E (Connecting),6:10 AM,12:15 PM,365,6 hr 5 min,Economy,8094.0,4782.02,2250.36,710.0,351.62,0.0,3311.98,False,1,1 Stop (GOX),55256b7403ae
SCR_GF_1789324467_006,2026-09-14 00:04:21,2026-09-15,1,google_flights,DEL,HYD,DEL-HYD,DEL,HYD,IndiGo,IndiGo,6E (Connecting),8:00 PM,2:10 AM,370,6 hr 10 min,Economy,8094.0,4782.02,2250.36,710.0,351.62,0.0,3311.98,False,1,1 Stop (BOM),559ea619d4cf
SCR_GF_1789324467_007,2026-09-14 00:04:21,2026-09-15,1,google_flights,DEL,HYD,DEL-HYD,DEL,HYD,IndiGo,IndiGo,6E (Connecting),4:40 PM,10:40 PM,360,6 hr,Economy,8304.0,4918.02,2314.36,710.0,361.62,0.0,3385.98,False,1,1 Stop (MAA),82d261c72d59
SCR_GF_1789324467_008,2026-09-14 00:04:21,2026-09-15,1,google_flights,DEL,HYD,DEL-HYD,DEL,HYD,IndiGo,IndiGo,6E (Direct),9:00 PM,11:15 PM,135,2 hr 15 min,Economy,8825.0,5255.43,2473.14,710.0,386.43,0.0,3569.57,True,0,Non-Stop,92c58c9692e7
SCR_GF_1789324467_009,2026-09-14 00:04:21,2026-09-15,1,google_flights,DEL,HYD,DEL-HYD,DEL,HYD,Air India,Air India,AI (Direct),8:30 PM,10:50 PM,140,2 hr 20 min,Economy,8827.0,5256.72,2473.76,710.0,386.52,0.0,3570.28,True,0,Non-Stop,f8b4d596d0d4
SCR_GF_1789324468_010,2026-09-14 00:04:21,2026-09-15,1,google_flights,DEL,HYD,DEL-HYD,DEL,HYD,Air India,Air India,AI (Direct),10:00 PM,12:20 AM,140,2 hr 20 min,Economy,8827.0,5256.72,2473.76,710.0,386.52,0.0,3570.28,True,0,Non-Stop,b5d9f76ead44
SCR_GF_1789324468_011,2026-09-14 00:04:21,2026-09-15,1,google_flights,DEL,HYD,DEL-HYD,DEL,HYD,Air India,Air India,AI (Direct),11:00 PM,1:20 AM,140,2 hr 20 min,Economy,8827.0,5256.72,2473.76,710.0,386.52,0.0,3570.28,True,0,Non-Stop,a82e8f31b1bd
SCR_GF_1789324468_012,2026-09-14 00:04:21,2026-09-15,1,google_flights,DEL,HYD,DEL-HYD,DEL,HYD,Akasa Air,Akasa Air,QP (Direct),8:40 PM,11:10 PM,150,2 hr 30 min,Economy,9042.0,5395.96,2539.28,710.0,396.76,0.0,3646.04,True,0,Non-Stop,557f9d3ec0e5
SCR_GF_1789324468_013,2026-09-14 00:04:21,2026-09-15,1,google_flights,DEL,HYD,DEL-HYD,DEL,HYD,Air India,Air India,AI (Direct),2:00 AM,4:20 AM,140,2 hr 20 min,Economy,9299.0,5562.4,2617.6,710.0,409.0,0.0,3736.6,True,0,Non-Stop,825b48a9ea95
SCR_GF_1789324468_014,2026-09-14 00:04:21,2026-09-15,1,google_flights,DEL,HYD,DEL-HYD,DEL,HYD,IndiGo,IndiGo,6E (Direct),7:45 PM,10:05 PM,140,2 hr 20 min,Economy,9301.0,5563.7,2618.2,710.0,409.1,0.0,3737.3,True,0,Non-Stop,2ea4ec893be9
SCR_GF_1789324468_015,2026-09-14 00:04:21,2026-09-15,1,google_flights,DEL,HYD,DEL-HYD,DEL,HYD,Air India,Air India,AI (Direct),2:30 PM,4:40 PM,130,2 hr 10 min,Economy,9614.0,5766.4,2713.6,710.0,424.0,0.0,3847.6,True,0,Non-Stop,e4d7113bd71a
SCR_GF_1789324468_016,2026-09-14 00:04:21,2026-09-15,1,google_flights,DEL,HYD,DEL-HYD,DEL,HYD,IndiGo,IndiGo,6E (Direct),2:25 AM,4:40 AM,135,2 hr 15 min,Economy,9807.0,5891.39,2772.42,710.0,433.19,0.0,3915.61,True,0,Non-Stop,a9032b37d488
SCR_GF_1789324469_017,2026-09-14 00:04:21,2026-09-15,1,google_flights,DEL,HYD,DEL-HYD,DEL,HYD,IndiGo,IndiGo,6E (Direct),1:30 PM,3:45 PM,135,2 hr 15 min,Economy,9807.0,5891.39,2772.42,710.0,433.19,0.0,3915.61,True,0,Non-Stop,ba94be9316ac
SCR_GF_1789324469_018,2026-09-14 00:04:21,2026-09-15,1,google_flights,DEL,HYD,DEL-HYD,DEL,HYD,IndiGo,IndiGo,6E (Direct),4:15 PM,6:30 PM,135,2 hr 15 min,Economy,9807.0,5891.39,2772.42,710.0,433.19,0.0,3915.61,True,0,Non-Stop,85d9842c99d0
SCR_GF_1789324469_019,2026-09-14 00:04:21,2026-09-15,1,google_flights,DEL,HYD,DEL-HYD,DEL,HYD,Air India,Air India,AI (Direct),3:30 PM,5:55 PM,145,2 hr 25 min,Economy,9809.0,5892.69,2773.02,710.0,433.29,0.0,3916.31,True,0,Non-Stop,54571dcd1e34
SCR_GF_1789324469_020,2026-09-14 00:04:21,2026-09-15,1,google_flights,DEL,HYD,DEL-HYD,DEL,HYD,Air India,Air India,AI (Direct),6:00 PM,8:20 PM,140,2 hr 20 min,Economy,9809.0,5892.69,2773.02,710.0,433.29,0.0,3916.31,True,0,Non-Stop,358fb3d074a2
SCR_GF_1789324469_021,2026-09-14 00:04:21,2026-09-15,1,google_flights,DEL,HYD,DEL-HYD,DEL,HYD,IndiGo,IndiGo,6E (Direct),5:55 PM,8:15 PM,140,2 hr 20 min,Economy,10346.0,6240.46,2936.68,710.0,458.86,0.0,4105.54,True,0,Non-Stop,f5d4849754ac
SCR_GF_1789324469_022,2026-09-14 00:04:21,2026-09-15,1,google_flights,DEL,HYD,DEL-HYD,DEL,HYD,IndiGo,IndiGo,6E (Direct),11:45 AM,2:00 PM,135,2 hr 15 min,Economy,10917.0,6610.25,3110.7,710.0,486.05,0.0,4306.75,True,0,Non-Stop,6794789f756a
SCR_GF_1789324469_023,2026-09-14 00:04:21,2026-09-15,1,google_flights,DEL,HYD,DEL-HYD,DEL,HYD,Air India,Air India,AI (Direct),12:30 PM,2:45 PM,135,2 hr 15 min,Economy,10922.0,6613.49,3112.22,710.0,486.29,0.0,4308.51,True,0,Non-Stop,114be99f4524
SCR_GF_1789324470_024,2026-09-14 00:04:21,2026-09-15,1,google_flights,DEL,HYD,DEL-HYD,DEL,HYD,Air India,Air India,AI (Direct),10:30 AM,12:50 PM,140,2 hr 20 min,Economy,12859.0,7867.92,3702.56,710.0,578.52,0.0,4991.08,True,0,Non-Stop,6a006e242e76
SCR_GF_1789324470_025,2026-09-14 00:04:21,2026-09-15,1,google_flights,DEL,HYD,DEL-HYD,DEL,HYD,IndiGo,IndiGo,6E (Direct),9:55 AM,12:20 PM,145,2 hr 25 min,Economy,13589.0,8340.69,3925.02,710.0,613.29,0.0,5248.31,True,0,Non-Stop,da38acd334ce
SCR_GF_1789324470_026,2026-09-14 00:04:21,2026-09-15,1,google_flights,DEL,HYD,DEL-HYD,DEL,HYD,Air India,Air India,AI (Direct),6:00 AM,8:20 AM,140,2 hr 20 min,Economy,18644.0,11614.4,5465.6,710.0,854.0,0.0,7029.6,True,0,Non-Stop,4fcbde4f05ea
SCR_GF_1789324470_027,2026-09-14 00:04:21,2026-09-15,1,google_flights,DEL,HYD,DEL-HYD,DEL,HYD,Air India,Air India,AI (Direct),9:40 AM,12:00 PM,140,2 hr 20 min,Economy,18644.0,11614.4,5465.6,710.0,854.0,0.0,7029.6,True,0,Non-Stop,b195b2daacb7
SCR_GF_1789324470_028,2026-09-14 00:04:21,2026-09-15,1,google_flights,DEL,HYD,DEL-HYD,DEL,HYD,IndiGo,IndiGo,6E (Direct),11:15,1:30,135,2 hr 15 min,Economy,8825.0,5255.43,2473.14,710.0,386.43,0.0,3569.57,True,0,Non-Stop,2de46f0d6dbd
SCR_GF_1789324470_029,2026-09-14 00:04:21,2026-09-15,1,google_flights,DEL,HYD,DEL-HYD,DEL,HYD,IndiGo,IndiGo,6E (Direct),7:30,9:50,140,2 hr 20 min,Economy,8827.0,5256.72,2473.76,710.0,386.52,0.0,3570.28,True,0,Non-Stop,9c884a80c6c4
SCR_GF_1789324470_030,2026-09-14 00:04:21,2026-09-15,1,google_flights,DEL,HYD,DEL-HYD,DEL,HYD,IndiGo,IndiGo,6E (Direct),2:10,4:30,140,2 hr 20 min,Economy,9042.0,5395.96,2539.28,710.0,396.76,0.0,3646.04,True,0,Non-Stop,5aae51c984fe
SCR_GF_1789324470_031,2026-09-14 00:04:21,2026-09-15,1,google_flights,DEL,HYD,DEL-HYD,DEL,HYD,IndiGo,IndiGo,6E (Connecting),4:40,10:45,365,6 hr 5 min,Economy,7962.0,4696.53,2210.14,710.0,345.33,0.0,3265.47,False,1,1 Stop,ba94ffb943f8
SCR_GF_1789324470_032,2026-09-14 00:04:21,2026-09-15,1,google_flights,DEL,HYD,DEL-HYD,DEL,HYD,IndiGo,IndiGo,6E (Connecting),6:10,12:15,365,6 hr 5 min,Economy,8094.0,4782.02,2250.36,710.0,351.62,0.0,3311.98,False,1,1 Stop (GOX),459402010f55
SCR_GF_1789324470_033,2026-09-14 00:04:21,2026-09-15,1,google_flights,DEL,HYD,DEL-HYD,DEL,HYD,IndiGo,IndiGo,6E (Connecting),8:00,2:10,370,6 hr 10 min,Economy,8094.0,4782.02,2250.36,710.0,351.62,0.0,3311.98,False,1,1 Stop,61ac9898573b
SCR_GF_1789324471_034,2026-09-14 00:04:21,2026-09-15,1,google_flights,DEL,HYD,DEL-HYD,DEL,HYD,IndiGo,IndiGo,6E (Connecting),4:40,10:40,360,6 hr,Economy,8304.0,4918.02,2314.36,710.0,361.62,0.0,3385.98,False,1,1 Stop,38f3f33c4766
SCR_GF_1789324471_035,2026-09-14 00:04:21,2026-09-15,1,google_flights,DEL,HYD,DEL-HYD,DEL,HYD,IndiGo,IndiGo,6E (Direct),9:00,11:15,135,2 hr 15 min,Economy,8825.0,5255.43,2473.14,710.0,386.43,0.0,3569.57,True,0,Non-Stop,1edff7e0a509
SCR_GF_1789324471_036,2026-09-14 00:04:21,2026-09-15,1,google_flights,DEL,HYD,DEL-HYD,DEL,HYD,IndiGo,IndiGo,6E (Direct),8:30,10:50,140,2 hr 20 min,Economy,8827.0,5256.72,2473.76,710.0,386.52,0.0,3570.28,True,0,Non-Stop,0a4c18f60475
SCR_GF_1789324471_037,2026-09-14 00:04:21,2026-09-15,1,google_flights,DEL,HYD,DEL-HYD,DEL,HYD,IndiGo,IndiGo,6E (Direct),10:00,12:20,140,2 hr 20 min,Economy,8827.0,5256.72,2473.76,710.0,386.52,0.0,3570.28,True,0,Non-Stop,2e5c84988ac1
SCR_GF_1789324471_038,2026-09-14 00:04:21,2026-09-15,1,google_flights,DEL,HYD,DEL-HYD,DEL,HYD,IndiGo,IndiGo,6E (Direct),11:00,1:20,140,2 hr 20 min,Economy,8827.0,5256.72,2473.76,710.0,386.52,0.0,3570.28,True,0,Non-Stop,bb2f5d0cd636
SCR_GF_1789324471_039,2026-09-14 00:04:21,2026-09-15,1,google_flights,DEL,HYD,DEL-HYD,DEL,HYD,IndiGo,IndiGo,6E (Direct),8:40,11:10,150,2 hr 30 min,Economy,9042.0,5395.96,2539.28,710.0,396.76,0.0,3646.04,True,0,Non-Stop,49daf8b68b36
SCR_GF_1789324472_040,2026-09-14 00:04:21,2026-09-15,1,google_flights,DEL,HYD,DEL-HYD,DEL,HYD,IndiGo,IndiGo,6E (Direct),2:00,4:20,140,2 hr 20 min,Economy,9299.0,5562.4,2617.6,710.0,409.0,0.0,3736.6,True,0,Non-Stop,0be0c9c159de
SCR_GF_1789324472_041,2026-09-14 00:04:21,2026-09-15,1,google_flights,DEL,HYD,DEL-HYD,DEL,HYD,IndiGo,IndiGo,6E (Direct),7:45,10:05,140,2 hr 20 min,Economy,9301.0,5563.7,2618.2,710.0,409.1,0.0,3737.3,True,0,Non-Stop,2bd944d40291
SCR_GF_1789324472_042,2026-09-14 00:04:21,2026-09-15,1,google_flights,DEL,HYD,DEL-HYD,DEL,HYD,IndiGo,IndiGo,6E (Direct),2:30,4:40,130,2 hr 10 min,Economy,9614.0,5766.4,2713.6,710.0,424.0,0.0,3847.6,True,0,Non-Stop,860003155037
SCR_GF_1789324472_043,2026-09-14 00:04:21,2026-09-15,1,google_flights,DEL,HYD,DEL-HYD,DEL,HYD,IndiGo,IndiGo,6E (Direct),2:25,4:40,135,2 hr 15 min,Economy,9807.0,5891.39,2772.42,710.0,433.19,0.0,3915.61,True,0,Non-Stop,f7467c17fc3d
SCR_GF_1789324472_044,2026-09-14 00:04:21,2026-09-15,1,google_flights,DEL,HYD,DEL-HYD,DEL,HYD,IndiGo,IndiGo,6E (Direct),1:30,3:45,135,2 hr 15 min,Economy,9807.0,5891.39,2772.42,710.0,433.19,0.0,3915.61,True,0,Non-Stop,274a4254a129
SCR_GF_1789324472_045,2026-09-14 00:04:21,2026-09-15,1,google_flights,DEL,HYD,DEL-HYD,DEL,HYD,IndiGo,IndiGo,6E (Direct),4:15,6:30,135,2 hr 15 min,Economy,9807.0,5891.39,2772.42,710.0,433.19,0.0,3915.61,True,0,Non-Stop,9114b13a4f9b
SCR_GF_1789324472_046,2026-09-14 00:04:21,2026-09-15,1,google_flights,DEL,HYD,DEL-HYD,DEL,HYD,IndiGo,IndiGo,6E (Direct),3:30,5:55,145,2 hr 25 min,Economy,9809.0,5892.69,2773.02,710.0,433.29,0.0,3916.31,True,0,Non-Stop,4b7361ab52f9
SCR_GF_1789324472_047,2026-09-14 00:04:21,2026-09-15,1,google_flights,DEL,HYD,DEL-HYD,DEL,HYD,IndiGo,IndiGo,6E (Direct),6:00,8:20,140,2 hr 20 min,Economy,9809.0,5892.69,2773.02,710.0,433.29,0.0,3916.31,True,0,Non-Stop,b2b03da7c91b
SCR_GF_1789324473_048,2026-09-14 00:04:21,2026-09-15,1,google_flights,DEL,HYD,DEL-HYD,DEL,HYD,IndiGo,IndiGo,6E (Direct),5:55,8:15,140,2 hr 20 min,Economy,10346.0,6240.46,2936.68,710.0,458.86,0.0,4105.54,True,0,Non-Stop,4cb3762ac310
SCR_GF_1789324473_049,2026-09-14 00:04:21,2026-09-15,1,google_flights,DEL,HYD,DEL-HYD,DEL,HYD,IndiGo,IndiGo,6E (Direct),11:45,2:00,135,2 hr 15 min,Economy,10917.0,6610.25,3110.7,710.0,486.05,0.0,4306.75,True,0,Non-Stop,7ce8046eb238
SCR_GF_1789324473_050,2026-09-14 00:04:21,2026-09-15,1,google_flights,DEL,HYD,DEL-HYD,DEL,HYD,IndiGo,IndiGo,6E (Direct),12:30,2:45,135,2 hr 15 min,Economy,10922.0,6613.49,3112.22,710.0,486.29,0.0,4308.51,True,0,Non-Stop,005e962e2482
SCR_GF_1789324473_051,2026-09-14 00:04:21,2026-09-15,1,google_flights,DEL,HYD,DEL-HYD,DEL,HYD,IndiGo,IndiGo,6E (Direct),10:30,12:50,140,2 hr 20 min,Economy,12859.0,7867.92,3702.56,710.0,578.52,0.0,4991.08,True,0,Non-Stop,985438b6ecef
SCR_GF_1789324473_052,2026-09-14 00:04:21,2026-09-15,1,google_flights,DEL,HYD,DEL-HYD,DEL,HYD,IndiGo,IndiGo,6E (Direct),9:55,12:20,145,2 hr 25 min,Economy,13589.0,8340.69,3925.02,710.0,613.29,0.0,5248.31,True,0,Non-Stop,caf3398ac540
SCR_GF_1789324473_053,2026-09-14 00:04:21,2026-09-15,1,google_flights,DEL,HYD,DEL-HYD,DEL,HYD,IndiGo,IndiGo,6E (Direct),6:00,8:20,140,2 hr 20 min,Economy,18644.0,11614.4,5465.6,710.0,854.0,0.0,7029.6,True,0,Non-Stop,d542e5638faf
SCR_GF_1789324473_054,2026-09-14 00:04:21,2026-09-15,1,google_flights,DEL,HYD,DEL-HYD,DEL,HYD,IndiGo,IndiGo,6E (Direct),9:40,12:00,140,2 hr 20 min,Economy,18644.0,11614.4,5465.6,710.0,854.0,0.0,7029.6,True,0,Non-Stop,e7f9bc448c6a
SCR_GF_1789324480_001,2026-09-14 00:04:34,2026-09-21,7,google_flights,DEL,HYD,DEL-HYD,DEL,HYD,Akasa Air,Akasa Air,QP (Direct),8:40 PM,11:10 PM,150,2 hr 30 min,Economy,8440.0,5006.1,2355.8,710.0,368.1,0.0,3433.9,True,0,Non-Stop,53c77cb83e1d
SCR_GF_1789324480_002,2026-09-14 00:04:34,2026-09-21,7,google_flights,DEL,HYD,DEL-HYD,DEL,HYD,IndiGo,IndiGo,6E (Direct),1:30 PM,3:45 PM,135,2 hr 15 min,Economy,8825.0,5255.43,2473.14,710.0,386.43,0.0,3569.57,True,0,Non-Stop,ec7751aea9a0
SCR_GF_1789324480_003,2026-09-14 00:04:34,2026-09-21,7,google_flights,DEL,HYD,DEL-HYD,DEL,HYD,Air India,Air India,AI (Direct),2:30 PM,4:40 PM,130,2 hr 10 min,Economy,8827.0,5256.72,2473.76,710.0,386.52,0.0,3570.28,True,0,Non-Stop,95177a0b8e36
SCR_GF_1789324480_004,2026-09-14 00:04:34,2026-09-21,7,google_flights,DEL,HYD,DEL-HYD,DEL,HYD,IndiGo,IndiGo,6E (Connecting),5:10 AM,10:15 AM,305,5 hr 5 min,Economy,7884.0,4646.02,2186.36,710.0,341.62,0.0,3237.98,False,1,1 Stop (AMD),980f396f296e
SCR_GF_1789324480_005,2026-09-14 00:04:34,2026-09-21,7,google_flights,DEL,HYD,DEL-HYD,DEL,HYD,IndiGo,IndiGo,6E (Connecting),12:20 PM,4:45 PM,265,4 hr 25 min,Economy,7884.0,4646.02,2186.36,710.0,341.62,0.0,3237.98,False,1,1 Stop (AMD),5f321c597c34
SCR_GF_1789324480_006,2026-09-14 00:04:34,2026-09-21,7,google_flights,DEL,HYD,DEL-HYD,DEL,HYD,IndiGo,IndiGo,6E (Connecting),5:05 PM,10:30 PM,325,5 hr 25 min,Economy,7884.0,4646.02,2186.36,710.0,341.62,0.0,3237.98,False,1,1 Stop (AMD),e0d73575f4c9
SCR_GF_1789324480_007,2026-09-14 00:04:34,2026-09-21,7,google_flights,DEL,HYD,DEL-HYD,DEL,HYD,IndiGo,IndiGo,6E (Connecting),3:50 PM,9:10 PM,320,5 hr 20 min,Economy,7962.0,4696.53,2210.14,710.0,345.33,0.0,3265.47,False,1,1 Stop (JAI),50a56892da16
SCR_GF_1789324480_008,2026-09-14 00:04:34,2026-09-21,7,google_flights,DEL,HYD,DEL-HYD,DEL,HYD,IndiGo,IndiGo,6E (Connecting),6:10 PM,11:00 PM,290,4 hr 50 min,Economy,8094.0,4782.02,2250.36,710.0,351.62,0.0,3311.98,False,1,1 Stop,a5343df4a4f6
SCR_GF_1789324481_009,2026-09-14 00:04:34,2026-09-21,7,google_flights,DEL,HYD,DEL-HYD,DEL,HYD,Akasa Air,Akasa Air,QP (Direct),2:10 PM,4:30 PM,140,2 hr 20 min,Economy,8735.0,5197.14,2445.72,710.0,382.14,0.0,3537.86,True,0,Non-Stop,69c183c6913d
SCR_GF_1789324481_010,2026-09-14 00:04:34,2026-09-21,7,google_flights,DEL,HYD,DEL-HYD,DEL,HYD,IndiGo,IndiGo,6E (Direct),11:45 AM,2:00 PM,135,2 hr 15 min,Economy,8825.0,5255.43,2473.14,710.0,386.43,0.0,3569.57,True,0,Non-Stop,171b137acf35
SCR_GF_1789324481_011,2026-09-14 00:04:34,2026-09-21,7,google_flights,DEL,HYD,DEL-HYD,DEL,HYD,IndiGo,IndiGo,6E (Direct),2:45 PM,5:05 PM,140,2 hr 20 min,Economy,8825.0,5255.43,2473.14,710.0,386.43,0.0,3569.57,True,0,Non-Stop,ffdbf69a3ce4
SCR_GF_1789324481_012,2026-09-14 00:04:34,2026-09-21,7,google_flights,DEL,HYD,DEL-HYD,DEL,HYD,IndiGo,IndiGo,6E (Direct),4:15 PM,6:30 PM,135,2 hr 15 min,Economy,8825.0,5255.43,2473.14,710.0,386.43,0.0,3569.57,True,0,Non-Stop,7edba6ad95fd
SCR_GF_1789324481_013,2026-09-14 00:04:34,2026-09-21,7,google_flights,DEL,HYD,DEL-HYD,DEL,HYD,IndiGo,IndiGo,6E (Direct),5:55 PM,8:15 PM,140,2 hr 20 min,Economy,8825.0,5255.43,2473.14,710.0,386.43,0.0,3569.57,True,0,Non-Stop,c78edc04107a
SCR_GF_1789324481_014,2026-09-14 00:04:34,2026-09-21,7,google_flights,DEL,HYD,DEL-HYD,DEL,HYD,IndiGo,IndiGo,6E (Direct),7:45 PM,10:05 PM,140,2 hr 20 min,Economy,8825.0,5255.43,2473.14,710.0,386.43,0.0,3569.57,True,0,Non-Stop,2b0d95bbedac
SCR_GF_1789324481_015,2026-09-14 00:04:34,2026-09-21,7,google_flights,DEL,HYD,DEL-HYD,DEL,HYD,IndiGo,IndiGo,6E (Direct),9:00 PM,11:15 PM,135,2 hr 15 min,Economy,8825.0,5255.43,2473.14,710.0,386.43,0.0,3569.57,True,0,Non-Stop,b6f4ca07e685
SCR_GF_1789324481_016,2026-09-14 00:04:34,2026-09-21,7,google_flights,DEL,HYD,DEL-HYD,DEL,HYD,Air India,Air India,AI (Direct),12:30 PM,2:45 PM,135,2 hr 15 min,Economy,8827.0,5256.72,2473.76,710.0,386.52,0.0,3570.28,True,0,Non-Stop,97b4db07afd6
SCR_GF_1789324481_017,2026-09-14 00:04:34,2026-09-21,7,google_flights,DEL,HYD,DEL-HYD,DEL,HYD,Air India,Air India,AI (Direct),3:30 PM,5:55 PM,145,2 hr 25 min,Economy,8827.0,5256.72,2473.76,710.0,386.52,0.0,3570.28,True,0,Non-Stop,f5f4e455d4b0
SCR_GF_1789324482_018,2026-09-14 00:04:34,2026-09-21,7,google_flights,DEL,HYD,DEL-HYD,DEL,HYD,Air India,Air India,AI (Direct),6:00 PM,8:20 PM,140,2 hr 20 min,Economy,8827.0,5256.72,2473.76,710.0,386.52,0.0,3570.28,True,0,Non-Stop,11473e605a1f
SCR_GF_1789324482_019,2026-09-14 00:04:34,2026-09-21,7,google_flights,DEL,HYD,DEL-HYD,DEL,HYD,Air India,Air India,AI (Direct),7:30 PM,9:50 PM,140,2 hr 20 min,Economy,8827.0,5256.72,2473.76,710.0,386.52,0.0,3570.28,True,0,Non-Stop,e4a7ad30c2d7
SCR_GF_1789324482_020,2026-09-14 00:04:34,2026-09-21,7,google_flights,DEL,HYD,DEL-HYD,DEL,HYD,Air India,Air India,AI (Direct),8:30 PM,10:50 PM,140,2 hr 20 min,Economy,8827.0,5256.72,2473.76,710.0,386.52,0.0,3570.28,True,0,Non-Stop,cf29fa27b6c4
SCR_GF_1789324482_021,2026-09-14 00:04:34,2026-09-21,7,google_flights,DEL,HYD,DEL-HYD,DEL,HYD,Air India,Air India,AI (Direct),10:00 PM,12:20 AM,140,2 hr 20 min,Economy,8827.0,5256.72,2473.76,710.0,386.52,0.0,3570.28,True,0,Non-Stop,b9678fef4215
SCR_GF_1789324482_022,2026-09-14 00:04:34,2026-09-21,7,google_flights,DEL,HYD,DEL-HYD,DEL,HYD,Air India,Air India,AI (Direct),2:00 AM,4:20 AM,140,2 hr 20 min,Economy,10302.0,6211.96,2923.28,710.0,456.76,0.0,4090.04,True,0,Non-Stop,13902272c73a
SCR_GF_1789324482_023,2026-09-14 00:04:34,2026-09-21,7,google_flights,DEL,HYD,DEL-HYD,DEL,HYD,Air India,Air India,AI (Direct),9:40 AM,12:00 PM,140,2 hr 20 min,Economy,10344.0,6239.16,2936.08,710.0,458.76,0.0,4104.84,True,0,Non-Stop,9b5317a41e9f
SCR_GF_1789324482_024,2026-09-14 00:04:34,2026-09-21,7,google_flights,DEL,HYD,DEL-HYD,DEL,HYD,IndiGo,IndiGo,6E (Direct),2:25 AM,4:40 AM,135,2 hr 15 min,Economy,10346.0,6240.46,2936.68,710.0,458.86,0.0,4105.54,True,0,Non-Stop,b2e0047bd8b9
SCR_GF_1789324483_025,2026-09-14 00:04:34,2026-09-21,7,google_flights,DEL,HYD,DEL-HYD,DEL,HYD,IndiGo,IndiGo,6E (Direct),9:55 AM,12:20 PM,145,2 hr 25 min,Economy,10346.0,6240.46,2936.68,710.0,458.86,0.0,4105.54,True,0,Non-Stop,490ec278d228
SCR_GF_1789324483_026,2026-09-14 00:04:34,2026-09-21,7,google_flights,DEL,HYD,DEL-HYD,DEL,HYD,Air India,Air India,AI (Direct),10:30 AM,12:50 PM,140,2 hr 20 min,Economy,10612.0,6412.72,3017.76,710.0,471.52,0.0,4199.28,True,0,Non-Stop,420df24b3808
SCR_GF_1789324483_027,2026-09-14 00:04:34,2026-09-21,7,google_flights,DEL,HYD,DEL-HYD,DEL,HYD,IndiGo,IndiGo,6E (Direct),8:30 AM,10:45 AM,135,2 hr 15 min,Economy,11525.0,7004.0,3296.0,710.0,515.0,0.0,4521.0,True,0,Non-Stop,e1cb732125f0
SCR_GF_1789324483_028,2026-09-14 00:04:34,2026-09-21,7,google_flights,DEL,HYD,DEL-HYD,DEL,HYD,Air India,Air India,AI (Direct),11:00 PM,1:20 AM,140,2 hr 20 min,Economy,11525.0,7004.0,3296.0,710.0,515.0,0.0,4521.0,True,0,Non-Stop,019cb3788f59
SCR_GF_1789324483_029,2026-09-14 00:04:34,2026-09-21,7,google_flights,DEL,HYD,DEL-HYD,DEL,HYD,IndiGo,IndiGo,6E (Direct),11:15 PM,1:30 AM,135,2 hr 15 min,Economy,11525.0,7004.0,3296.0,710.0,515.0,0.0,4521.0,True,0,Non-Stop,e329557b3a4f
SCR_GF_1789324483_030,2026-09-14 00:04:34,2026-09-21,7,google_flights,DEL,HYD,DEL-HYD,DEL,HYD,IndiGo,IndiGo,6E (Direct),7:10 AM,9:20 AM,130,2 hr 10 min,Economy,12858.0,7867.28,3702.24,710.0,578.48,0.0,4990.72,True,0,Non-Stop,fde4718da5be
SCR_GF_1789324483_031,2026-09-14 00:04:34,2026-09-21,7,google_flights,DEL,HYD,DEL-HYD,DEL,HYD,Air India,Air India,AI (Direct),6:00 AM,8:20 AM,140,2 hr 20 min,Economy,13662.0,8387.96,3947.28,710.0,616.76,0.0,5274.04,True,0,Non-Stop,cd56bbb6506f
SCR_GF_1789324483_032,2026-09-14 00:04:34,2026-09-21,7,google_flights,DEL,HYD,DEL-HYD,DEL,HYD,IndiGo,IndiGo,6E (Direct),8:40,11:10,150,2 hr 30 min,Economy,8440.0,5006.1,2355.8,710.0,368.1,0.0,3433.9,True,0,Non-Stop,514ef46534de
SCR_GF_1789324484_033,2026-09-14 00:04:34,2026-09-21,7,google_flights,DEL,HYD,DEL-HYD,DEL,HYD,IndiGo,IndiGo,6E (Direct),1:30,3:45,135,2 hr 15 min,Economy,8825.0,5255.43,2473.14,710.0,386.43,0.0,3569.57,True,0,Non-Stop,5683b7fea2a2
SCR_GF_1789324484_034,2026-09-14 00:04:34,2026-09-21,7,google_flights,DEL,HYD,DEL-HYD,DEL,HYD,IndiGo,IndiGo,6E (Direct),2:30,4:40,130,2 hr 10 min,Economy,8827.0,5256.72,2473.76,710.0,386.52,0.0,3570.28,True,0,Non-Stop,e794c7da15b6
SCR_GF_1789324484_035,2026-09-14 00:04:34,2026-09-21,7,google_flights,DEL,HYD,DEL-HYD,DEL,HYD,IndiGo,IndiGo,6E (Connecting),5:10,10:15,305,5 hr 5 min,Economy,7884.0,4646.02,2186.36,710.0,341.62,0.0,3237.98,False,1,1 Stop,d0abcf187e3e
SCR_GF_1789324484_036,2026-09-14 00:04:34,2026-09-21,7,google_flights,DEL,HYD,DEL-HYD,DEL,HYD,IndiGo,IndiGo,6E (Connecting),12:20,4:45,265,4 hr 25 min,Economy,7884.0,4646.02,2186.36,710.0,341.62,0.0,3237.98,False,1,1 Stop,d90c7721639c
SCR_GF_1789324484_037,2026-09-14 00:04:34,2026-09-21,7,google_flights,DEL,HYD,DEL-HYD,DEL,HYD,IndiGo,IndiGo,6E (Connecting),5:05,10:30,325,5 hr 25 min,Economy,7884.0,4646.02,2186.36,710.0,341.62,0.0,3237.98,False,1,1 Stop,771acfd1b1a4
SCR_GF_1789324484_038,2026-09-14 00:04:34,2026-09-21,7,google_flights,DEL,HYD,DEL-HYD,DEL,HYD,IndiGo,IndiGo,6E (Connecting),3:50,9:10,320,5 hr 20 min,Economy,7962.0,4696.53,2210.14,710.0,345.33,0.0,3265.47,False,1,1 Stop,3f1500502553
SCR_GF_1789324485_039,2026-09-14 00:04:34,2026-09-21,7,google_flights,DEL,HYD,DEL-HYD,DEL,HYD,IndiGo,IndiGo,6E (Connecting),6:10,11:00,290,4 hr 50 min,Economy,8094.0,4782.02,2250.36,710.0,351.62,0.0,3311.98,False,1,1 Stop,6a7fc7b0dcc1
SCR_GF_1789324485_040,2026-09-14 00:04:34,2026-09-21,7,google_flights,DEL,HYD,DEL-HYD,DEL,HYD,IndiGo,IndiGo,6E (Direct),2:10,4:30,140,2 hr 20 min,Economy,8735.0,5197.14,2445.72,710.0,382.14,0.0,3537.86,True,0,Non-Stop,b5076d7529ad
SCR_GF_1789324485_041,2026-09-14 00:04:34,2026-09-21,7,google_flights,DEL,HYD,DEL-HYD,DEL,HYD,IndiGo,IndiGo,6E (Direct),11:45,2:00,135,2 hr 15 min,Economy,8825.0,5255.43,2473.14,710.0,386.43,0.0,3569.57,True,0,Non-Stop,d6b6157cd730
SCR_GF_1789324485_042,2026-09-14 00:04:34,2026-09-21,7,google_flights,DEL,HYD,DEL-HYD,DEL,HYD,IndiGo,IndiGo,6E (Direct),2:45,5:05,140,2 hr 20 min,Economy,8825.0,5255.43,2473.14,710.0,386.43,0.0,3569.57,True,0,Non-Stop,35b1ab1cfa0e
SCR_GF_1789324485_043,2026-09-14 00:04:34,2026-09-21,7,google_flights,DEL,HYD,DEL-HYD,DEL,HYD,IndiGo,IndiGo,6E (Direct),4:15,6:30,135,2 hr 15 min,Economy,8825.0,5255.43,2473.14,710.0,386.43,0.0,3569.57,True,0,Non-Stop,961fb000b9ee
SCR_GF_1789324485_044,2026-09-14 00:04:34,2026-09-21,7,google_flights,DEL,HYD,DEL-HYD,DEL,HYD,IndiGo,IndiGo,6E (Direct),5:55,8:15,140,2 hr 20 min,Economy,8825.0,5255.43,2473.14,710.0,386.43,0.0,3569.57,True,0,Non-Stop,5c542e007b5b
SCR_GF_1789324486_045,2026-09-14 00:04:34,2026-09-21,7,google_flights,DEL,HYD,DEL-HYD,DEL,HYD,IndiGo,IndiGo,6E (Direct),7:45,10:05,140,2 hr 20 min,Economy,8825.0,5255.43,2473.14,710.0,386.43,0.0,3569.57,True,0,Non-Stop,d5f7b03b71ef
SCR_GF_1789324486_046,2026-09-14 00:04:34,2026-09-21,7,google_flights,DEL,HYD,DEL-HYD,DEL,HYD,IndiGo,IndiGo,6E (Direct),9:00,11:15,135,2 hr 15 min,Economy,8825.0,5255.43,2473.14,710.0,386.43,0.0,3569.57,True,0,Non-Stop,763700977d75
SCR_GF_1789324486_047,2026-09-14 00:04:34,2026-09-21,7,google_flights,DEL,HYD,DEL-HYD,DEL,HYD,IndiGo,IndiGo,6E (Direct),12:30,2:45,135,2 hr 15 min,Economy,8827.0,5256.72,2473.76,710.0,386.52,0.0,3570.28,True,0,Non-Stop,99f45b6c9470
SCR_GF_1789324486_048,2026-09-14 00:04:34,2026-09-21,7,google_flights,DEL,HYD,DEL-HYD,DEL,HYD,IndiGo,IndiGo,6E (Direct),3:30,5:55,145,2 hr 25 min,Economy,8827.0,5256.72,2473.76,710.0,386.52,0.0,3570.28,True,0,Non-Stop,7053ba8043b5
SCR_GF_1789324486_049,2026-09-14 00:04:34,2026-09-21,7,google_flights,DEL,HYD,DEL-HYD,DEL,HYD,IndiGo,IndiGo,6E (Direct),6:00,8:20,140,2 hr 20 min,Economy,8827.0,5256.72,2473.76,710.0,386.52,0.0,3570.28,True,0,Non-Stop,ec2186caca37
SCR_GF_1789324486_050,2026-09-14 00:04:34,2026-09-21,7,google_flights,DEL,HYD,DEL-HYD,DEL,HYD,IndiGo,IndiGo,6E (Direct),7:30,9:50,140,2 hr 20 min,Economy,8827.0,5256.72,2473.76,710.0,386.52,0.0,3570.28,True,0,Non-Stop,e9078dd9b9a0
SCR_GF_1789324487_051,2026-09-14 00:04:34,2026-09-21,7,google_flights,DEL,HYD,DEL-HYD,DEL,HYD,IndiGo,IndiGo,6E (Direct),8:30,10:50,140,2 hr 20 min,Economy,8827.0,5256.72,2473.76,710.0,386.52,0.0,3570.28,True,0,Non-Stop,e9a1ea3e084e
SCR_GF_1789324487_052,2026-09-14 00:04:34,2026-09-21,7,google_flights,DEL,HYD,DEL-HYD,DEL,HYD,IndiGo,IndiGo,6E (Direct),10:00,12:20,140,2 hr 20 min,Economy,8827.0,5256.72,2473.76,710.0,386.52,0.0,3570.28,True,0,Non-Stop,f650cc137e08
SCR_GF_1789324487_053,2026-09-14 00:04:34,2026-09-21,7,google_flights,DEL,HYD,DEL-HYD,DEL,HYD,IndiGo,IndiGo,6E (Direct),2:00,4:20,140,2 hr 20 min,Economy,10302.0,6211.96,2923.28,710.0,456.76,0.0,4090.04,True,0,Non-Stop,36f048e6219d
SCR_GF_1789324487_054,2026-09-14 00:04:34,2026-09-21,7,google_flights,DEL,HYD,DEL-HYD,DEL,HYD,IndiGo,IndiGo,6E (Direct),9:40,12:00,140,2 hr 20 min,Economy,10344.0,6239.16,2936.08,710.0,458.76,0.0,4104.84,True,0,Non-Stop,2e03b07b842a
SCR_GF_1789324487_055,2026-09-14 00:04:34,2026-09-21,7,google_flights,DEL,HYD,DEL-HYD,DEL,HYD,IndiGo,IndiGo,6E (Direct),2:25,4:40,135,2 hr 15 min,Economy,10346.0,6240.46,2936.68,710.0,458.86,0.0,4105.54,True,0,Non-Stop,cf2f6f26dddd
SCR_GF_1789324488_056,2026-09-14 00:04:34,2026-09-21,7,google_flights,DEL,HYD,DEL-HYD,DEL,HYD,IndiGo,IndiGo,6E (Direct),9:55,12:20,145,2 hr 25 min,Economy,10346.0,6240.46,2936.68,710.0,458.86,0.0,4105.54,True,0,Non-Stop,79aae9c924b6
SCR_GF_1789324488_057,2026-09-14 00:04:34,2026-09-21,7,google_flights,DEL,HYD,DEL-HYD,DEL,HYD,IndiGo,IndiGo,6E (Direct),10:30,12:50,140,2 hr 20 min,Economy,10612.0,6412.72,3017.76,710.0,471.52,0.0,4199.28,True,0,Non-Stop,928c06bbff13
SCR_GF_1789324488_058,2026-09-14 00:04:34,2026-09-21,7,google_flights,DEL,HYD,DEL-HYD,DEL,HYD,IndiGo,IndiGo,6E (Direct),8:30,10:45,135,2 hr 15 min,Economy,11525.0,7004.0,3296.0,710.0,515.0,0.0,4521.0,True,0,Non-Stop,b329cba27344
SCR_GF_1789324488_059,2026-09-14 00:04:34,2026-09-21,7,google_flights,DEL,HYD,DEL-HYD,DEL,HYD,IndiGo,IndiGo,6E (Direct),11:00,1:20,140,2 hr 20 min,Economy,11525.0,7004.0,3296.0,710.0,515.0,0.0,4521.0,True,0,Non-Stop,c1fe0bad7dca
SCR_GF_1789324488_060,2026-09-14 00:04:34,2026-09-21,7,google_flights,DEL,HYD,DEL-HYD,DEL,HYD,IndiGo,IndiGo,6E (Direct),11:15,1:30,135,2 hr 15 min,Economy,11525.0,7004.0,3296.0,710.0,515.0,0.0,4521.0,True,0,Non-Stop,7073a5c3b79e
SCR_GF_1789324489_061,2026-09-14 00:04:34,2026-09-21,7,google_flights,DEL,HYD,DEL-HYD,DEL,HYD,IndiGo,IndiGo,6E (Direct),7:10,9:20,130,2 hr 10 min,Economy,12858.0,7867.28,3702.24,710.0,578.48,0.0,4990.72,True,0,Non-Stop,63bdfb1d21ae
SCR_GF_1789324489_062,2026-09-14 00:04:34,2026-09-21,7,google_flights,DEL,HYD,DEL-HYD,DEL,HYD,IndiGo,IndiGo,6E (Direct),6:00,8:20,140,2 hr 20 min,Economy,13662.0,8387.96,3947.28,710.0,616.76,0.0,5274.04,True,0,Non-Stop,0cdd9f44aae0
SCR_GF_1789324496_001,2026-09-14 00:04:50,2026-09-29,15,google_flights,DEL,HYD,DEL-HYD,DEL,HYD,Akasa Air,Akasa Air,QP (Direct),8:40 PM,11:10 PM,150,2 hr 30 min,Economy,8440.0,5006.1,2355.8,710.0,368.1,0.0,3433.9,True,0,Non-Stop,1fe2e7b5dfb3
SCR_GF_1789324496_002,2026-09-14 00:04:50,2026-09-29,15,google_flights,DEL,HYD,DEL-HYD,DEL,HYD,IndiGo,IndiGo,6E (Direct),1:30 PM,3:45 PM,135,2 hr 15 min,Economy,8825.0,5255.43,2473.14,710.0,386.43,0.0,3569.57,True,0,Non-Stop,1deff375586f
SCR_GF_1789324496_003,2026-09-14 00:04:50,2026-09-29,15,google_flights,DEL,HYD,DEL-HYD,DEL,HYD,Air India,Air India,AI (Direct),2:30 PM,4:40 PM,130,2 hr 10 min,Economy,8827.0,5256.72,2473.76,710.0,386.52,0.0,3570.28,True,0,Non-Stop,7c2f81cd43b9
SCR_GF_1789324497_004,2026-09-14 00:04:50,2026-09-29,15,google_flights,DEL,HYD,DEL-HYD,DEL,HYD,IndiGo,IndiGo,6E (Connecting),5:10 AM,10:15 AM,305,5 hr 5 min,Economy,7884.0,4646.02,2186.36,710.0,341.62,0.0,3237.98,False,1,1 Stop (AMD),81701289c59a
SCR_GF_1789324497_005,2026-09-14 00:04:50,2026-09-29,15,google_flights,DEL,HYD,DEL-HYD,DEL,HYD,IndiGo,IndiGo,6E (Connecting),12:20 PM,4:45 PM,265,4 hr 25 min,Economy,7884.0,4646.02,2186.36,710.0,341.62,0.0,3237.98,False,1,1 Stop (AMD),0c306762f4d5
SCR_GF_1789324497_006,2026-09-14 00:04:50,2026-09-29,15,google_flights,DEL,HYD,DEL-HYD,DEL,HYD,IndiGo,IndiGo,6E (Connecting),5:05 PM,10:30 PM,325,5 hr 25 min,Economy,7884.0,4646.02,2186.36,710.0,341.62,0.0,3237.98,False,1,1 Stop (AMD),008cc2e9a975
SCR_GF_1789324497_007,2026-09-14 00:04:50,2026-09-29,15,google_flights,DEL,HYD,DEL-HYD,DEL,HYD,Akasa Air,Akasa Air,QP (Direct),2:10 PM,4:30 PM,140,2 hr 20 min,Economy,8735.0,5197.14,2445.72,710.0,382.14,0.0,3537.86,True,0,Non-Stop,abab9c94813c
SCR_GF_1789324497_008,2026-09-14 00:04:50,2026-09-29,15,google_flights,DEL,HYD,DEL-HYD,DEL,HYD,IndiGo,IndiGo,6E (Direct),2:25 AM,4:40 AM,135,2 hr 15 min,Economy,8825.0,5255.43,2473.14,710.0,386.43,0.0,3569.57,True,0,Non-Stop,4360763a2057
SCR_GF_1789324497_009,2026-09-14 00:04:50,2026-09-29,15,google_flights,DEL,HYD,DEL-HYD,DEL,HYD,IndiGo,IndiGo,6E (Direct),8:30 AM,10:45 AM,135,2 hr 15 min,Economy,8825.0,5255.43,2473.14,710.0,386.43,0.0,3569.57,True,0,Non-Stop,1f8d9a3c4605
SCR_GF_1789324498_010,2026-09-14 00:04:50,2026-09-29,15,google_flights,DEL,HYD,DEL-HYD,DEL,HYD,IndiGo,IndiGo,6E (Direct),9:55 AM,12:20 PM,145,2 hr 25 min,Economy,8825.0,5255.43,2473.14,710.0,386.43,0.0,3569.57,True,0,Non-Stop,e5b4b86736d3
SCR_GF_1789324498_011,2026-09-14 00:04:50,2026-09-29,15,google_flights,DEL,HYD,DEL-HYD,DEL,HYD,IndiGo,IndiGo,6E (Direct),11:45 AM,2:00 PM,135,2 hr 15 min,Economy,8825.0,5255.43,2473.14,710.0,386.43,0.0,3569.57,True,0,Non-Stop,c005c3ea3959
SCR_GF_1789324498_012,2026-09-14 00:04:50,2026-09-29,15,google_flights,DEL,HYD,DEL-HYD,DEL,HYD,IndiGo,IndiGo,6E (Direct),4:15 PM,6:30 PM,135,2 hr 15 min,Economy,8825.0,5255.43,2473.14,710.0,386.43,0.0,3569.57,True,0,Non-Stop,c4a83b0236f2
SCR_GF_1789324498_013,2026-09-14 00:04:50,2026-09-29,15,google_flights,DEL,HYD,DEL-HYD,DEL,HYD,IndiGo,IndiGo,6E (Direct),5:55 PM,8:15 PM,140,2 hr 20 min,Economy,8825.0,5255.43,2473.14,710.0,386.43,0.0,3569.57,True,0,Non-Stop,ffd51e645b8b
SCR_GF_1789324498_014,2026-09-14 00:04:50,2026-09-29,15,google_flights,DEL,HYD,DEL-HYD,DEL,HYD,IndiGo,IndiGo,6E (Direct),7:45 PM,10:05 PM,140,2 hr 20 min,Economy,8825.0,5255.43,2473.14,710.0,386.43,0.0,3569.57,True,0,Non-Stop,f72d087e8fa6
SCR_GF_1789324499_015,2026-09-14 00:04:50,2026-09-29,15,google_flights,DEL,HYD,DEL-HYD,DEL,HYD,IndiGo,IndiGo,6E (Direct),9:00 PM,11:15 PM,135,2 hr 15 min,Economy,8825.0,5255.43,2473.14,710.0,386.43,0.0,3569.57,True,0,Non-Stop,8c6c2ad8623d
SCR_GF_1789324499_016,2026-09-14 00:04:50,2026-09-29,15,google_flights,DEL,HYD,DEL-HYD,DEL,HYD,IndiGo,IndiGo,6E (Direct),11:15 PM,1:30 AM,135,2 hr 15 min,Economy,8825.0,5255.43,2473.14,710.0,386.43,0.0,3569.57,True,0,Non-Stop,0ca7457faaae
SCR_GF_1789324499_017,2026-09-14 00:04:50,2026-09-29,15,google_flights,DEL,HYD,DEL-HYD,DEL,HYD,Air India,Air India,AI (Direct),2:00 AM,4:20 AM,140,2 hr 20 min,Economy,8827.0,5256.72,2473.76,710.0,386.52,0.0,3570.28,True,0,Non-Stop,708ee14d9f23
SCR_GF_1789324500_018,2026-09-14 00:04:50,2026-09-29,15,google_flights,DEL,HYD,DEL-HYD,DEL,HYD,Air India,Air India,AI (Direct),9:40 AM,12:00 PM,140,2 hr 20 min,Economy,8827.0,5256.72,2473.76,710.0,386.52,0.0,3570.28,True,0,Non-Stop,646304e517ef
SCR_GF_1789324500_019,2026-09-14 00:04:50,2026-09-29,15,google_flights,DEL,HYD,DEL-HYD,DEL,HYD,Air India,Air India,AI (Direct),10:30 AM,12:50 PM,140,2 hr 20 min,Economy,8827.0,5256.72,2473.76,710.0,386.52,0.0,3570.28,True,0,Non-Stop,7d936ce25cae
SCR_GF_1789324500_020,2026-09-14 00:04:50,2026-09-29,15,google_flights,DEL,HYD,DEL-HYD,DEL,HYD,Air India,Air India,AI (Direct),12:30 PM,2:45 PM,135,2 hr 15 min,Economy,8827.0,5256.72,2473.76,710.0,386.52,0.0,3570.28,True,0,Non-Stop,6ed37cd43c86
SCR_GF_1789324500_021,2026-09-14 00:04:50,2026-09-29,15,google_flights,DEL,HYD,DEL-HYD,DEL,HYD,Air India,Air India,AI (Direct),3:30 PM,5:55 PM,145,2 hr 25 min,Economy,8827.0,5256.72,2473.76,710.0,386.52,0.0,3570.28,True,0,Non-Stop,2802a3f6612a
SCR_GF_1789324500_022,2026-09-14 00:04:50,2026-09-29,15,google_flights,DEL,HYD,DEL-HYD,DEL,HYD,Air India,Air India,AI (Direct),6:00 PM,8:20 PM,140,2 hr 20 min,Economy,8827.0,5256.72,2473.76,710.0,386.52,0.0,3570.28,True,0,Non-Stop,b125ce4e1675
SCR_GF_1789324500_023,2026-09-14 00:04:50,2026-09-29,15,google_flights,DEL,HYD,DEL-HYD,DEL,HYD,Air India,Air India,AI (Direct),10:00 PM,12:20 AM,140,2 hr 20 min,Economy,8827.0,5256.72,2473.76,710.0,386.52,0.0,3570.28,True,0,Non-Stop,d62d16b72593
SCR_GF_1789324501_024,2026-09-14 00:04:50,2026-09-29,15,google_flights,DEL,HYD,DEL-HYD,DEL,HYD,Air India,Air India,AI (Direct),11:00 PM,1:20 AM,140,2 hr 20 min,Economy,8827.0,5256.72,2473.76,710.0,386.52,0.0,3570.28,True,0,Non-Stop,0e55b2e90893
SCR_GF_1789324501_025,2026-09-14 00:04:50,2026-09-29,15,google_flights,DEL,HYD,DEL-HYD,DEL,HYD,IndiGo,IndiGo,6E (Direct),7:10 AM,9:20 AM,130,2 hr 10 min,Economy,9807.0,5891.39,2772.42,710.0,433.19,0.0,3915.61,True,0,Non-Stop,374894dead72
SCR_GF_1789324501_026,2026-09-14 00:04:50,2026-09-29,15,google_flights,DEL,HYD,DEL-HYD,DEL,HYD,Air India,Air India,AI (Direct),6:00 AM,8:20 AM,140,2 hr 20 min,Economy,9977.0,6001.49,2824.22,710.0,441.29,0.0,3975.51,True,0,Non-Stop,5cbad73aa772
SCR_GF_1789324501_027,2026-09-14 00:04:50,2026-09-29,15,google_flights,DEL,HYD,DEL-HYD,DEL,HYD,Air India,Air India,AI (Direct),7:30 PM,9:50 PM,140,2 hr 20 min,Economy,11111.0,6735.89,3169.82,710.0,495.29,0.0,4375.11,True,0,Non-Stop,08b385e34e68
SCR_GF_1789324501_028,2026-09-14 00:04:50,2026-09-29,15,google_flights,DEL,HYD,DEL-HYD,DEL,HYD,Air India,Air India,AI (Direct),8:30 PM,10:50 PM,140,2 hr 20 min,Economy,11525.0,7004.0,3296.0,710.0,515.0,0.0,4521.0,True,0,Non-Stop,743478572b38
SCR_GF_1789324501_029,2026-09-14 00:04:50,2026-09-29,15,google_flights,DEL,HYD,DEL-HYD,DEL,HYD,IndiGo,IndiGo,6E (Direct),8:40,11:10,150,2 hr 30 min,Economy,8440.0,5006.1,2355.8,710.0,368.1,0.0,3433.9,True,0,Non-Stop,881e76f57ac5
SCR_GF_1789324502_030,2026-09-14 00:04:50,2026-09-29,15,google_flights,DEL,HYD,DEL-HYD,DEL,HYD,IndiGo,IndiGo,6E (Direct),1:30,3:45,135,2 hr 15 min,Economy,8825.0,5255.43,2473.14,710.0,386.43,0.0,3569.57,True,0,Non-Stop,1b1a0600fc51
SCR_GF_1789324502_031,2026-09-14 00:04:50,2026-09-29,15,google_flights,DEL,HYD,DEL-HYD,DEL,HYD,IndiGo,IndiGo,6E (Direct),2:30,4:40,130,2 hr 10 min,Economy,8827.0,5256.72,2473.76,710.0,386.52,0.0,3570.28,True,0,Non-Stop,7b4dcd05e7b5
SCR_GF_1789324502_032,2026-09-14 00:04:50,2026-09-29,15,google_flights,DEL,HYD,DEL-HYD,DEL,HYD,IndiGo,IndiGo,6E (Connecting),5:10,10:15,305,5 hr 5 min,Economy,7884.0,4646.02,2186.36,710.0,341.62,0.0,3237.98,False,1,1 Stop,29c532d984ed
SCR_GF_1789324502_033,2026-09-14 00:04:50,2026-09-29,15,google_flights,DEL,HYD,DEL-HYD,DEL,HYD,IndiGo,IndiGo,6E (Connecting),12:20,4:45,265,4 hr 25 min,Economy,7884.0,4646.02,2186.36,710.0,341.62,0.0,3237.98,False,1,1 Stop,d2f98c25e953
SCR_GF_1789324503_034,2026-09-14 00:04:50,2026-09-29,15,google_flights,DEL,HYD,DEL-HYD,DEL,HYD,IndiGo,IndiGo,6E (Connecting),5:05,10:30,325,5 hr 25 min,Economy,7884.0,4646.02,2186.36,710.0,341.62,0.0,3237.98,False,1,1 Stop,f772284bbd62
SCR_GF_1789324503_035,2026-09-14 00:04:50,2026-09-29,15,google_flights,DEL,HYD,DEL-HYD,DEL,HYD,IndiGo,IndiGo,6E (Direct),2:10,4:30,140,2 hr 20 min,Economy,8735.0,5197.14,2445.72,710.0,382.14,0.0,3537.86,True,0,Non-Stop,d208dc1326db
SCR_GF_1789324503_036,2026-09-14 00:04:50,2026-09-29,15,google_flights,DEL,HYD,DEL-HYD,DEL,HYD,IndiGo,IndiGo,6E (Direct),2:25,4:40,135,2 hr 15 min,Economy,8825.0,5255.43,2473.14,710.0,386.43,0.0,3569.57,True,0,Non-Stop,eb668554c533
SCR_GF_1789324503_037,2026-09-14 00:04:50,2026-09-29,15,google_flights,DEL,HYD,DEL-HYD,DEL,HYD,IndiGo,IndiGo,6E (Direct),8:30,10:45,135,2 hr 15 min,Economy,8825.0,5255.43,2473.14,710.0,386.43,0.0,3569.57,True,0,Non-Stop,40dfad5cd530
SCR_GF_1789324503_038,2026-09-14 00:04:50,2026-09-29,15,google_flights,DEL,HYD,DEL-HYD,DEL,HYD,IndiGo,IndiGo,6E (Direct),9:55,12:20,145,2 hr 25 min,Economy,8825.0,5255.43,2473.14,710.0,386.43,0.0,3569.57,True,0,Non-Stop,aab1a17ac355
SCR_GF_1789324503_039,2026-09-14 00:04:50,2026-09-29,15,google_flights,DEL,HYD,DEL-HYD,DEL,HYD,IndiGo,IndiGo,6E (Direct),11:45,2:00,135,2 hr 15 min,Economy,8825.0,5255.43,2473.14,710.0,386.43,0.0,3569.57,True,0,Non-Stop,cbf4a7360ef6
SCR_GF_1789324504_040,2026-09-14 00:04:50,2026-09-29,15,google_flights,DEL,HYD,DEL-HYD,DEL,HYD,IndiGo,IndiGo,6E (Direct),4:15,6:30,135,2 hr 15 min,Economy,8825.0,5255.43,2473.14,710.0,386.43,0.0,3569.57,True,0,Non-Stop,f27024cacae1
SCR_GF_1789324504_041,2026-09-14 00:04:50,2026-09-29,15,google_flights,DEL,HYD,DEL-HYD,DEL,HYD,IndiGo,IndiGo,6E (Direct),5:55,8:15,140,2 hr 20 min,Economy,8825.0,5255.43,2473.14,710.0,386.43,0.0,3569.57,True,0,Non-Stop,b25a18ff9a29
SCR_GF_1789324504_042,2026-09-14 00:04:50,2026-09-29,15,google_flights,DEL,HYD,DEL-HYD,DEL,HYD,IndiGo,IndiGo,6E (Direct),7:45,10:05,140,2 hr 20 min,Economy,8825.0,5255.43,2473.14,710.0,386.43,0.0,3569.57,True,0,Non-Stop,65e400712cdf
SCR_GF_1789324504_043,2026-09-14 00:04:50,2026-09-29,15,google_flights,DEL,HYD,DEL-HYD,DEL,HYD,IndiGo,IndiGo,6E (Direct),9:00,11:15,135,2 hr 15 min,Economy,8825.0,5255.43,2473.14,710.0,386.43,0.0,3569.57,True,0,Non-Stop,e95c57c4d05b
SCR_GF_1789324504_044,2026-09-14 00:04:50,2026-09-29,15,google_flights,DEL,HYD,DEL-HYD,DEL,HYD,IndiGo,IndiGo,6E (Direct),11:15,1:30,135,2 hr 15 min,Economy,8825.0,5255.43,2473.14,710.0,386.43,0.0,3569.57,True,0,Non-Stop,f72ad6c8e071
SCR_GF_1789324504_045,2026-09-14 00:04:50,2026-09-29,15,google_flights,DEL,HYD,DEL-HYD,DEL,HYD,IndiGo,IndiGo,6E (Direct),2:00,4:20,140,2 hr 20 min,Economy,8827.0,5256.72,2473.76,710.0,386.52,0.0,3570.28,True,0,Non-Stop,251387c830c6
SCR_GF_1789324505_046,2026-09-14 00:04:50,2026-09-29,15,google_flights,DEL,HYD,DEL-HYD,DEL,HYD,IndiGo,IndiGo,6E (Direct),9:40,12:00,140,2 hr 20 min,Economy,8827.0,5256.72,2473.76,710.0,386.52,0.0,3570.28,True,0,Non-Stop,77c8f334df75
SCR_GF_1789324505_047,2026-09-14 00:04:50,2026-09-29,15,google_flights,DEL,HYD,DEL-HYD,DEL,HYD,IndiGo,IndiGo,6E (Direct),10:30,12:50,140,2 hr 20 min,Economy,8827.0,5256.72,2473.76,710.0,386.52,0.0,3570.28,True,0,Non-Stop,a8999dc96427
SCR_GF_1789324505_048,2026-09-14 00:04:50,2026-09-29,15,google_flights,DEL,HYD,DEL-HYD,DEL,HYD,IndiGo,IndiGo,6E (Direct),12:30,2:45,135,2 hr 15 min,Economy,8827.0,5256.72,2473.76,710.0,386.52,0.0,3570.28,True,0,Non-Stop,0ebe71c2f190
SCR_GF_1789324505_049,2026-09-14 00:04:50,2026-09-29,15,google_flights,DEL,HYD,DEL-HYD,DEL,HYD,IndiGo,IndiGo,6E (Direct),3:30,5:55,145,2 hr 25 min,Economy,8827.0,5256.72,2473.76,710.0,386.52,0.0,3570.28,True,0,Non-Stop,a98183f59ac7
SCR_GF_1789324505_050,2026-09-14 00:04:50,2026-09-29,15,google_flights,DEL,HYD,DEL-HYD,DEL,HYD,IndiGo,IndiGo,6E (Direct),6:00,8:20,140,2 hr 20 min,Economy,8827.0,5256.72,2473.76,710.0,386.52,0.0,3570.28,True,0,Non-Stop,016276945454
SCR_GF_1789324505_051,2026-09-14 00:04:50,2026-09-29,15,google_flights,DEL,HYD,DEL-HYD,DEL,HYD,IndiGo,IndiGo,6E (Direct),10:00,12:20,140,2 hr 20 min,Economy,8827.0,5256.72,2473.76,710.0,386.52,0.0,3570.28,True,0,Non-Stop,4dff68b33056
SCR_GF_1789324506_052,2026-09-14 00:04:50,2026-09-29,15,google_flights,DEL,HYD,DEL-HYD,DEL,HYD,IndiGo,IndiGo,6E (Direct),11:00,1:20,140,2 hr 20 min,Economy,8827.0,5256.72,2473.76,710.0,386.52,0.0,3570.28,True,0,Non-Stop,7f1f25a5691b
SCR_GF_1789324506_053,2026-09-14 00:04:50,2026-09-29,15,google_flights,DEL,HYD,DEL-HYD,DEL,HYD,IndiGo,IndiGo,6E (Direct),7:10,9:20,130,2 hr 10 min,Economy,9807.0,5891.39,2772.42,710.0,433.19,0.0,3915.61,True,0,Non-Stop,d757e436b6e8
SCR_GF_1789324506_054,2026-09-14 00:04:50,2026-09-29,15,google_flights,DEL,HYD,DEL-HYD,DEL,HYD,IndiGo,IndiGo,6E (Direct),6:00,8:20,140,2 hr 20 min,Economy,9977.0,6001.49,2824.22,710.0,441.29,0.0,3975.51,True,0,Non-Stop,0d9318d5e590
SCR_GF_1789324506_055,2026-09-14 00:04:50,2026-09-29,15,google_flights,DEL,HYD,DEL-HYD,DEL,HYD,IndiGo,IndiGo,6E (Direct),7:30,9:50,140,2 hr 20 min,Economy,11111.0,6735.89,3169.82,710.0,495.29,0.0,4375.11,True,0,Non-Stop,9435574ab509
SCR_GF_1789324506_056,2026-09-14 00:04:50,2026-09-29,15,google_flights,DEL,HYD,DEL-HYD,DEL,HYD,IndiGo,IndiGo,6E (Direct),8:30,10:50,140,2 hr 20 min,Economy,11525.0,7004.0,3296.0,710.0,515.0,0.0,4521.0,True,0,Non-Stop,b4c145ec9edb
SCR_GF_1789324514_001,2026-09-14 00:05:07,2026-09-15,1,google_flights,DEL,MAA,DEL-MAA,DEL,MAA,Air India,Air India,AI (Direct),9:55 PM,12:40 AM,165,2 hr 45 min,Economy,9302.0,5564.34,2618.52,710.0,409.14,0.0,3737.66,True,0,Non-Stop,7852ca98a84d
SCR_GF_1789324514_002,2026-09-14 00:05:07,2026-09-15,1,google_flights,DEL,MAA,DEL-MAA,DEL,MAA,IndiGo,IndiGo,6E (Connecting),4:20 PM,9:50 PM,330,5 hr 30 min,Economy,9605.0,5760.57,2710.86,710.0,423.57,0.0,3844.43,False,1,1 Stop,174e9c6ef25e
SCR_GF_1789324514_003,2026-09-14 00:05:07,2026-09-15,1,google_flights,DEL,MAA,DEL-MAA,DEL,MAA,IndiGo,IndiGo,6E (Direct),1:10 PM,4:00 PM,170,2 hr 50 min,Economy,9897.0,5949.68,2799.84,710.0,437.48,0.0,3947.32,True,0,Non-Stop,d83c282129bb
SCR_GF_1789324515_004,2026-09-14 00:05:07,2026-09-15,1,google_flights,DEL,MAA,DEL-MAA,DEL,MAA,Air India,Air India,AI (Direct),3:45 PM,6:40 PM,175,2 hr 55 min,Economy,9801.0,5887.5,2770.6,710.0,432.9,0.0,3913.5,True,0,Non-Stop,2164cf5aa3fc
SCR_GF_1789324515_005,2026-09-14 00:05:07,2026-09-15,1,google_flights,DEL,MAA,DEL-MAA,DEL,MAA,IndiGo,IndiGo,6E (Direct),11:00 AM,1:50 PM,170,2 hr 50 min,Economy,9897.0,5949.68,2799.84,710.0,437.48,0.0,3947.32,True,0,Non-Stop,d79b32b428aa
SCR_GF_1789324515_006,2026-09-14 00:05:07,2026-09-15,1,google_flights,DEL,MAA,DEL-MAA,DEL,MAA,IndiGo,IndiGo,6E (Direct),3:15 PM,6:05 PM,170,2 hr 50 min,Economy,9897.0,5949.68,2799.84,710.0,437.48,0.0,3947.32,True,0,Non-Stop,02951fc14933
SCR_GF_1789324515_007,2026-09-14 00:05:07,2026-09-15,1,google_flights,DEL,MAA,DEL-MAA,DEL,MAA,IndiGo,IndiGo,6E (Direct),4:40 PM,7:30 PM,170,2 hr 50 min,Economy,9897.0,5949.68,2799.84,710.0,437.48,0.0,3947.32,True,0,Non-Stop,82936f150532
SCR_GF_1789324515_008,2026-09-14 00:05:07,2026-09-15,1,google_flights,DEL,MAA,DEL-MAA,DEL,MAA,IndiGo,IndiGo,6E (Direct),10:55 PM,1:50 AM,175,2 hr 55 min,Economy,9897.0,5949.68,2799.84,710.0,437.48,0.0,3947.32,True,0,Non-Stop,72d722e38d63
SCR_GF_1789324515_009,2026-09-14 00:05:07,2026-09-15,1,google_flights,DEL,MAA,DEL-MAA,DEL,MAA,Air India,Air India,AI (Direct),6:00 PM,8:55 PM,175,2 hr 55 min,Economy,10326.0,6227.5,2930.6,710.0,457.9,0.0,4098.5,True,0,Non-Stop,c3e14904da2f
SCR_GF_1789324515_010,2026-09-14 00:05:07,2026-09-15,1,google_flights,DEL,MAA,DEL-MAA,DEL,MAA,IndiGo,IndiGo,6E (Direct),6:15 PM,8:55 PM,160,2 hr 40 min,Economy,10848.0,6565.56,3089.68,710.0,482.76,0.0,4282.44,True,0,Non-Stop,6483244cb7a2
SCR_GF_1789324515_011,2026-09-14 00:05:07,2026-09-15,1,google_flights,DEL,MAA,DEL-MAA,DEL,MAA,IndiGo,IndiGo,6E (Direct),8:30 PM,11:20 PM,170,2 hr 50 min,Economy,10848.0,6565.56,3089.68,710.0,482.76,0.0,4282.44,True,0,Non-Stop,2ef6182be063
SCR_GF_1789324516_012,2026-09-14 00:05:07,2026-09-15,1,google_flights,DEL,MAA,DEL-MAA,DEL,MAA,Air India,Air India,AI (Direct),10:00 AM,12:45 PM,165,2 hr 45 min,Economy,10887.0,6590.82,3101.56,710.0,484.62,0.0,4296.18,True,0,Non-Stop,c7a0d4b02b6e
SCR_GF_1789324516_013,2026-09-14 00:05:07,2026-09-15,1,google_flights,DEL,MAA,DEL-MAA,DEL,MAA,IndiGo,IndiGo,6E (Direct),9:15 AM,12:05 PM,170,2 hr 50 min,Economy,11903.0,7248.8,3411.2,710.0,533.0,0.0,4654.2,True,0,Non-Stop,f8049b2753df
SCR_GF_1789324516_014,2026-09-14 00:05:07,2026-09-15,1,google_flights,DEL,MAA,DEL-MAA,DEL,MAA,Air India,Air India,AI (Direct),12:20 PM,3:10 PM,170,2 hr 50 min,Economy,12326.0,7522.74,3540.12,710.0,553.14,0.0,4803.26,True,0,Non-Stop,360257f8a4ea
SCR_GF_1789324516_015,2026-09-14 00:05:07,2026-09-15,1,google_flights,DEL,MAA,DEL-MAA,DEL,MAA,IndiGo,IndiGo,6E (Direct),7:15 AM,10:05 AM,170,2 hr 50 min,Economy,16596.0,10288.08,4841.44,710.0,756.48,0.0,6307.92,True,0,Non-Stop,d9ddfeadacd1
SCR_GF_1789324516_016,2026-09-14 00:05:07,2026-09-15,1,google_flights,DEL,MAA,DEL-MAA,DEL,MAA,Air India,Air India,AI (Direct),7:30 AM,10:20 AM,170,2 hr 50 min,Economy,17922.0,11146.82,5245.56,710.0,819.62,0.0,6775.18,True,0,Non-Stop,4e636e365f5c
SCR_GF_1789324516_017,2026-09-14 00:05:07,2026-09-15,1,google_flights,DEL,MAA,DEL-MAA,DEL,MAA,Air India,Air India,AI (Direct),6:00 AM,8:40 AM,160,2 hr 40 min,Economy,24453.0,15376.42,7235.96,710.0,1130.62,0.0,9076.58,True,0,Non-Stop,11dd6c1eabbf
SCR_GF_1789324516_018,2026-09-14 00:05:07,2026-09-15,1,google_flights,DEL,MAA,DEL-MAA,DEL,MAA,IndiGo,IndiGo,6E (Connecting),11:30 PM,11:45 PM,1455,24 hr 15 min,Economy,30097.0,19031.58,8956.04,710.0,1399.38,0.0,11065.42,False,1,1 Stop,c700f022260a
SCR_GF_1789324517_019,2026-09-14 00:05:07,2026-09-15,1,google_flights,DEL,MAA,DEL-MAA,DEL,MAA,IndiGo,IndiGo,6E (Connecting),11:00 AM,8:30 PM,570,9 hr 30 min,Economy,59388.0,38000.99,17882.82,710.0,2794.19,0.0,21387.01,False,1,1 Stop,3145b0bf320e
SCR_GF_1789324517_020,2026-09-14 00:05:07,2026-09-15,1,google_flights,DEL,MAA,DEL-MAA,DEL,MAA,IndiGo,IndiGo,6E (Direct),9:55,12:40,165,2 hr 45 min,Economy,9302.0,5564.34,2618.52,710.0,409.14,0.0,3737.66,True,0,Non-Stop,66cac6091f55
SCR_GF_1789324517_021,2026-09-14 00:05:07,2026-09-15,1,google_flights,DEL,MAA,DEL-MAA,DEL,MAA,IndiGo,IndiGo,6E (Connecting),4:20,9:50,330,5 hr 30 min,Economy,9605.0,5760.57,2710.86,710.0,423.57,0.0,3844.43,False,1,1 Stop,64cebf229012
SCR_GF_1789324517_022,2026-09-14 00:05:07,2026-09-15,1,google_flights,DEL,MAA,DEL-MAA,DEL,MAA,IndiGo,IndiGo,6E (Direct),1:10,4:00,170,2 hr 50 min,Economy,9897.0,5949.68,2799.84,710.0,437.48,0.0,3947.32,True,0,Non-Stop,b584f0068f44
SCR_GF_1789324517_023,2026-09-14 00:05:07,2026-09-15,1,google_flights,DEL,MAA,DEL-MAA,DEL,MAA,IndiGo,IndiGo,6E (Direct),3:45,6:40,175,2 hr 55 min,Economy,9801.0,5887.5,2770.6,710.0,432.9,0.0,3913.5,True,0,Non-Stop,9eb0fe7d6d95
SCR_GF_1789324517_024,2026-09-14 00:05:07,2026-09-15,1,google_flights,DEL,MAA,DEL-MAA,DEL,MAA,IndiGo,IndiGo,6E (Direct),11:00,1:50,170,2 hr 50 min,Economy,9897.0,5949.68,2799.84,710.0,437.48,0.0,3947.32,True,0,Non-Stop,636c2b571f3d
SCR_GF_1789324518_025,2026-09-14 00:05:07,2026-09-15,1,google_flights,DEL,MAA,DEL-MAA,DEL,MAA,IndiGo,IndiGo,6E (Direct),3:15,6:05,170,2 hr 50 min,Economy,9897.0,5949.68,2799.84,710.0,437.48,0.0,3947.32,True,0,Non-Stop,61ffae7d77cc
SCR_GF_1789324518_026,2026-09-14 00:05:07,2026-09-15,1,google_flights,DEL,MAA,DEL-MAA,DEL,MAA,IndiGo,IndiGo,6E (Direct),4:40,7:30,170,2 hr 50 min,Economy,9897.0,5949.68,2799.84,710.0,437.48,0.0,3947.32,True,0,Non-Stop,e830c1e19686
SCR_GF_1789324518_027,2026-09-14 00:05:07,2026-09-15,1,google_flights,DEL,MAA,DEL-MAA,DEL,MAA,IndiGo,IndiGo,6E (Direct),10:55,1:50,175,2 hr 55 min,Economy,9897.0,5949.68,2799.84,710.0,437.48,0.0,3947.32,True,0,Non-Stop,faa5e712be76
SCR_GF_1789324518_028,2026-09-14 00:05:07,2026-09-15,1,google_flights,DEL,MAA,DEL-MAA,DEL,MAA,IndiGo,IndiGo,6E (Direct),6:00,8:55,175,2 hr 55 min,Economy,10326.0,6227.5,2930.6,710.0,457.9,0.0,4098.5,True,0,Non-Stop,e83fcdbbf7e8
SCR_GF_1789324518_029,2026-09-14 00:05:07,2026-09-15,1,google_flights,DEL,MAA,DEL-MAA,DEL,MAA,IndiGo,IndiGo,6E (Direct),6:15,8:55,160,2 hr 40 min,Economy,10848.0,6565.56,3089.68,710.0,482.76,0.0,4282.44,True,0,Non-Stop,f694049d3f60
SCR_GF_1789324518_030,2026-09-14 00:05:07,2026-09-15,1,google_flights,DEL,MAA,DEL-MAA,DEL,MAA,IndiGo,IndiGo,6E (Direct),8:30,11:20,170,2 hr 50 min,Economy,10848.0,6565.56,3089.68,710.0,482.76,0.0,4282.44,True,0,Non-Stop,35489e6502b5
SCR_GF_1789324519_031,2026-09-14 00:05:07,2026-09-15,1,google_flights,DEL,MAA,DEL-MAA,DEL,MAA,IndiGo,IndiGo,6E (Direct),10:00,12:45,165,2 hr 45 min,Economy,10887.0,6590.82,3101.56,710.0,484.62,0.0,4296.18,True,0,Non-Stop,d7ebd7d1b047
SCR_GF_1789324519_032,2026-09-14 00:05:07,2026-09-15,1,google_flights,DEL,MAA,DEL-MAA,DEL,MAA,IndiGo,IndiGo,6E (Direct),9:15,12:05,170,2 hr 50 min,Economy,11903.0,7248.8,3411.2,710.0,533.0,0.0,4654.2,True,0,Non-Stop,751b599924fc
SCR_GF_1789324519_033,2026-09-14 00:05:07,2026-09-15,1,google_flights,DEL,MAA,DEL-MAA,DEL,MAA,IndiGo,IndiGo,6E (Direct),12:20,3:10,170,2 hr 50 min,Economy,12326.0,7522.74,3540.12,710.0,553.14,0.0,4803.26,True,0,Non-Stop,a6887e1657a2
SCR_GF_1789324519_034,2026-09-14 00:05:07,2026-09-15,1,google_flights,DEL,MAA,DEL-MAA,DEL,MAA,IndiGo,IndiGo,6E (Direct),7:15,10:05,170,2 hr 50 min,Economy,16596.0,10288.08,4841.44,710.0,756.48,0.0,6307.92,True,0,Non-Stop,bb93733aa043
SCR_GF_1789324520_035,2026-09-14 00:05:07,2026-09-15,1,google_flights,DEL,MAA,DEL-MAA,DEL,MAA,IndiGo,IndiGo,6E (Direct),7:30,10:20,170,2 hr 50 min,Economy,17922.0,11146.82,5245.56,710.0,819.62,0.0,6775.18,True,0,Non-Stop,74a344c91b6e
SCR_GF_1789324520_036,2026-09-14 00:05:07,2026-09-15,1,google_flights,DEL,MAA,DEL-MAA,DEL,MAA,IndiGo,IndiGo,6E (Direct),6:00,8:40,160,2 hr 40 min,Economy,24453.0,15376.42,7235.96,710.0,1130.62,0.0,9076.58,True,0,Non-Stop,241293e473d2
SCR_GF_1789324520_037,2026-09-14 00:05:07,2026-09-15,1,google_flights,DEL,MAA,DEL-MAA,DEL,MAA,IndiGo,IndiGo,6E (Connecting),11:30,11:45,1455,24 hr 15 min,Economy,30097.0,19031.58,8956.04,710.0,1399.38,0.0,11065.42,False,1,1 Stop,bf9c3ce42ee7
SCR_GF_1789324520_038,2026-09-14 00:05:07,2026-09-15,1,google_flights,DEL,MAA,DEL-MAA,DEL,MAA,IndiGo,IndiGo,6E (Connecting),11:00,8:30,570,9 hr 30 min,Economy,59388.0,38000.99,17882.82,710.0,2794.19,0.0,21387.01,False,1,1 Stop,c893f3a1773b
SCR_GF_1789324534_001,2026-09-14 00:05:27,2026-09-21,7,google_flights,DEL,MAA,DEL-MAA,DEL,MAA,Air India,Air India,AI (Direct),9:55 PM,12:40 AM,165,2 hr 45 min,Economy,9302.0,5564.34,2618.52,710.0,409.14,0.0,3737.66,True,0,Non-Stop,7f7185342fe3
SCR_GF_1789324535_002,2026-09-14 00:05:27,2026-09-21,7,google_flights,DEL,MAA,DEL-MAA,DEL,MAA,IndiGo,IndiGo,6E (Connecting),2:45 PM,8:20 PM,335,5 hr 35 min,Economy,9815.0,5896.57,2774.86,710.0,433.57,0.0,3918.43,False,1,1 Stop (HYD),66d2a54e42df
SCR_GF_1789324535_003,2026-09-14 00:05:27,2026-09-21,7,google_flights,DEL,MAA,DEL-MAA,DEL,MAA,IndiGo,IndiGo,6E (Direct),6:15 PM,8:55 PM,160,2 hr 40 min,Economy,9897.0,5949.68,2799.84,710.0,437.48,0.0,3947.32,True,0,Non-Stop,cce0014f8b32
SCR_GF_1789324535_004,2026-09-14 00:05:27,2026-09-21,7,google_flights,DEL,MAA,DEL-MAA,DEL,MAA,Air India,Air India,AI (Direct),10:00 AM,12:45 PM,165,2 hr 45 min,Economy,9302.0,5564.34,2618.52,710.0,409.14,0.0,3737.66,True,0,Non-Stop,a82619c37f80
SCR_GF_1789324535_005,2026-09-14 00:05:27,2026-09-21,7,google_flights,DEL,MAA,DEL-MAA,DEL,MAA,Air India,Air India,AI (Direct),3:45 PM,6:40 PM,175,2 hr 55 min,Economy,9302.0,5564.34,2618.52,710.0,409.14,0.0,3737.66,True,0,Non-Stop,08337bf52fc2
SCR_GF_1789324535_006,2026-09-14 00:05:27,2026-09-21,7,google_flights,DEL,MAA,DEL-MAA,DEL,MAA,Air India,Air India,AI (Direct),6:00 PM,8:55 PM,175,2 hr 55 min,Economy,9302.0,5564.34,2618.52,710.0,409.14,0.0,3737.66,True,0,Non-Stop,ac29e40d05ad
SCR_GF_1789324535_007,2026-09-14 00:05:27,2026-09-21,7,google_flights,DEL,MAA,DEL-MAA,DEL,MAA,Air India,Air India,AI (Direct),7:30 AM,10:20 AM,170,2 hr 50 min,Economy,9701.0,5822.74,2740.12,710.0,428.14,0.0,3878.26,True,0,Non-Stop,fe8824f6bb4e
SCR_GF_1789324536_008,2026-09-14 00:05:27,2026-09-21,7,google_flights,DEL,MAA,DEL-MAA,DEL,MAA,IndiGo,IndiGo,6E (Direct),9:15 AM,12:05 PM,170,2 hr 50 min,Economy,9897.0,5949.68,2799.84,710.0,437.48,0.0,3947.32,True,0,Non-Stop,8e6f9bcbf339
SCR_GF_1789324536_009,2026-09-14 00:05:27,2026-09-21,7,google_flights,DEL,MAA,DEL-MAA,DEL,MAA,IndiGo,IndiGo,6E (Direct),1:10 PM,4:00 PM,170,2 hr 50 min,Economy,9897.0,5949.68,2799.84,710.0,437.48,0.0,3947.32,True,0,Non-Stop,f1a65d28e35b
SCR_GF_1789324536_010,2026-09-14 00:05:27,2026-09-21,7,google_flights,DEL,MAA,DEL-MAA,DEL,MAA,IndiGo,IndiGo,6E (Direct),3:15 PM,6:05 PM,170,2 hr 50 min,Economy,9897.0,5949.68,2799.84,710.0,437.48,0.0,3947.32,True,0,Non-Stop,278df5cc9214
SCR_GF_1789324536_011,2026-09-14 00:05:27,2026-09-21,7,google_flights,DEL,MAA,DEL-MAA,DEL,MAA,IndiGo,IndiGo,6E (Direct),4:40 PM,7:30 PM,170,2 hr 50 min,Economy,9897.0,5949.68,2799.84,710.0,437.48,0.0,3947.32,True,0,Non-Stop,a21e7dd77301
SCR_GF_1789324536_012,2026-09-14 00:05:27,2026-09-21,7,google_flights,DEL,MAA,DEL-MAA,DEL,MAA,IndiGo,IndiGo,6E (Direct),8:30 PM,11:20 PM,170,2 hr 50 min,Economy,9897.0,5949.68,2799.84,710.0,437.48,0.0,3947.32,True,0,Non-Stop,1b6e9c16d6b3
SCR_GF_1789324536_013,2026-09-14 00:05:27,2026-09-21,7,google_flights,DEL,MAA,DEL-MAA,DEL,MAA,IndiGo,IndiGo,6E (Direct),10:55 PM,1:50 AM,175,2 hr 55 min,Economy,9897.0,5949.68,2799.84,710.0,437.48,0.0,3947.32,True,0,Non-Stop,0aaa5fd69936
SCR_GF_1789324537_014,2026-09-14 00:05:27,2026-09-21,7,google_flights,DEL,MAA,DEL-MAA,DEL,MAA,Air India,Air India,AI (Direct),12:20 PM,3:10 PM,170,2 hr 50 min,Economy,9969.0,5996.3,2821.8,710.0,440.9,0.0,3972.7,True,0,Non-Stop,ef5e1300f4a9
SCR_GF_1789324537_015,2026-09-14 00:05:27,2026-09-21,7,google_flights,DEL,MAA,DEL-MAA,DEL,MAA,Air India,Air India,AI (Direct),6:00 AM,8:40 AM,160,2 hr 40 min,Economy,10509.0,6346.02,2986.36,710.0,466.62,0.0,4162.98,True,0,Non-Stop,f81a0cab9a3e
SCR_GF_1789324537_016,2026-09-14 00:05:27,2026-09-21,7,google_flights,DEL,MAA,DEL-MAA,DEL,MAA,IndiGo,IndiGo,6E (Direct),7:15 AM,10:05 AM,170,2 hr 50 min,Economy,10848.0,6565.56,3089.68,710.0,482.76,0.0,4282.44,True,0,Non-Stop,ec51523c039f
SCR_GF_1789324537_017,2026-09-14 00:05:27,2026-09-21,7,google_flights,DEL,MAA,DEL-MAA,DEL,MAA,IndiGo,IndiGo,6E (Direct),11:00 AM,1:50 PM,170,2 hr 50 min,Economy,10848.0,6565.56,3089.68,710.0,482.76,0.0,4282.44,True,0,Non-Stop,16efa2a16df8
SCR_GF_1789324537_018,2026-09-14 00:05:27,2026-09-21,7,google_flights,DEL,MAA,DEL-MAA,DEL,MAA,IndiGo,IndiGo,6E (Connecting),6:45 PM,8:10 PM,1525,25 hr 25 min,Economy,29374.0,18563.35,8735.7,710.0,1364.95,0.0,10810.65,False,1,1 Stop,e2ee071e8239
SCR_GF_1789324538_019,2026-09-14 00:05:27,2026-09-21,7,google_flights,DEL,MAA,DEL-MAA,DEL,MAA,IndiGo,IndiGo,6E (Connecting),11:00 AM,8:30 PM,570,9 hr 30 min,Economy,46011.0,29337.79,13806.02,710.0,2157.19,0.0,16673.21,False,1,1 Stop,e4d0bfc086ce
SCR_GF_1789324538_020,2026-09-14 00:05:27,2026-09-21,7,google_flights,DEL,MAA,DEL-MAA,DEL,MAA,IndiGo,IndiGo,6E (Direct),9:55,12:40,165,2 hr 45 min,Economy,9302.0,5564.34,2618.52,710.0,409.14,0.0,3737.66,True,0,Non-Stop,b0dd3f56f017
SCR_GF_1789324538_021,2026-09-14 00:05:27,2026-09-21,7,google_flights,DEL,MAA,DEL-MAA,DEL,MAA,IndiGo,IndiGo,6E (Connecting),2:45,8:20,335,5 hr 35 min,Economy,9815.0,5896.57,2774.86,710.0,433.57,0.0,3918.43,False,1,1 Stop,1bf57f143045
SCR_GF_1789324538_022,2026-09-14 00:05:27,2026-09-21,7,google_flights,DEL,MAA,DEL-MAA,DEL,MAA,IndiGo,IndiGo,6E (Direct),6:15,8:55,160,2 hr 40 min,Economy,9897.0,5949.68,2799.84,710.0,437.48,0.0,3947.32,True,0,Non-Stop,991fac83f19d
SCR_GF_1789324538_023,2026-09-14 00:05:27,2026-09-21,7,google_flights,DEL,MAA,DEL-MAA,DEL,MAA,IndiGo,IndiGo,6E (Direct),10:00,12:45,165,2 hr 45 min,Economy,9302.0,5564.34,2618.52,710.0,409.14,0.0,3737.66,True,0,Non-Stop,862f0049e0ac
SCR_GF_1789324539_024,2026-09-14 00:05:27,2026-09-21,7,google_flights,DEL,MAA,DEL-MAA,DEL,MAA,IndiGo,IndiGo,6E (Direct),3:45,6:40,175,2 hr 55 min,Economy,9302.0,5564.34,2618.52,710.0,409.14,0.0,3737.66,True,0,Non-Stop,bccaa0f9a1d6
SCR_GF_1789324539_025,2026-09-14 00:05:27,2026-09-21,7,google_flights,DEL,MAA,DEL-MAA,DEL,MAA,IndiGo,IndiGo,6E (Direct),6:00,8:55,175,2 hr 55 min,Economy,9302.0,5564.34,2618.52,710.0,409.14,0.0,3737.66,True,0,Non-Stop,b7506149e8cf
SCR_GF_1789324539_026,2026-09-14 00:05:27,2026-09-21,7,google_flights,DEL,MAA,DEL-MAA,DEL,MAA,IndiGo,IndiGo,6E (Direct),7:30,10:20,170,2 hr 50 min,Economy,9701.0,5822.74,2740.12,710.0,428.14,0.0,3878.26,True,0,Non-Stop,27ce396879a3
SCR_GF_1789324539_027,2026-09-14 00:05:27,2026-09-21,7,google_flights,DEL,MAA,DEL-MAA,DEL,MAA,IndiGo,IndiGo,6E (Direct),9:15,12:05,170,2 hr 50 min,Economy,9897.0,5949.68,2799.84,710.0,437.48,0.0,3947.32,True,0,Non-Stop,c521a15ce30b
SCR_GF_1789324539_028,2026-09-14 00:05:27,2026-09-21,7,google_flights,DEL,MAA,DEL-MAA,DEL,MAA,IndiGo,IndiGo,6E (Direct),1:10,4:00,170,2 hr 50 min,Economy,9897.0,5949.68,2799.84,710.0,437.48,0.0,3947.32,True,0,Non-Stop,99a89eda3b23
SCR_GF_1789324539_029,2026-09-14 00:05:27,2026-09-21,7,google_flights,DEL,MAA,DEL-MAA,DEL,MAA,IndiGo,IndiGo,6E (Direct),3:15,6:05,170,2 hr 50 min,Economy,9897.0,5949.68,2799.84,710.0,437.48,0.0,3947.32,True,0,Non-Stop,6f079f853f1e
SCR_GF_1789324540_030,2026-09-14 00:05:27,2026-09-21,7,google_flights,DEL,MAA,DEL-MAA,DEL,MAA,IndiGo,IndiGo,6E (Direct),4:40,7:30,170,2 hr 50 min,Economy,9897.0,5949.68,2799.84,710.0,437.48,0.0,3947.32,True,0,Non-Stop,03e951e4021e
SCR_GF_1789324540_031,2026-09-14 00:05:27,2026-09-21,7,google_flights,DEL,MAA,DEL-MAA,DEL,MAA,IndiGo,IndiGo,6E (Direct),8:30,11:20,170,2 hr 50 min,Economy,9897.0,5949.68,2799.84,710.0,437.48,0.0,3947.32,True,0,Non-Stop,5d844b5aaaae
SCR_GF_1789324540_032,2026-09-14 00:05:27,2026-09-21,7,google_flights,DEL,MAA,DEL-MAA,DEL,MAA,IndiGo,IndiGo,6E (Direct),10:55,1:50,175,2 hr 55 min,Economy,9897.0,5949.68,2799.84,710.0,437.48,0.0,3947.32,True,0,Non-Stop,efab1887361c
SCR_GF_1789324540_033,2026-09-14 00:05:27,2026-09-21,7,google_flights,DEL,MAA,DEL-MAA,DEL,MAA,IndiGo,IndiGo,6E (Direct),12:20,3:10,170,2 hr 50 min,Economy,9969.0,5996.3,2821.8,710.0,440.9,0.0,3972.7,True,0,Non-Stop,e7732aa9e695
SCR_GF_1789324540_034,2026-09-14 00:05:27,2026-09-21,7,google_flights,DEL,MAA,DEL-MAA,DEL,MAA,IndiGo,IndiGo,6E (Direct),6:00,8:40,160,2 hr 40 min,Economy,10509.0,6346.02,2986.36,710.0,466.62,0.0,4162.98,True,0,Non-Stop,2fde1dcffca7
SCR_GF_1789324540_035,2026-09-14 00:05:27,2026-09-21,7,google_flights,DEL,MAA,DEL-MAA,DEL,MAA,IndiGo,IndiGo,6E (Direct),7:15,10:05,170,2 hr 50 min,Economy,10848.0,6565.56,3089.68,710.0,482.76,0.0,4282.44,True,0,Non-Stop,03617a38392c
SCR_GF_1789324541_036,2026-09-14 00:05:27,2026-09-21,7,google_flights,DEL,MAA,DEL-MAA,DEL,MAA,IndiGo,IndiGo,6E (Direct),11:00,1:50,170,2 hr 50 min,Economy,10848.0,6565.56,3089.68,710.0,482.76,0.0,4282.44,True,0,Non-Stop,8356b64bf5c1
SCR_GF_1789324541_037,2026-09-14 00:05:27,2026-09-21,7,google_flights,DEL,MAA,DEL-MAA,DEL,MAA,IndiGo,IndiGo,6E (Connecting),6:45,8:10,1525,25 hr 25 min,Economy,29374.0,18563.35,8735.7,710.0,1364.95,0.0,10810.65,False,1,1 Stop,7e1cc55d18ab
SCR_GF_1789324541_038,2026-09-14 00:05:27,2026-09-21,7,google_flights,DEL,MAA,DEL-MAA,DEL,MAA,IndiGo,IndiGo,6E (Connecting),11:00,8:30,570,9 hr 30 min,Economy,46011.0,29337.79,13806.02,710.0,2157.19,0.0,16673.21,False,1,1 Stop,838e4c32d322
SCR_GF_1789324548_001,2026-09-14 00:05:41,2026-09-29,15,google_flights,DEL,MAA,DEL-MAA,DEL,MAA,Air India,Air India,AI (Direct),12:20 PM,3:10 PM,170,2 hr 50 min,Economy,9302.0,5564.34,2618.52,710.0,409.14,0.0,3737.66,True,0,Non-Stop,5031bf0ed5e3
SCR_GF_1789324548_002,2026-09-14 00:05:41,2026-09-29,15,google_flights,DEL,MAA,DEL-MAA,DEL,MAA,IndiGo,IndiGo,6E (Connecting),4:20 PM,9:50 PM,330,5 hr 30 min,Economy,9605.0,5760.57,2710.86,710.0,423.57,0.0,3844.43,False,1,1 Stop,dbb08cb5bed9
SCR_GF_1789324548_003,2026-09-14 00:05:41,2026-09-29,15,google_flights,DEL,MAA,DEL-MAA,DEL,MAA,IndiGo,IndiGo,6E (Direct),1:10 PM,4:00 PM,170,2 hr 50 min,Economy,9897.0,5949.68,2799.84,710.0,437.48,0.0,3947.32,True,0,Non-Stop,76187f4e2909
SCR_GF_1789324549_004,2026-09-14 00:05:41,2026-09-29,15,google_flights,DEL,MAA,DEL-MAA,DEL,MAA,Air India,Air India,AI (Direct),6:00 AM,8:40 AM,160,2 hr 40 min,Economy,9302.0,5564.34,2618.52,710.0,409.14,0.0,3737.66,True,0,Non-Stop,411738da99df
SCR_GF_1789324549_005,2026-09-14 00:05:41,2026-09-29,15,google_flights,DEL,MAA,DEL-MAA,DEL,MAA,Air India,Air India,AI (Direct),7:30 AM,10:20 AM,170,2 hr 50 min,Economy,9302.0,5564.34,2618.52,710.0,409.14,0.0,3737.66,True,0,Non-Stop,47861ca44fcb
SCR_GF_1789324549_006,2026-09-14 00:05:41,2026-09-29,15,google_flights,DEL,MAA,DEL-MAA,DEL,MAA,Air India,Air India,AI (Direct),10:00 AM,12:45 PM,165,2 hr 45 min,Economy,9302.0,5564.34,2618.52,710.0,409.14,0.0,3737.66,True,0,Non-Stop,f587940fa502
SCR_GF_1789324549_007,2026-09-14 00:05:41,2026-09-29,15,google_flights,DEL,MAA,DEL-MAA,DEL,MAA,Air India,Air India,AI (Direct),3:45 PM,6:40 PM,175,2 hr 55 min,Economy,9302.0,5564.34,2618.52,710.0,409.14,0.0,3737.66,True,0,Non-Stop,a3b058c617c6
SCR_GF_1789324549_008,2026-09-14 00:05:41,2026-09-29,15,google_flights,DEL,MAA,DEL-MAA,DEL,MAA,Air India,Air India,AI (Direct),6:00 PM,8:55 PM,175,2 hr 55 min,Economy,9302.0,5564.34,2618.52,710.0,409.14,0.0,3737.66,True,0,Non-Stop,b19d0969de5d
SCR_GF_1789324549_009,2026-09-14 00:05:41,2026-09-29,15,google_flights,DEL,MAA,DEL-MAA,DEL,MAA,Air India,Air India,AI (Direct),9:55 PM,12:40 AM,165,2 hr 45 min,Economy,9302.0,5564.34,2618.52,710.0,409.14,0.0,3737.66,True,0,Non-Stop,b5ca4982d888
SCR_GF_1789324549_010,2026-09-14 00:05:41,2026-09-29,15,google_flights,DEL,MAA,DEL-MAA,DEL,MAA,IndiGo,IndiGo,6E (Direct),7:15 AM,10:05 AM,170,2 hr 50 min,Economy,9897.0,5949.68,2799.84,710.0,437.48,0.0,3947.32,True,0,Non-Stop,c7cd89535102
SCR_GF_1789324549_011,2026-09-14 00:05:41,2026-09-29,15,google_flights,DEL,MAA,DEL-MAA,DEL,MAA,IndiGo,IndiGo,6E (Direct),9:15 AM,12:05 PM,170,2 hr 50 min,Economy,9897.0,5949.68,2799.84,710.0,437.48,0.0,3947.32,True,0,Non-Stop,ba5e840a63bf
SCR_GF_1789324550_012,2026-09-14 00:05:41,2026-09-29,15,google_flights,DEL,MAA,DEL-MAA,DEL,MAA,IndiGo,IndiGo,6E (Direct),11:00 AM,1:50 PM,170,2 hr 50 min,Economy,9897.0,5949.68,2799.84,710.0,437.48,0.0,3947.32,True,0,Non-Stop,f216b38aa23b
SCR_GF_1789324550_013,2026-09-14 00:05:41,2026-09-29,15,google_flights,DEL,MAA,DEL-MAA,DEL,MAA,IndiGo,IndiGo,6E (Direct),3:15 PM,6:05 PM,170,2 hr 50 min,Economy,9897.0,5949.68,2799.84,710.0,437.48,0.0,3947.32,True,0,Non-Stop,22716a2bc9c0
SCR_GF_1789324550_014,2026-09-14 00:05:41,2026-09-29,15,google_flights,DEL,MAA,DEL-MAA,DEL,MAA,IndiGo,IndiGo,6E (Direct),4:40 PM,7:30 PM,170,2 hr 50 min,Economy,9897.0,5949.68,2799.84,710.0,437.48,0.0,3947.32,True,0,Non-Stop,9ff447563bbd
SCR_GF_1789324550_015,2026-09-14 00:05:41,2026-09-29,15,google_flights,DEL,MAA,DEL-MAA,DEL,MAA,IndiGo,IndiGo,6E (Direct),10:55 PM,1:50 AM,175,2 hr 55 min,Economy,9897.0,5949.68,2799.84,710.0,437.48,0.0,3947.32,True,0,Non-Stop,8be7a7b59de5
SCR_GF_1789324550_016,2026-09-14 00:05:41,2026-09-29,15,google_flights,DEL,MAA,DEL-MAA,DEL,MAA,IndiGo,IndiGo,6E (Direct),8:30 PM,11:20 PM,170,2 hr 50 min,Economy,10848.0,6565.56,3089.68,710.0,482.76,0.0,4282.44,True,0,Non-Stop,d5b21ef19037
SCR_GF_1789324550_017,2026-09-14 00:05:41,2026-09-29,15,google_flights,DEL,MAA,DEL-MAA,DEL,MAA,IndiGo,IndiGo,6E (Direct),6:15 PM,8:55 PM,160,2 hr 40 min,Economy,11362.0,6898.44,3246.32,710.0,507.24,0.0,4463.56,True,0,Non-Stop,8fa8808cfb0d
SCR_GF_1789324550_018,2026-09-14 00:05:41,2026-09-29,15,google_flights,DEL,MAA,DEL-MAA,DEL,MAA,IndiGo,IndiGo,6E (Connecting),4:00 PM,7:25 AM,925,15 hr 25 min,Economy,25373.0,15972.23,7516.34,710.0,1174.43,0.0,9400.77,False,1,1 Stop,f98113b5debb
SCR_GF_1789324550_019,2026-09-14 00:05:41,2026-09-29,15,google_flights,DEL,MAA,DEL-MAA,DEL,MAA,IndiGo,IndiGo,6E (Connecting),11:00 AM,8:30 PM,570,9 hr 30 min,Economy,42672.0,27175.39,12788.42,710.0,1998.19,0.0,15496.61,False,1,1 Stop,195c117b20c4
SCR_GF_1789324551_020,2026-09-14 00:05:41,2026-09-29,15,google_flights,DEL,MAA,DEL-MAA,DEL,MAA,IndiGo,IndiGo,6E (Direct),12:20,3:10,170,2 hr 50 min,Economy,9302.0,5564.34,2618.52,710.0,409.14,0.0,3737.66,True,0,Non-Stop,00a9ca625293
SCR_GF_1789324551_021,2026-09-14 00:05:41,2026-09-29,15,google_flights,DEL,MAA,DEL-MAA,DEL,MAA,IndiGo,IndiGo,6E (Connecting),4:20,9:50,330,5 hr 30 min,Economy,9605.0,5760.57,2710.86,710.0,423.57,0.0,3844.43,False,1,1 Stop,34ee552581d3
SCR_GF_1789324551_022,2026-09-14 00:05:41,2026-09-29,15,google_flights,DEL,MAA,DEL-MAA,DEL,MAA,IndiGo,IndiGo,6E (Direct),1:10,4:00,170,2 hr 50 min,Economy,9897.0,5949.68,2799.84,710.0,437.48,0.0,3947.32,True,0,Non-Stop,a26de214a03e
SCR_GF_1789324551_023,2026-09-14 00:05:41,2026-09-29,15,google_flights,DEL,MAA,DEL-MAA,DEL,MAA,IndiGo,IndiGo,6E (Direct),6:00,8:40,160,2 hr 40 min,Economy,9302.0,5564.34,2618.52,710.0,409.14,0.0,3737.66,True,0,Non-Stop,207e80067b0a
SCR_GF_1789324551_024,2026-09-14 00:05:41,2026-09-29,15,google_flights,DEL,MAA,DEL-MAA,DEL,MAA,IndiGo,IndiGo,6E (Direct),7:30,10:20,170,2 hr 50 min,Economy,9302.0,5564.34,2618.52,710.0,409.14,0.0,3737.66,True,0,Non-Stop,69873423f9f1
SCR_GF_1789324551_025,2026-09-14 00:05:41,2026-09-29,15,google_flights,DEL,MAA,DEL-MAA,DEL,MAA,IndiGo,IndiGo,6E (Direct),10:00,12:45,165,2 hr 45 min,Economy,9302.0,5564.34,2618.52,710.0,409.14,0.0,3737.66,True,0,Non-Stop,801cc426d2ef
SCR_GF_1789324551_026,2026-09-14 00:05:41,2026-09-29,15,google_flights,DEL,MAA,DEL-MAA,DEL,MAA,IndiGo,IndiGo,6E (Direct),3:45,6:40,175,2 hr 55 min,Economy,9302.0,5564.34,2618.52,710.0,409.14,0.0,3737.66,True,0,Non-Stop,3bf4efd02c0b
SCR_GF_1789324552_027,2026-09-14 00:05:41,2026-09-29,15,google_flights,DEL,MAA,DEL-MAA,DEL,MAA,IndiGo,IndiGo,6E (Direct),6:00,8:55,175,2 hr 55 min,Economy,9302.0,5564.34,2618.52,710.0,409.14,0.0,3737.66,True,0,Non-Stop,207e80067b0a
SCR_GF_1789324552_028,2026-09-14 00:05:41,2026-09-29,15,google_flights,DEL,MAA,DEL-MAA,DEL,MAA,IndiGo,IndiGo,6E (Direct),9:55,12:40,165,2 hr 45 min,Economy,9302.0,5564.34,2618.52,710.0,409.14,0.0,3737.66,True,0,Non-Stop,d5f435d15886
SCR_GF_1789324552_029,2026-09-14 00:05:41,2026-09-29,15,google_flights,DEL,MAA,DEL-MAA,DEL,MAA,IndiGo,IndiGo,6E (Direct),7:15,10:05,170,2 hr 50 min,Economy,9897.0,5949.68,2799.84,710.0,437.48,0.0,3947.32,True,0,Non-Stop,be28daa94434
SCR_GF_1789324552_030,2026-09-14 00:05:41,2026-09-29,15,google_flights,DEL,MAA,DEL-MAA,DEL,MAA,IndiGo,IndiGo,6E (Direct),9:15,12:05,170,2 hr 50 min,Economy,9897.0,5949.68,2799.84,710.0,437.48,0.0,3947.32,True,0,Non-Stop,fe2755b63fde
SCR_GF_1789324552_031,2026-09-14 00:05:41,2026-09-29,15,google_flights,DEL,MAA,DEL-MAA,DEL,MAA,IndiGo,IndiGo,6E (Direct),11:00,1:50,170,2 hr 50 min,Economy,9897.0,5949.68,2799.84,710.0,437.48,0.0,3947.32,True,0,Non-Stop,fc4d01d545f6
SCR_GF_1789324552_032,2026-09-14 00:05:41,2026-09-29,15,google_flights,DEL,MAA,DEL-MAA,DEL,MAA,IndiGo,IndiGo,6E (Direct),3:15,6:05,170,2 hr 50 min,Economy,9897.0,5949.68,2799.84,710.0,437.48,0.0,3947.32,True,0,Non-Stop,84487b125ce6
SCR_GF_1789324553_033,2026-09-14 00:05:41,2026-09-29,15,google_flights,DEL,MAA,DEL-MAA,DEL,MAA,IndiGo,IndiGo,6E (Direct),4:40,7:30,170,2 hr 50 min,Economy,9897.0,5949.68,2799.84,710.0,437.48,0.0,3947.32,True,0,Non-Stop,524885c868d7
SCR_GF_1789324553_034,2026-09-14 00:05:41,2026-09-29,15,google_flights,DEL,MAA,DEL-MAA,DEL,MAA,IndiGo,IndiGo,6E (Direct),10:55,1:50,175,2 hr 55 min,Economy,9897.0,5949.68,2799.84,710.0,437.48,0.0,3947.32,True,0,Non-Stop,10875d531f63
SCR_GF_1789324553_035,2026-09-14 00:05:41,2026-09-29,15,google_flights,DEL,MAA,DEL-MAA,DEL,MAA,IndiGo,IndiGo,6E (Direct),8:30,11:20,170,2 hr 50 min,Economy,10848.0,6565.56,3089.68,710.0,482.76,0.0,4282.44,True,0,Non-Stop,aa1a7edcc061
SCR_GF_1789324553_036,2026-09-14 00:05:41,2026-09-29,15,google_flights,DEL,MAA,DEL-MAA,DEL,MAA,IndiGo,IndiGo,6E (Direct),6:15,8:55,160,2 hr 40 min,Economy,11362.0,6898.44,3246.32,710.0,507.24,0.0,4463.56,True,0,Non-Stop,83f7d04af49f
SCR_GF_1789324553_037,2026-09-14 00:05:41,2026-09-29,15,google_flights,DEL,MAA,DEL-MAA,DEL,MAA,IndiGo,IndiGo,6E (Connecting),4:00,7:25,925,15 hr 25 min,Economy,25373.0,15972.23,7516.34,710.0,1174.43,0.0,9400.77,False,1,1 Stop,b9e759bfbad2
SCR_GF_1789324554_038,2026-09-14 00:05:41,2026-09-29,15,google_flights,DEL,MAA,DEL-MAA,DEL,MAA,IndiGo,IndiGo,6E (Connecting),11:00,8:30,570,9 hr 30 min,Economy,42672.0,27175.39,12788.42,710.0,1998.19,0.0,15496.61,False,1,1 Stop,d5b0addc47ed
SCR_GF_1789324560_001,2026-09-14 00:05:54,2026-09-15,1,google_flights,BLR,HYD,BLR-HYD,BLR,HYD,IndiGo,IndiGo,6E (Direct),1:50 PM,3:05 PM,75,1 hr 15 min,Economy,7099.0,4306.02,2026.36,450.0,316.62,0.0,2792.98,True,0,Non-Stop,babdde3b8541
SCR_GF_1789324561_002,2026-09-14 00:05:54,2026-09-15,1,google_flights,BLR,HYD,BLR-HYD,BLR,HYD,Air India Express,Air India Express,IX (Direct),12:30 PM,1:50 PM,80,1 hr 20 min,Economy,9819.0,6067.54,2855.32,450.0,446.14,0.0,3751.46,True,0,Non-Stop,bae4fba8e82a
SCR_GF_1789324561_003,2026-09-14 00:05:54,2026-09-15,1,google_flights,BLR,HYD,BLR-HYD,BLR,HYD,IndiGo,IndiGo,6E (Direct),4:30 PM,5:45 PM,75,1 hr 15 min,Economy,10443.0,6471.66,3045.48,450.0,475.86,0.0,3971.34,True,0,Non-Stop,c5d5a178defb
SCR_GF_1789324561_004,2026-09-14 00:05:54,2026-09-15,1,google_flights,BLR,HYD,BLR-HYD,BLR,HYD,IndiGo,IndiGo,6E (Connecting),5:40 PM,9:15 PM,215,3 hr 35 min,Economy,6864.0,4153.83,1954.74,450.0,305.43,0.0,2710.17,False,1,1 Stop (GOI),27ee0bf2e566
SCR_GF_1789324561_005,2026-09-14 00:05:54,2026-09-15,1,google_flights,BLR,HYD,BLR-HYD,BLR,HYD,IndiGo,IndiGo,6E (Connecting),6:15 PM,10:40 PM,265,4 hr 25 min,Economy,6864.0,4153.83,1954.74,450.0,305.43,0.0,2710.17,False,1,1 Stop (MAA),485e179fc35c
SCR_GF_1789324561_006,2026-09-14 00:05:54,2026-09-15,1,google_flights,BLR,HYD,BLR-HYD,BLR,HYD,IndiGo,IndiGo,6E (Connecting),6:50 PM,11:40 PM,290,4 hr 50 min,Economy,6864.0,4153.83,1954.74,450.0,305.43,0.0,2710.17,False,1,1 Stop (PNQ),d1c931f82712
SCR_GF_1789324561_007,2026-09-14 00:05:54,2026-09-15,1,google_flights,BLR,HYD,BLR-HYD,BLR,HYD,IndiGo,IndiGo,6E (Connecting),11:05 PM,3:10 AM,245,4 hr 5 min,Economy,6864.0,4153.83,1954.74,450.0,305.43,0.0,2710.17,False,1,1 Stop (PNQ),4993b0565839
SCR_GF_1789324561_008,2026-09-14 00:05:54,2026-09-15,1,google_flights,BLR,HYD,BLR-HYD,BLR,HYD,Air India Express,Air India Express,IX (Direct),6:05 AM,7:25 AM,80,1 hr 20 min,Economy,9029.0,5555.92,2614.56,450.0,408.52,0.0,3473.08,True,0,Non-Stop,8150840810b4
SCR_GF_1789324561_009,2026-09-14 00:05:54,2026-09-15,1,google_flights,BLR,HYD,BLR-HYD,BLR,HYD,IndiGo,IndiGo,6E (Direct),9:30 PM,10:45 PM,75,1 hr 15 min,Economy,9570.0,5906.29,2779.42,450.0,434.29,0.0,3663.71,True,0,Non-Stop,3fecf45c5253
SCR_GF_1789324562_010,2026-09-14 00:05:54,2026-09-15,1,google_flights,BLR,HYD,BLR-HYD,BLR,HYD,Air India Express,Air India Express,IX (Direct),5:15 PM,6:40 PM,85,1 hr 25 min,Economy,10979.0,6818.78,3208.84,450.0,501.38,0.0,4160.22,True,0,Non-Stop,921283482a31
SCR_GF_1789324562_011,2026-09-14 00:05:54,2026-09-15,1,google_flights,BLR,HYD,BLR-HYD,BLR,HYD,Air India Express,Air India Express,IX (Direct),10:40 PM,11:50 PM,70,1 hr 10 min,Economy,10979.0,6818.78,3208.84,450.0,501.38,0.0,4160.22,True,0,Non-Stop,6b11e1ccbf76
SCR_GF_1789324562_012,2026-09-14 00:05:54,2026-09-15,1,google_flights,BLR,HYD,BLR-HYD,BLR,HYD,IndiGo,IndiGo,6E (Direct),11:35 AM,12:50 PM,75,1 hr 15 min,Economy,13641.0,8542.74,4020.12,450.0,628.14,0.0,5098.26,True,0,Non-Stop,a03cd69b6043
SCR_GF_1789324562_013,2026-09-14 00:05:54,2026-09-15,1,google_flights,BLR,HYD,BLR-HYD,BLR,HYD,IndiGo,IndiGo,6E (Direct),6:35 PM,7:45 PM,70,1 hr 10 min,Economy,13641.0,8542.74,4020.12,450.0,628.14,0.0,5098.26,True,0,Non-Stop,22b953168859
SCR_GF_1789324562_014,2026-09-14 00:05:54,2026-09-15,1,google_flights,BLR,HYD,BLR-HYD,BLR,HYD,IndiGo,IndiGo,6E (Direct),7:45 PM,9:00 PM,75,1 hr 15 min,Economy,13641.0,8542.74,4020.12,450.0,628.14,0.0,5098.26,True,0,Non-Stop,0dc0db69a287
SCR_GF_1789324562_015,2026-09-14 00:05:54,2026-09-15,1,google_flights,BLR,HYD,BLR-HYD,BLR,HYD,IndiGo,IndiGo,6E (Direct),9:15 AM,10:30 AM,75,1 hr 15 min,Economy,16363.0,10305.56,4849.68,450.0,757.76,0.0,6057.44,True,0,Non-Stop,a7c4f2c83033
SCR_GF_1789324562_016,2026-09-14 00:05:54,2026-09-15,1,google_flights,BLR,HYD,BLR-HYD,BLR,HYD,IndiGo,IndiGo,6E (Direct),10:15 AM,11:30 AM,75,1 hr 15 min,Economy,16363.0,10305.56,4849.68,450.0,757.76,0.0,6057.44,True,0,Non-Stop,20aa5d324bb5
SCR_GF_1789324562_017,2026-09-14 00:05:54,2026-09-15,1,google_flights,BLR,HYD,BLR-HYD,BLR,HYD,IndiGo,IndiGo,6E (Direct),6:25 AM,7:35 AM,70,1 hr 10 min,Economy,17939.0,11326.21,5329.98,450.0,832.81,0.0,6612.79,True,0,Non-Stop,219dab87c090
SCR_GF_1789324563_018,2026-09-14 00:05:54,2026-09-15,1,google_flights,BLR,HYD,BLR-HYD,BLR,HYD,IndiGo,IndiGo,6E (Direct),8:15 AM,9:30 AM,75,1 hr 15 min,Economy,17939.0,11326.21,5329.98,450.0,832.81,0.0,6612.79,True,0,Non-Stop,72e61a666666
SCR_GF_1789324563_019,2026-09-14 00:05:54,2026-09-15,1,google_flights,BLR,HYD,BLR-HYD,BLR,HYD,IndiGo,IndiGo,6E (Direct),1:50,3:05,75,1 hr 15 min,Economy,7099.0,4306.02,2026.36,450.0,316.62,0.0,2792.98,True,0,Non-Stop,ea97533e534e
SCR_GF_1789324563_020,2026-09-14 00:05:54,2026-09-15,1,google_flights,BLR,HYD,BLR-HYD,BLR,HYD,IndiGo,IndiGo,6E (Direct),12:30,1:50,80,1 hr 20 min,Economy,9819.0,6067.54,2855.32,450.0,446.14,0.0,3751.46,True,0,Non-Stop,cf6f629194d0
SCR_GF_1789324563_021,2026-09-14 00:05:54,2026-09-15,1,google_flights,BLR,HYD,BLR-HYD,BLR,HYD,IndiGo,IndiGo,6E (Direct),4:30,5:45,75,1 hr 15 min,Economy,10443.0,6471.66,3045.48,450.0,475.86,0.0,3971.34,True,0,Non-Stop,f1409984b04e
SCR_GF_1789324563_022,2026-09-14 00:05:54,2026-09-15,1,google_flights,BLR,HYD,BLR-HYD,BLR,HYD,IndiGo,IndiGo,6E (Connecting),5:40,9:15,215,3 hr 35 min,Economy,6864.0,4153.83,1954.74,450.0,305.43,0.0,2710.17,False,1,1 Stop,6e81c29577de
SCR_GF_1789324563_023,2026-09-14 00:05:54,2026-09-15,1,google_flights,BLR,HYD,BLR-HYD,BLR,HYD,IndiGo,IndiGo,6E (Connecting),6:15,10:40,265,4 hr 25 min,Economy,6864.0,4153.83,1954.74,450.0,305.43,0.0,2710.17,False,1,1 Stop,161d7442bd16
SCR_GF_1789324563_024,2026-09-14 00:05:54,2026-09-15,1,google_flights,BLR,HYD,BLR-HYD,BLR,HYD,IndiGo,IndiGo,6E (Connecting),6:50,11:40,290,4 hr 50 min,Economy,6864.0,4153.83,1954.74,450.0,305.43,0.0,2710.17,False,1,1 Stop,8a58c51b35dc
SCR_GF_1789324563_025,2026-09-14 00:05:54,2026-09-15,1,google_flights,BLR,HYD,BLR-HYD,BLR,HYD,IndiGo,IndiGo,6E (Connecting),11:05,3:10,245,4 hr 5 min,Economy,6864.0,4153.83,1954.74,450.0,305.43,0.0,2710.17,False,1,1 Stop,d24ec067d9ee
SCR_GF_1789324564_026,2026-09-14 00:05:54,2026-09-15,1,google_flights,BLR,HYD,BLR-HYD,BLR,HYD,IndiGo,IndiGo,6E (Direct),6:05,7:25,80,1 hr 20 min,Economy,9029.0,5555.92,2614.56,450.0,408.52,0.0,3473.08,True,0,Non-Stop,050a1b21c0ed
SCR_GF_1789324564_027,2026-09-14 00:05:54,2026-09-15,1,google_flights,BLR,HYD,BLR-HYD,BLR,HYD,IndiGo,IndiGo,6E (Direct),9:30,10:45,75,1 hr 15 min,Economy,9570.0,5906.29,2779.42,450.0,434.29,0.0,3663.71,True,0,Non-Stop,357e60ba2587
SCR_GF_1789324564_028,2026-09-14 00:05:54,2026-09-15,1,google_flights,BLR,HYD,BLR-HYD,BLR,HYD,IndiGo,IndiGo,6E (Direct),5:15,6:40,85,1 hr 25 min,Economy,10979.0,6818.78,3208.84,450.0,501.38,0.0,4160.22,True,0,Non-Stop,cefba6337af9
SCR_GF_1789324564_029,2026-09-14 00:05:54,2026-09-15,1,google_flights,BLR,HYD,BLR-HYD,BLR,HYD,IndiGo,IndiGo,6E (Direct),10:40,11:50,70,1 hr 10 min,Economy,10979.0,6818.78,3208.84,450.0,501.38,0.0,4160.22,True,0,Non-Stop,154e39580c4d
SCR_GF_1789324564_030,2026-09-14 00:05:54,2026-09-15,1,google_flights,BLR,HYD,BLR-HYD,BLR,HYD,IndiGo,IndiGo,6E (Direct),11:35,12:50,75,1 hr 15 min,Economy,13641.0,8542.74,4020.12,450.0,628.14,0.0,5098.26,True,0,Non-Stop,9265074da118
SCR_GF_1789324564_031,2026-09-14 00:05:54,2026-09-15,1,google_flights,BLR,HYD,BLR-HYD,BLR,HYD,IndiGo,IndiGo,6E (Direct),6:35,7:45,70,1 hr 10 min,Economy,13641.0,8542.74,4020.12,450.0,628.14,0.0,5098.26,True,0,Non-Stop,fab5840cdd4f
SCR_GF_1789324564_032,2026-09-14 00:05:54,2026-09-15,1,google_flights,BLR,HYD,BLR-HYD,BLR,HYD,IndiGo,IndiGo,6E (Direct),7:45,9:00,75,1 hr 15 min,Economy,13641.0,8542.74,4020.12,450.0,628.14,0.0,5098.26,True,0,Non-Stop,f52bfe4aaef1
SCR_GF_1789324565_033,2026-09-14 00:05:54,2026-09-15,1,google_flights,BLR,HYD,BLR-HYD,BLR,HYD,IndiGo,IndiGo,6E (Direct),9:15,10:30,75,1 hr 15 min,Economy,16363.0,10305.56,4849.68,450.0,757.76,0.0,6057.44,True,0,Non-Stop,455bb3c89f18
SCR_GF_1789324565_034,2026-09-14 00:05:54,2026-09-15,1,google_flights,BLR,HYD,BLR-HYD,BLR,HYD,IndiGo,IndiGo,6E (Direct),10:15,11:30,75,1 hr 15 min,Economy,16363.0,10305.56,4849.68,450.0,757.76,0.0,6057.44,True,0,Non-Stop,213790b35ac3
SCR_GF_1789324565_035,2026-09-14 00:05:54,2026-09-15,1,google_flights,BLR,HYD,BLR-HYD,BLR,HYD,IndiGo,IndiGo,6E (Direct),6:25,7:35,70,1 hr 10 min,Economy,17939.0,11326.21,5329.98,450.0,832.81,0.0,6612.79,True,0,Non-Stop,b192b0610652
SCR_GF_1789324565_036,2026-09-14 00:05:54,2026-09-15,1,google_flights,BLR,HYD,BLR-HYD,BLR,HYD,IndiGo,IndiGo,6E (Direct),8:15,9:30,75,1 hr 15 min,Economy,17939.0,11326.21,5329.98,450.0,832.81,0.0,6612.79,True,0,Non-Stop,951bc63c1813
SCR_GF_1789324572_001,2026-09-14 00:06:05,2026-09-21,7,google_flights,BLR,HYD,BLR-HYD,BLR,HYD,IndiGo,IndiGo,6E (Connecting),7:05 AM,10:45 AM,220,3 hr 40 min,Economy,5358.0,3178.51,1495.78,450.0,233.71,0.0,2179.49,False,1,1 Stop (CJB),f1ed5ad6bb09
SCR_GF_1789324572_002,2026-09-14 00:06:05,2026-09-21,7,google_flights,BLR,HYD,BLR-HYD,BLR,HYD,IndiGo,IndiGo,6E (Direct),4:30 PM,5:45 PM,75,1 hr 15 min,Economy,5370.0,3186.29,1499.42,450.0,234.29,0.0,2183.71,True,0,Non-Stop,de05f5f31ef2
SCR_GF_1789324572_003,2026-09-14 00:06:05,2026-09-21,7,google_flights,BLR,HYD,BLR-HYD,BLR,HYD,Air India Express,Air India Express,IX (Direct),5:15 PM,6:40 PM,85,1 hr 25 min,Economy,5619.0,3347.54,1575.32,450.0,246.14,0.0,2271.46,True,0,Non-Stop,544d6aad7527
SCR_GF_1789324574_005,2026-09-14 00:06:05,2026-09-21,7,google_flights,BLR,HYD,BLR-HYD,BLR,HYD,IndiGo,IndiGo,6E (Connecting),11:40 AM,4:05 PM,265,4 hr 25 min,Economy,5358.0,3178.51,1495.78,450.0,233.71,0.0,2179.49,False,1,1 Stop (PNQ),4a9f9a29a4c5
SCR_GF_1789324574_006,2026-09-14 00:06:05,2026-09-21,7,google_flights,BLR,HYD,BLR-HYD,BLR,HYD,IndiGo,IndiGo,6E (Connecting),12:45 PM,5:25 PM,280,4 hr 40 min,Economy,5358.0,3178.51,1495.78,450.0,233.71,0.0,2179.49,False,1,1 Stop (MAA),6db908a9bf0d
SCR_GF_1789324574_007,2026-09-14 00:06:05,2026-09-21,7,google_flights,BLR,HYD,BLR-HYD,BLR,HYD,IndiGo,IndiGo,6E (Connecting),1:10 PM,5:30 PM,260,4 hr 20 min,Economy,5358.0,3178.51,1495.78,450.0,233.71,0.0,2179.49,False,1,1 Stop (CJB),ab60d62841ec
SCR_GF_1789324574_008,2026-09-14 00:06:05,2026-09-21,7,google_flights,BLR,HYD,BLR-HYD,BLR,HYD,IndiGo,IndiGo,6E (Connecting),3:30 PM,7:50 PM,260,4 hr 20 min,Economy,5358.0,3178.51,1495.78,450.0,233.71,0.0,2179.49,False,1,1 Stop (PNQ),a68ee478f979
SCR_GF_1789324574_009,2026-09-14 00:06:05,2026-09-21,7,google_flights,BLR,HYD,BLR-HYD,BLR,HYD,IndiGo,IndiGo,6E (Connecting),5:40 PM,9:15 PM,215,3 hr 35 min,Economy,5358.0,3178.51,1495.78,450.0,233.71,0.0,2179.49,False,1,1 Stop (GOI),19a442a2bdba
SCR_GF_1789324574_010,2026-09-14 00:06:05,2026-09-21,7,google_flights,BLR,HYD,BLR-HYD,BLR,HYD,IndiGo,IndiGo,6E (Connecting),6:15 PM,10:40 PM,265,4 hr 25 min,Economy,5358.0,3178.51,1495.78,450.0,233.71,0.0,2179.49,False,1,1 Stop (MAA),4be047b4a190
SCR_GF_1789324575_011,2026-09-14 00:06:05,2026-09-21,7,google_flights,BLR,HYD,BLR-HYD,BLR,HYD,IndiGo,IndiGo,6E (Connecting),7:15 PM,10:50 PM,215,3 hr 35 min,Economy,5358.0,3178.51,1495.78,450.0,233.71,0.0,2179.49,False,1,1 Stop (GOI),8569b90e9dd7
SCR_GF_1789324575_012,2026-09-14 00:06:05,2026-09-21,7,google_flights,BLR,HYD,BLR-HYD,BLR,HYD,IndiGo,IndiGo,6E (Connecting),11:05 PM,3:10 AM,245,4 hr 5 min,Economy,5358.0,3178.51,1495.78,450.0,233.71,0.0,2179.49,False,1,1 Stop (PNQ),de4817c67f33
SCR_GF_1789324575_013,2026-09-14 00:06:05,2026-09-21,7,google_flights,BLR,HYD,BLR-HYD,BLR,HYD,IndiGo,IndiGo,6E (Direct),7:45 PM,9:00 PM,75,1 hr 15 min,Economy,5370.0,3186.29,1499.42,450.0,234.29,0.0,2183.71,True,0,Non-Stop,8e37656961aa
SCR_GF_1789324575_014,2026-09-14 00:06:05,2026-09-21,7,google_flights,BLR,HYD,BLR-HYD,BLR,HYD,IndiGo,IndiGo,6E (Direct),9:30 PM,10:45 PM,75,1 hr 15 min,Economy,5370.0,3186.29,1499.42,450.0,234.29,0.0,2183.71,True,0,Non-Stop,e8440ac2c302
SCR_GF_1789324575_015,2026-09-14 00:06:05,2026-09-21,7,google_flights,BLR,HYD,BLR-HYD,BLR,HYD,IndiGo,IndiGo,6E (Direct),6:35 PM,7:45 PM,70,1 hr 10 min,Economy,5808.0,3469.94,1632.92,450.0,255.14,0.0,2338.06,True,0,Non-Stop,e0cbeb32e7af
SCR_GF_1789324575_016,2026-09-14 00:06:05,2026-09-21,7,google_flights,BLR,HYD,BLR-HYD,BLR,HYD,Air India Express,Air India Express,IX (Direct),7:15 PM,8:25 PM,70,1 hr 10 min,Economy,6056.0,3630.55,1708.5,450.0,266.95,0.0,2425.45,True,0,Non-Stop,dda0fe9c5cdf
SCR_GF_1789324576_017,2026-09-14 00:06:05,2026-09-21,7,google_flights,BLR,HYD,BLR-HYD,BLR,HYD,Air India Express,Air India Express,IX (Direct),12:30 PM,1:50 PM,80,1 hr 20 min,Economy,6540.0,3944.0,1856.0,450.0,290.0,0.0,2596.0,True,0,Non-Stop,afebd37798c0
SCR_GF_1789324576_018,2026-09-14 00:06:05,2026-09-21,7,google_flights,BLR,HYD,BLR-HYD,BLR,HYD,IndiGo,IndiGo,6E (Direct),11:35 AM,12:50 PM,75,1 hr 15 min,Economy,6825.0,4128.57,1942.86,450.0,303.57,0.0,2696.43,True,0,Non-Stop,45bb49d51dbb
SCR_GF_1789324576_019,2026-09-14 00:06:05,2026-09-21,7,google_flights,BLR,HYD,BLR-HYD,BLR,HYD,IndiGo,IndiGo,6E (Direct),6:25 AM,7:35 AM,70,1 hr 10 min,Economy,9570.0,5906.29,2779.42,450.0,434.29,0.0,3663.71,True,0,Non-Stop,0b9c85d3ea3d
SCR_GF_1789324576_020,2026-09-14 00:06:05,2026-09-21,7,google_flights,BLR,HYD,BLR-HYD,BLR,HYD,Air India Express,Air India Express,IX (Direct),6:05 AM,7:25 AM,80,1 hr 20 min,Economy,9819.0,6067.54,2855.32,450.0,446.14,0.0,3751.46,True,0,Non-Stop,5a9b5de28987
SCR_GF_1789324577_021,2026-09-14 00:06:05,2026-09-21,7,google_flights,BLR,HYD,BLR-HYD,BLR,HYD,IndiGo,IndiGo,6E (Direct),9:15 AM,10:30 AM,75,1 hr 15 min,Economy,11406.0,7095.31,3338.98,450.0,521.71,0.0,4310.69,True,0,Non-Stop,8d346a5a18e3
SCR_GF_1789324577_022,2026-09-14 00:06:05,2026-09-21,7,google_flights,BLR,HYD,BLR-HYD,BLR,HYD,IndiGo,IndiGo,6E (Direct),10:15 AM,11:30 AM,75,1 hr 15 min,Economy,12468.0,7783.09,3662.62,450.0,572.29,0.0,4684.91,True,0,Non-Stop,12f4e3b40eb8
SCR_GF_1789324577_023,2026-09-14 00:06:05,2026-09-21,7,google_flights,BLR,HYD,BLR-HYD,BLR,HYD,IndiGo,IndiGo,6E (Direct),8:15 AM,9:30 AM,75,1 hr 15 min,Economy,13641.0,8542.74,4020.12,450.0,628.14,0.0,5098.26,True,0,Non-Stop,4b7a7bc09f46
SCR_GF_1789324577_024,2026-09-14 00:06:05,2026-09-21,7,google_flights,BLR,HYD,BLR-HYD,BLR,HYD,Akasa Air,Akasa Air,QP (Connecting),10:15 AM,2:45 AM,990,16 hr 30 min,Economy,37948.0,24284.42,11427.96,450.0,1785.62,0.0,13663.58,False,1,1 Stop,efe9d6dba308
SCR_GF_1789324577_025,2026-09-14 00:06:05,2026-09-21,7,google_flights,BLR,HYD,BLR-HYD,BLR,HYD,IndiGo,IndiGo,6E (Connecting),7:05,10:45,220,3 hr 40 min,Economy,5358.0,3178.51,1495.78,450.0,233.71,0.0,2179.49,False,1,1 Stop,ffa6571857bd
SCR_GF_1789324577_026,2026-09-14 00:06:05,2026-09-21,7,google_flights,BLR,HYD,BLR-HYD,BLR,HYD,IndiGo,IndiGo,6E (Direct),4:30,5:45,75,1 hr 15 min,Economy,5370.0,3186.29,1499.42,450.0,234.29,0.0,2183.71,True,0,Non-Stop,862be2f4a0cf
SCR_GF_1789324578_027,2026-09-14 00:06:05,2026-09-21,7,google_flights,BLR,HYD,BLR-HYD,BLR,HYD,IndiGo,IndiGo,6E (Direct),5:15,6:40,85,1 hr 25 min,Economy,5619.0,3347.54,1575.32,450.0,246.14,0.0,2271.46,True,0,Non-Stop,0eb2e1593f0f
SCR_GF_1789324579_029,2026-09-14 00:06:05,2026-09-21,7,google_flights,BLR,HYD,BLR-HYD,BLR,HYD,IndiGo,IndiGo,6E (Connecting),11:40,4:05,265,4 hr 25 min,Economy,5358.0,3178.51,1495.78,450.0,233.71,0.0,2179.49,False,1,1 Stop,e4dfe35b7d58
SCR_GF_1789324579_030,2026-09-14 00:06:05,2026-09-21,7,google_flights,BLR,HYD,BLR-HYD,BLR,HYD,IndiGo,IndiGo,6E (Connecting),12:45,5:25,280,4 hr 40 min,Economy,5358.0,3178.51,1495.78,450.0,233.71,0.0,2179.49,False,1,1 Stop,0b4cbc09a3c2
SCR_GF_1789324579_031,2026-09-14 00:06:05,2026-09-21,7,google_flights,BLR,HYD,BLR-HYD,BLR,HYD,IndiGo,IndiGo,6E (Connecting),1:10,5:30,260,4 hr 20 min,Economy,5358.0,3178.51,1495.78,450.0,233.71,0.0,2179.49,False,1,1 Stop,cb03e8fa9e5d
SCR_GF_1789324579_032,2026-09-14 00:06:05,2026-09-21,7,google_flights,BLR,HYD,BLR-HYD,BLR,HYD,IndiGo,IndiGo,6E (Connecting),3:30,7:50,260,4 hr 20 min,Economy,5358.0,3178.51,1495.78,450.0,233.71,0.0,2179.49,False,1,1 Stop,1ff90ab9d667
SCR_GF_1789324579_033,2026-09-14 00:06:05,2026-09-21,7,google_flights,BLR,HYD,BLR-HYD,BLR,HYD,IndiGo,IndiGo,6E (Connecting),5:40,9:15,215,3 hr 35 min,Economy,5358.0,3178.51,1495.78,450.0,233.71,0.0,2179.49,False,1,1 Stop,1c30521faab6
SCR_GF_1789324580_034,2026-09-14 00:06:05,2026-09-21,7,google_flights,BLR,HYD,BLR-HYD,BLR,HYD,IndiGo,IndiGo,6E (Connecting),6:15,10:40,265,4 hr 25 min,Economy,5358.0,3178.51,1495.78,450.0,233.71,0.0,2179.49,False,1,1 Stop,b34148a20141
SCR_GF_1789324580_035,2026-09-14 00:06:05,2026-09-21,7,google_flights,BLR,HYD,BLR-HYD,BLR,HYD,IndiGo,IndiGo,6E (Connecting),7:15,10:50,215,3 hr 35 min,Economy,5358.0,3178.51,1495.78,450.0,233.71,0.0,2179.49,False,1,1 Stop,d1c2c75bdf63
SCR_GF_1789324580_036,2026-09-14 00:06:05,2026-09-21,7,google_flights,BLR,HYD,BLR-HYD,BLR,HYD,IndiGo,IndiGo,6E (Connecting),11:05,3:10,245,4 hr 5 min,Economy,5358.0,3178.51,1495.78,450.0,233.71,0.0,2179.49,False,1,1 Stop,76f4e0c8e0a1
SCR_GF_1789324580_037,2026-09-14 00:06:05,2026-09-21,7,google_flights,BLR,HYD,BLR-HYD,BLR,HYD,IndiGo,IndiGo,6E (Direct),7:45,9:00,75,1 hr 15 min,Economy,5370.0,3186.29,1499.42,450.0,234.29,0.0,2183.71,True,0,Non-Stop,2939b0fbf203
SCR_GF_1789324580_038,2026-09-14 00:06:05,2026-09-21,7,google_flights,BLR,HYD,BLR-HYD,BLR,HYD,IndiGo,IndiGo,6E (Direct),9:30,10:45,75,1 hr 15 min,Economy,5370.0,3186.29,1499.42,450.0,234.29,0.0,2183.71,True,0,Non-Stop,e3c73fc56b71
SCR_GF_1789324580_039,2026-09-14 00:06:05,2026-09-21,7,google_flights,BLR,HYD,BLR-HYD,BLR,HYD,IndiGo,IndiGo,6E (Direct),6:35,7:45,70,1 hr 10 min,Economy,5808.0,3469.94,1632.92,450.0,255.14,0.0,2338.06,True,0,Non-Stop,f16773a5ac69
SCR_GF_1789324581_040,2026-09-14 00:06:05,2026-09-21,7,google_flights,BLR,HYD,BLR-HYD,BLR,HYD,IndiGo,IndiGo,6E (Direct),7:15,8:25,70,1 hr 10 min,Economy,6056.0,3630.55,1708.5,450.0,266.95,0.0,2425.45,True,0,Non-Stop,a31d6d546ac5
SCR_GF_1789324581_041,2026-09-14 00:06:05,2026-09-21,7,google_flights,BLR,HYD,BLR-HYD,BLR,HYD,IndiGo,IndiGo,6E (Direct),12:30,1:50,80,1 hr 20 min,Economy,6540.0,3944.0,1856.0,450.0,290.0,0.0,2596.0,True,0,Non-Stop,ad8c329587f9
SCR_GF_1789324581_042,2026-09-14 00:06:05,2026-09-21,7,google_flights,BLR,HYD,BLR-HYD,BLR,HYD,IndiGo,IndiGo,6E (Direct),11:35,12:50,75,1 hr 15 min,Economy,6825.0,4128.57,1942.86,450.0,303.57,0.0,2696.43,True,0,Non-Stop,202782243961
SCR_GF_1789324581_043,2026-09-14 00:06:05,2026-09-21,7,google_flights,BLR,HYD,BLR-HYD,BLR,HYD,IndiGo,IndiGo,6E (Direct),6:25,7:35,70,1 hr 10 min,Economy,9570.0,5906.29,2779.42,450.0,434.29,0.0,3663.71,True,0,Non-Stop,ea13f3ca3afd
SCR_GF_1789324581_044,2026-09-14 00:06:05,2026-09-21,7,google_flights,BLR,HYD,BLR-HYD,BLR,HYD,IndiGo,IndiGo,6E (Direct),6:05,7:25,80,1 hr 20 min,Economy,9819.0,6067.54,2855.32,450.0,446.14,0.0,3751.46,True,0,Non-Stop,ac03a3ac1607
SCR_GF_1789324581_045,2026-09-14 00:06:05,2026-09-21,7,google_flights,BLR,HYD,BLR-HYD,BLR,HYD,IndiGo,IndiGo,6E (Direct),9:15,10:30,75,1 hr 15 min,Economy,11406.0,7095.31,3338.98,450.0,521.71,0.0,4310.69,True,0,Non-Stop,5317ee61077b
SCR_GF_1789324582_046,2026-09-14 00:06:05,2026-09-21,7,google_flights,BLR,HYD,BLR-HYD,BLR,HYD,IndiGo,IndiGo,6E (Direct),10:15,11:30,75,1 hr 15 min,Economy,12468.0,7783.09,3662.62,450.0,572.29,0.0,4684.91,True,0,Non-Stop,973b89815f77
SCR_GF_1789324582_047,2026-09-14 00:06:05,2026-09-21,7,google_flights,BLR,HYD,BLR-HYD,BLR,HYD,IndiGo,IndiGo,6E (Direct),8:15,9:30,75,1 hr 15 min,Economy,13641.0,8542.74,4020.12,450.0,628.14,0.0,5098.26,True,0,Non-Stop,4bc24d5a624c
SCR_GF_1789324582_048,2026-09-14 00:06:05,2026-09-21,7,google_flights,BLR,HYD,BLR-HYD,BLR,HYD,IndiGo,IndiGo,6E (Connecting),10:15,2:45,990,16 hr 30 min,Economy,37948.0,24284.42,11427.96,450.0,1785.62,0.0,13663.58,False,1,1 Stop,e045140600a0
SCR_GF_1789324588_001,2026-09-14 00:06:22,2026-09-29,15,google_flights,BLR,HYD,BLR-HYD,BLR,HYD,IndiGo,IndiGo,6E (Direct),10:15 AM,11:30 AM,75,1 hr 15 min,Economy,4288.0,2485.56,1169.68,450.0,182.76,0.0,1802.44,True,0,Non-Stop,247bddc28e8a
SCR_GF_1789324588_002,2026-09-14 00:06:22,2026-09-29,15,google_flights,BLR,HYD,BLR-HYD,BLR,HYD,IndiGo,IndiGo,6E (Direct),11:35 AM,12:50 PM,75,1 hr 15 min,Economy,4288.0,2485.56,1169.68,450.0,182.76,0.0,1802.44,True,0,Non-Stop,df90f3c10858
SCR_GF_1789324588_003,2026-09-14 00:06:22,2026-09-29,15,google_flights,BLR,HYD,BLR-HYD,BLR,HYD,Air India Express,Air India Express,IX (Direct),12:30 PM,1:50 PM,80,1 hr 20 min,Economy,4473.0,2605.37,1226.06,450.0,191.57,0.0,1867.63,True,0,Non-Stop,09af7a9c0201
SCR_GF_1789324588_004,2026-09-14 00:06:22,2026-09-29,15,google_flights,BLR,HYD,BLR-HYD,BLR,HYD,IndiGo,IndiGo,6E (Direct),4:30 PM,5:45 PM,75,1 hr 15 min,Economy,4288.0,2485.56,1169.68,450.0,182.76,0.0,1802.44,True,0,Non-Stop,eff969fed461
SCR_GF_1789324589_005,2026-09-14 00:06:22,2026-09-29,15,google_flights,BLR,HYD,BLR-HYD,BLR,HYD,IndiGo,IndiGo,6E (Direct),6:35 PM,7:45 PM,70,1 hr 10 min,Economy,4288.0,2485.56,1169.68,450.0,182.76,0.0,1802.44,True,0,Non-Stop,1d3d8a9e1b4a
SCR_GF_1789324589_006,2026-09-14 00:06:22,2026-09-29,15,google_flights,BLR,HYD,BLR-HYD,BLR,HYD,Air India Express,Air India Express,IX (Direct),5:15 PM,6:40 PM,85,1 hr 25 min,Economy,4473.0,2605.37,1226.06,450.0,191.57,0.0,1867.63,True,0,Non-Stop,2cfcb312b7fa
SCR_GF_1789324589_007,2026-09-14 00:06:22,2026-09-29,15,google_flights,BLR,HYD,BLR-HYD,BLR,HYD,IndiGo,IndiGo,6E (Direct),9:15 AM,10:30 AM,75,1 hr 15 min,Economy,4973.0,2929.18,1378.44,450.0,215.38,0.0,2043.82,True,0,Non-Stop,a11c9ff0b6ed
SCR_GF_1789324589_008,2026-09-14 00:06:22,2026-09-29,15,google_flights,BLR,HYD,BLR-HYD,BLR,HYD,Air India Express,Air India Express,IX (Direct),7:15 PM,8:25 PM,70,1 hr 10 min,Economy,5619.0,3347.54,1575.32,450.0,246.14,0.0,2271.46,True,0,Non-Stop,f1093d1ad570
SCR_GF_1789324589_009,2026-09-14 00:06:22,2026-09-29,15,google_flights,BLR,HYD,BLR-HYD,BLR,HYD,IndiGo,IndiGo,6E (Direct),6:25 AM,7:35 AM,70,1 hr 10 min,Economy,5808.0,3469.94,1632.92,450.0,255.14,0.0,2338.06,True,0,Non-Stop,d002a85fd84c
SCR_GF_1789324589_010,2026-09-14 00:06:22,2026-09-29,15,google_flights,BLR,HYD,BLR-HYD,BLR,HYD,IndiGo,IndiGo,6E (Direct),8:15 AM,9:30 AM,75,1 hr 15 min,Economy,6291.0,3782.74,1780.12,450.0,278.14,0.0,2508.26,True,0,Non-Stop,e77530e693a4
SCR_GF_1789324589_011,2026-09-14 00:06:22,2026-09-29,15,google_flights,BLR,HYD,BLR-HYD,BLR,HYD,Air India Express,Air India Express,IX (Direct),6:05 AM,7:25 AM,80,1 hr 20 min,Economy,6540.0,3944.0,1856.0,450.0,290.0,0.0,2596.0,True,0,Non-Stop,38109569316a
SCR_GF_1789324589_012,2026-09-14 00:06:22,2026-09-29,15,google_flights,BLR,HYD,BLR-HYD,BLR,HYD,IndiGo,IndiGo,6E (Direct),7:45 PM,9:00 PM,75,1 hr 15 min,Economy,8780.0,5394.67,2538.66,450.0,396.67,0.0,3385.33,True,0,Non-Stop,bf48645ad571
SCR_GF_1789324589_013,2026-09-14 00:06:22,2026-09-29,15,google_flights,BLR,HYD,BLR-HYD,BLR,HYD,IndiGo,IndiGo,6E (Direct),9:30 PM,10:45 PM,75,1 hr 15 min,Economy,12468.0,7783.09,3662.62,450.0,572.29,0.0,4684.91,True,0,Non-Stop,4d232ab007f7
SCR_GF_1789324589_014,2026-09-14 00:06:22,2026-09-29,15,google_flights,BLR,HYD,BLR-HYD,BLR,HYD,IndiGo,IndiGo,6E (Connecting),4:35 AM,7:40 PM,905,15 hr 5 min,Economy,26897.0,17127.58,8060.04,450.0,1259.38,0.0,9769.42,False,1,1 Stop,6740363e087b
SCR_GF_1789324590_016,2026-09-14 00:06:22,2026-09-29,15,google_flights,BLR,HYD,BLR-HYD,BLR,HYD,IndiGo,IndiGo,6E (Direct),10:15,11:30,75,1 hr 15 min,Economy,4288.0,2485.56,1169.68,450.0,182.76,0.0,1802.44,True,0,Non-Stop,a27aab8b4456
SCR_GF_1789324590_017,2026-09-14 00:06:22,2026-09-29,15,google_flights,BLR,HYD,BLR-HYD,BLR,HYD,IndiGo,IndiGo,6E (Direct),11:35,12:50,75,1 hr 15 min,Economy,4288.0,2485.56,1169.68,450.0,182.76,0.0,1802.44,True,0,Non-Stop,1a0d8179a02a
SCR_GF_1789324590_018,2026-09-14 00:06:22,2026-09-29,15,google_flights,BLR,HYD,BLR-HYD,BLR,HYD,IndiGo,IndiGo,6E (Direct),12:30,1:50,80,1 hr 20 min,Economy,4473.0,2605.37,1226.06,450.0,191.57,0.0,1867.63,True,0,Non-Stop,0f25f9676b06
SCR_GF_1789324590_019,2026-09-14 00:06:22,2026-09-29,15,google_flights,BLR,HYD,BLR-HYD,BLR,HYD,IndiGo,IndiGo,6E (Direct),4:30,5:45,75,1 hr 15 min,Economy,4288.0,2485.56,1169.68,450.0,182.76,0.0,1802.44,True,0,Non-Stop,e24db271bee7
SCR_GF_1789324590_020,2026-09-14 00:06:22,2026-09-29,15,google_flights,BLR,HYD,BLR-HYD,BLR,HYD,IndiGo,IndiGo,6E (Direct),6:35,7:45,70,1 hr 10 min,Economy,4288.0,2485.56,1169.68,450.0,182.76,0.0,1802.44,True,0,Non-Stop,0c0f14fc6ab6
SCR_GF_1789324590_021,2026-09-14 00:06:22,2026-09-29,15,google_flights,BLR,HYD,BLR-HYD,BLR,HYD,IndiGo,IndiGo,6E (Direct),5:15,6:40,85,1 hr 25 min,Economy,4473.0,2605.37,1226.06,450.0,191.57,0.0,1867.63,True,0,Non-Stop,3259a5a792a9
SCR_GF_1789324591_022,2026-09-14 00:06:22,2026-09-29,15,google_flights,BLR,HYD,BLR-HYD,BLR,HYD,IndiGo,IndiGo,6E (Direct),9:15,10:30,75,1 hr 15 min,Economy,4973.0,2929.18,1378.44,450.0,215.38,0.0,2043.82,True,0,Non-Stop,f4b85af8cfba
SCR_GF_1789324591_023,2026-09-14 00:06:22,2026-09-29,15,google_flights,BLR,HYD,BLR-HYD,BLR,HYD,IndiGo,IndiGo,6E (Direct),7:15,8:25,70,1 hr 10 min,Economy,5619.0,3347.54,1575.32,450.0,246.14,0.0,2271.46,True,0,Non-Stop,c4f67189a7b2
SCR_GF_1789324591_024,2026-09-14 00:06:22,2026-09-29,15,google_flights,BLR,HYD,BLR-HYD,BLR,HYD,IndiGo,IndiGo,6E (Direct),6:25,7:35,70,1 hr 10 min,Economy,5808.0,3469.94,1632.92,450.0,255.14,0.0,2338.06,True,0,Non-Stop,60426a548a3e
SCR_GF_1789324591_025,2026-09-14 00:06:22,2026-09-29,15,google_flights,BLR,HYD,BLR-HYD,BLR,HYD,IndiGo,IndiGo,6E (Direct),8:15,9:30,75,1 hr 15 min,Economy,6291.0,3782.74,1780.12,450.0,278.14,0.0,2508.26,True,0,Non-Stop,6604577c1d09
SCR_GF_1789324591_026,2026-09-14 00:06:22,2026-09-29,15,google_flights,BLR,HYD,BLR-HYD,BLR,HYD,IndiGo,IndiGo,6E (Direct),6:05,7:25,80,1 hr 20 min,Economy,6540.0,3944.0,1856.0,450.0,290.0,0.0,2596.0,True,0,Non-Stop,be2f92eb591d
SCR_GF_1789324591_027,2026-09-14 00:06:22,2026-09-29,15,google_flights,BLR,HYD,BLR-HYD,BLR,HYD,IndiGo,IndiGo,6E (Direct),7:45,9:00,75,1 hr 15 min,Economy,8780.0,5394.67,2538.66,450.0,396.67,0.0,3385.33,True,0,Non-Stop,cc1cbd52e054
SCR_GF_1789324591_028,2026-09-14 00:06:22,2026-09-29,15,google_flights,BLR,HYD,BLR-HYD,BLR,HYD,IndiGo,IndiGo,6E (Direct),9:30,10:45,75,1 hr 15 min,Economy,12468.0,7783.09,3662.62,450.0,572.29,0.0,4684.91,True,0,Non-Stop,1a409f3833fc
SCR_GF_1789324591_029,2026-09-14 00:06:22,2026-09-29,15,google_flights,BLR,HYD,BLR-HYD,BLR,HYD,IndiGo,IndiGo,6E (Connecting),4:35,7:40,905,15 hr 5 min,Economy,26897.0,17127.58,8060.04,450.0,1259.38,0.0,9769.42,False,1,1 Stop,0a78952622d4
SCR_GF_1789324597_001,2026-09-14 00:06:32,2026-09-15,1,google_flights,BOM,GOI,BOM-GOI,BOM,GOI,IndiGo,IndiGo,6E (Direct),10:10 PM,11:30 PM,80,1 hr 20 min,Economy,5014.0,2826.21,1329.98,650.0,207.81,0.0,2187.79,True,0,Non-Stop,a1b934b15433
SCR_GF_1789324597_002,2026-09-14 00:06:32,2026-09-15,1,google_flights,BOM,GOI,BOM-GOI,BOM,GOI,Akasa Air,Akasa Air,QP (Direct),6:25 PM,7:50 PM,85,1 hr 25 min,Economy,5490.0,3134.48,1475.04,650.0,230.48,0.0,2355.52,True,0,Non-Stop,ed355df67595
SCR_GF_1789324597_003,2026-09-14 00:06:32,2026-09-15,1,google_flights,BOM,GOI,BOM-GOI,BOM,GOI,Air India,Air India,AI (Direct),7:20 PM,8:50 PM,90,1 hr 30 min,Economy,5520.0,3153.9,1484.2,650.0,231.9,0.0,2366.1,True,0,Non-Stop,996decc98173
SCR_GF_1789324597_004,2026-09-14 00:06:32,2026-09-15,1,google_flights,BOM,GOI,BOM-GOI,BOM,GOI,IndiGo,IndiGo,6E (Direct),5:00 AM,6:05 AM,65,1 hr 5 min,Economy,5854.0,3370.21,1585.98,650.0,247.81,0.0,2483.79,True,0,Non-Stop,727a55890db8
SCR_GF_1789324597_005,2026-09-14 00:06:32,2026-09-15,1,google_flights,BOM,GOI,BOM-GOI,BOM,GOI,IndiGo,IndiGo,6E (Direct),7:10 PM,8:25 PM,75,1 hr 15 min,Economy,5916.0,3410.36,1604.88,650.0,250.76,0.0,2505.64,True,0,Non-Stop,a119bbd693e9
SCR_GF_1789324597_006,2026-09-14 00:06:32,2026-09-15,1,google_flights,BOM,GOI,BOM-GOI,BOM,GOI,Akasa Air,Akasa Air,QP (Direct),1:05 PM,2:30 PM,85,1 hr 25 min,Economy,6004.0,3467.35,1631.7,650.0,254.95,0.0,2536.65,True,0,Non-Stop,d3901ed4b7eb
SCR_GF_1789324597_007,2026-09-14 00:06:32,2026-09-15,1,google_flights,BOM,GOI,BOM-GOI,BOM,GOI,Air India Express,Air India Express,IX (Direct),4:30 PM,5:50 PM,80,1 hr 20 min,Economy,6441.0,3750.36,1764.88,650.0,275.76,0.0,2690.64,True,0,Non-Stop,0eaa0216fdeb
SCR_GF_1789324597_008,2026-09-14 00:06:32,2026-09-15,1,google_flights,BOM,GOI,BOM-GOI,BOM,GOI,IndiGo,IndiGo,6E (Direct),1:55 PM,3:10 PM,75,1 hr 15 min,Economy,6589.0,3846.21,1809.98,650.0,282.81,0.0,2742.79,True,0,Non-Stop,00ceb7b76293
SCR_GF_1789324597_009,2026-09-14 00:06:32,2026-09-15,1,google_flights,BOM,GOI,BOM-GOI,BOM,GOI,Air India Express,Air India Express,IX (Direct),12:25 PM,1:45 PM,80,1 hr 20 min,Economy,7019.0,4124.69,1941.02,650.0,303.29,0.0,2894.31,True,0,Non-Stop,844a74a20161
SCR_GF_1789324597_010,2026-09-14 00:06:32,2026-09-15,1,google_flights,BOM,GOI,BOM-GOI,BOM,GOI,Air India,Air India,AI (Direct),3:30 PM,4:50 PM,80,1 hr 20 min,Economy,7084.0,4166.78,1960.84,650.0,306.38,0.0,2917.22,True,0,Non-Stop,b1dd066f9fe4
SCR_GF_1789324598_011,2026-09-14 00:06:32,2026-09-15,1,google_flights,BOM,GOI,BOM-GOI,BOM,GOI,IndiGo,IndiGo,6E (Direct),9:15 AM,10:30 AM,75,1 hr 15 min,Economy,7386.0,4362.36,2052.88,650.0,320.76,0.0,3023.64,True,0,Non-Stop,9b363c9a7941
SCR_GF_1789324598_012,2026-09-14 00:06:32,2026-09-15,1,google_flights,BOM,GOI,BOM-GOI,BOM,GOI,IndiGo,IndiGo,6E (Direct),4:40 PM,6:05 PM,85,1 hr 25 min,Economy,8164.0,4866.21,2289.98,650.0,357.81,0.0,3297.79,True,0,Non-Stop,03fe597128bb
SCR_GF_1789324598_013,2026-09-14 00:06:32,2026-09-15,1,google_flights,BOM,GOI,BOM-GOI,BOM,GOI,IndiGo,IndiGo,6E (Direct),11:20 AM,12:30 PM,70,1 hr 10 min,Economy,9004.0,5410.21,2545.98,650.0,397.81,0.0,3593.79,True,0,Non-Stop,2bf9e47a2a70
SCR_GF_1789324598_014,2026-09-14 00:06:32,2026-09-15,1,google_flights,BOM,GOI,BOM-GOI,BOM,GOI,Air India,Air India,AI (Direct),5:10 AM,6:30 AM,80,1 hr 20 min,Economy,16954.0,10558.78,4968.84,650.0,776.38,0.0,6395.22,True,0,Non-Stop,f9a7ddbc1c6f
SCR_GF_1789324598_015,2026-09-14 00:06:32,2026-09-15,1,google_flights,BOM,GOI,BOM-GOI,BOM,GOI,Air India,Air India,AI (Direct),1:05 PM,2:20 PM,75,1 hr 15 min,Economy,16954.0,10558.78,4968.84,650.0,776.38,0.0,6395.22,True,0,Non-Stop,13e00cd87c6c
SCR_GF_1789324598_017,2026-09-14 00:06:32,2026-09-15,1,google_flights,BOM,GOI,BOM-GOI,BOM,GOI,IndiGo,IndiGo,6E (Direct),10:10,11:30,80,1 hr 20 min,Economy,5014.0,2826.21,1329.98,650.0,207.81,0.0,2187.79,True,0,Non-Stop,d1028c1f1361
SCR_GF_1789324598_018,2026-09-14 00:06:32,2026-09-15,1,google_flights,BOM,GOI,BOM-GOI,BOM,GOI,IndiGo,IndiGo,6E (Direct),6:25,7:50,85,1 hr 25 min,Economy,5490.0,3134.48,1475.04,650.0,230.48,0.0,2355.52,True,0,Non-Stop,d28a1d13eb37
SCR_GF_1789324599_019,2026-09-14 00:06:32,2026-09-15,1,google_flights,BOM,GOI,BOM-GOI,BOM,GOI,IndiGo,IndiGo,6E (Direct),7:20,8:50,90,1 hr 30 min,Economy,5520.0,3153.9,1484.2,650.0,231.9,0.0,2366.1,True,0,Non-Stop,d9e5e17cef86
SCR_GF_1789324599_020,2026-09-14 00:06:32,2026-09-15,1,google_flights,BOM,GOI,BOM-GOI,BOM,GOI,IndiGo,IndiGo,6E (Direct),5:00,6:05,65,1 hr 5 min,Economy,5854.0,3370.21,1585.98,650.0,247.81,0.0,2483.79,True,0,Non-Stop,cce81d284814
SCR_GF_1789324599_021,2026-09-14 00:06:32,2026-09-15,1,google_flights,BOM,GOI,BOM-GOI,BOM,GOI,IndiGo,IndiGo,6E (Direct),7:10,8:25,75,1 hr 15 min,Economy,5916.0,3410.36,1604.88,650.0,250.76,0.0,2505.64,True,0,Non-Stop,c6dfaaa37bdc
SCR_GF_1789324599_022,2026-09-14 00:06:32,2026-09-15,1,google_flights,BOM,GOI,BOM-GOI,BOM,GOI,IndiGo,IndiGo,6E (Direct),1:05,2:30,85,1 hr 25 min,Economy,6004.0,3467.35,1631.7,650.0,254.95,0.0,2536.65,True,0,Non-Stop,f747b08fb884
SCR_GF_1789324599_023,2026-09-14 00:06:32,2026-09-15,1,google_flights,BOM,GOI,BOM-GOI,BOM,GOI,IndiGo,IndiGo,6E (Direct),4:30,5:50,80,1 hr 20 min,Economy,6441.0,3750.36,1764.88,650.0,275.76,0.0,2690.64,True,0,Non-Stop,405a8df4f665
SCR_GF_1789324599_024,2026-09-14 00:06:32,2026-09-15,1,google_flights,BOM,GOI,BOM-GOI,BOM,GOI,IndiGo,IndiGo,6E (Direct),1:55,3:10,75,1 hr 15 min,Economy,6589.0,3846.21,1809.98,650.0,282.81,0.0,2742.79,True,0,Non-Stop,ae929a035215
SCR_GF_1789324599_025,2026-09-14 00:06:32,2026-09-15,1,google_flights,BOM,GOI,BOM-GOI,BOM,GOI,IndiGo,IndiGo,6E (Direct),12:25,1:45,80,1 hr 20 min,Economy,7019.0,4124.69,1941.02,650.0,303.29,0.0,2894.31,True,0,Non-Stop,990e024e13ca
SCR_GF_1789324599_026,2026-09-14 00:06:32,2026-09-15,1,google_flights,BOM,GOI,BOM-GOI,BOM,GOI,IndiGo,IndiGo,6E (Direct),3:30,4:50,80,1 hr 20 min,Economy,7084.0,4166.78,1960.84,650.0,306.38,0.0,2917.22,True,0,Non-Stop,dfaba1cf0d15
SCR_GF_1789324599_027,2026-09-14 00:06:32,2026-09-15,1,google_flights,BOM,GOI,BOM-GOI,BOM,GOI,IndiGo,IndiGo,6E (Direct),9:15,10:30,75,1 hr 15 min,Economy,7386.0,4362.36,2052.88,650.0,320.76,0.0,3023.64,True,0,Non-Stop,c34cf0ebe57d
SCR_GF_1789324599_028,2026-09-14 00:06:32,2026-09-15,1,google_flights,BOM,GOI,BOM-GOI,BOM,GOI,IndiGo,IndiGo,6E (Direct),4:40,6:05,85,1 hr 25 min,Economy,8164.0,4866.21,2289.98,650.0,357.81,0.0,3297.79,True,0,Non-Stop,58727eb1b0fe
SCR_GF_1789324599_029,2026-09-14 00:06:32,2026-09-15,1,google_flights,BOM,GOI,BOM-GOI,BOM,GOI,IndiGo,IndiGo,6E (Direct),11:20,12:30,70,1 hr 10 min,Economy,9004.0,5410.21,2545.98,650.0,397.81,0.0,3593.79,True,0,Non-Stop,11cc721dd7cc
SCR_GF_1789324599_030,2026-09-14 00:06:32,2026-09-15,1,google_flights,BOM,GOI,BOM-GOI,BOM,GOI,IndiGo,IndiGo,6E (Direct),5:10,6:30,80,1 hr 20 min,Economy,16954.0,10558.78,4968.84,650.0,776.38,0.0,6395.22,True,0,Non-Stop,4a49dd9ca711
SCR_GF_1789324600_031,2026-09-14 00:06:32,2026-09-15,1,google_flights,BOM,GOI,BOM-GOI,BOM,GOI,IndiGo,IndiGo,6E (Direct),1:05,2:20,75,1 hr 15 min,Economy,16954.0,10558.78,4968.84,650.0,776.38,0.0,6395.22,True,0,Non-Stop,9ff5eda9559b
SCR_GF_1789324605_001,2026-09-14 00:06:40,2026-09-21,7,google_flights,BOM,GOI,BOM-GOI,BOM,GOI,IndiGo,IndiGo,6E (Direct),5:00 AM,6:05 AM,65,1 hr 5 min,Economy,3964.0,2146.21,1009.98,650.0,157.81,0.0,1817.79,True,0,Non-Stop,7ed7ad78b5f9
SCR_GF_1789324605_002,2026-09-14 00:06:40,2026-09-21,7,google_flights,BOM,GOI,BOM-GOI,BOM,GOI,IndiGo,IndiGo,6E (Direct),4:40 PM,6:05 PM,85,1 hr 25 min,Economy,3964.0,2146.21,1009.98,650.0,157.81,0.0,1817.79,True,0,Non-Stop,4c15e6c423d6
SCR_GF_1789324605_003,2026-09-14 00:06:40,2026-09-21,7,google_flights,BOM,GOI,BOM-GOI,BOM,GOI,IndiGo,IndiGo,6E (Direct),10:10 PM,11:30 PM,80,1 hr 20 min,Economy,3964.0,2146.21,1009.98,650.0,157.81,0.0,1817.79,True,0,Non-Stop,dd5c5210352d
SCR_GF_1789324605_004,2026-09-14 00:06:40,2026-09-21,7,google_flights,BOM,GOI,BOM-GOI,BOM,GOI,Air India,Air India,AI (Direct),5:10 AM,6:30 AM,80,1 hr 20 min,Economy,4018.0,2181.18,1026.44,650.0,160.38,0.0,1836.82,True,0,Non-Stop,d9acd6565f9e
SCR_GF_1789324605_005,2026-09-14 00:06:40,2026-09-21,7,google_flights,BOM,GOI,BOM-GOI,BOM,GOI,Air India Express,Air India Express,IX (Direct),4:30 PM,5:50 PM,80,1 hr 20 min,Economy,4446.0,2458.36,1156.88,650.0,180.76,0.0,1987.64,True,0,Non-Stop,df54f78cc940
SCR_GF_1789324605_006,2026-09-14 00:06:40,2026-09-21,7,google_flights,BOM,GOI,BOM-GOI,BOM,GOI,Air India,Air India,AI (Direct),7:20 PM,8:50 PM,90,1 hr 30 min,Economy,4223.0,2313.94,1088.92,650.0,170.14,0.0,1909.06,True,0,Non-Stop,8223df722d08
SCR_GF_1789324606_007,2026-09-14 00:06:40,2026-09-21,7,google_flights,BOM,GOI,BOM-GOI,BOM,GOI,IndiGo,IndiGo,6E (Direct),7:10 PM,8:25 PM,75,1 hr 15 min,Economy,4446.0,2458.36,1156.88,650.0,180.76,0.0,1987.64,True,0,Non-Stop,eff6ee3c6a1b
SCR_GF_1789324606_008,2026-09-14 00:06:40,2026-09-21,7,google_flights,BOM,GOI,BOM-GOI,BOM,GOI,Air India,Air India,AI (Direct),3:30 PM,4:50 PM,80,1 hr 20 min,Economy,4648.0,2589.18,1218.44,650.0,190.38,0.0,2058.82,True,0,Non-Stop,a6571819672c
SCR_GF_1789324606_009,2026-09-14 00:06:40,2026-09-21,7,google_flights,BOM,GOI,BOM-GOI,BOM,GOI,IndiGo,IndiGo,6E (Direct),1:55 PM,3:10 PM,75,1 hr 15 min,Economy,4804.0,2690.21,1265.98,650.0,197.81,0.0,2113.79,True,0,Non-Stop,0ef5544420f2
SCR_GF_1789324606_010,2026-09-14 00:06:40,2026-09-21,7,google_flights,BOM,GOI,BOM-GOI,BOM,GOI,Air India,Air India,AI (Direct),1:05 PM,2:20 PM,75,1 hr 15 min,Economy,5520.0,3153.9,1484.2,650.0,231.9,0.0,2366.1,True,0,Non-Stop,008787b1ee1b
SCR_GF_1789324606_011,2026-09-14 00:06:40,2026-09-21,7,google_flights,BOM,GOI,BOM-GOI,BOM,GOI,Air India Express,Air India Express,IX (Direct),12:25 PM,1:45 PM,80,1 hr 20 min,Economy,7019.0,4124.69,1941.02,650.0,303.29,0.0,2894.31,True,0,Non-Stop,fe2d68d5182c
SCR_GF_1789324606_012,2026-09-14 00:06:40,2026-09-21,7,google_flights,BOM,GOI,BOM-GOI,BOM,GOI,IndiGo,IndiGo,6E (Direct),9:15 AM,10:30 AM,75,1 hr 15 min,Economy,8541.0,5110.36,2404.88,650.0,375.76,0.0,3430.64,True,0,Non-Stop,932c26e45b61
SCR_GF_1789324606_013,2026-09-14 00:06:40,2026-09-21,7,google_flights,BOM,GOI,BOM-GOI,BOM,GOI,IndiGo,IndiGo,6E (Direct),11:20 AM,12:30 PM,70,1 hr 10 min,Economy,10054.0,6090.21,2865.98,650.0,447.81,0.0,3963.79,True,0,Non-Stop,e979ea1c3e56
SCR_GF_1789324606_014,2026-09-14 00:06:40,2026-09-21,7,google_flights,BOM,GOI,BOM-GOI,BOM,GOI,Air India,Air India,AI (Direct),11:20 AM,12:40 PM,80,1 hr 20 min,Economy,10376.0,6298.74,2964.12,650.0,463.14,0.0,4077.26,True,0,Non-Stop,eb44a1ea8b11
SCR_GF_1789324608_017,2026-09-14 00:06:40,2026-09-21,7,google_flights,BOM,GOI,BOM-GOI,BOM,GOI,IndiGo,IndiGo,6E (Direct),5:00,6:05,65,1 hr 5 min,Economy,3964.0,2146.21,1009.98,650.0,157.81,0.0,1817.79,True,0,Non-Stop,4a7f6635e3ee
SCR_GF_1789324608_018,2026-09-14 00:06:40,2026-09-21,7,google_flights,BOM,GOI,BOM-GOI,BOM,GOI,IndiGo,IndiGo,6E (Direct),4:40,6:05,85,1 hr 25 min,Economy,3964.0,2146.21,1009.98,650.0,157.81,0.0,1817.79,True,0,Non-Stop,cbb5a7bd6352
SCR_GF_1789324608_019,2026-09-14 00:06:40,2026-09-21,7,google_flights,BOM,GOI,BOM-GOI,BOM,GOI,IndiGo,IndiGo,6E (Direct),10:10,11:30,80,1 hr 20 min,Economy,3964.0,2146.21,1009.98,650.0,157.81,0.0,1817.79,True,0,Non-Stop,a19381299ed7
SCR_GF_1789324608_020,2026-09-14 00:06:40,2026-09-21,7,google_flights,BOM,GOI,BOM-GOI,BOM,GOI,IndiGo,IndiGo,6E (Direct),5:10,6:30,80,1 hr 20 min,Economy,4018.0,2181.18,1026.44,650.0,160.38,0.0,1836.82,True,0,Non-Stop,ac52737bc42d
SCR_GF_1789324608_021,2026-09-14 00:06:40,2026-09-21,7,google_flights,BOM,GOI,BOM-GOI,BOM,GOI,IndiGo,IndiGo,6E (Direct),4:30,5:50,80,1 hr 20 min,Economy,4446.0,2458.36,1156.88,650.0,180.76,0.0,1987.64,True,0,Non-Stop,b104ee362538
SCR_GF_1789324608_022,2026-09-14 00:06:40,2026-09-21,7,google_flights,BOM,GOI,BOM-GOI,BOM,GOI,IndiGo,IndiGo,6E (Direct),7:20,8:50,90,1 hr 30 min,Economy,4223.0,2313.94,1088.92,650.0,170.14,0.0,1909.06,True,0,Non-Stop,027d87956c88
SCR_GF_1789324609_023,2026-09-14 00:06:40,2026-09-21,7,google_flights,BOM,GOI,BOM-GOI,BOM,GOI,IndiGo,IndiGo,6E (Direct),7:10,8:25,75,1 hr 15 min,Economy,4446.0,2458.36,1156.88,650.0,180.76,0.0,1987.64,True,0,Non-Stop,d1581064d4d5
SCR_GF_1789324609_024,2026-09-14 00:06:40,2026-09-21,7,google_flights,BOM,GOI,BOM-GOI,BOM,GOI,IndiGo,IndiGo,6E (Direct),3:30,4:50,80,1 hr 20 min,Economy,4648.0,2589.18,1218.44,650.0,190.38,0.0,2058.82,True,0,Non-Stop,eb0c92b97a33
SCR_GF_1789324609_025,2026-09-14 00:06:40,2026-09-21,7,google_flights,BOM,GOI,BOM-GOI,BOM,GOI,IndiGo,IndiGo,6E (Direct),1:55,3:10,75,1 hr 15 min,Economy,4804.0,2690.21,1265.98,650.0,197.81,0.0,2113.79,True,0,Non-Stop,a739fac8fbb0
SCR_GF_1789324609_026,2026-09-14 00:06:40,2026-09-21,7,google_flights,BOM,GOI,BOM-GOI,BOM,GOI,IndiGo,IndiGo,6E (Direct),1:05,2:20,75,1 hr 15 min,Economy,5520.0,3153.9,1484.2,650.0,231.9,0.0,2366.1,True,0,Non-Stop,101c6c00e129
SCR_GF_1789324609_027,2026-09-14 00:06:40,2026-09-21,7,google_flights,BOM,GOI,BOM-GOI,BOM,GOI,IndiGo,IndiGo,6E (Direct),12:25,1:45,80,1 hr 20 min,Economy,7019.0,4124.69,1941.02,650.0,303.29,0.0,2894.31,True,0,Non-Stop,f580b25603a6
SCR_GF_1789324609_028,2026-09-14 00:06:40,2026-09-21,7,google_flights,BOM,GOI,BOM-GOI,BOM,GOI,IndiGo,IndiGo,6E (Direct),9:15,10:30,75,1 hr 15 min,Economy,8541.0,5110.36,2404.88,650.0,375.76,0.0,3430.64,True,0,Non-Stop,0cefdd5d4640
SCR_GF_1789324609_029,2026-09-14 00:06:40,2026-09-21,7,google_flights,BOM,GOI,BOM-GOI,BOM,GOI,IndiGo,IndiGo,6E (Direct),11:20,12:30,70,1 hr 10 min,Economy,10054.0,6090.21,2865.98,650.0,447.81,0.0,3963.79,True,0,Non-Stop,3179e31e4a93
SCR_GF_1789324609_030,2026-09-14 00:06:40,2026-09-21,7,google_flights,BOM,GOI,BOM-GOI,BOM,GOI,IndiGo,IndiGo,6E (Direct),11:20,12:40,80,1 hr 20 min,Economy,10376.0,6298.74,2964.12,650.0,463.14,0.0,4077.26,True,0,Non-Stop,c1f0a00354bf
SCR_GF_1789324616_001,2026-09-14 00:06:51,2026-09-29,15,google_flights,BOM,GOI,BOM-GOI,BOM,GOI,IndiGo,IndiGo,6E (Direct),7:10 PM,8:25 PM,75,1 hr 15 min,Economy,3810.0,2046.48,963.04,650.0,150.48,0.0,1763.52,True,0,Non-Stop,17e317a24c2d
SCR_GF_1789324616_002,2026-09-14 00:06:51,2026-09-29,15,google_flights,BOM,GOI,BOM-GOI,BOM,GOI,Air India,Air India,AI (Direct),7:20 PM,8:50 PM,90,1 hr 30 min,Economy,4223.0,2313.94,1088.92,650.0,170.14,0.0,1909.06,True,0,Non-Stop,650a3676e2c0
SCR_GF_1789324616_003,2026-09-14 00:06:51,2026-09-29,15,google_flights,BOM,GOI,BOM-GOI,BOM,GOI,Akasa Air,Akasa Air,QP (Direct),6:25 PM,7:50 PM,85,1 hr 25 min,Economy,4625.0,2574.29,1211.42,650.0,189.29,0.0,2050.71,True,0,Non-Stop,666b424fa27e
SCR_GF_1789324616_004,2026-09-14 00:06:51,2026-09-29,15,google_flights,BOM,GOI,BOM-GOI,BOM,GOI,IndiGo,IndiGo,6E (Direct),10:10 PM,11:30 PM,80,1 hr 20 min,Economy,4384.0,2418.21,1137.98,650.0,177.81,0.0,1965.79,True,0,Non-Stop,b43ad39b1bd4
SCR_GF_1789324616_005,2026-09-14 00:06:51,2026-09-29,15,google_flights,BOM,GOI,BOM-GOI,BOM,GOI,Air India Express,Air India Express,IX (Direct),4:30 PM,5:50 PM,80,1 hr 20 min,Economy,4685.0,2613.14,1229.72,650.0,192.14,0.0,2071.86,True,0,Non-Stop,9300c89e93dc
SCR_GF_1789324616_006,2026-09-14 00:06:51,2026-09-29,15,google_flights,BOM,GOI,BOM-GOI,BOM,GOI,IndiGo,IndiGo,6E (Direct),4:40 PM,6:05 PM,85,1 hr 25 min,Economy,4804.0,2690.21,1265.98,650.0,197.81,0.0,2113.79,True,0,Non-Stop,a41947c2dc49
SCR_GF_1789324616_007,2026-09-14 00:06:51,2026-09-29,15,google_flights,BOM,GOI,BOM-GOI,BOM,GOI,Air India,Air India,AI (Direct),3:30 PM,4:50 PM,80,1 hr 20 min,Economy,5073.0,2864.42,1347.96,650.0,210.62,0.0,2208.58,True,0,Non-Stop,6c2977e5fed9
SCR_GF_1789324616_008,2026-09-14 00:06:51,2026-09-29,15,google_flights,BOM,GOI,BOM-GOI,BOM,GOI,IndiGo,IndiGo,6E (Direct),5:00 AM,6:05 AM,65,1 hr 5 min,Economy,5539.0,3166.21,1489.98,650.0,232.81,0.0,2372.79,True,0,Non-Stop,4d3117afa4ee
SCR_GF_1789324617_009,2026-09-14 00:06:51,2026-09-29,15,google_flights,BOM,GOI,BOM-GOI,BOM,GOI,IndiGo,IndiGo,6E (Direct),11:20 AM,12:30 PM,70,1 hr 10 min,Economy,5854.0,3370.21,1585.98,650.0,247.81,0.0,2483.79,True,0,Non-Stop,18aba1224f67
SCR_GF_1789324617_010,2026-09-14 00:06:51,2026-09-29,15,google_flights,BOM,GOI,BOM-GOI,BOM,GOI,Air India,Air India,AI (Direct),5:10 AM,6:30 AM,80,1 hr 20 min,Economy,6150.0,3561.9,1676.2,650.0,261.9,0.0,2588.1,True,0,Non-Stop,4cd3a84b7322
SCR_GF_1789324617_011,2026-09-14 00:06:51,2026-09-29,15,google_flights,BOM,GOI,BOM-GOI,BOM,GOI,IndiGo,IndiGo,6E (Direct),1:55 PM,3:10 PM,75,1 hr 15 min,Economy,6169.0,3574.21,1681.98,650.0,262.81,0.0,2594.79,True,0,Non-Stop,73135d8034b2
SCR_GF_1789324617_012,2026-09-14 00:06:51,2026-09-29,15,google_flights,BOM,GOI,BOM-GOI,BOM,GOI,Akasa Air,Akasa Air,QP (Direct),1:05 PM,2:30 PM,85,1 hr 25 min,Economy,6286.0,3649.98,1717.64,650.0,268.38,0.0,2636.02,True,0,Non-Stop,cded331bd2a7
SCR_GF_1789324617_013,2026-09-14 00:06:51,2026-09-29,15,google_flights,BOM,GOI,BOM-GOI,BOM,GOI,Air India,Air India,AI (Direct),1:05 PM,2:20 PM,75,1 hr 15 min,Economy,7084.0,4166.78,1960.84,650.0,306.38,0.0,2917.22,True,0,Non-Stop,5ff939565ce9
SCR_GF_1789324617_014,2026-09-14 00:06:51,2026-09-29,15,google_flights,BOM,GOI,BOM-GOI,BOM,GOI,IndiGo,IndiGo,6E (Direct),9:15 AM,10:30 AM,75,1 hr 15 min,Economy,7800.0,4630.48,2179.04,650.0,340.48,0.0,3169.52,True,0,Non-Stop,ac232b812555
SCR_GF_1789324617_015,2026-09-14 00:06:51,2026-09-29,15,google_flights,BOM,GOI,BOM-GOI,BOM,GOI,Air India Express,Air India Express,IX (Direct),12:25 PM,1:45 PM,80,1 hr 20 min,Economy,9539.0,5756.69,2709.02,650.0,423.29,0.0,3782.31,True,0,Non-Stop,069be6657cd1
SCR_GF_1789324619_018,2026-09-14 00:06:51,2026-09-29,15,google_flights,BOM,GOI,BOM-GOI,BOM,GOI,IndiGo,IndiGo,6E (Direct),7:10,8:25,75,1 hr 15 min,Economy,3810.0,2046.48,963.04,650.0,150.48,0.0,1763.52,True,0,Non-Stop,abafd66420de
SCR_GF_1789324619_019,2026-09-14 00:06:51,2026-09-29,15,google_flights,BOM,GOI,BOM-GOI,BOM,GOI,IndiGo,IndiGo,6E (Direct),7:20,8:50,90,1 hr 30 min,Economy,4223.0,2313.94,1088.92,650.0,170.14,0.0,1909.06,True,0,Non-Stop,ce2855d31fef
SCR_GF_1789324619_020,2026-09-14 00:06:51,2026-09-29,15,google_flights,BOM,GOI,BOM-GOI,BOM,GOI,IndiGo,IndiGo,6E (Direct),6:25,7:50,85,1 hr 25 min,Economy,4625.0,2574.29,1211.42,650.0,189.29,0.0,2050.71,True,0,Non-Stop,d4bed87f6668
SCR_GF_1789324619_021,2026-09-14 00:06:51,2026-09-29,15,google_flights,BOM,GOI,BOM-GOI,BOM,GOI,IndiGo,IndiGo,6E (Direct),10:10,11:30,80,1 hr 20 min,Economy,4384.0,2418.21,1137.98,650.0,177.81,0.0,1965.79,True,0,Non-Stop,4cb440ad1c9e
SCR_GF_1789324619_022,2026-09-14 00:06:51,2026-09-29,15,google_flights,BOM,GOI,BOM-GOI,BOM,GOI,IndiGo,IndiGo,6E (Direct),4:30,5:50,80,1 hr 20 min,Economy,4685.0,2613.14,1229.72,650.0,192.14,0.0,2071.86,True,0,Non-Stop,8204bf2cfe98
SCR_GF_1789324619_023,2026-09-14 00:06:51,2026-09-29,15,google_flights,BOM,GOI,BOM-GOI,BOM,GOI,IndiGo,IndiGo,6E (Direct),4:40,6:05,85,1 hr 25 min,Economy,4804.0,2690.21,1265.98,650.0,197.81,0.0,2113.79,True,0,Non-Stop,ab10de3acf62
SCR_GF_1789324620_024,2026-09-14 00:06:51,2026-09-29,15,google_flights,BOM,GOI,BOM-GOI,BOM,GOI,IndiGo,IndiGo,6E (Direct),3:30,4:50,80,1 hr 20 min,Economy,5073.0,2864.42,1347.96,650.0,210.62,0.0,2208.58,True,0,Non-Stop,d1d93b03d2ef
SCR_GF_1789324620_025,2026-09-14 00:06:51,2026-09-29,15,google_flights,BOM,GOI,BOM-GOI,BOM,GOI,IndiGo,IndiGo,6E (Direct),5:00,6:05,65,1 hr 5 min,Economy,5539.0,3166.21,1489.98,650.0,232.81,0.0,2372.79,True,0,Non-Stop,efb360313b5c
SCR_GF_1789324620_026,2026-09-14 00:06:51,2026-09-29,15,google_flights,BOM,GOI,BOM-GOI,BOM,GOI,IndiGo,IndiGo,6E (Direct),11:20,12:30,70,1 hr 10 min,Economy,5854.0,3370.21,1585.98,650.0,247.81,0.0,2483.79,True,0,Non-Stop,2694be7d46bc
SCR_GF_1789324620_027,2026-09-14 00:06:51,2026-09-29,15,google_flights,BOM,GOI,BOM-GOI,BOM,GOI,IndiGo,IndiGo,6E (Direct),5:10,6:30,80,1 hr 20 min,Economy,6150.0,3561.9,1676.2,650.0,261.9,0.0,2588.1,True,0,Non-Stop,5b78f3176785
SCR_GF_1789324620_028,2026-09-14 00:06:51,2026-09-29,15,google_flights,BOM,GOI,BOM-GOI,BOM,GOI,IndiGo,IndiGo,6E (Direct),1:55,3:10,75,1 hr 15 min,Economy,6169.0,3574.21,1681.98,650.0,262.81,0.0,2594.79,True,0,Non-Stop,407b9d9a535f
SCR_GF_1789324620_029,2026-09-14 00:06:51,2026-09-29,15,google_flights,BOM,GOI,BOM-GOI,BOM,GOI,IndiGo,IndiGo,6E (Direct),1:05,2:30,85,1 hr 25 min,Economy,6286.0,3649.98,1717.64,650.0,268.38,0.0,2636.02,True,0,Non-Stop,e706c57434f5
SCR_GF_1789324620_030,2026-09-14 00:06:51,2026-09-29,15,google_flights,BOM,GOI,BOM-GOI,BOM,GOI,IndiGo,IndiGo,6E (Direct),1:05,2:20,75,1 hr 15 min,Economy,7084.0,4166.78,1960.84,650.0,306.38,0.0,2917.22,True,0,Non-Stop,46411fe4326b
SCR_GF_1789324621_031,2026-09-14 00:06:51,2026-09-29,15,google_flights,BOM,GOI,BOM-GOI,BOM,GOI,IndiGo,IndiGo,6E (Direct),9:15,10:30,75,1 hr 15 min,Economy,7800.0,4630.48,2179.04,650.0,340.48,0.0,3169.52,True,0,Non-Stop,00be9fe0e87a
SCR_GF_1789324621_032,2026-09-14 00:06:51,2026-09-29,15,google_flights,BOM,GOI,BOM-GOI,BOM,GOI,IndiGo,IndiGo,6E (Direct),12:25,1:45,80,1 hr 20 min,Economy,9539.0,5756.69,2709.02,650.0,423.29,0.0,3782.31,True,0,Non-Stop,bff8f7cd70f8
SCR_GF_1789324628_001,2026-09-14 00:07:02,2026-09-15,1,google_flights,DEL,PNQ,DEL-PNQ,DEL,PNQ,Air India,Air India,AI (Direct),5:40 PM,7:50 PM,130,2 hr 10 min,Economy,7139.0,4163.54,1959.32,710.0,306.14,0.0,2975.46,True,0,Non-Stop,8ed7dcfcbd47
SCR_GF_1789324628_002,2026-09-14 00:07:02,2026-09-15,1,google_flights,DEL,PNQ,DEL-PNQ,DEL,PNQ,IndiGo,IndiGo,6E (Direct),4:25 PM,6:30 PM,125,2 hr 5 min,Economy,7336.0,4291.12,2019.36,710.0,315.52,0.0,3044.88,True,0,Non-Stop,3bc7b5c1b44c
SCR_GF_1789324628_003,2026-09-14 00:07:02,2026-09-15,1,google_flights,DEL,PNQ,DEL-PNQ,DEL,PNQ,Akasa Air,Akasa Air,QP (Direct),3:00 PM,5:15 PM,135,2 hr 15 min,Economy,7384.0,4322.21,2033.98,710.0,317.81,0.0,3061.79,True,0,Non-Stop,b1d29a5814e9
SCR_GF_1789324628_004,2026-09-14 00:07:02,2026-09-15,1,google_flights,DEL,PNQ,DEL-PNQ,DEL,PNQ,Air India,Air India,AI (Direct),2:00 AM,4:15 AM,135,2 hr 15 min,Economy,6929.0,4027.54,1895.32,710.0,296.14,0.0,2901.46,True,0,Non-Stop,cdebc9bccace
SCR_GF_1789324628_005,2026-09-14 00:07:02,2026-09-15,1,google_flights,DEL,PNQ,DEL-PNQ,DEL,PNQ,Air India,Air India,AI (Direct),4:45 AM,6:55 AM,130,2 hr 10 min,Economy,6929.0,4027.54,1895.32,710.0,296.14,0.0,2901.46,True,0,Non-Stop,12ce9633be86
SCR_GF_1789324629_006,2026-09-14 00:07:02,2026-09-15,1,google_flights,DEL,PNQ,DEL-PNQ,DEL,PNQ,Air India,Air India,AI (Direct),11:50 PM,2:05 AM,135,2 hr 15 min,Economy,6929.0,4027.54,1895.32,710.0,296.14,0.0,2901.46,True,0,Non-Stop,9df75e1a64fe
SCR_GF_1789324629_007,2026-09-14 00:07:02,2026-09-15,1,google_flights,DEL,PNQ,DEL-PNQ,DEL,PNQ,IndiGo,IndiGo,6E (Direct),2:20 AM,4:25 AM,125,2 hr 5 min,Economy,6930.0,4028.19,1895.62,710.0,296.19,0.0,2901.81,True,0,Non-Stop,bcf90c2c2e7a
SCR_GF_1789324629_008,2026-09-14 00:07:02,2026-09-15,1,google_flights,DEL,PNQ,DEL-PNQ,DEL,PNQ,IndiGo,IndiGo,6E (Direct),4:40 AM,6:45 AM,125,2 hr 5 min,Economy,6930.0,4028.19,1895.62,710.0,296.19,0.0,2901.81,True,0,Non-Stop,a85fbeb5bce0
SCR_GF_1789324629_009,2026-09-14 00:07:02,2026-09-15,1,google_flights,DEL,PNQ,DEL-PNQ,DEL,PNQ,IndiGo,IndiGo,6E (Direct),11:00 PM,1:05 AM,125,2 hr 5 min,Economy,6930.0,4028.19,1895.62,710.0,296.19,0.0,2901.81,True,0,Non-Stop,03853ee77dc3
SCR_GF_1789324629_010,2026-09-14 00:07:02,2026-09-15,1,google_flights,DEL,PNQ,DEL-PNQ,DEL,PNQ,Air India,Air India,AI (Direct),7:10 PM,9:15 PM,125,2 hr 5 min,Economy,7139.0,4163.54,1959.32,710.0,306.14,0.0,2975.46,True,0,Non-Stop,2e6263e1041f
SCR_GF_1789324629_011,2026-09-14 00:07:02,2026-09-15,1,google_flights,DEL,PNQ,DEL-PNQ,DEL,PNQ,Air India,Air India,AI (Direct),5:45 AM,8:05 AM,140,2 hr 20 min,Economy,7333.0,4289.18,2018.44,710.0,315.38,0.0,3043.82,True,0,Non-Stop,8a5bffa10407
SCR_GF_1789324629_012,2026-09-14 00:07:02,2026-09-15,1,google_flights,DEL,PNQ,DEL-PNQ,DEL,PNQ,IndiGo,IndiGo,6E (Direct),6:15 PM,8:20 PM,125,2 hr 5 min,Economy,7336.0,4291.12,2019.36,710.0,315.52,0.0,3044.88,True,0,Non-Stop,0d9d865cdaff
SCR_GF_1789324630_013,2026-09-14 00:07:02,2026-09-15,1,google_flights,DEL,PNQ,DEL-PNQ,DEL,PNQ,IndiGo,IndiGo,6E (Direct),9:15 PM,11:20 PM,125,2 hr 5 min,Economy,7336.0,4291.12,2019.36,710.0,315.52,0.0,3044.88,True,0,Non-Stop,052f747716d3
SCR_GF_1789324630_014,2026-09-14 00:07:02,2026-09-15,1,google_flights,DEL,PNQ,DEL-PNQ,DEL,PNQ,Air India,Air India,AI (Direct),4:00 PM,6:15 PM,135,2 hr 15 min,Economy,7459.0,4370.78,2056.84,710.0,321.38,0.0,3088.22,True,0,Non-Stop,3f919b64c029
SCR_GF_1789324630_015,2026-09-14 00:07:02,2026-09-15,1,google_flights,DEL,PNQ,DEL-PNQ,DEL,PNQ,Air India,Air India,AI (Direct),8:50 PM,11:05 PM,135,2 hr 15 min,Economy,7522.0,4411.58,2076.04,710.0,324.38,0.0,3110.42,True,0,Non-Stop,6c40e58e2bf1
SCR_GF_1789324630_016,2026-09-14 00:07:02,2026-09-15,1,google_flights,DEL,PNQ,DEL-PNQ,DEL,PNQ,Air India Express,Air India Express,IX (Direct),10:25 PM,12:40 AM,135,2 hr 15 min,Economy,7610.0,4468.57,2102.86,710.0,328.57,0.0,3141.43,True,0,Non-Stop,2422e3efbea0
SCR_GF_1789324630_017,2026-09-14 00:07:02,2026-09-15,1,google_flights,DEL,PNQ,DEL-PNQ,DEL,PNQ,Akasa Air,Akasa Air,QP (Direct),6:10 PM,8:25 PM,135,2 hr 15 min,Economy,7969.0,4701.07,2212.26,710.0,345.67,0.0,3267.93,True,0,Non-Stop,21b73b1286e9
SCR_GF_1789324630_018,2026-09-14 00:07:02,2026-09-15,1,google_flights,DEL,PNQ,DEL-PNQ,DEL,PNQ,Air India Express,Air India Express,IX (Direct),3:55 AM,6:40 AM,165,2 hr 45 min,Economy,7987.0,4712.72,2217.76,710.0,346.52,0.0,3274.28,True,0,Non-Stop,ab0e295c24fe
SCR_GF_1789324630_019,2026-09-14 00:07:02,2026-09-15,1,google_flights,DEL,PNQ,DEL-PNQ,DEL,PNQ,SpiceJet,SpiceJet,SG (Direct),4:55 PM,7:25 PM,150,2 hr 30 min,Economy,8282.0,4903.77,2307.66,710.0,360.57,0.0,3378.23,True,0,Non-Stop,2d753b361b96
SCR_GF_1789324630_020,2026-09-14 00:07:02,2026-09-15,1,google_flights,DEL,PNQ,DEL-PNQ,DEL,PNQ,IndiGo,IndiGo,6E (Direct),6:10 AM,8:10 AM,120,2 hr,Economy,8841.0,5265.79,2478.02,710.0,387.19,0.0,3575.21,True,0,Non-Stop,64934cb7e6f3
SCR_GF_1789324631_021,2026-09-14 00:07:02,2026-09-15,1,google_flights,DEL,PNQ,DEL-PNQ,DEL,PNQ,IndiGo,IndiGo,6E (Direct),11:50 AM,2:05 PM,135,2 hr 15 min,Economy,8841.0,5265.79,2478.02,710.0,387.19,0.0,3575.21,True,0,Non-Stop,fa7765bac629
SCR_GF_1789324631_022,2026-09-14 00:07:02,2026-09-15,1,google_flights,DEL,PNQ,DEL-PNQ,DEL,PNQ,Akasa Air,Akasa Air,QP (Direct),10:50 AM,1:05 PM,135,2 hr 15 min,Economy,12065.0,7353.71,3460.58,710.0,540.71,0.0,4711.29,True,0,Non-Stop,5aae425cb62b
SCR_GF_1789324631_023,2026-09-14 00:07:02,2026-09-15,1,google_flights,DEL,PNQ,DEL-PNQ,DEL,PNQ,Air India,Air India,AI (Direct),1:00 PM,3:15 PM,135,2 hr 15 min,Economy,13591.0,8341.98,3925.64,710.0,613.38,0.0,5249.02,True,0,Non-Stop,05238de0dd08
SCR_GF_1789324631_024,2026-09-14 00:07:02,2026-09-15,1,google_flights,DEL,PNQ,DEL-PNQ,DEL,PNQ,IndiGo,IndiGo,6E (Direct),9:40 AM,11:45 AM,125,2 hr 5 min,Economy,14340.0,8827.05,4153.9,710.0,649.05,0.0,5512.95,True,0,Non-Stop,4bde4c9b0fab
SCR_GF_1789324631_025,2026-09-14 00:07:02,2026-09-15,1,google_flights,DEL,PNQ,DEL-PNQ,DEL,PNQ,IndiGo,IndiGo,6E (Direct),5:40,7:50,130,2 hr 10 min,Economy,7139.0,4163.54,1959.32,710.0,306.14,0.0,2975.46,True,0,Non-Stop,9a8058ba58e2
SCR_GF_1789324631_026,2026-09-14 00:07:02,2026-09-15,1,google_flights,DEL,PNQ,DEL-PNQ,DEL,PNQ,IndiGo,IndiGo,6E (Direct),4:25,6:30,125,2 hr 5 min,Economy,7336.0,4291.12,2019.36,710.0,315.52,0.0,3044.88,True,0,Non-Stop,e7318d55ada7
SCR_GF_1789324631_027,2026-09-14 00:07:02,2026-09-15,1,google_flights,DEL,PNQ,DEL-PNQ,DEL,PNQ,IndiGo,IndiGo,6E (Direct),3:00,5:15,135,2 hr 15 min,Economy,7384.0,4322.21,2033.98,710.0,317.81,0.0,3061.79,True,0,Non-Stop,2273d5cc0258
SCR_GF_1789324631_028,2026-09-14 00:07:02,2026-09-15,1,google_flights,DEL,PNQ,DEL-PNQ,DEL,PNQ,IndiGo,IndiGo,6E (Direct),2:00,4:15,135,2 hr 15 min,Economy,6929.0,4027.54,1895.32,710.0,296.14,0.0,2901.46,True,0,Non-Stop,434c837ae26a
SCR_GF_1789324631_029,2026-09-14 00:07:02,2026-09-15,1,google_flights,DEL,PNQ,DEL-PNQ,DEL,PNQ,IndiGo,IndiGo,6E (Direct),4:45,6:55,130,2 hr 10 min,Economy,6929.0,4027.54,1895.32,710.0,296.14,0.0,2901.46,True,0,Non-Stop,feb61ff31ae9
SCR_GF_1789324632_030,2026-09-14 00:07:02,2026-09-15,1,google_flights,DEL,PNQ,DEL-PNQ,DEL,PNQ,IndiGo,IndiGo,6E (Direct),11:50,2:05,135,2 hr 15 min,Economy,6929.0,4027.54,1895.32,710.0,296.14,0.0,2901.46,True,0,Non-Stop,e818aaed2dcb
SCR_GF_1789324632_031,2026-09-14 00:07:02,2026-09-15,1,google_flights,DEL,PNQ,DEL-PNQ,DEL,PNQ,IndiGo,IndiGo,6E (Direct),2:20,4:25,125,2 hr 5 min,Economy,6930.0,4028.19,1895.62,710.0,296.19,0.0,2901.81,True,0,Non-Stop,83d98c2bb050
SCR_GF_1789324632_032,2026-09-14 00:07:02,2026-09-15,1,google_flights,DEL,PNQ,DEL-PNQ,DEL,PNQ,IndiGo,IndiGo,6E (Direct),4:40,6:45,125,2 hr 5 min,Economy,6930.0,4028.19,1895.62,710.0,296.19,0.0,2901.81,True,0,Non-Stop,30a97df7b20f
SCR_GF_1789324632_033,2026-09-14 00:07:02,2026-09-15,1,google_flights,DEL,PNQ,DEL-PNQ,DEL,PNQ,IndiGo,IndiGo,6E (Direct),11:00,1:05,125,2 hr 5 min,Economy,6930.0,4028.19,1895.62,710.0,296.19,0.0,2901.81,True,0,Non-Stop,47f1110ced5a
SCR_GF_1789324632_034,2026-09-14 00:07:02,2026-09-15,1,google_flights,DEL,PNQ,DEL-PNQ,DEL,PNQ,IndiGo,IndiGo,6E (Direct),7:10,9:15,125,2 hr 5 min,Economy,7139.0,4163.54,1959.32,710.0,306.14,0.0,2975.46,True,0,Non-Stop,7a2be4b85b20
SCR_GF_1789324632_035,2026-09-14 00:07:02,2026-09-15,1,google_flights,DEL,PNQ,DEL-PNQ,DEL,PNQ,IndiGo,IndiGo,6E (Direct),5:45,8:05,140,2 hr 20 min,Economy,7333.0,4289.18,2018.44,710.0,315.38,0.0,3043.82,True,0,Non-Stop,fe350b9042be
SCR_GF_1789324632_036,2026-09-14 00:07:02,2026-09-15,1,google_flights,DEL,PNQ,DEL-PNQ,DEL,PNQ,IndiGo,IndiGo,6E (Direct),6:15,8:20,125,2 hr 5 min,Economy,7336.0,4291.12,2019.36,710.0,315.52,0.0,3044.88,True,0,Non-Stop,b49e791a2f82
SCR_GF_1789324632_037,2026-09-14 00:07:02,2026-09-15,1,google_flights,DEL,PNQ,DEL-PNQ,DEL,PNQ,IndiGo,IndiGo,6E (Direct),9:15,11:20,125,2 hr 5 min,Economy,7336.0,4291.12,2019.36,710.0,315.52,0.0,3044.88,True,0,Non-Stop,5d0d09e80fa0
SCR_GF_1789324632_038,2026-09-14 00:07:02,2026-09-15,1,google_flights,DEL,PNQ,DEL-PNQ,DEL,PNQ,IndiGo,IndiGo,6E (Direct),4:00,6:15,135,2 hr 15 min,Economy,7459.0,4370.78,2056.84,710.0,321.38,0.0,3088.22,True,0,Non-Stop,1558969c82e4
SCR_GF_1789324632_039,2026-09-14 00:07:02,2026-09-15,1,google_flights,DEL,PNQ,DEL-PNQ,DEL,PNQ,IndiGo,IndiGo,6E (Direct),8:50,11:05,135,2 hr 15 min,Economy,7522.0,4411.58,2076.04,710.0,324.38,0.0,3110.42,True,0,Non-Stop,7ef74fca0dab
SCR_GF_1789324633_040,2026-09-14 00:07:02,2026-09-15,1,google_flights,DEL,PNQ,DEL-PNQ,DEL,PNQ,IndiGo,IndiGo,6E (Direct),10:25,12:40,135,2 hr 15 min,Economy,7610.0,4468.57,2102.86,710.0,328.57,0.0,3141.43,True,0,Non-Stop,f6bf4bd90340
SCR_GF_1789324633_041,2026-09-14 00:07:02,2026-09-15,1,google_flights,DEL,PNQ,DEL-PNQ,DEL,PNQ,IndiGo,IndiGo,6E (Direct),6:10,8:25,135,2 hr 15 min,Economy,7969.0,4701.07,2212.26,710.0,345.67,0.0,3267.93,True,0,Non-Stop,0545daa78c8a
SCR_GF_1789324633_042,2026-09-14 00:07:02,2026-09-15,1,google_flights,DEL,PNQ,DEL-PNQ,DEL,PNQ,IndiGo,IndiGo,6E (Direct),3:55,6:40,165,2 hr 45 min,Economy,7987.0,4712.72,2217.76,710.0,346.52,0.0,3274.28,True,0,Non-Stop,27f7156fbacc
SCR_GF_1789324633_043,2026-09-14 00:07:02,2026-09-15,1,google_flights,DEL,PNQ,DEL-PNQ,DEL,PNQ,IndiGo,IndiGo,6E (Direct),4:55,7:25,150,2 hr 30 min,Economy,8282.0,4903.77,2307.66,710.0,360.57,0.0,3378.23,True,0,Non-Stop,c085315d5494
SCR_GF_1789324633_044,2026-09-14 00:07:02,2026-09-15,1,google_flights,DEL,PNQ,DEL-PNQ,DEL,PNQ,IndiGo,IndiGo,6E (Direct),6:10,8:10,120,2 hr,Economy,8841.0,5265.79,2478.02,710.0,387.19,0.0,3575.21,True,0,Non-Stop,f9c028fd6ebb
SCR_GF_1789324633_045,2026-09-14 00:07:02,2026-09-15,1,google_flights,DEL,PNQ,DEL-PNQ,DEL,PNQ,IndiGo,IndiGo,6E (Direct),11:50,2:05,135,2 hr 15 min,Economy,8841.0,5265.79,2478.02,710.0,387.19,0.0,3575.21,True,0,Non-Stop,56082fdcced3
SCR_GF_1789324633_046,2026-09-14 00:07:02,2026-09-15,1,google_flights,DEL,PNQ,DEL-PNQ,DEL,PNQ,IndiGo,IndiGo,6E (Direct),10:50,1:05,135,2 hr 15 min,Economy,12065.0,7353.71,3460.58,710.0,540.71,0.0,4711.29,True,0,Non-Stop,ffb43f580309
SCR_GF_1789324633_047,2026-09-14 00:07:02,2026-09-15,1,google_flights,DEL,PNQ,DEL-PNQ,DEL,PNQ,IndiGo,IndiGo,6E (Direct),1:00,3:15,135,2 hr 15 min,Economy,13591.0,8341.98,3925.64,710.0,613.38,0.0,5249.02,True,0,Non-Stop,be8d909df8c4
SCR_GF_1789324633_048,2026-09-14 00:07:02,2026-09-15,1,google_flights,DEL,PNQ,DEL-PNQ,DEL,PNQ,IndiGo,IndiGo,6E (Direct),9:40,11:45,125,2 hr 5 min,Economy,14340.0,8827.05,4153.9,710.0,649.05,0.0,5512.95,True,0,Non-Stop,5e411e4014a1
SCR_GF_1789324639_001,2026-09-14 00:07:14,2026-09-21,7,google_flights,DEL,PNQ,DEL-PNQ,DEL,PNQ,Air India,Air India,AI (Direct),7:10 PM,9:15 PM,125,2 hr 5 min,Economy,6929.0,4027.54,1895.32,710.0,296.14,0.0,2901.46,True,0,Non-Stop,cfcc86fe168a
SCR_GF_1789324639_002,2026-09-14 00:07:14,2026-09-21,7,google_flights,DEL,PNQ,DEL-PNQ,DEL,PNQ,IndiGo,IndiGo,6E (Direct),6:15 PM,8:20 PM,125,2 hr 5 min,Economy,6930.0,4028.19,1895.62,710.0,296.19,0.0,2901.81,True,0,Non-Stop,6b8a259dac51
SCR_GF_1789324640_003,2026-09-14 00:07:14,2026-09-21,7,google_flights,DEL,PNQ,DEL-PNQ,DEL,PNQ,Akasa Air,Akasa Air,QP (Direct),6:10 PM,8:25 PM,135,2 hr 15 min,Economy,7384.0,4322.21,2033.98,710.0,317.81,0.0,3061.79,True,0,Non-Stop,0d50d2f6ce12
SCR_GF_1789324640_004,2026-09-14 00:07:14,2026-09-21,7,google_flights,DEL,PNQ,DEL-PNQ,DEL,PNQ,Air India,Air India,AI (Direct),2:00 AM,4:15 AM,135,2 hr 15 min,Economy,6929.0,4027.54,1895.32,710.0,296.14,0.0,2901.46,True,0,Non-Stop,88f898e088a5
SCR_GF_1789324640_005,2026-09-14 00:07:14,2026-09-21,7,google_flights,DEL,PNQ,DEL-PNQ,DEL,PNQ,Air India,Air India,AI (Direct),4:45 AM,6:55 AM,130,2 hr 10 min,Economy,6929.0,4027.54,1895.32,710.0,296.14,0.0,2901.46,True,0,Non-Stop,5cd42f96178d
SCR_GF_1789324640_006,2026-09-14 00:07:14,2026-09-21,7,google_flights,DEL,PNQ,DEL-PNQ,DEL,PNQ,Air India,Air India,AI (Direct),5:40 PM,7:50 PM,130,2 hr 10 min,Economy,6929.0,4027.54,1895.32,710.0,296.14,0.0,2901.46,True,0,Non-Stop,a9773608e007
SCR_GF_1789324640_007,2026-09-14 00:07:14,2026-09-21,7,google_flights,DEL,PNQ,DEL-PNQ,DEL,PNQ,Air India,Air India,AI (Direct),11:50 PM,2:05 AM,135,2 hr 15 min,Economy,6929.0,4027.54,1895.32,710.0,296.14,0.0,2901.46,True,0,Non-Stop,d536df12465e
SCR_GF_1789324640_008,2026-09-14 00:07:14,2026-09-21,7,google_flights,DEL,PNQ,DEL-PNQ,DEL,PNQ,IndiGo,IndiGo,6E (Direct),2:20 AM,4:25 AM,125,2 hr 5 min,Economy,6930.0,4028.19,1895.62,710.0,296.19,0.0,2901.81,True,0,Non-Stop,38bb9db3255b
SCR_GF_1789324640_009,2026-09-14 00:07:14,2026-09-21,7,google_flights,DEL,PNQ,DEL-PNQ,DEL,PNQ,IndiGo,IndiGo,6E (Direct),4:40 AM,6:45 AM,125,2 hr 5 min,Economy,6930.0,4028.19,1895.62,710.0,296.19,0.0,2901.81,True,0,Non-Stop,eeb657c5547e
SCR_GF_1789324640_010,2026-09-14 00:07:14,2026-09-21,7,google_flights,DEL,PNQ,DEL-PNQ,DEL,PNQ,IndiGo,IndiGo,6E (Direct),11:50 AM,2:05 PM,135,2 hr 15 min,Economy,6930.0,4028.19,1895.62,710.0,296.19,0.0,2901.81,True,0,Non-Stop,29fd9d8edba8
SCR_GF_1789324641_011,2026-09-14 00:07:14,2026-09-21,7,google_flights,DEL,PNQ,DEL-PNQ,DEL,PNQ,Air India Express,Air India Express,IX (Direct),4:40 AM,6:55 AM,135,2 hr 15 min,Economy,7127.0,4155.77,1955.66,710.0,305.57,0.0,2971.23,True,0,Non-Stop,746f8fced8e4
SCR_GF_1789324641_012,2026-09-14 00:07:14,2026-09-21,7,google_flights,DEL,PNQ,DEL-PNQ,DEL,PNQ,Air India,Air India,AI (Direct),1:00 PM,3:15 PM,135,2 hr 15 min,Economy,7139.0,4163.54,1959.32,710.0,306.14,0.0,2975.46,True,0,Non-Stop,9f2dd338b8f8
SCR_GF_1789324641_013,2026-09-14 00:07:14,2026-09-21,7,google_flights,DEL,PNQ,DEL-PNQ,DEL,PNQ,IndiGo,IndiGo,6E (Direct),4:25 PM,6:30 PM,125,2 hr 5 min,Economy,7140.0,4164.19,1959.62,710.0,306.19,0.0,2975.81,True,0,Non-Stop,3e56b1323a1d
SCR_GF_1789324641_014,2026-09-14 00:07:14,2026-09-21,7,google_flights,DEL,PNQ,DEL-PNQ,DEL,PNQ,IndiGo,IndiGo,6E (Direct),11:00 PM,1:05 AM,125,2 hr 5 min,Economy,7140.0,4164.19,1959.62,710.0,306.19,0.0,2975.81,True,0,Non-Stop,a7bf729d99da
SCR_GF_1789324641_015,2026-09-14 00:07:14,2026-09-21,7,google_flights,DEL,PNQ,DEL-PNQ,DEL,PNQ,Air India Express,Air India Express,IX (Direct),10:25 PM,12:40 AM,135,2 hr 15 min,Economy,7331.0,4287.89,2017.82,710.0,315.29,0.0,3043.11,True,0,Non-Stop,d9a89763851c
SCR_GF_1789324641_016,2026-09-14 00:07:14,2026-09-21,7,google_flights,DEL,PNQ,DEL-PNQ,DEL,PNQ,IndiGo,IndiGo,6E (Direct),6:10 AM,8:10 AM,120,2 hr,Economy,7336.0,4291.12,2019.36,710.0,315.52,0.0,3044.88,True,0,Non-Stop,5cdb26cccac9
SCR_GF_1789324641_017,2026-09-14 00:07:14,2026-09-21,7,google_flights,DEL,PNQ,DEL-PNQ,DEL,PNQ,IndiGo,IndiGo,6E (Direct),9:15 PM,11:20 PM,125,2 hr 5 min,Economy,7336.0,4291.12,2019.36,710.0,315.52,0.0,3044.88,True,0,Non-Stop,e408c61c596c
SCR_GF_1789324641_018,2026-09-14 00:07:14,2026-09-21,7,google_flights,DEL,PNQ,DEL-PNQ,DEL,PNQ,Akasa Air,Akasa Air,QP (Direct),10:50 AM,1:05 PM,135,2 hr 15 min,Economy,7384.0,4322.21,2033.98,710.0,317.81,0.0,3061.79,True,0,Non-Stop,b1497afacbc2
SCR_GF_1789324641_019,2026-09-14 00:07:14,2026-09-21,7,google_flights,DEL,PNQ,DEL-PNQ,DEL,PNQ,Akasa Air,Akasa Air,QP (Direct),3:00 PM,5:15 PM,135,2 hr 15 min,Economy,7384.0,4322.21,2033.98,710.0,317.81,0.0,3061.79,True,0,Non-Stop,c1dbaac8c678
SCR_GF_1789324642_020,2026-09-14 00:07:14,2026-09-21,7,google_flights,DEL,PNQ,DEL-PNQ,DEL,PNQ,Air India,Air India,AI (Direct),5:45 AM,8:05 AM,140,2 hr 20 min,Economy,7396.0,4329.98,2037.64,710.0,318.38,0.0,3066.02,True,0,Non-Stop,0ee9c04d5877
SCR_GF_1789324642_021,2026-09-14 00:07:14,2026-09-21,7,google_flights,DEL,PNQ,DEL-PNQ,DEL,PNQ,Air India,Air India,AI (Direct),8:50 PM,11:05 PM,135,2 hr 15 min,Economy,7648.0,4493.18,2114.44,710.0,330.38,0.0,3154.82,True,0,Non-Stop,fd06aece38d7
SCR_GF_1789324642_022,2026-09-14 00:07:14,2026-09-21,7,google_flights,DEL,PNQ,DEL-PNQ,DEL,PNQ,IndiGo,IndiGo,6E (Direct),9:40 AM,11:45 AM,125,2 hr 5 min,Economy,7686.0,4517.79,2126.02,710.0,332.19,0.0,3168.21,True,0,Non-Stop,ce9c2966402b
SCR_GF_1789324642_023,2026-09-14 00:07:14,2026-09-21,7,google_flights,DEL,PNQ,DEL-PNQ,DEL,PNQ,Air India,Air India,AI (Direct),4:00 PM,6:15 PM,135,2 hr 15 min,Economy,7816.0,4601.98,2165.64,710.0,338.38,0.0,3214.02,True,0,Non-Stop,f61be5bccb33
SCR_GF_1789324642_024,2026-09-14 00:07:14,2026-09-21,7,google_flights,DEL,PNQ,DEL-PNQ,DEL,PNQ,SpiceJet,SpiceJet,SG (Direct),4:55 PM,7:25 PM,150,2 hr 30 min,Economy,8600.0,5109.71,2404.58,710.0,375.71,0.0,3490.29,True,0,Non-Stop,9e90aeeb7f98
SCR_GF_1789324642_025,2026-09-14 00:07:14,2026-09-21,7,google_flights,DEL,PNQ,DEL-PNQ,DEL,PNQ,IndiGo,IndiGo,6E (Direct),7:10,9:15,125,2 hr 5 min,Economy,6929.0,4027.54,1895.32,710.0,296.14,0.0,2901.46,True,0,Non-Stop,8c02ac3ffbef
SCR_GF_1789324642_026,2026-09-14 00:07:14,2026-09-21,7,google_flights,DEL,PNQ,DEL-PNQ,DEL,PNQ,IndiGo,IndiGo,6E (Direct),6:15,8:20,125,2 hr 5 min,Economy,6930.0,4028.19,1895.62,710.0,296.19,0.0,2901.81,True,0,Non-Stop,9082b8ef0f8c
SCR_GF_1789324642_027,2026-09-14 00:07:14,2026-09-21,7,google_flights,DEL,PNQ,DEL-PNQ,DEL,PNQ,IndiGo,IndiGo,6E (Direct),6:10,8:25,135,2 hr 15 min,Economy,7384.0,4322.21,2033.98,710.0,317.81,0.0,3061.79,True,0,Non-Stop,b6cc448d83a7
SCR_GF_1789324642_028,2026-09-14 00:07:14,2026-09-21,7,google_flights,DEL,PNQ,DEL-PNQ,DEL,PNQ,IndiGo,IndiGo,6E (Direct),2:00,4:15,135,2 hr 15 min,Economy,6929.0,4027.54,1895.32,710.0,296.14,0.0,2901.46,True,0,Non-Stop,48c9ac5317b7
SCR_GF_1789324642_029,2026-09-14 00:07:14,2026-09-21,7,google_flights,DEL,PNQ,DEL-PNQ,DEL,PNQ,IndiGo,IndiGo,6E (Direct),4:45,6:55,130,2 hr 10 min,Economy,6929.0,4027.54,1895.32,710.0,296.14,0.0,2901.46,True,0,Non-Stop,64eaf7588e4b
SCR_GF_1789324643_030,2026-09-14 00:07:14,2026-09-21,7,google_flights,DEL,PNQ,DEL-PNQ,DEL,PNQ,IndiGo,IndiGo,6E (Direct),5:40,7:50,130,2 hr 10 min,Economy,6929.0,4027.54,1895.32,710.0,296.14,0.0,2901.46,True,0,Non-Stop,1b6d5e7aba8e
SCR_GF_1789324643_031,2026-09-14 00:07:14,2026-09-21,7,google_flights,DEL,PNQ,DEL-PNQ,DEL,PNQ,IndiGo,IndiGo,6E (Direct),11:50,2:05,135,2 hr 15 min,Economy,6929.0,4027.54,1895.32,710.0,296.14,0.0,2901.46,True,0,Non-Stop,8cd9cdd3837d
SCR_GF_1789324643_032,2026-09-14 00:07:14,2026-09-21,7,google_flights,DEL,PNQ,DEL-PNQ,DEL,PNQ,IndiGo,IndiGo,6E (Direct),2:20,4:25,125,2 hr 5 min,Economy,6930.0,4028.19,1895.62,710.0,296.19,0.0,2901.81,True,0,Non-Stop,c9b382fa4a00
SCR_GF_1789324643_033,2026-09-14 00:07:14,2026-09-21,7,google_flights,DEL,PNQ,DEL-PNQ,DEL,PNQ,IndiGo,IndiGo,6E (Direct),4:40,6:45,125,2 hr 5 min,Economy,6930.0,4028.19,1895.62,710.0,296.19,0.0,2901.81,True,0,Non-Stop,0c78c5434072
SCR_GF_1789324643_034,2026-09-14 00:07:14,2026-09-21,7,google_flights,DEL,PNQ,DEL-PNQ,DEL,PNQ,IndiGo,IndiGo,6E (Direct),11:50,2:05,135,2 hr 15 min,Economy,6930.0,4028.19,1895.62,710.0,296.19,0.0,2901.81,True,0,Non-Stop,ae7e49b1d76b
SCR_GF_1789324643_035,2026-09-14 00:07:14,2026-09-21,7,google_flights,DEL,PNQ,DEL-PNQ,DEL,PNQ,IndiGo,IndiGo,6E (Direct),4:40,6:55,135,2 hr 15 min,Economy,7127.0,4155.77,1955.66,710.0,305.57,0.0,2971.23,True,0,Non-Stop,f13e90605802
SCR_GF_1789324643_036,2026-09-14 00:07:14,2026-09-21,7,google_flights,DEL,PNQ,DEL-PNQ,DEL,PNQ,IndiGo,IndiGo,6E (Direct),1:00,3:15,135,2 hr 15 min,Economy,7139.0,4163.54,1959.32,710.0,306.14,0.0,2975.46,True,0,Non-Stop,dca9baf927f0
SCR_GF_1789324643_037,2026-09-14 00:07:14,2026-09-21,7,google_flights,DEL,PNQ,DEL-PNQ,DEL,PNQ,IndiGo,IndiGo,6E (Direct),4:25,6:30,125,2 hr 5 min,Economy,7140.0,4164.19,1959.62,710.0,306.19,0.0,2975.81,True,0,Non-Stop,7939d87154b0
SCR_GF_1789324644_038,2026-09-14 00:07:14,2026-09-21,7,google_flights,DEL,PNQ,DEL-PNQ,DEL,PNQ,IndiGo,IndiGo,6E (Direct),11:00,1:05,125,2 hr 5 min,Economy,7140.0,4164.19,1959.62,710.0,306.19,0.0,2975.81,True,0,Non-Stop,e5750256422a
SCR_GF_1789324644_039,2026-09-14 00:07:14,2026-09-21,7,google_flights,DEL,PNQ,DEL-PNQ,DEL,PNQ,IndiGo,IndiGo,6E (Direct),10:25,12:40,135,2 hr 15 min,Economy,7331.0,4287.89,2017.82,710.0,315.29,0.0,3043.11,True,0,Non-Stop,7a653ca28595
SCR_GF_1789324644_040,2026-09-14 00:07:14,2026-09-21,7,google_flights,DEL,PNQ,DEL-PNQ,DEL,PNQ,IndiGo,IndiGo,6E (Direct),6:10,8:10,120,2 hr,Economy,7336.0,4291.12,2019.36,710.0,315.52,0.0,3044.88,True,0,Non-Stop,b099e37fe96a
SCR_GF_1789324644_041,2026-09-14 00:07:14,2026-09-21,7,google_flights,DEL,PNQ,DEL-PNQ,DEL,PNQ,IndiGo,IndiGo,6E (Direct),9:15,11:20,125,2 hr 5 min,Economy,7336.0,4291.12,2019.36,710.0,315.52,0.0,3044.88,True,0,Non-Stop,1e662ee5240b
SCR_GF_1789324644_042,2026-09-14 00:07:14,2026-09-21,7,google_flights,DEL,PNQ,DEL-PNQ,DEL,PNQ,IndiGo,IndiGo,6E (Direct),10:50,1:05,135,2 hr 15 min,Economy,7384.0,4322.21,2033.98,710.0,317.81,0.0,3061.79,True,0,Non-Stop,75adf3152028
SCR_GF_1789324644_043,2026-09-14 00:07:14,2026-09-21,7,google_flights,DEL,PNQ,DEL-PNQ,DEL,PNQ,IndiGo,IndiGo,6E (Direct),3:00,5:15,135,2 hr 15 min,Economy,7384.0,4322.21,2033.98,710.0,317.81,0.0,3061.79,True,0,Non-Stop,e103430745ba
SCR_GF_1789324644_044,2026-09-14 00:07:14,2026-09-21,7,google_flights,DEL,PNQ,DEL-PNQ,DEL,PNQ,IndiGo,IndiGo,6E (Direct),5:45,8:05,140,2 hr 20 min,Economy,7396.0,4329.98,2037.64,710.0,318.38,0.0,3066.02,True,0,Non-Stop,194c2afa9d90
SCR_GF_1789324644_045,2026-09-14 00:07:14,2026-09-21,7,google_flights,DEL,PNQ,DEL-PNQ,DEL,PNQ,IndiGo,IndiGo,6E (Direct),8:50,11:05,135,2 hr 15 min,Economy,7648.0,4493.18,2114.44,710.0,330.38,0.0,3154.82,True,0,Non-Stop,df65eb44ac95
SCR_GF_1789324645_046,2026-09-14 00:07:14,2026-09-21,7,google_flights,DEL,PNQ,DEL-PNQ,DEL,PNQ,IndiGo,IndiGo,6E (Direct),9:40,11:45,125,2 hr 5 min,Economy,7686.0,4517.79,2126.02,710.0,332.19,0.0,3168.21,True,0,Non-Stop,07471e491dd3
SCR_GF_1789324645_047,2026-09-14 00:07:14,2026-09-21,7,google_flights,DEL,PNQ,DEL-PNQ,DEL,PNQ,IndiGo,IndiGo,6E (Direct),4:00,6:15,135,2 hr 15 min,Economy,7816.0,4601.98,2165.64,710.0,338.38,0.0,3214.02,True,0,Non-Stop,ae166aa49542
SCR_GF_1789324645_048,2026-09-14 00:07:14,2026-09-21,7,google_flights,DEL,PNQ,DEL-PNQ,DEL,PNQ,IndiGo,IndiGo,6E (Direct),4:55,7:25,150,2 hr 30 min,Economy,8600.0,5109.71,2404.58,710.0,375.71,0.0,3490.29,True,0,Non-Stop,138f04b19572
SCR_GF_1789324650_001,2026-09-14 00:07:25,2026-09-29,15,google_flights,DEL,PNQ,DEL-PNQ,DEL,PNQ,Air India,Air India,AI (Direct),5:40 PM,7:50 PM,130,2 hr 10 min,Economy,6929.0,4027.54,1895.32,710.0,296.14,0.0,2901.46,True,0,Non-Stop,fa15a76601d8
SCR_GF_1789324650_002,2026-09-14 00:07:25,2026-09-29,15,google_flights,DEL,PNQ,DEL-PNQ,DEL,PNQ,IndiGo,IndiGo,6E (Direct),6:15 PM,8:20 PM,125,2 hr 5 min,Economy,6930.0,4028.19,1895.62,710.0,296.19,0.0,2901.81,True,0,Non-Stop,98c0adbff878
SCR_GF_1789324650_003,2026-09-14 00:07:25,2026-09-29,15,google_flights,DEL,PNQ,DEL-PNQ,DEL,PNQ,Akasa Air,Akasa Air,QP (Direct),3:00 PM,5:15 PM,135,2 hr 15 min,Economy,7384.0,4322.21,2033.98,710.0,317.81,0.0,3061.79,True,0,Non-Stop,5f89206b2fbc
SCR_GF_1789324650_004,2026-09-14 00:07:25,2026-09-29,15,google_flights,DEL,PNQ,DEL-PNQ,DEL,PNQ,Air India,Air India,AI (Direct),4:45 AM,6:55 AM,130,2 hr 10 min,Economy,6929.0,4027.54,1895.32,710.0,296.14,0.0,2901.46,True,0,Non-Stop,1bcab2b3ed9d
SCR_GF_1789324650_005,2026-09-14 00:07:25,2026-09-29,15,google_flights,DEL,PNQ,DEL-PNQ,DEL,PNQ,Air India,Air India,AI (Direct),4:00 PM,6:15 PM,135,2 hr 15 min,Economy,6929.0,4027.54,1895.32,710.0,296.14,0.0,2901.46,True,0,Non-Stop,6b74bea5e2af
SCR_GF_1789324651_006,2026-09-14 00:07:25,2026-09-29,15,google_flights,DEL,PNQ,DEL-PNQ,DEL,PNQ,Air India,Air India,AI (Direct),11:50 PM,2:05 AM,135,2 hr 15 min,Economy,6929.0,4027.54,1895.32,710.0,296.14,0.0,2901.46,True,0,Non-Stop,af1f4b763a5e
SCR_GF_1789324651_007,2026-09-14 00:07:25,2026-09-29,15,google_flights,DEL,PNQ,DEL-PNQ,DEL,PNQ,IndiGo,IndiGo,6E (Direct),4:40 AM,6:45 AM,125,2 hr 5 min,Economy,6930.0,4028.19,1895.62,710.0,296.19,0.0,2901.81,True,0,Non-Stop,42c94a543908
SCR_GF_1789324651_008,2026-09-14 00:07:25,2026-09-29,15,google_flights,DEL,PNQ,DEL-PNQ,DEL,PNQ,IndiGo,IndiGo,6E (Direct),11:50 AM,2:05 PM,135,2 hr 15 min,Economy,6930.0,4028.19,1895.62,710.0,296.19,0.0,2901.81,True,0,Non-Stop,a2721134c696
SCR_GF_1789324651_009,2026-09-14 00:07:25,2026-09-29,15,google_flights,DEL,PNQ,DEL-PNQ,DEL,PNQ,IndiGo,IndiGo,6E (Direct),11:00 PM,1:05 AM,125,2 hr 5 min,Economy,6930.0,4028.19,1895.62,710.0,296.19,0.0,2901.81,True,0,Non-Stop,fce7d13c81f1
SCR_GF_1789324651_010,2026-09-14 00:07:25,2026-09-29,15,google_flights,DEL,PNQ,DEL-PNQ,DEL,PNQ,Air India Express,Air India Express,IX (Direct),4:40 AM,6:55 AM,135,2 hr 15 min,Economy,7127.0,4155.77,1955.66,710.0,305.57,0.0,2971.23,True,0,Non-Stop,79234d41cf3e
SCR_GF_1789324651_011,2026-09-14 00:07:25,2026-09-29,15,google_flights,DEL,PNQ,DEL-PNQ,DEL,PNQ,Air India Express,Air India Express,IX (Direct),10:25 PM,12:40 AM,135,2 hr 15 min,Economy,7127.0,4155.77,1955.66,710.0,305.57,0.0,2971.23,True,0,Non-Stop,9f36357f7157
SCR_GF_1789324651_012,2026-09-14 00:07:25,2026-09-29,15,google_flights,DEL,PNQ,DEL-PNQ,DEL,PNQ,Air India,Air India,AI (Direct),1:00 PM,3:15 PM,135,2 hr 15 min,Economy,7139.0,4163.54,1959.32,710.0,306.14,0.0,2975.46,True,0,Non-Stop,86a8824bdc68
SCR_GF_1789324651_013,2026-09-14 00:07:25,2026-09-29,15,google_flights,DEL,PNQ,DEL-PNQ,DEL,PNQ,Air India,Air India,AI (Direct),7:10 PM,9:15 PM,125,2 hr 5 min,Economy,7139.0,4163.54,1959.32,710.0,306.14,0.0,2975.46,True,0,Non-Stop,7290199b8a1b
SCR_GF_1789324651_014,2026-09-14 00:07:25,2026-09-29,15,google_flights,DEL,PNQ,DEL-PNQ,DEL,PNQ,Air India,Air India,AI (Direct),5:45 AM,8:05 AM,140,2 hr 20 min,Economy,7333.0,4289.18,2018.44,710.0,315.38,0.0,3043.82,True,0,Non-Stop,d4026bbaddd6
SCR_GF_1789324651_015,2026-09-14 00:07:25,2026-09-29,15,google_flights,DEL,PNQ,DEL-PNQ,DEL,PNQ,IndiGo,IndiGo,6E (Direct),6:10 AM,8:10 AM,120,2 hr,Economy,7336.0,4291.12,2019.36,710.0,315.52,0.0,3044.88,True,0,Non-Stop,82c4c5c96c47
SCR_GF_1789324651_016,2026-09-14 00:07:25,2026-09-29,15,google_flights,DEL,PNQ,DEL-PNQ,DEL,PNQ,IndiGo,IndiGo,6E (Direct),9:40 AM,11:45 AM,125,2 hr 5 min,Economy,7336.0,4291.12,2019.36,710.0,315.52,0.0,3044.88,True,0,Non-Stop,69e182417d25
SCR_GF_1789324652_017,2026-09-14 00:07:25,2026-09-29,15,google_flights,DEL,PNQ,DEL-PNQ,DEL,PNQ,IndiGo,IndiGo,6E (Direct),4:25 PM,6:30 PM,125,2 hr 5 min,Economy,7336.0,4291.12,2019.36,710.0,315.52,0.0,3044.88,True,0,Non-Stop,033e38461df5
SCR_GF_1789324652_018,2026-09-14 00:07:25,2026-09-29,15,google_flights,DEL,PNQ,DEL-PNQ,DEL,PNQ,IndiGo,IndiGo,6E (Direct),9:15 PM,11:20 PM,125,2 hr 5 min,Economy,7336.0,4291.12,2019.36,710.0,315.52,0.0,3044.88,True,0,Non-Stop,27cf07663b23
SCR_GF_1789324652_019,2026-09-14 00:07:25,2026-09-29,15,google_flights,DEL,PNQ,DEL-PNQ,DEL,PNQ,Akasa Air,Akasa Air,QP (Direct),10:50 AM,1:05 PM,135,2 hr 15 min,Economy,7384.0,4322.21,2033.98,710.0,317.81,0.0,3061.79,True,0,Non-Stop,5974828aaf85
SCR_GF_1789324652_020,2026-09-14 00:07:25,2026-09-29,15,google_flights,DEL,PNQ,DEL-PNQ,DEL,PNQ,Akasa Air,Akasa Air,QP (Direct),6:10 PM,8:25 PM,135,2 hr 15 min,Economy,7384.0,4322.21,2033.98,710.0,317.81,0.0,3061.79,True,0,Non-Stop,219b843bff73
SCR_GF_1789324652_021,2026-09-14 00:07:25,2026-09-29,15,google_flights,DEL,PNQ,DEL-PNQ,DEL,PNQ,Air India,Air India,AI (Direct),8:50 PM,11:05 PM,135,2 hr 15 min,Economy,7522.0,4411.58,2076.04,710.0,324.38,0.0,3110.42,True,0,Non-Stop,0a28c330dc01
SCR_GF_1789324652_022,2026-09-14 00:07:25,2026-09-29,15,google_flights,DEL,PNQ,DEL-PNQ,DEL,PNQ,SpiceJet,SpiceJet,SG (Direct),4:55 PM,7:25 PM,150,2 hr 30 min,Economy,9062.0,5408.91,2545.38,710.0,397.71,0.0,3653.09,True,0,Non-Stop,cac18d75469b
SCR_GF_1789324652_023,2026-09-14 00:07:25,2026-09-29,15,google_flights,DEL,PNQ,DEL-PNQ,DEL,PNQ,Air India,Air India,AI (Direct),2:00 AM,4:15 AM,135,2 hr 15 min,Economy,9575.0,5741.14,2701.72,710.0,422.14,0.0,3833.86,True,0,Non-Stop,601acb80789d
SCR_GF_1789324652_024,2026-09-14 00:07:25,2026-09-29,15,google_flights,DEL,PNQ,DEL-PNQ,DEL,PNQ,IndiGo,IndiGo,6E (Direct),2:20 AM,4:25 AM,125,2 hr 5 min,Economy,9576.0,5741.79,2702.02,710.0,422.19,0.0,3834.21,True,0,Non-Stop,dd1a0bc1428e
SCR_GF_1789324652_025,2026-09-14 00:07:25,2026-09-29,15,google_flights,DEL,PNQ,DEL-PNQ,DEL,PNQ,IndiGo,IndiGo,6E (Direct),5:40,7:50,130,2 hr 10 min,Economy,6929.0,4027.54,1895.32,710.0,296.14,0.0,2901.46,True,0,Non-Stop,22dd60f428c2
SCR_GF_1789324653_026,2026-09-14 00:07:25,2026-09-29,15,google_flights,DEL,PNQ,DEL-PNQ,DEL,PNQ,IndiGo,IndiGo,6E (Direct),6:15,8:20,125,2 hr 5 min,Economy,6930.0,4028.19,1895.62,710.0,296.19,0.0,2901.81,True,0,Non-Stop,d39f641593e3
SCR_GF_1789324653_027,2026-09-14 00:07:25,2026-09-29,15,google_flights,DEL,PNQ,DEL-PNQ,DEL,PNQ,IndiGo,IndiGo,6E (Direct),3:00,5:15,135,2 hr 15 min,Economy,7384.0,4322.21,2033.98,710.0,317.81,0.0,3061.79,True,0,Non-Stop,f720567ecedf
SCR_GF_1789324653_028,2026-09-14 00:07:25,2026-09-29,15,google_flights,DEL,PNQ,DEL-PNQ,DEL,PNQ,IndiGo,IndiGo,6E (Direct),4:45,6:55,130,2 hr 10 min,Economy,6929.0,4027.54,1895.32,710.0,296.14,0.0,2901.46,True,0,Non-Stop,db42177b0012
SCR_GF_1789324653_029,2026-09-14 00:07:25,2026-09-29,15,google_flights,DEL,PNQ,DEL-PNQ,DEL,PNQ,IndiGo,IndiGo,6E (Direct),4:00,6:15,135,2 hr 15 min,Economy,6929.0,4027.54,1895.32,710.0,296.14,0.0,2901.46,True,0,Non-Stop,e4e24e09251a
SCR_GF_1789324653_030,2026-09-14 00:07:25,2026-09-29,15,google_flights,DEL,PNQ,DEL-PNQ,DEL,PNQ,IndiGo,IndiGo,6E (Direct),11:50,2:05,135,2 hr 15 min,Economy,6929.0,4027.54,1895.32,710.0,296.14,0.0,2901.46,True,0,Non-Stop,2877cb44d835
SCR_GF_1789324653_031,2026-09-14 00:07:25,2026-09-29,15,google_flights,DEL,PNQ,DEL-PNQ,DEL,PNQ,IndiGo,IndiGo,6E (Direct),4:40,6:45,125,2 hr 5 min,Economy,6930.0,4028.19,1895.62,710.0,296.19,0.0,2901.81,True,0,Non-Stop,e70609905722
SCR_GF_1789324653_032,2026-09-14 00:07:25,2026-09-29,15,google_flights,DEL,PNQ,DEL-PNQ,DEL,PNQ,IndiGo,IndiGo,6E (Direct),11:50,2:05,135,2 hr 15 min,Economy,6930.0,4028.19,1895.62,710.0,296.19,0.0,2901.81,True,0,Non-Stop,e3168d18c770
SCR_GF_1789324653_033,2026-09-14 00:07:25,2026-09-29,15,google_flights,DEL,PNQ,DEL-PNQ,DEL,PNQ,IndiGo,IndiGo,6E (Direct),11:00,1:05,125,2 hr 5 min,Economy,6930.0,4028.19,1895.62,710.0,296.19,0.0,2901.81,True,0,Non-Stop,b69c177fdad2
SCR_GF_1789324654_034,2026-09-14 00:07:25,2026-09-29,15,google_flights,DEL,PNQ,DEL-PNQ,DEL,PNQ,IndiGo,IndiGo,6E (Direct),4:40,6:55,135,2 hr 15 min,Economy,7127.0,4155.77,1955.66,710.0,305.57,0.0,2971.23,True,0,Non-Stop,18d6a229fe02
SCR_GF_1789324654_035,2026-09-14 00:07:25,2026-09-29,15,google_flights,DEL,PNQ,DEL-PNQ,DEL,PNQ,IndiGo,IndiGo,6E (Direct),10:25,12:40,135,2 hr 15 min,Economy,7127.0,4155.77,1955.66,710.0,305.57,0.0,2971.23,True,0,Non-Stop,46aa20569371
SCR_GF_1789324654_036,2026-09-14 00:07:25,2026-09-29,15,google_flights,DEL,PNQ,DEL-PNQ,DEL,PNQ,IndiGo,IndiGo,6E (Direct),1:00,3:15,135,2 hr 15 min,Economy,7139.0,4163.54,1959.32,710.0,306.14,0.0,2975.46,True,0,Non-Stop,ce0133787fbe
SCR_GF_1789324654_037,2026-09-14 00:07:25,2026-09-29,15,google_flights,DEL,PNQ,DEL-PNQ,DEL,PNQ,IndiGo,IndiGo,6E (Direct),7:10,9:15,125,2 hr 5 min,Economy,7139.0,4163.54,1959.32,710.0,306.14,0.0,2975.46,True,0,Non-Stop,a70ac1176f17
SCR_GF_1789324654_038,2026-09-14 00:07:25,2026-09-29,15,google_flights,DEL,PNQ,DEL-PNQ,DEL,PNQ,IndiGo,IndiGo,6E (Direct),5:45,8:05,140,2 hr 20 min,Economy,7333.0,4289.18,2018.44,710.0,315.38,0.0,3043.82,True,0,Non-Stop,197c2e04e941
SCR_GF_1789324654_039,2026-09-14 00:07:25,2026-09-29,15,google_flights,DEL,PNQ,DEL-PNQ,DEL,PNQ,IndiGo,IndiGo,6E (Direct),6:10,8:10,120,2 hr,Economy,7336.0,4291.12,2019.36,710.0,315.52,0.0,3044.88,True,0,Non-Stop,a1ca67797cc0
SCR_GF_1789324654_040,2026-09-14 00:07:25,2026-09-29,15,google_flights,DEL,PNQ,DEL-PNQ,DEL,PNQ,IndiGo,IndiGo,6E (Direct),9:40,11:45,125,2 hr 5 min,Economy,7336.0,4291.12,2019.36,710.0,315.52,0.0,3044.88,True,0,Non-Stop,c3b16c5f4914
SCR_GF_1789324654_041,2026-09-14 00:07:25,2026-09-29,15,google_flights,DEL,PNQ,DEL-PNQ,DEL,PNQ,IndiGo,IndiGo,6E (Direct),4:25,6:30,125,2 hr 5 min,Economy,7336.0,4291.12,2019.36,710.0,315.52,0.0,3044.88,True,0,Non-Stop,cd763a460be6
SCR_GF_1789324654_042,2026-09-14 00:07:25,2026-09-29,15,google_flights,DEL,PNQ,DEL-PNQ,DEL,PNQ,IndiGo,IndiGo,6E (Direct),9:15,11:20,125,2 hr 5 min,Economy,7336.0,4291.12,2019.36,710.0,315.52,0.0,3044.88,True,0,Non-Stop,94fe4840267d
SCR_GF_1789324655_043,2026-09-14 00:07:25,2026-09-29,15,google_flights,DEL,PNQ,DEL-PNQ,DEL,PNQ,IndiGo,IndiGo,6E (Direct),10:50,1:05,135,2 hr 15 min,Economy,7384.0,4322.21,2033.98,710.0,317.81,0.0,3061.79,True,0,Non-Stop,518a80003baf
SCR_GF_1789324655_044,2026-09-14 00:07:25,2026-09-29,15,google_flights,DEL,PNQ,DEL-PNQ,DEL,PNQ,IndiGo,IndiGo,6E (Direct),6:10,8:25,135,2 hr 15 min,Economy,7384.0,4322.21,2033.98,710.0,317.81,0.0,3061.79,True,0,Non-Stop,1da6730d56e6
SCR_GF_1789324655_045,2026-09-14 00:07:25,2026-09-29,15,google_flights,DEL,PNQ,DEL-PNQ,DEL,PNQ,IndiGo,IndiGo,6E (Direct),8:50,11:05,135,2 hr 15 min,Economy,7522.0,4411.58,2076.04,710.0,324.38,0.0,3110.42,True,0,Non-Stop,d6ba9ca416b5
SCR_GF_1789324655_046,2026-09-14 00:07:25,2026-09-29,15,google_flights,DEL,PNQ,DEL-PNQ,DEL,PNQ,IndiGo,IndiGo,6E (Direct),4:55,7:25,150,2 hr 30 min,Economy,9062.0,5408.91,2545.38,710.0,397.71,0.0,3653.09,True,0,Non-Stop,e82cf6100f90
SCR_GF_1789324655_047,2026-09-14 00:07:25,2026-09-29,15,google_flights,DEL,PNQ,DEL-PNQ,DEL,PNQ,IndiGo,IndiGo,6E (Direct),2:00,4:15,135,2 hr 15 min,Economy,9575.0,5741.14,2701.72,710.0,422.14,0.0,3833.86,True,0,Non-Stop,e28c5a07eaa8
SCR_GF_1789324655_048,2026-09-14 00:07:25,2026-09-29,15,google_flights,DEL,PNQ,DEL-PNQ,DEL,PNQ,IndiGo,IndiGo,6E (Direct),2:20,4:25,125,2 hr 5 min,Economy,9576.0,5741.79,2702.02,710.0,422.19,0.0,3834.21,True,0,Non-Stop,87ffd7894749
SCR_GF_1789324660_001,2026-09-14 00:07:35,2026-09-15,1,google_flights,DEL,LKO,DEL-LKO,DEL,LKO,Air India,Air India,AI (Direct),2:20 PM,3:30 PM,70,1 hr 10 min,Economy,3905.0,2069.14,973.72,710.0,152.14,0.0,1835.86,True,0,Non-Stop,a4c96858fe17
SCR_GF_1789324660_002,2026-09-14 00:07:35,2026-09-15,1,google_flights,DEL,LKO,DEL-LKO,DEL,LKO,IndiGo,IndiGo,6E (Direct),11:10 AM,12:35 PM,85,1 hr 25 min,Economy,3955.0,2101.52,988.96,710.0,154.52,0.0,1853.48,True,0,Non-Stop,6776ce12334c
SCR_GF_1789324661_003,2026-09-14 00:07:35,2026-09-15,1,google_flights,DEL,LKO,DEL-LKO,DEL,LKO,IndiGo,IndiGo,6E (Direct),1:20 PM,2:30 PM,70,1 hr 10 min,Economy,3955.0,2101.52,988.96,710.0,154.52,0.0,1853.48,True,0,Non-Stop,b60306307ebf
SCR_GF_1789324661_004,2026-09-14 00:07:35,2026-09-15,1,google_flights,DEL,LKO,DEL-LKO,DEL,LKO,IndiGo,IndiGo,6E (Direct),4:40 PM,5:45 PM,65,1 hr 5 min,Economy,3955.0,2101.52,988.96,710.0,154.52,0.0,1853.48,True,0,Non-Stop,444b1adaebf3
SCR_GF_1789324661_005,2026-09-14 00:07:35,2026-09-15,1,google_flights,DEL,LKO,DEL-LKO,DEL,LKO,Air India,Air India,AI (Direct),5:55 AM,7:05 AM,70,1 hr 10 min,Economy,4126.0,2212.27,1041.06,710.0,162.67,0.0,1913.73,True,0,Non-Stop,bd1e8c25e66c
SCR_GF_1789324661_007,2026-09-14 00:07:35,2026-09-15,1,google_flights,DEL,LKO,DEL-LKO,DEL,LKO,IndiGo,IndiGo,6E (Direct),7:45 PM,8:50 PM,65,1 hr 5 min,Economy,4116.0,2205.79,1038.02,710.0,162.19,0.0,1910.21,True,0,Non-Stop,f96821da277b
SCR_GF_1789324661_008,2026-09-14 00:07:35,2026-09-15,1,google_flights,DEL,LKO,DEL-LKO,DEL,LKO,IndiGo,IndiGo,6E (Direct),9:25 PM,10:40 PM,75,1 hr 15 min,Economy,4116.0,2205.79,1038.02,710.0,162.19,0.0,1910.21,True,0,Non-Stop,7aafe9d2b3bd
SCR_GF_1789324662_009,2026-09-14 00:07:35,2026-09-15,1,google_flights,DEL,LKO,DEL-LKO,DEL,LKO,IndiGo,IndiGo,6E (Direct),7:05 AM,8:25 AM,80,1 hr 20 min,Economy,4536.0,2477.79,1166.02,710.0,182.19,0.0,2058.21,True,0,Non-Stop,4477fae48651
SCR_GF_1789324662_010,2026-09-14 00:07:35,2026-09-15,1,google_flights,DEL,LKO,DEL-LKO,DEL,LKO,Air India,Air India,AI (Direct),8:25 PM,9:30 PM,65,1 hr 5 min,Economy,4598.0,2517.94,1184.92,710.0,185.14,0.0,2080.06,True,0,Non-Stop,38fde670b1bf
SCR_GF_1789324662_011,2026-09-14 00:07:35,2026-09-15,1,google_flights,DEL,LKO,DEL-LKO,DEL,LKO,IndiGo,IndiGo,6E (Direct),9:55 AM,11:05 AM,70,1 hr 10 min,Economy,4956.0,2749.79,1294.02,710.0,202.19,0.0,2206.21,True,0,Non-Stop,974ea6f8a7b5
SCR_GF_1789324662_012,2026-09-14 00:07:35,2026-09-15,1,google_flights,DEL,LKO,DEL-LKO,DEL,LKO,Air India,Air India,AI (Direct),6:35 PM,7:45 PM,70,1 hr 10 min,Economy,5008.0,2783.47,1309.86,710.0,204.67,0.0,2224.53,True,0,Non-Stop,619c53e5493b
SCR_GF_1789324662_014,2026-09-14 00:07:35,2026-09-15,1,google_flights,DEL,LKO,DEL-LKO,DEL,LKO,IndiGo,IndiGo,6E (Direct),2:20,3:30,70,1 hr 10 min,Economy,3905.0,2069.14,973.72,710.0,152.14,0.0,1835.86,True,0,Non-Stop,e55e626948e2
SCR_GF_1789324663_015,2026-09-14 00:07:35,2026-09-15,1,google_flights,DEL,LKO,DEL-LKO,DEL,LKO,IndiGo,IndiGo,6E (Direct),11:10,12:35,85,1 hr 25 min,Economy,3955.0,2101.52,988.96,710.0,154.52,0.0,1853.48,True,0,Non-Stop,a85cfd4be9dc
SCR_GF_1789324663_016,2026-09-14 00:07:35,2026-09-15,1,google_flights,DEL,LKO,DEL-LKO,DEL,LKO,IndiGo,IndiGo,6E (Direct),1:20,2:30,70,1 hr 10 min,Economy,3955.0,2101.52,988.96,710.0,154.52,0.0,1853.48,True,0,Non-Stop,b6b3e4fae3bc
SCR_GF_1789324663_017,2026-09-14 00:07:35,2026-09-15,1,google_flights,DEL,LKO,DEL-LKO,DEL,LKO,IndiGo,IndiGo,6E (Direct),4:40,5:45,65,1 hr 5 min,Economy,3955.0,2101.52,988.96,710.0,154.52,0.0,1853.48,True,0,Non-Stop,f6be2f7f3492
SCR_GF_1789324663_018,2026-09-14 00:07:35,2026-09-15,1,google_flights,DEL,LKO,DEL-LKO,DEL,LKO,IndiGo,IndiGo,6E (Direct),5:55,7:05,70,1 hr 10 min,Economy,4126.0,2212.27,1041.06,710.0,162.67,0.0,1913.73,True,0,Non-Stop,7c75b3159094
SCR_GF_1789324664_020,2026-09-14 00:07:35,2026-09-15,1,google_flights,DEL,LKO,DEL-LKO,DEL,LKO,IndiGo,IndiGo,6E (Direct),7:45,8:50,65,1 hr 5 min,Economy,4116.0,2205.79,1038.02,710.0,162.19,0.0,1910.21,True,0,Non-Stop,16df96ac92d3
SCR_GF_1789324664_021,2026-09-14 00:07:35,2026-09-15,1,google_flights,DEL,LKO,DEL-LKO,DEL,LKO,IndiGo,IndiGo,6E (Direct),9:25,10:40,75,1 hr 15 min,Economy,4116.0,2205.79,1038.02,710.0,162.19,0.0,1910.21,True,0,Non-Stop,6dc03fe84c9c
SCR_GF_1789324664_022,2026-09-14 00:07:35,2026-09-15,1,google_flights,DEL,LKO,DEL-LKO,DEL,LKO,IndiGo,IndiGo,6E (Direct),7:05,8:25,80,1 hr 20 min,Economy,4536.0,2477.79,1166.02,710.0,182.19,0.0,2058.21,True,0,Non-Stop,5d2a8e6379dc
SCR_GF_1789324664_023,2026-09-14 00:07:35,2026-09-15,1,google_flights,DEL,LKO,DEL-LKO,DEL,LKO,IndiGo,IndiGo,6E (Direct),8:25,9:30,65,1 hr 5 min,Economy,4598.0,2517.94,1184.92,710.0,185.14,0.0,2080.06,True,0,Non-Stop,2b38a6ec25a9
SCR_GF_1789324664_024,2026-09-14 00:07:35,2026-09-15,1,google_flights,DEL,LKO,DEL-LKO,DEL,LKO,IndiGo,IndiGo,6E (Direct),9:55,11:05,70,1 hr 10 min,Economy,4956.0,2749.79,1294.02,710.0,202.19,0.0,2206.21,True,0,Non-Stop,adc271eb2ac6
SCR_GF_1789324664_025,2026-09-14 00:07:35,2026-09-15,1,google_flights,DEL,LKO,DEL-LKO,DEL,LKO,IndiGo,IndiGo,6E (Direct),6:35,7:45,70,1 hr 10 min,Economy,5008.0,2783.47,1309.86,710.0,204.67,0.0,2224.53,True,0,Non-Stop,e2ee83f6e305
SCR_GF_1789324670_001,2026-09-14 00:07:45,2026-09-21,7,google_flights,DEL,LKO,DEL-LKO,DEL,LKO,Air India,Air India,AI (Direct),2:20 PM,3:30 PM,70,1 hr 10 min,Economy,3905.0,2069.14,973.72,710.0,152.14,0.0,1835.86,True,0,Non-Stop,d08df988265d
SCR_GF_1789324670_002,2026-09-14 00:07:45,2026-09-21,7,google_flights,DEL,LKO,DEL-LKO,DEL,LKO,IndiGo,IndiGo,6E (Direct),1:20 PM,2:30 PM,70,1 hr 10 min,Economy,3955.0,2101.52,988.96,710.0,154.52,0.0,1853.48,True,0,Non-Stop,05d99c8772c4
SCR_GF_1789324670_003,2026-09-14 00:07:45,2026-09-21,7,google_flights,DEL,LKO,DEL-LKO,DEL,LKO,IndiGo,IndiGo,6E (Direct),9:55 AM,11:05 AM,70,1 hr 10 min,Economy,4116.0,2205.79,1038.02,710.0,162.19,0.0,1910.21,True,0,Non-Stop,9341a647ca30
SCR_GF_1789324671_005,2026-09-14 00:07:45,2026-09-21,7,google_flights,DEL,LKO,DEL-LKO,DEL,LKO,IndiGo,IndiGo,6E (Direct),11:10 AM,12:35 PM,85,1 hr 25 min,Economy,3955.0,2101.52,988.96,710.0,154.52,0.0,1853.48,True,0,Non-Stop,91718fafd1b4
SCR_GF_1789324671_006,2026-09-14 00:07:45,2026-09-21,7,google_flights,DEL,LKO,DEL-LKO,DEL,LKO,IndiGo,IndiGo,6E (Direct),4:40 PM,5:45 PM,65,1 hr 5 min,Economy,3955.0,2101.52,988.96,710.0,154.52,0.0,1853.48,True,0,Non-Stop,421767e4b0c9
SCR_GF_1789324671_007,2026-09-14 00:07:45,2026-09-21,7,google_flights,DEL,LKO,DEL-LKO,DEL,LKO,IndiGo,IndiGo,6E (Direct),7:45 PM,8:50 PM,65,1 hr 5 min,Economy,4116.0,2205.79,1038.02,710.0,162.19,0.0,1910.21,True,0,Non-Stop,b15ab9fdeba5
SCR_GF_1789324671_008,2026-09-14 00:07:45,2026-09-21,7,google_flights,DEL,LKO,DEL-LKO,DEL,LKO,IndiGo,IndiGo,6E (Direct),9:25 PM,10:40 PM,75,1 hr 15 min,Economy,4116.0,2205.79,1038.02,710.0,162.19,0.0,1910.21,True,0,Non-Stop,caec5b6b2794
SCR_GF_1789324672_009,2026-09-14 00:07:45,2026-09-21,7,google_flights,DEL,LKO,DEL-LKO,DEL,LKO,Air India,Air India,AI (Direct),5:55 AM,7:05 AM,70,1 hr 10 min,Economy,4126.0,2212.27,1041.06,710.0,162.67,0.0,1913.73,True,0,Non-Stop,a6fafcf8f1bc
SCR_GF_1789324672_010,2026-09-14 00:07:45,2026-09-21,7,google_flights,DEL,LKO,DEL-LKO,DEL,LKO,Air India,Air India,AI (Direct),6:35 PM,7:45 PM,70,1 hr 10 min,Economy,4168.0,2239.47,1053.86,710.0,164.67,0.0,1928.53,True,0,Non-Stop,fe900b9c454f
SCR_GF_1789324672_011,2026-09-14 00:07:45,2026-09-21,7,google_flights,DEL,LKO,DEL-LKO,DEL,LKO,Air India,Air India,AI (Direct),8:25 PM,9:30 PM,65,1 hr 5 min,Economy,4168.0,2239.47,1053.86,710.0,164.67,0.0,1928.53,True,0,Non-Stop,79470021c2df
SCR_GF_1789324672_012,2026-09-14 00:07:45,2026-09-21,7,google_flights,DEL,LKO,DEL-LKO,DEL,LKO,IndiGo,IndiGo,6E (Direct),7:05 AM,8:25 AM,80,1 hr 20 min,Economy,4536.0,2477.79,1166.02,710.0,182.19,0.0,2058.21,True,0,Non-Stop,92fbb7ee7480
SCR_GF_1789324673_015,2026-09-14 00:07:45,2026-09-21,7,google_flights,DEL,LKO,DEL-LKO,DEL,LKO,IndiGo,IndiGo,6E (Direct),2:20,3:30,70,1 hr 10 min,Economy,3905.0,2069.14,973.72,710.0,152.14,0.0,1835.86,True,0,Non-Stop,1446f11d80b7
SCR_GF_1789324673_016,2026-09-14 00:07:45,2026-09-21,7,google_flights,DEL,LKO,DEL-LKO,DEL,LKO,IndiGo,IndiGo,6E (Direct),1:20,2:30,70,1 hr 10 min,Economy,3955.0,2101.52,988.96,710.0,154.52,0.0,1853.48,True,0,Non-Stop,1d80d56b2728
SCR_GF_1789324673_017,2026-09-14 00:07:45,2026-09-21,7,google_flights,DEL,LKO,DEL-LKO,DEL,LKO,IndiGo,IndiGo,6E (Direct),9:55,11:05,70,1 hr 10 min,Economy,4116.0,2205.79,1038.02,710.0,162.19,0.0,1910.21,True,0,Non-Stop,cc57570a07fc
SCR_GF_1789324674_019,2026-09-14 00:07:45,2026-09-21,7,google_flights,DEL,LKO,DEL-LKO,DEL,LKO,IndiGo,IndiGo,6E (Direct),11:10,12:35,85,1 hr 25 min,Economy,3955.0,2101.52,988.96,710.0,154.52,0.0,1853.48,True,0,Non-Stop,c4f02dbaf391
SCR_GF_1789324674_020,2026-09-14 00:07:45,2026-09-21,7,google_flights,DEL,LKO,DEL-LKO,DEL,LKO,IndiGo,IndiGo,6E (Direct),4:40,5:45,65,1 hr 5 min,Economy,3955.0,2101.52,988.96,710.0,154.52,0.0,1853.48,True,0,Non-Stop,78d8a464427e
SCR_GF_1789324674_021,2026-09-14 00:07:45,2026-09-21,7,google_flights,DEL,LKO,DEL-LKO,DEL,LKO,IndiGo,IndiGo,6E (Direct),7:45,8:50,65,1 hr 5 min,Economy,4116.0,2205.79,1038.02,710.0,162.19,0.0,1910.21,True,0,Non-Stop,8af6799a3bd0
SCR_GF_1789324674_022,2026-09-14 00:07:45,2026-09-21,7,google_flights,DEL,LKO,DEL-LKO,DEL,LKO,IndiGo,IndiGo,6E (Direct),9:25,10:40,75,1 hr 15 min,Economy,4116.0,2205.79,1038.02,710.0,162.19,0.0,1910.21,True,0,Non-Stop,a4e82f42d65d
SCR_GF_1789324675_023,2026-09-14 00:07:45,2026-09-21,7,google_flights,DEL,LKO,DEL-LKO,DEL,LKO,IndiGo,IndiGo,6E (Direct),5:55,7:05,70,1 hr 10 min,Economy,4126.0,2212.27,1041.06,710.0,162.67,0.0,1913.73,True,0,Non-Stop,c76bfceee073
SCR_GF_1789324675_024,2026-09-14 00:07:45,2026-09-21,7,google_flights,DEL,LKO,DEL-LKO,DEL,LKO,IndiGo,IndiGo,6E (Direct),6:35,7:45,70,1 hr 10 min,Economy,4168.0,2239.47,1053.86,710.0,164.67,0.0,1928.53,True,0,Non-Stop,46a2b81ce125
SCR_GF_1789324675_025,2026-09-14 00:07:45,2026-09-21,7,google_flights,DEL,LKO,DEL-LKO,DEL,LKO,IndiGo,IndiGo,6E (Direct),8:25,9:30,65,1 hr 5 min,Economy,4168.0,2239.47,1053.86,710.0,164.67,0.0,1928.53,True,0,Non-Stop,cfa286cb97be
SCR_GF_1789324675_026,2026-09-14 00:07:45,2026-09-21,7,google_flights,DEL,LKO,DEL-LKO,DEL,LKO,IndiGo,IndiGo,6E (Direct),7:05,8:25,80,1 hr 20 min,Economy,4536.0,2477.79,1166.02,710.0,182.19,0.0,2058.21,True,0,Non-Stop,97557f777a0c
SCR_GF_1789324682_001,2026-09-14 00:07:56,2026-09-29,15,google_flights,DEL,LKO,DEL-LKO,DEL,LKO,Air India,Air India,AI (Direct),2:20 PM,3:30 PM,70,1 hr 10 min,Economy,3905.0,2069.14,973.72,710.0,152.14,0.0,1835.86,True,0,Non-Stop,84cb272b26ba
SCR_GF_1789324682_002,2026-09-14 00:07:56,2026-09-29,15,google_flights,DEL,LKO,DEL-LKO,DEL,LKO,IndiGo,IndiGo,6E (Direct),1:20 PM,2:30 PM,70,1 hr 10 min,Economy,3955.0,2101.52,988.96,710.0,154.52,0.0,1853.48,True,0,Non-Stop,59f46410a014
SCR_GF_1789324682_003,2026-09-14 00:07:56,2026-09-29,15,google_flights,DEL,LKO,DEL-LKO,DEL,LKO,IndiGo,IndiGo,6E (Direct),9:55 AM,11:05 AM,70,1 hr 10 min,Economy,4116.0,2205.79,1038.02,710.0,162.19,0.0,1910.21,True,0,Non-Stop,0cb953005123
SCR_GF_1789324683_005,2026-09-14 00:07:56,2026-09-29,15,google_flights,DEL,LKO,DEL-LKO,DEL,LKO,IndiGo,IndiGo,6E (Direct),11:10 AM,12:35 PM,85,1 hr 25 min,Economy,3955.0,2101.52,988.96,710.0,154.52,0.0,1853.48,True,0,Non-Stop,58026778aca3
SCR_GF_1789324683_006,2026-09-14 00:07:56,2026-09-29,15,google_flights,DEL,LKO,DEL-LKO,DEL,LKO,IndiGo,IndiGo,6E (Direct),4:40 PM,5:45 PM,65,1 hr 5 min,Economy,3955.0,2101.52,988.96,710.0,154.52,0.0,1853.48,True,0,Non-Stop,341e300b2267
SCR_GF_1789324683_007,2026-09-14 00:07:56,2026-09-29,15,google_flights,DEL,LKO,DEL-LKO,DEL,LKO,IndiGo,IndiGo,6E (Direct),7:05 AM,8:25 AM,80,1 hr 20 min,Economy,4116.0,2205.79,1038.02,710.0,162.19,0.0,1910.21,True,0,Non-Stop,fe0799e4f9bf
SCR_GF_1789324683_008,2026-09-14 00:07:56,2026-09-29,15,google_flights,DEL,LKO,DEL-LKO,DEL,LKO,IndiGo,IndiGo,6E (Direct),7:45 PM,8:50 PM,65,1 hr 5 min,Economy,4116.0,2205.79,1038.02,710.0,162.19,0.0,1910.21,True,0,Non-Stop,115946f6db9c
SCR_GF_1789324684_009,2026-09-14 00:07:56,2026-09-29,15,google_flights,DEL,LKO,DEL-LKO,DEL,LKO,IndiGo,IndiGo,6E (Direct),9:25 PM,10:40 PM,75,1 hr 15 min,Economy,4116.0,2205.79,1038.02,710.0,162.19,0.0,1910.21,True,0,Non-Stop,1c3d7620105a
SCR_GF_1789324684_010,2026-09-14 00:07:56,2026-09-29,15,google_flights,DEL,LKO,DEL-LKO,DEL,LKO,Air India,Air India,AI (Direct),5:55 AM,7:05 AM,70,1 hr 10 min,Economy,4126.0,2212.27,1041.06,710.0,162.67,0.0,1913.73,True,0,Non-Stop,ad78a0e4936b
SCR_GF_1789324684_011,2026-09-14 00:07:56,2026-09-29,15,google_flights,DEL,LKO,DEL-LKO,DEL,LKO,Air India,Air India,AI (Direct),6:35 PM,7:45 PM,70,1 hr 10 min,Economy,4168.0,2239.47,1053.86,710.0,164.67,0.0,1928.53,True,0,Non-Stop,3b834f48e7d2
SCR_GF_1789324684_012,2026-09-14 00:07:56,2026-09-29,15,google_flights,DEL,LKO,DEL-LKO,DEL,LKO,Air India,Air India,AI (Direct),8:25 PM,9:30 PM,65,1 hr 5 min,Economy,4168.0,2239.47,1053.86,710.0,164.67,0.0,1928.53,True,0,Non-Stop,4a2db9f84510
SCR_GF_1789324684_013,2026-09-14 00:07:56,2026-09-29,15,google_flights,DEL,LKO,DEL-LKO,DEL,LKO,IndiGo,IndiGo,6E (Connecting),4:00 PM,8:05 AM,965,16 hr 5 min,Economy,24953.0,15700.23,7388.34,710.0,1154.43,0.0,9252.77,False,1,1 Stop,e909673122d0
SCR_GF_1789324685_015,2026-09-14 00:07:56,2026-09-29,15,google_flights,DEL,LKO,DEL-LKO,DEL,LKO,IndiGo,IndiGo,6E (Direct),2:20,3:30,70,1 hr 10 min,Economy,3905.0,2069.14,973.72,710.0,152.14,0.0,1835.86,True,0,Non-Stop,1ec611dd79c4
SCR_GF_1789324685_016,2026-09-14 00:07:56,2026-09-29,15,google_flights,DEL,LKO,DEL-LKO,DEL,LKO,IndiGo,IndiGo,6E (Direct),1:20,2:30,70,1 hr 10 min,Economy,3955.0,2101.52,988.96,710.0,154.52,0.0,1853.48,True,0,Non-Stop,6273d29f817c
SCR_GF_1789324685_017,2026-09-14 00:07:56,2026-09-29,15,google_flights,DEL,LKO,DEL-LKO,DEL,LKO,IndiGo,IndiGo,6E (Direct),9:55,11:05,70,1 hr 10 min,Economy,4116.0,2205.79,1038.02,710.0,162.19,0.0,1910.21,True,0,Non-Stop,ce20360f7dac
SCR_GF_1789324686_019,2026-09-14 00:07:56,2026-09-29,15,google_flights,DEL,LKO,DEL-LKO,DEL,LKO,IndiGo,IndiGo,6E (Direct),11:10,12:35,85,1 hr 25 min,Economy,3955.0,2101.52,988.96,710.0,154.52,0.0,1853.48,True,0,Non-Stop,1ca6153d540e
SCR_GF_1789324686_020,2026-09-14 00:07:56,2026-09-29,15,google_flights,DEL,LKO,DEL-LKO,DEL,LKO,IndiGo,IndiGo,6E (Direct),4:40,5:45,65,1 hr 5 min,Economy,3955.0,2101.52,988.96,710.0,154.52,0.0,1853.48,True,0,Non-Stop,28eeb0bcd882
SCR_GF_1789324686_021,2026-09-14 00:07:56,2026-09-29,15,google_flights,DEL,LKO,DEL-LKO,DEL,LKO,IndiGo,IndiGo,6E (Direct),7:05,8:25,80,1 hr 20 min,Economy,4116.0,2205.79,1038.02,710.0,162.19,0.0,1910.21,True,0,Non-Stop,6200e01d1048
SCR_GF_1789324686_022,2026-09-14 00:07:56,2026-09-29,15,google_flights,DEL,LKO,DEL-LKO,DEL,LKO,IndiGo,IndiGo,6E (Direct),7:45,8:50,65,1 hr 5 min,Economy,4116.0,2205.79,1038.02,710.0,162.19,0.0,1910.21,True,0,Non-Stop,65f082222843
SCR_GF_1789324686_023,2026-09-14 00:07:56,2026-09-29,15,google_flights,DEL,LKO,DEL-LKO,DEL,LKO,IndiGo,IndiGo,6E (Direct),9:25,10:40,75,1 hr 15 min,Economy,4116.0,2205.79,1038.02,710.0,162.19,0.0,1910.21,True,0,Non-Stop,a50bb478ab24
SCR_GF_1789324686_024,2026-09-14 00:07:56,2026-09-29,15,google_flights,DEL,LKO,DEL-LKO,DEL,LKO,IndiGo,IndiGo,6E (Direct),5:55,7:05,70,1 hr 10 min,Economy,4126.0,2212.27,1041.06,710.0,162.67,0.0,1913.73,True,0,Non-Stop,846e242de696
SCR_GF_1789324686_025,2026-09-14 00:07:56,2026-09-29,15,google_flights,DEL,LKO,DEL-LKO,DEL,LKO,IndiGo,IndiGo,6E (Direct),6:35,7:45,70,1 hr 10 min,Economy,4168.0,2239.47,1053.86,710.0,164.67,0.0,1928.53,True,0,Non-Stop,70aeaea5ef3f
SCR_GF_1789324686_026,2026-09-14 00:07:56,2026-09-29,15,google_flights,DEL,LKO,DEL-LKO,DEL,LKO,IndiGo,IndiGo,6E (Direct),8:25,9:30,65,1 hr 5 min,Economy,4168.0,2239.47,1053.86,710.0,164.67,0.0,1928.53,True,0,Non-Stop,fc1bbfdaecf9
SCR_GF_1789324686_027,2026-09-14 00:07:56,2026-09-29,15,google_flights,DEL,LKO,DEL-LKO,DEL,LKO,IndiGo,IndiGo,6E (Connecting),4:00,8:05,965,16 hr 5 min,Economy,24953.0,15700.23,7388.34,710.0,1154.43,0.0,9252.77,False,1,1 Stop,78fb163a0351
SCR_GF_1789324691_001,2026-09-14 00:08:07,2026-09-15,1,google_flights,BOM,LKO,BOM-LKO,BOM,LKO,IndiGo,IndiGo,6E (Direct),4:30 AM,6:30 AM,120,2 hr,Economy,6586.0,3844.27,1809.06,650.0,282.67,0.0,2741.73,True,0,Non-Stop,4c85507cdf2f
SCR_GF_1789324691_002,2026-09-14 00:08:07,2026-09-15,1,google_flights,BOM,LKO,BOM-LKO,BOM,LKO,Air India,Air India,AI (Direct),11:15 AM,1:35 PM,140,2 hr 20 min,Economy,6900.0,4047.62,1904.76,650.0,297.62,0.0,2852.38,True,0,Non-Stop,147f653b908a
SCR_GF_1789324691_003,2026-09-14 00:08:07,2026-09-15,1,google_flights,BOM,LKO,BOM-LKO,BOM,LKO,Akasa Air,Akasa Air,QP (Direct),8:40 AM,11:00 AM,140,2 hr 20 min,Economy,6962.0,4087.77,1923.66,650.0,300.57,0.0,2874.23,True,0,Non-Stop,17d97f9ef63e
SCR_GF_1789324692_005,2026-09-14 00:08:07,2026-09-15,1,google_flights,BOM,LKO,BOM-LKO,BOM,LKO,IndiGo,IndiGo,6E (Direct),8:45 PM,11:05 PM,140,2 hr 20 min,Economy,6586.0,3844.27,1809.06,650.0,282.67,0.0,2741.73,True,0,Non-Stop,f963a42bd36d
SCR_GF_1789324692_006,2026-09-14 00:08:07,2026-09-15,1,google_flights,BOM,LKO,BOM-LKO,BOM,LKO,IndiGo,IndiGo,6E (Direct),12:10 PM,2:20 PM,130,2 hr 10 min,Economy,6901.0,4048.27,1905.06,650.0,297.67,0.0,2852.73,True,0,Non-Stop,14d1639cd818
SCR_GF_1789324692_007,2026-09-14 00:08:07,2026-09-15,1,google_flights,BOM,LKO,BOM-LKO,BOM,LKO,IndiGo,IndiGo,6E (Direct),7:20 PM,9:25 PM,125,2 hr 5 min,Economy,6901.0,4048.27,1905.06,650.0,297.67,0.0,2852.73,True,0,Non-Stop,afa4bd5a670b
SCR_GF_1789324692_008,2026-09-14 00:08:07,2026-09-15,1,google_flights,BOM,LKO,BOM-LKO,BOM,LKO,IndiGo,IndiGo,6E (Connecting),1:00 PM,5:45 PM,285,4 hr 45 min,Economy,7602.0,4502.25,2118.7,650.0,331.05,0.0,3099.75,False,1,1 Stop (DEL),4054ae97d125
SCR_GF_1789324693_009,2026-09-14 00:08:07,2026-09-15,1,google_flights,BOM,LKO,BOM-LKO,BOM,LKO,IndiGo,IndiGo,6E (Connecting),3:00 PM,8:50 PM,350,5 hr 50 min,Economy,7602.0,4502.25,2118.7,650.0,331.05,0.0,3099.75,False,1,1 Stop (DEL),b2ecb2313164
SCR_GF_1789324693_010,2026-09-14 00:08:07,2026-09-15,1,google_flights,BOM,LKO,BOM-LKO,BOM,LKO,IndiGo,IndiGo,6E (Direct),4:30,6:30,120,2 hr,Economy,6586.0,3844.27,1809.06,650.0,282.67,0.0,2741.73,True,0,Non-Stop,e546fefabd96
SCR_GF_1789324693_011,2026-09-14 00:08:07,2026-09-15,1,google_flights,BOM,LKO,BOM-LKO,BOM,LKO,IndiGo,IndiGo,6E (Direct),11:15,1:35,140,2 hr 20 min,Economy,6900.0,4047.62,1904.76,650.0,297.62,0.0,2852.38,True,0,Non-Stop,63e59b164ba9
SCR_GF_1789324693_012,2026-09-14 00:08:07,2026-09-15,1,google_flights,BOM,LKO,BOM-LKO,BOM,LKO,IndiGo,IndiGo,6E (Direct),8:40,11:00,140,2 hr 20 min,Economy,6962.0,4087.77,1923.66,650.0,300.57,0.0,2874.23,True,0,Non-Stop,4bf30f272701
SCR_GF_1789324694_014,2026-09-14 00:08:07,2026-09-15,1,google_flights,BOM,LKO,BOM-LKO,BOM,LKO,IndiGo,IndiGo,6E (Direct),8:45,11:05,140,2 hr 20 min,Economy,6586.0,3844.27,1809.06,650.0,282.67,0.0,2741.73,True,0,Non-Stop,21066aa7562a
SCR_GF_1789324694_015,2026-09-14 00:08:07,2026-09-15,1,google_flights,BOM,LKO,BOM-LKO,BOM,LKO,IndiGo,IndiGo,6E (Direct),12:10,2:20,130,2 hr 10 min,Economy,6901.0,4048.27,1905.06,650.0,297.67,0.0,2852.73,True,0,Non-Stop,d8ab098f730b
SCR_GF_1789324694_016,2026-09-14 00:08:07,2026-09-15,1,google_flights,BOM,LKO,BOM-LKO,BOM,LKO,IndiGo,IndiGo,6E (Direct),7:20,9:25,125,2 hr 5 min,Economy,6901.0,4048.27,1905.06,650.0,297.67,0.0,2852.73,True,0,Non-Stop,f5a3e90aadff
SCR_GF_1789324694_017,2026-09-14 00:08:07,2026-09-15,1,google_flights,BOM,LKO,BOM-LKO,BOM,LKO,IndiGo,IndiGo,6E (Connecting),1:00,5:45,285,4 hr 45 min,Economy,7602.0,4502.25,2118.7,650.0,331.05,0.0,3099.75,False,1,1 Stop,38d3c781e944
SCR_GF_1789324694_018,2026-09-14 00:08:07,2026-09-15,1,google_flights,BOM,LKO,BOM-LKO,BOM,LKO,IndiGo,IndiGo,6E (Connecting),3:00,8:50,350,5 hr 50 min,Economy,7602.0,4502.25,2118.7,650.0,331.05,0.0,3099.75,False,1,1 Stop,fece21cd6184
SCR_GF_1789324699_001,2026-09-14 00:08:15,2026-09-21,7,google_flights,BOM,LKO,BOM-LKO,BOM,LKO,IndiGo,IndiGo,6E (Direct),4:30 AM,6:30 AM,120,2 hr,Economy,6586.0,3844.27,1809.06,650.0,282.67,0.0,2741.73,True,0,Non-Stop,d59eaa18cb40
SCR_GF_1789324699_002,2026-09-14 00:08:15,2026-09-21,7,google_flights,BOM,LKO,BOM-LKO,BOM,LKO,IndiGo,IndiGo,6E (Direct),8:45 PM,11:05 PM,140,2 hr 20 min,Economy,6586.0,3844.27,1809.06,650.0,282.67,0.0,2741.73,True,0,Non-Stop,856b806f1270
SCR_GF_1789324699_003,2026-09-14 00:08:15,2026-09-21,7,google_flights,BOM,LKO,BOM-LKO,BOM,LKO,IndiGo,IndiGo,6E (Direct),7:20 PM,9:25 PM,125,2 hr 5 min,Economy,6901.0,4048.27,1905.06,650.0,297.67,0.0,2852.73,True,0,Non-Stop,a6594189fb00
SCR_GF_1789324699_004,2026-09-14 00:08:15,2026-09-21,7,google_flights,BOM,LKO,BOM-LKO,BOM,LKO,Akasa Air,Akasa Air,QP (Direct),8:40 AM,11:00 AM,140,2 hr 20 min,Economy,6962.0,4087.77,1923.66,650.0,300.57,0.0,2874.23,True,0,Non-Stop,63bc7daf9cca
SCR_GF_1789324699_005,2026-09-14 00:08:15,2026-09-21,7,google_flights,BOM,LKO,BOM-LKO,BOM,LKO,Air India,Air India,AI (Direct),11:15 AM,1:35 PM,140,2 hr 20 min,Economy,7582.0,4489.3,2112.6,650.0,330.1,0.0,3092.7,True,0,Non-Stop,754c1e07e683
SCR_GF_1789324700_007,2026-09-14 00:08:15,2026-09-21,7,google_flights,BOM,LKO,BOM-LKO,BOM,LKO,IndiGo,IndiGo,6E (Direct),12:10 PM,2:20 PM,130,2 hr 10 min,Economy,7583.0,4489.94,2112.92,650.0,330.14,0.0,3093.06,True,0,Non-Stop,9a27271a1007
SCR_GF_1789324700_008,2026-09-14 00:08:15,2026-09-21,7,google_flights,BOM,LKO,BOM-LKO,BOM,LKO,IndiGo,IndiGo,6E (Connecting),1:00 PM,5:45 PM,285,4 hr 45 min,Economy,7602.0,4502.25,2118.7,650.0,331.05,0.0,3099.75,False,1,1 Stop (DEL),fc25b74ceef9
SCR_GF_1789324701_009,2026-09-14 00:08:15,2026-09-21,7,google_flights,BOM,LKO,BOM-LKO,BOM,LKO,IndiGo,IndiGo,6E (Connecting),3:00 PM,8:50 PM,350,5 hr 50 min,Economy,7602.0,4502.25,2118.7,650.0,331.05,0.0,3099.75,False,1,1 Stop (DEL),bf9171946f9b
SCR_GF_1789324701_010,2026-09-14 00:08:15,2026-09-21,7,google_flights,BOM,LKO,BOM-LKO,BOM,LKO,IndiGo,IndiGo,6E (Direct),4:30,6:30,120,2 hr,Economy,6586.0,3844.27,1809.06,650.0,282.67,0.0,2741.73,True,0,Non-Stop,91f903e2e4bd
SCR_GF_1789324701_011,2026-09-14 00:08:15,2026-09-21,7,google_flights,BOM,LKO,BOM-LKO,BOM,LKO,IndiGo,IndiGo,6E (Direct),8:45,11:05,140,2 hr 20 min,Economy,6586.0,3844.27,1809.06,650.0,282.67,0.0,2741.73,True,0,Non-Stop,419df7f06d91
SCR_GF_1789324701_012,2026-09-14 00:08:15,2026-09-21,7,google_flights,BOM,LKO,BOM-LKO,BOM,LKO,IndiGo,IndiGo,6E (Direct),7:20,9:25,125,2 hr 5 min,Economy,6901.0,4048.27,1905.06,650.0,297.67,0.0,2852.73,True,0,Non-Stop,6388265beb13
SCR_GF_1789324701_013,2026-09-14 00:08:15,2026-09-21,7,google_flights,BOM,LKO,BOM-LKO,BOM,LKO,IndiGo,IndiGo,6E (Direct),8:40,11:00,140,2 hr 20 min,Economy,6962.0,4087.77,1923.66,650.0,300.57,0.0,2874.23,True,0,Non-Stop,8b63788124e1
SCR_GF_1789324701_014,2026-09-14 00:08:15,2026-09-21,7,google_flights,BOM,LKO,BOM-LKO,BOM,LKO,IndiGo,IndiGo,6E (Direct),11:15,1:35,140,2 hr 20 min,Economy,7582.0,4489.3,2112.6,650.0,330.1,0.0,3092.7,True,0,Non-Stop,279814ae9dd2
SCR_GF_1789324702_016,2026-09-14 00:08:15,2026-09-21,7,google_flights,BOM,LKO,BOM-LKO,BOM,LKO,IndiGo,IndiGo,6E (Direct),12:10,2:20,130,2 hr 10 min,Economy,7583.0,4489.94,2112.92,650.0,330.14,0.0,3093.06,True,0,Non-Stop,116083d3f284
SCR_GF_1789324702_017,2026-09-14 00:08:15,2026-09-21,7,google_flights,BOM,LKO,BOM-LKO,BOM,LKO,IndiGo,IndiGo,6E (Connecting),1:00,5:45,285,4 hr 45 min,Economy,7602.0,4502.25,2118.7,650.0,331.05,0.0,3099.75,False,1,1 Stop,26d7e38036ff
SCR_GF_1789324703_018,2026-09-14 00:08:15,2026-09-21,7,google_flights,BOM,LKO,BOM-LKO,BOM,LKO,IndiGo,IndiGo,6E (Connecting),3:00,8:50,350,5 hr 50 min,Economy,7602.0,4502.25,2118.7,650.0,331.05,0.0,3099.75,False,1,1 Stop,083da3df7243
SCR_GF_1789324710_001,2026-09-14 00:08:23,2026-09-29,15,google_flights,BOM,LKO,BOM-LKO,BOM,LKO,IndiGo,IndiGo,6E (Direct),4:30 AM,6:30 AM,120,2 hr,Economy,6586.0,3844.27,1809.06,650.0,282.67,0.0,2741.73,True,0,Non-Stop,32edb5fde26c
SCR_GF_1789324710_002,2026-09-14 00:08:23,2026-09-29,15,google_flights,BOM,LKO,BOM-LKO,BOM,LKO,IndiGo,IndiGo,6E (Direct),12:10 PM,2:20 PM,130,2 hr 10 min,Economy,6901.0,4048.27,1905.06,650.0,297.67,0.0,2852.73,True,0,Non-Stop,754c41784d68
SCR_GF_1789324710_003,2026-09-14 00:08:23,2026-09-29,15,google_flights,BOM,LKO,BOM-LKO,BOM,LKO,Akasa Air,Akasa Air,QP (Direct),8:40 AM,11:00 AM,140,2 hr 20 min,Economy,6962.0,4087.77,1923.66,650.0,300.57,0.0,2874.23,True,0,Non-Stop,9bfe71675037
SCR_GF_1789324711_005,2026-09-14 00:08:23,2026-09-29,15,google_flights,BOM,LKO,BOM-LKO,BOM,LKO,IndiGo,IndiGo,6E (Direct),8:45 PM,11:05 PM,140,2 hr 20 min,Economy,6586.0,3844.27,1809.06,650.0,282.67,0.0,2741.73,True,0,Non-Stop,e55d7ec7f882
SCR_GF_1789324712_006,2026-09-14 00:08:23,2026-09-29,15,google_flights,BOM,LKO,BOM-LKO,BOM,LKO,IndiGo,IndiGo,6E (Direct),7:20 PM,9:25 PM,125,2 hr 5 min,Economy,6901.0,4048.27,1905.06,650.0,297.67,0.0,2852.73,True,0,Non-Stop,2e32f1dd54b3
SCR_GF_1789324712_007,2026-09-14 00:08:23,2026-09-29,15,google_flights,BOM,LKO,BOM-LKO,BOM,LKO,Air India,Air India,AI (Direct),11:15 AM,1:35 PM,140,2 hr 20 min,Economy,7582.0,4489.3,2112.6,650.0,330.1,0.0,3092.7,True,0,Non-Stop,0acaa50484e4
SCR_GF_1789324712_008,2026-09-14 00:08:23,2026-09-29,15,google_flights,BOM,LKO,BOM-LKO,BOM,LKO,IndiGo,IndiGo,6E (Connecting),1:00 PM,5:45 PM,285,4 hr 45 min,Economy,7602.0,4502.25,2118.7,650.0,331.05,0.0,3099.75,False,1,1 Stop (DEL),ae5bb078e3ab
SCR_GF_1789324712_009,2026-09-14 00:08:23,2026-09-29,15,google_flights,BOM,LKO,BOM-LKO,BOM,LKO,IndiGo,IndiGo,6E (Connecting),3:00 PM,8:50 PM,350,5 hr 50 min,Economy,7602.0,4502.25,2118.7,650.0,331.05,0.0,3099.75,False,1,1 Stop (DEL),51f25fb96e1d
SCR_GF_1789324712_010,2026-09-14 00:08:23,2026-09-29,15,google_flights,BOM,LKO,BOM-LKO,BOM,LKO,IndiGo,IndiGo,6E (Direct),4:30,6:30,120,2 hr,Economy,6586.0,3844.27,1809.06,650.0,282.67,0.0,2741.73,True,0,Non-Stop,3c39839e1657
SCR_GF_1789324712_011,2026-09-14 00:08:23,2026-09-29,15,google_flights,BOM,LKO,BOM-LKO,BOM,LKO,IndiGo,IndiGo,6E (Direct),12:10,2:20,130,2 hr 10 min,Economy,6901.0,4048.27,1905.06,650.0,297.67,0.0,2852.73,True,0,Non-Stop,4df7e19ea0b7
SCR_GF_1789324713_012,2026-09-14 00:08:23,2026-09-29,15,google_flights,BOM,LKO,BOM-LKO,BOM,LKO,IndiGo,IndiGo,6E (Direct),8:40,11:00,140,2 hr 20 min,Economy,6962.0,4087.77,1923.66,650.0,300.57,0.0,2874.23,True,0,Non-Stop,c2e56d3ee374
SCR_GF_1789324714_014,2026-09-14 00:08:23,2026-09-29,15,google_flights,BOM,LKO,BOM-LKO,BOM,LKO,IndiGo,IndiGo,6E (Direct),8:45,11:05,140,2 hr 20 min,Economy,6586.0,3844.27,1809.06,650.0,282.67,0.0,2741.73,True,0,Non-Stop,a18963b08da8
SCR_GF_1789324714_015,2026-09-14 00:08:23,2026-09-29,15,google_flights,BOM,LKO,BOM-LKO,BOM,LKO,IndiGo,IndiGo,6E (Direct),7:20,9:25,125,2 hr 5 min,Economy,6901.0,4048.27,1905.06,650.0,297.67,0.0,2852.73,True,0,Non-Stop,853cc84ae8d5
SCR_GF_1789324714_016,2026-09-14 00:08:23,2026-09-29,15,google_flights,BOM,LKO,BOM-LKO,BOM,LKO,IndiGo,IndiGo,6E (Direct),11:15,1:35,140,2 hr 20 min,Economy,7582.0,4489.3,2112.6,650.0,330.1,0.0,3092.7,True,0,Non-Stop,ceeb5dde4ee8
SCR_GF_1789324714_017,2026-09-14 00:08:23,2026-09-29,15,google_flights,BOM,LKO,BOM-LKO,BOM,LKO,IndiGo,IndiGo,6E (Connecting),1:00,5:45,285,4 hr 45 min,Economy,7602.0,4502.25,2118.7,650.0,331.05,0.0,3099.75,False,1,1 Stop,b80107cea86a
SCR_GF_1789324714_018,2026-09-14 00:08:23,2026-09-29,15,google_flights,BOM,LKO,BOM-LKO,BOM,LKO,IndiGo,IndiGo,6E (Connecting),3:00,8:50,350,5 hr 50 min,Economy,7602.0,4502.25,2118.7,650.0,331.05,0.0,3099.75,False,1,1 Stop,1dcd6538ebd3
SCR_GF_1789324721_001,2026-09-14 00:08:35,2026-09-15,1,google_flights,DEL,UDR,DEL-UDR,DEL,UDR,IndiGo,IndiGo,6E (Direct),10:45 AM,11:55 AM,70,1 hr 10 min,Economy,6583.0,3803.47,1789.86,710.0,279.67,0.0,2779.53,True,0,Non-Stop,3d4435d86139
SCR_GF_1789324721_002,2026-09-14 00:08:35,2026-09-15,1,google_flights,DEL,UDR,DEL-UDR,DEL,UDR,IndiGo,IndiGo,6E (Direct),12:10 PM,1:15 PM,65,1 hr 5 min,Economy,6583.0,3803.47,1789.86,710.0,279.67,0.0,2779.53,True,0,Non-Stop,b77d3374354f
SCR_GF_1789324721_003,2026-09-14 00:08:35,2026-09-15,1,google_flights,DEL,UDR,DEL-UDR,DEL,UDR,Air India,Air India,AI (Direct),11:50 AM,1:10 PM,80,1 hr 20 min,Economy,6740.0,3905.14,1837.72,710.0,287.14,0.0,2834.86,True,0,Non-Stop,53455ca05337
SCR_GF_1789324721_004,2026-09-14 00:08:35,2026-09-15,1,google_flights,DEL,UDR,DEL-UDR,DEL,UDR,IndiGo,IndiGo,6E (Direct),6:10 PM,7:25 PM,75,1 hr 15 min,Economy,6583.0,3803.47,1789.86,710.0,279.67,0.0,2779.53,True,0,Non-Stop,f906c3ca74c8
SCR_GF_1789324721_005,2026-09-14 00:08:35,2026-09-15,1,google_flights,DEL,UDR,DEL-UDR,DEL,UDR,Air India,Air India,AI (Direct),1:50 PM,3:05 PM,75,1 hr 15 min,Economy,6740.0,3905.14,1837.72,710.0,287.14,0.0,2834.86,True,0,Non-Stop,f3e5dbd48686
SCR_GF_1789324721_006,2026-09-14 00:08:35,2026-09-15,1,google_flights,DEL,UDR,DEL-UDR,DEL,UDR,IndiGo,IndiGo,6E (Connecting),7:40 AM,11:25 AM,225,3 hr 45 min,Economy,7707.0,4531.39,2132.42,710.0,333.19,0.0,3175.61,False,1,1 Stop (JAI),b386880273c3
SCR_GF_1789324721_007,2026-09-14 00:08:35,2026-09-15,1,google_flights,DEL,UDR,DEL-UDR,DEL,UDR,IndiGo,IndiGo,6E (Direct),10:45,11:55,70,1 hr 10 min,Economy,6583.0,3803.47,1789.86,710.0,279.67,0.0,2779.53,True,0,Non-Stop,d477cbc69d24
SCR_GF_1789324722_008,2026-09-14 00:08:35,2026-09-15,1,google_flights,DEL,UDR,DEL-UDR,DEL,UDR,IndiGo,IndiGo,6E (Direct),12:10,1:15,65,1 hr 5 min,Economy,6583.0,3803.47,1789.86,710.0,279.67,0.0,2779.53,True,0,Non-Stop,704cd678d173
SCR_GF_1789324722_009,2026-09-14 00:08:35,2026-09-15,1,google_flights,DEL,UDR,DEL-UDR,DEL,UDR,IndiGo,IndiGo,6E (Direct),11:50,1:10,80,1 hr 20 min,Economy,6740.0,3905.14,1837.72,710.0,287.14,0.0,2834.86,True,0,Non-Stop,3dd0d3521c33
SCR_GF_1789324723_010,2026-09-14 00:08:35,2026-09-15,1,google_flights,DEL,UDR,DEL-UDR,DEL,UDR,IndiGo,IndiGo,6E (Direct),6:10,7:25,75,1 hr 15 min,Economy,6583.0,3803.47,1789.86,710.0,279.67,0.0,2779.53,True,0,Non-Stop,917265f1ee7e
SCR_GF_1789324723_011,2026-09-14 00:08:35,2026-09-15,1,google_flights,DEL,UDR,DEL-UDR,DEL,UDR,IndiGo,IndiGo,6E (Direct),1:50,3:05,75,1 hr 15 min,Economy,6740.0,3905.14,1837.72,710.0,287.14,0.0,2834.86,True,0,Non-Stop,5467358fc48f
SCR_GF_1789324724_012,2026-09-14 00:08:35,2026-09-15,1,google_flights,DEL,UDR,DEL-UDR,DEL,UDR,IndiGo,IndiGo,6E (Connecting),7:40,11:25,225,3 hr 45 min,Economy,7707.0,4531.39,2132.42,710.0,333.19,0.0,3175.61,False,1,1 Stop,6ffe3323c58f
SCR_GF_1789324729_001,2026-09-14 00:08:44,2026-09-21,7,google_flights,DEL,UDR,DEL-UDR,DEL,UDR,IndiGo,IndiGo,6E (Direct),12:10 PM,1:15 PM,65,1 hr 5 min,Economy,7316.0,4278.17,2013.26,710.0,314.57,0.0,3037.83,True,0,Non-Stop,5a9e93575dde
SCR_GF_1789324729_002,2026-09-14 00:08:44,2026-09-21,7,google_flights,DEL,UDR,DEL-UDR,DEL,UDR,IndiGo,IndiGo,6E (Direct),6:10 PM,7:25 PM,75,1 hr 15 min,Economy,7316.0,4278.17,2013.26,710.0,314.57,0.0,3037.83,True,0,Non-Stop,43608e393293
SCR_GF_1789324730_003,2026-09-14 00:08:44,2026-09-21,7,google_flights,DEL,UDR,DEL-UDR,DEL,UDR,Air India,Air India,AI (Direct),11:50 AM,1:10 PM,80,1 hr 20 min,Economy,7370.0,4313.14,2029.72,710.0,317.14,0.0,3056.86,True,0,Non-Stop,5ffd0155ca91
SCR_GF_1789324730_004,2026-09-14 00:08:44,2026-09-21,7,google_flights,DEL,UDR,DEL-UDR,DEL,UDR,Air India,Air India,AI (Direct),1:50 PM,3:05 PM,75,1 hr 15 min,Economy,7370.0,4313.14,2029.72,710.0,317.14,0.0,3056.86,True,0,Non-Stop,d2cb13b1e027
SCR_GF_1789324730_005,2026-09-14 00:08:44,2026-09-21,7,google_flights,DEL,UDR,DEL-UDR,DEL,UDR,IndiGo,IndiGo,6E (Direct),10:45 AM,11:55 AM,70,1 hr 10 min,Economy,7843.0,4619.47,2173.86,710.0,339.67,0.0,3223.53,True,0,Non-Stop,301a22c8351c
SCR_GF_1789324730_006,2026-09-14 00:08:44,2026-09-21,7,google_flights,DEL,UDR,DEL-UDR,DEL,UDR,IndiGo,IndiGo,6E (Direct),12:10,1:15,65,1 hr 5 min,Economy,7316.0,4278.17,2013.26,710.0,314.57,0.0,3037.83,True,0,Non-Stop,4cddb85edac9
SCR_GF_1789324730_007,2026-09-14 00:08:44,2026-09-21,7,google_flights,DEL,UDR,DEL-UDR,DEL,UDR,IndiGo,IndiGo,6E (Direct),6:10,7:25,75,1 hr 15 min,Economy,7316.0,4278.17,2013.26,710.0,314.57,0.0,3037.83,True,0,Non-Stop,3d6c90edbb94
SCR_GF_1789324730_008,2026-09-14 00:08:44,2026-09-21,7,google_flights,DEL,UDR,DEL-UDR,DEL,UDR,IndiGo,IndiGo,6E (Direct),11:50,1:10,80,1 hr 20 min,Economy,7370.0,4313.14,2029.72,710.0,317.14,0.0,3056.86,True,0,Non-Stop,2d95bf34aaae
SCR_GF_1789324731_009,2026-09-14 00:08:44,2026-09-21,7,google_flights,DEL,UDR,DEL-UDR,DEL,UDR,IndiGo,IndiGo,6E (Direct),1:50,3:05,75,1 hr 15 min,Economy,7370.0,4313.14,2029.72,710.0,317.14,0.0,3056.86,True,0,Non-Stop,6659218665df
SCR_GF_1789324731_010,2026-09-14 00:08:44,2026-09-21,7,google_flights,DEL,UDR,DEL-UDR,DEL,UDR,IndiGo,IndiGo,6E (Direct),10:45,11:55,70,1 hr 10 min,Economy,7843.0,4619.47,2173.86,710.0,339.67,0.0,3223.53,True,0,Non-Stop,126a9f1387a4
SCR_GF_1789324735_001,2026-09-14 00:08:51,2026-09-29,15,google_flights,DEL,UDR,DEL-UDR,DEL,UDR,IndiGo,IndiGo,6E (Direct),12:10 PM,1:15 PM,65,1 hr 5 min,Economy,7316.0,4278.17,2013.26,710.0,314.57,0.0,3037.83,True,0,Non-Stop,109787b6a383
SCR_GF_1789324735_002,2026-09-14 00:08:51,2026-09-29,15,google_flights,DEL,UDR,DEL-UDR,DEL,UDR,Air India,Air India,AI (Direct),11:50 AM,1:10 PM,80,1 hr 20 min,Economy,7370.0,4313.14,2029.72,710.0,317.14,0.0,3056.86,True,0,Non-Stop,2e607c2b8074
SCR_GF_1789324735_003,2026-09-14 00:08:51,2026-09-29,15,google_flights,DEL,UDR,DEL-UDR,DEL,UDR,IndiGo,IndiGo,6E (Direct),10:45 AM,11:55 AM,70,1 hr 10 min,Economy,7316.0,4278.17,2013.26,710.0,314.57,0.0,3037.83,True,0,Non-Stop,394cdeeed6ae
SCR_GF_1789324735_004,2026-09-14 00:08:51,2026-09-29,15,google_flights,DEL,UDR,DEL-UDR,DEL,UDR,IndiGo,IndiGo,6E (Direct),6:10 PM,7:25 PM,75,1 hr 15 min,Economy,7316.0,4278.17,2013.26,710.0,314.57,0.0,3037.83,True,0,Non-Stop,f115a0427260
SCR_GF_1789324735_005,2026-09-14 00:08:51,2026-09-29,15,google_flights,DEL,UDR,DEL-UDR,DEL,UDR,Air India,Air India,AI (Direct),1:50 PM,3:05 PM,75,1 hr 15 min,Economy,7370.0,4313.14,2029.72,710.0,317.14,0.0,3056.86,True,0,Non-Stop,9a3e36586b82
SCR_GF_1789324735_006,2026-09-14 00:08:51,2026-09-29,15,google_flights,DEL,UDR,DEL-UDR,DEL,UDR,IndiGo,IndiGo,6E (Connecting),7:40 AM,11:25 AM,225,3 hr 45 min,Economy,8992.0,5363.58,2524.04,710.0,394.38,0.0,3628.42,False,1,1 Stop (JAI),0b297cfe606d
SCR_GF_1789324735_007,2026-09-14 00:08:51,2026-09-29,15,google_flights,DEL,UDR,DEL-UDR,DEL,UDR,IndiGo,IndiGo,6E (Direct),12:10,1:15,65,1 hr 5 min,Economy,7316.0,4278.17,2013.26,710.0,314.57,0.0,3037.83,True,0,Non-Stop,3be87746df03
SCR_GF_1789324735_008,2026-09-14 00:08:51,2026-09-29,15,google_flights,DEL,UDR,DEL-UDR,DEL,UDR,IndiGo,IndiGo,6E (Direct),11:50,1:10,80,1 hr 20 min,Economy,7370.0,4313.14,2029.72,710.0,317.14,0.0,3056.86,True,0,Non-Stop,224e30b3ad6b
SCR_GF_1789324735_009,2026-09-14 00:08:51,2026-09-29,15,google_flights,DEL,UDR,DEL-UDR,DEL,UDR,IndiGo,IndiGo,6E (Direct),10:45,11:55,70,1 hr 10 min,Economy,7316.0,4278.17,2013.26,710.0,314.57,0.0,3037.83,True,0,Non-Stop,0a44f6bdb377
SCR_GF_1789324735_010,2026-09-14 00:08:51,2026-09-29,15,google_flights,DEL,UDR,DEL-UDR,DEL,UDR,IndiGo,IndiGo,6E (Direct),6:10,7:25,75,1 hr 15 min,Economy,7316.0,4278.17,2013.26,710.0,314.57,0.0,3037.83,True,0,Non-Stop,b43eaa059033
SCR_GF_1789324735_011,2026-09-14 00:08:51,2026-09-29,15,google_flights,DEL,UDR,DEL-UDR,DEL,UDR,IndiGo,IndiGo,6E (Direct),1:50,3:05,75,1 hr 15 min,Economy,7370.0,4313.14,2029.72,710.0,317.14,0.0,3056.86,True,0,Non-Stop,258e7e51b459
SCR_GF_1789324735_012,2026-09-14 00:08:51,2026-09-29,15,google_flights,DEL,UDR,DEL-UDR,DEL,UDR,IndiGo,IndiGo,6E (Connecting),7:40,11:25,225,3 hr 45 min,Economy,8992.0,5363.58,2524.04,710.0,394.38,0.0,3628.42,False,1,1 Stop,587cbd9a4b91
SCR_GF_1789324739_001,2026-09-14 00:08:55,2026-09-15,1,google_flights,BOM,UDR,BOM-UDR,BOM,UDR,IndiGo,IndiGo,6E (Direct),3:45 PM,5:10 PM,85,1 hr 25 min,Economy,8528.0,5101.94,2400.92,650.0,375.14,0.0,3426.06,True,0,Non-Stop,a1b9db3e0b1c
SCR_GF_1789324739_002,2026-09-14 00:08:55,2026-09-15,1,google_flights,BOM,UDR,BOM-UDR,BOM,UDR,IndiGo,IndiGo,6E (Direct),5:35 PM,7:00 PM,85,1 hr 25 min,Economy,8528.0,5101.94,2400.92,650.0,375.14,0.0,3426.06,True,0,Non-Stop,1a17d2311b09
SCR_GF_1789324739_003,2026-09-14 00:08:55,2026-09-15,1,google_flights,BOM,UDR,BOM-UDR,BOM,UDR,Air India,Air India,AI (Direct),2:25 PM,4:00 PM,95,1 hr 35 min,Economy,8580.0,5135.62,2416.76,650.0,377.62,0.0,3444.38,True,0,Non-Stop,24fa39668ca4
SCR_GF_1789324739_004,2026-09-14 00:08:55,2026-09-15,1,google_flights,BOM,UDR,BOM-UDR,BOM,UDR,IndiGo,IndiGo,6E (Direct),6:15 AM,7:40 AM,85,1 hr 25 min,Economy,8528.0,5101.94,2400.92,650.0,375.14,0.0,3426.06,True,0,Non-Stop,61897c8ae8ed
SCR_GF_1789324739_005,2026-09-14 00:08:55,2026-09-15,1,google_flights,BOM,UDR,BOM-UDR,BOM,UDR,Air India,Air India,AI (Direct),10:35 AM,12:05 PM,90,1 hr 30 min,Economy,9457.0,5703.58,2684.04,650.0,419.38,0.0,3753.42,True,0,Non-Stop,2cb27e889b85
SCR_GF_1789324739_006,2026-09-14 00:08:55,2026-09-15,1,google_flights,BOM,UDR,BOM-UDR,BOM,UDR,IndiGo,IndiGo,6E (Direct),3:45,5:10,85,1 hr 25 min,Economy,8528.0,5101.94,2400.92,650.0,375.14,0.0,3426.06,True,0,Non-Stop,404f011cdf5f
SCR_GF_1789324739_007,2026-09-14 00:08:55,2026-09-15,1,google_flights,BOM,UDR,BOM-UDR,BOM,UDR,IndiGo,IndiGo,6E (Direct),5:35,7:00,85,1 hr 25 min,Economy,8528.0,5101.94,2400.92,650.0,375.14,0.0,3426.06,True,0,Non-Stop,6189213c0a82
SCR_GF_1789324740_008,2026-09-14 00:08:55,2026-09-15,1,google_flights,BOM,UDR,BOM-UDR,BOM,UDR,IndiGo,IndiGo,6E (Direct),2:25,4:00,95,1 hr 35 min,Economy,8580.0,5135.62,2416.76,650.0,377.62,0.0,3444.38,True,0,Non-Stop,13c59a9655de
SCR_GF_1789324740_009,2026-09-14 00:08:55,2026-09-15,1,google_flights,BOM,UDR,BOM-UDR,BOM,UDR,IndiGo,IndiGo,6E (Direct),6:15,7:40,85,1 hr 25 min,Economy,8528.0,5101.94,2400.92,650.0,375.14,0.0,3426.06,True,0,Non-Stop,baf1011fd535
SCR_GF_1789324740_010,2026-09-14 00:08:55,2026-09-15,1,google_flights,BOM,UDR,BOM-UDR,BOM,UDR,IndiGo,IndiGo,6E (Direct),10:35,12:05,90,1 hr 30 min,Economy,9457.0,5703.58,2684.04,650.0,419.38,0.0,3753.42,True,0,Non-Stop,d72a5c82903d
SCR_GF_1789324744_001,2026-09-14 00:09:00,2026-09-21,7,google_flights,BOM,UDR,BOM-UDR,BOM,UDR,IndiGo,IndiGo,6E (Direct),3:45 PM,5:10 PM,85,1 hr 25 min,Economy,8528.0,5101.94,2400.92,650.0,375.14,0.0,3426.06,True,0,Non-Stop,2cd73bc0dd33
SCR_GF_1789324744_002,2026-09-14 00:09:00,2026-09-21,7,google_flights,BOM,UDR,BOM-UDR,BOM,UDR,IndiGo,IndiGo,6E (Direct),5:35 PM,7:00 PM,85,1 hr 25 min,Economy,8528.0,5101.94,2400.92,650.0,375.14,0.0,3426.06,True,0,Non-Stop,4ba656c0a412
SCR_GF_1789324744_003,2026-09-14 00:09:00,2026-09-21,7,google_flights,BOM,UDR,BOM-UDR,BOM,UDR,Air India,Air India,AI (Direct),2:25 PM,4:00 PM,95,1 hr 35 min,Economy,8580.0,5135.62,2416.76,650.0,377.62,0.0,3444.38,True,0,Non-Stop,a8ed2c4b7cb4
SCR_GF_1789324744_004,2026-09-14 00:09:00,2026-09-21,7,google_flights,BOM,UDR,BOM-UDR,BOM,UDR,IndiGo,IndiGo,6E (Direct),6:15 AM,7:40 AM,85,1 hr 25 min,Economy,8738.0,5237.94,2464.92,650.0,385.14,0.0,3500.06,True,0,Non-Stop,df40d0838d73
SCR_GF_1789324744_005,2026-09-14 00:09:00,2026-09-21,7,google_flights,BOM,UDR,BOM-UDR,BOM,UDR,Air India,Air India,AI (Direct),10:35 AM,12:05 PM,90,1 hr 30 min,Economy,10428.0,6332.42,2979.96,650.0,465.62,0.0,4095.58,True,0,Non-Stop,ce8ee0ff4d9a
SCR_GF_1789324744_006,2026-09-14 00:09:00,2026-09-21,7,google_flights,BOM,UDR,BOM-UDR,BOM,UDR,IndiGo,IndiGo,6E (Direct),3:45,5:10,85,1 hr 25 min,Economy,8528.0,5101.94,2400.92,650.0,375.14,0.0,3426.06,True,0,Non-Stop,6af5d0f6b776
SCR_GF_1789324744_007,2026-09-14 00:09:00,2026-09-21,7,google_flights,BOM,UDR,BOM-UDR,BOM,UDR,IndiGo,IndiGo,6E (Direct),5:35,7:00,85,1 hr 25 min,Economy,8528.0,5101.94,2400.92,650.0,375.14,0.0,3426.06,True,0,Non-Stop,60a8f2f935d2
SCR_GF_1789324744_008,2026-09-14 00:09:00,2026-09-21,7,google_flights,BOM,UDR,BOM-UDR,BOM,UDR,IndiGo,IndiGo,6E (Direct),2:25,4:00,95,1 hr 35 min,Economy,8580.0,5135.62,2416.76,650.0,377.62,0.0,3444.38,True,0,Non-Stop,c9e905f57f81
SCR_GF_1789324744_009,2026-09-14 00:09:00,2026-09-21,7,google_flights,BOM,UDR,BOM-UDR,BOM,UDR,IndiGo,IndiGo,6E (Direct),6:15,7:40,85,1 hr 25 min,Economy,8738.0,5237.94,2464.92,650.0,385.14,0.0,3500.06,True,0,Non-Stop,fb0f0288f1ed
SCR_GF_1789324744_010,2026-09-14 00:09:00,2026-09-21,7,google_flights,BOM,UDR,BOM-UDR,BOM,UDR,IndiGo,IndiGo,6E (Direct),10:35,12:05,90,1 hr 30 min,Economy,10428.0,6332.42,2979.96,650.0,465.62,0.0,4095.58,True,0,Non-Stop,9569c8d8312a
SCR_GF_1789324749_001,2026-09-14 00:09:05,2026-09-29,15,google_flights,BOM,UDR,BOM-UDR,BOM,UDR,IndiGo,IndiGo,6E (Direct),3:45 PM,5:10 PM,85,1 hr 25 min,Economy,8528.0,5101.94,2400.92,650.0,375.14,0.0,3426.06,True,0,Non-Stop,aec299a3e4b5
SCR_GF_1789324749_002,2026-09-14 00:09:05,2026-09-29,15,google_flights,BOM,UDR,BOM-UDR,BOM,UDR,Air India,Air India,AI (Direct),2:25 PM,4:00 PM,95,1 hr 35 min,Economy,8580.0,5135.62,2416.76,650.0,377.62,0.0,3444.38,True,0,Non-Stop,d413b11a70fc
SCR_GF_1789324749_003,2026-09-14 00:09:05,2026-09-29,15,google_flights,BOM,UDR,BOM-UDR,BOM,UDR,IndiGo,IndiGo,6E (Direct),6:15 AM,7:40 AM,85,1 hr 25 min,Economy,8528.0,5101.94,2400.92,650.0,375.14,0.0,3426.06,True,0,Non-Stop,65d85f3a7f96
SCR_GF_1789324749_004,2026-09-14 00:09:05,2026-09-29,15,google_flights,BOM,UDR,BOM-UDR,BOM,UDR,IndiGo,IndiGo,6E (Direct),5:35 PM,7:00 PM,85,1 hr 25 min,Economy,8528.0,5101.94,2400.92,650.0,375.14,0.0,3426.06,True,0,Non-Stop,3c0912ac2762
SCR_GF_1789324750_005,2026-09-14 00:09:05,2026-09-29,15,google_flights,BOM,UDR,BOM-UDR,BOM,UDR,Air India,Air India,AI (Direct),10:35 AM,12:05 PM,90,1 hr 30 min,Economy,10864.0,6614.78,3112.84,650.0,486.38,0.0,4249.22,True,0,Non-Stop,b02743f69e4a
SCR_GF_1789324750_006,2026-09-14 00:09:05,2026-09-29,15,google_flights,BOM,UDR,BOM-UDR,BOM,UDR,IndiGo,IndiGo,6E (Direct),3:45,5:10,85,1 hr 25 min,Economy,8528.0,5101.94,2400.92,650.0,375.14,0.0,3426.06,True,0,Non-Stop,989159b49ea5
SCR_GF_1789324750_007,2026-09-14 00:09:05,2026-09-29,15,google_flights,BOM,UDR,BOM-UDR,BOM,UDR,IndiGo,IndiGo,6E (Direct),2:25,4:00,95,1 hr 35 min,Economy,8580.0,5135.62,2416.76,650.0,377.62,0.0,3444.38,True,0,Non-Stop,ca1f7b975d92
SCR_GF_1789324750_008,2026-09-14 00:09:05,2026-09-29,15,google_flights,BOM,UDR,BOM-UDR,BOM,UDR,IndiGo,IndiGo,6E (Direct),6:15,7:40,85,1 hr 25 min,Economy,8528.0,5101.94,2400.92,650.0,375.14,0.0,3426.06,True,0,Non-Stop,160aeca93a8a
SCR_GF_1789324750_009,2026-09-14 00:09:05,2026-09-29,15,google_flights,BOM,UDR,BOM-UDR,BOM,UDR,IndiGo,IndiGo,6E (Direct),5:35,7:00,85,1 hr 25 min,Economy,8528.0,5101.94,2400.92,650.0,375.14,0.0,3426.06,True,0,Non-Stop,dcf8c46acb45
SCR_GF_1789324750_010,2026-09-14 00:09:05,2026-09-29,15,google_flights,BOM,UDR,BOM-UDR,BOM,UDR,IndiGo,IndiGo,6E (Direct),10:35,12:05,90,1 hr 30 min,Economy,10864.0,6614.78,3112.84,650.0,486.38,0.0,4249.22,True,0,Non-Stop,ac2b01a9fcae
SCR_GF_1789324755_001,2026-09-14 00:09:10,2026-09-15,1,google_flights,DEL,SXR,DEL-SXR,DEL,SXR,SpiceJet,SpiceJet,SG (Direct),11:30 AM,12:55 PM,85,1 hr 25 min,Economy,6608.0,3819.66,1797.48,710.0,280.86,0.0,2788.34,True,0,Non-Stop,c8089a791275
SCR_GF_1789324755_002,2026-09-14 00:09:10,2026-09-15,1,google_flights,DEL,SXR,DEL-SXR,DEL,SXR,Air India,Air India,AI (Direct),6:40 AM,8:10 AM,90,1 hr 30 min,Economy,6908.0,4013.94,1888.92,710.0,295.14,0.0,2894.06,True,0,Non-Stop,72af78045999
SCR_GF_1789324755_003,2026-09-14 00:09:10,2026-09-15,1,google_flights,DEL,SXR,DEL-SXR,DEL,SXR,IndiGo,IndiGo,6E (Direct),7:40 AM,9:05 AM,85,1 hr 25 min,Economy,6995.0,4070.29,1915.42,710.0,299.29,0.0,2924.71,True,0,Non-Stop,a8f168b2b83f
SCR_GF_1789324756_005,2026-09-14 00:09:10,2026-09-15,1,google_flights,DEL,SXR,DEL-SXR,DEL,SXR,SpiceJet,SpiceJet,SG (Direct),10:25 AM,12:05 PM,100,1 hr 40 min,Economy,6877.0,3993.87,1879.46,710.0,293.67,0.0,2883.13,True,0,Non-Stop,a5a55cb5c133
SCR_GF_1789324756_006,2026-09-14 00:09:10,2026-09-15,1,google_flights,DEL,SXR,DEL-SXR,DEL,SXR,Air India,Air India,AI (Direct),7:25 AM,9:10 AM,105,1 hr 45 min,Economy,6908.0,4013.94,1888.92,710.0,295.14,0.0,2894.06,True,0,Non-Stop,860eca9be999
SCR_GF_1789324756_007,2026-09-14 00:09:10,2026-09-15,1,google_flights,DEL,SXR,DEL-SXR,DEL,SXR,IndiGo,IndiGo,6E (Direct),9:45 AM,11:20 AM,95,1 hr 35 min,Economy,8368.0,4959.47,2333.86,710.0,364.67,0.0,3408.53,True,0,Non-Stop,2322821762d8
SCR_GF_1789324756_008,2026-09-14 00:09:10,2026-09-15,1,google_flights,DEL,SXR,DEL-SXR,DEL,SXR,Air India,Air India,AI (Direct),9:50 AM,11:30 AM,100,1 hr 40 min,Economy,8588.0,5101.94,2400.92,710.0,375.14,0.0,3486.06,True,0,Non-Stop,1f651c8add34
SCR_GF_1789324756_009,2026-09-14 00:09:10,2026-09-15,1,google_flights,DEL,SXR,DEL-SXR,DEL,SXR,IndiGo,IndiGo,6E (Direct),1:40 PM,3:10 PM,90,1 hr 30 min,Economy,14563.0,8971.47,4221.86,710.0,659.67,0.0,5591.53,True,0,Non-Stop,af2b7ade985c
SCR_GF_1789324756_010,2026-09-14 00:09:10,2026-09-15,1,google_flights,DEL,SXR,DEL-SXR,DEL,SXR,Air India,Air India,AI (Direct),11:30 AM,1:05 PM,95,1 hr 35 min,Economy,14830.0,9144.38,4303.24,710.0,672.38,0.0,5685.62,True,0,Non-Stop,b637a3da5fab
SCR_GF_1789324757_013,2026-09-14 00:09:10,2026-09-15,1,google_flights,DEL,SXR,DEL-SXR,DEL,SXR,IndiGo,IndiGo,6E (Direct),11:30,12:55,85,1 hr 25 min,Economy,6608.0,3819.66,1797.48,710.0,280.86,0.0,2788.34,True,0,Non-Stop,90317b76b0c3
SCR_GF_1789324757_014,2026-09-14 00:09:10,2026-09-15,1,google_flights,DEL,SXR,DEL-SXR,DEL,SXR,IndiGo,IndiGo,6E (Direct),6:40,8:10,90,1 hr 30 min,Economy,6908.0,4013.94,1888.92,710.0,295.14,0.0,2894.06,True,0,Non-Stop,aa4596c585f6
SCR_GF_1789324757_015,2026-09-14 00:09:10,2026-09-15,1,google_flights,DEL,SXR,DEL-SXR,DEL,SXR,IndiGo,IndiGo,6E (Direct),7:40,9:05,85,1 hr 25 min,Economy,6995.0,4070.29,1915.42,710.0,299.29,0.0,2924.71,True,0,Non-Stop,f72573d84dfa
SCR_GF_1789324758_017,2026-09-14 00:09:10,2026-09-15,1,google_flights,DEL,SXR,DEL-SXR,DEL,SXR,IndiGo,IndiGo,6E (Direct),10:25,12:05,100,1 hr 40 min,Economy,6877.0,3993.87,1879.46,710.0,293.67,0.0,2883.13,True,0,Non-Stop,783650fdd1b1
SCR_GF_1789324758_018,2026-09-14 00:09:10,2026-09-15,1,google_flights,DEL,SXR,DEL-SXR,DEL,SXR,IndiGo,IndiGo,6E (Direct),7:25,9:10,105,1 hr 45 min,Economy,6908.0,4013.94,1888.92,710.0,295.14,0.0,2894.06,True,0,Non-Stop,646cee20bd62
SCR_GF_1789324758_019,2026-09-14 00:09:10,2026-09-15,1,google_flights,DEL,SXR,DEL-SXR,DEL,SXR,IndiGo,IndiGo,6E (Direct),9:45,11:20,95,1 hr 35 min,Economy,8368.0,4959.47,2333.86,710.0,364.67,0.0,3408.53,True,0,Non-Stop,5bf5c3689f09
SCR_GF_1789324758_020,2026-09-14 00:09:10,2026-09-15,1,google_flights,DEL,SXR,DEL-SXR,DEL,SXR,IndiGo,IndiGo,6E (Direct),9:50,11:30,100,1 hr 40 min,Economy,8588.0,5101.94,2400.92,710.0,375.14,0.0,3486.06,True,0,Non-Stop,fe74651ce496
SCR_GF_1789324758_021,2026-09-14 00:09:10,2026-09-15,1,google_flights,DEL,SXR,DEL-SXR,DEL,SXR,IndiGo,IndiGo,6E (Direct),1:40,3:10,90,1 hr 30 min,Economy,14563.0,8971.47,4221.86,710.0,659.67,0.0,5591.53,True,0,Non-Stop,fd868b826926
SCR_GF_1789324759_022,2026-09-14 00:09:10,2026-09-15,1,google_flights,DEL,SXR,DEL-SXR,DEL,SXR,IndiGo,IndiGo,6E (Direct),11:30,1:05,95,1 hr 35 min,Economy,14830.0,9144.38,4303.24,710.0,672.38,0.0,5685.62,True,0,Non-Stop,fd15e0c291e6
SCR_GF_1789324764_001,2026-09-14 00:09:20,2026-09-21,7,google_flights,DEL,SXR,DEL-SXR,DEL,SXR,IndiGo,IndiGo,6E (Direct),7:40 AM,9:05 AM,85,1 hr 25 min,Economy,6846.0,3973.79,1870.02,710.0,292.19,0.0,2872.21,True,0,Non-Stop,63aedb3bd143
SCR_GF_1789324764_002,2026-09-14 00:09:20,2026-09-21,7,google_flights,DEL,SXR,DEL-SXR,DEL,SXR,Air India,Air India,AI (Direct),7:25 AM,9:10 AM,105,1 hr 45 min,Economy,6908.0,4013.94,1888.92,710.0,295.14,0.0,2894.06,True,0,Non-Stop,145e1cc31ee4
SCR_GF_1789324764_003,2026-09-14 00:09:20,2026-09-21,7,google_flights,DEL,SXR,DEL-SXR,DEL,SXR,SpiceJet,SpiceJet,SG (Direct),10:25 AM,12:05 PM,100,1 hr 40 min,Economy,7326.0,4284.65,2016.3,710.0,315.05,0.0,3041.35,True,0,Non-Stop,befe223efe0a
SCR_GF_1789324764_005,2026-09-14 00:09:20,2026-09-21,7,google_flights,DEL,SXR,DEL-SXR,DEL,SXR,Air India,Air India,AI (Direct),6:40 AM,8:10 AM,90,1 hr 30 min,Economy,7265.0,4245.14,1997.72,710.0,312.14,0.0,3019.86,True,0,Non-Stop,a90710ff4f5e
SCR_GF_1789324765_006,2026-09-14 00:09:20,2026-09-21,7,google_flights,DEL,SXR,DEL-SXR,DEL,SXR,Air India,Air India,AI (Direct),9:50 AM,11:30 AM,100,1 hr 40 min,Economy,8058.0,4758.7,2239.4,710.0,349.9,0.0,3299.3,True,0,Non-Stop,6ed8352009a1
SCR_GF_1789324765_007,2026-09-14 00:09:20,2026-09-21,7,google_flights,DEL,SXR,DEL-SXR,DEL,SXR,IndiGo,IndiGo,6E (Direct),9:45 AM,11:20 AM,95,1 hr 35 min,Economy,8368.0,4959.47,2333.86,710.0,364.67,0.0,3408.53,True,0,Non-Stop,9d5f06ff9d47
SCR_GF_1789324765_008,2026-09-14 00:09:20,2026-09-21,7,google_flights,DEL,SXR,DEL-SXR,DEL,SXR,Air India,Air India,AI (Direct),11:30 AM,1:05 PM,95,1 hr 35 min,Economy,8740.0,5200.38,2447.24,710.0,382.38,0.0,3539.62,True,0,Non-Stop,c8f0f461c11c
SCR_GF_1789324765_009,2026-09-14 00:09:20,2026-09-21,7,google_flights,DEL,SXR,DEL-SXR,DEL,SXR,IndiGo,IndiGo,6E (Direct),1:40 PM,3:10 PM,90,1 hr 30 min,Economy,11413.0,6931.47,3261.86,710.0,509.67,0.0,4481.53,True,0,Non-Stop,54ddf80f4a08
SCR_GF_1789324765_012,2026-09-14 00:09:20,2026-09-21,7,google_flights,DEL,SXR,DEL-SXR,DEL,SXR,IndiGo,IndiGo,6E (Direct),7:40,9:05,85,1 hr 25 min,Economy,6846.0,3973.79,1870.02,710.0,292.19,0.0,2872.21,True,0,Non-Stop,aac34538bade
SCR_GF_1789324765_013,2026-09-14 00:09:20,2026-09-21,7,google_flights,DEL,SXR,DEL-SXR,DEL,SXR,IndiGo,IndiGo,6E (Direct),7:25,9:10,105,1 hr 45 min,Economy,6908.0,4013.94,1888.92,710.0,295.14,0.0,2894.06,True,0,Non-Stop,545d7d83e6c0
SCR_GF_1789324765_014,2026-09-14 00:09:20,2026-09-21,7,google_flights,DEL,SXR,DEL-SXR,DEL,SXR,IndiGo,IndiGo,6E (Direct),10:25,12:05,100,1 hr 40 min,Economy,7326.0,4284.65,2016.3,710.0,315.05,0.0,3041.35,True,0,Non-Stop,0eb28ceaa7c0
SCR_GF_1789324765_016,2026-09-14 00:09:20,2026-09-21,7,google_flights,DEL,SXR,DEL-SXR,DEL,SXR,IndiGo,IndiGo,6E (Direct),6:40,8:10,90,1 hr 30 min,Economy,7265.0,4245.14,1997.72,710.0,312.14,0.0,3019.86,True,0,Non-Stop,d8c783561935
SCR_GF_1789324765_017,2026-09-14 00:09:20,2026-09-21,7,google_flights,DEL,SXR,DEL-SXR,DEL,SXR,IndiGo,IndiGo,6E (Direct),9:50,11:30,100,1 hr 40 min,Economy,8058.0,4758.7,2239.4,710.0,349.9,0.0,3299.3,True,0,Non-Stop,11457782160d
SCR_GF_1789324765_018,2026-09-14 00:09:20,2026-09-21,7,google_flights,DEL,SXR,DEL-SXR,DEL,SXR,IndiGo,IndiGo,6E (Direct),9:45,11:20,95,1 hr 35 min,Economy,8368.0,4959.47,2333.86,710.0,364.67,0.0,3408.53,True,0,Non-Stop,0cf4b473da0e
SCR_GF_1789324765_019,2026-09-14 00:09:20,2026-09-21,7,google_flights,DEL,SXR,DEL-SXR,DEL,SXR,IndiGo,IndiGo,6E (Direct),11:30,1:05,95,1 hr 35 min,Economy,8740.0,5200.38,2447.24,710.0,382.38,0.0,3539.62,True,0,Non-Stop,654674e92f20
SCR_GF_1789324765_020,2026-09-14 00:09:20,2026-09-21,7,google_flights,DEL,SXR,DEL-SXR,DEL,SXR,IndiGo,IndiGo,6E (Direct),1:40,3:10,90,1 hr 30 min,Economy,11413.0,6931.47,3261.86,710.0,509.67,0.0,4481.53,True,0,Non-Stop,45f3c15c67aa
SCR_GF_1789324770_001,2026-09-14 00:09:26,2026-09-29,15,google_flights,DEL,SXR,DEL-SXR,DEL,SXR,SpiceJet,SpiceJet,SG (Direct),10:25 AM,12:05 PM,100,1 hr 40 min,Economy,6735.0,3901.9,1836.2,710.0,286.9,0.0,2833.1,True,0,Non-Stop,b66e3e389da1
SCR_GF_1789324770_002,2026-09-14 00:09:26,2026-09-29,15,google_flights,DEL,SXR,DEL-SXR,DEL,SXR,IndiGo,IndiGo,6E (Direct),9:45 AM,11:20 AM,95,1 hr 35 min,Economy,6846.0,3973.79,1870.02,710.0,292.19,0.0,2872.21,True,0,Non-Stop,7bf7b0559385
SCR_GF_1789324770_003,2026-09-14 00:09:26,2026-09-29,15,google_flights,DEL,SXR,DEL-SXR,DEL,SXR,Air India,Air India,AI (Direct),11:30 AM,1:05 PM,95,1 hr 35 min,Economy,7023.0,4088.42,1923.96,710.0,300.62,0.0,2934.58,True,0,Non-Stop,7687c0f2fd50
SCR_GF_1789324771_005,2026-09-14 00:09:26,2026-09-29,15,google_flights,DEL,SXR,DEL-SXR,DEL,SXR,Air India,Air India,AI (Direct),7:25 AM,9:10 AM,105,1 hr 45 min,Economy,6908.0,4013.94,1888.92,710.0,295.14,0.0,2894.06,True,0,Non-Stop,2de0057fea06
SCR_GF_1789324771_006,2026-09-14 00:09:26,2026-09-29,15,google_flights,DEL,SXR,DEL-SXR,DEL,SXR,Air India,Air India,AI (Direct),9:50 AM,11:30 AM,100,1 hr 40 min,Economy,6908.0,4013.94,1888.92,710.0,295.14,0.0,2894.06,True,0,Non-Stop,e5a6133f362c
SCR_GF_1789324771_007,2026-09-14 00:09:26,2026-09-29,15,google_flights,DEL,SXR,DEL-SXR,DEL,SXR,SpiceJet,SpiceJet,SG (Direct),11:30 AM,12:55 PM,85,1 hr 25 min,Economy,7006.0,4077.41,1918.78,710.0,299.81,0.0,2928.59,True,0,Non-Stop,ea4634acc9a9
SCR_GF_1789324771_008,2026-09-14 00:09:26,2026-09-29,15,google_flights,DEL,SXR,DEL-SXR,DEL,SXR,Air India,Air India,AI (Direct),6:40 AM,8:10 AM,90,1 hr 30 min,Economy,7265.0,4245.14,1997.72,710.0,312.14,0.0,3019.86,True,0,Non-Stop,93263843d71a
SCR_GF_1789324771_009,2026-09-14 00:09:26,2026-09-29,15,google_flights,DEL,SXR,DEL-SXR,DEL,SXR,IndiGo,IndiGo,6E (Direct),1:40 PM,3:10 PM,90,1 hr 30 min,Economy,12043.0,7339.47,3453.86,710.0,539.67,0.0,4703.53,True,0,Non-Stop,5ec2dfecd459
SCR_GF_1789324771_012,2026-09-14 00:09:26,2026-09-29,15,google_flights,DEL,SXR,DEL-SXR,DEL,SXR,IndiGo,IndiGo,6E (Direct),10:25,12:05,100,1 hr 40 min,Economy,6735.0,3901.9,1836.2,710.0,286.9,0.0,2833.1,True,0,Non-Stop,e9bfd1667c75
SCR_GF_1789324771_013,2026-09-14 00:09:26,2026-09-29,15,google_flights,DEL,SXR,DEL-SXR,DEL,SXR,IndiGo,IndiGo,6E (Direct),9:45,11:20,95,1 hr 35 min,Economy,6846.0,3973.79,1870.02,710.0,292.19,0.0,2872.21,True,0,Non-Stop,b629ad517d2f
SCR_GF_1789324771_014,2026-09-14 00:09:26,2026-09-29,15,google_flights,DEL,SXR,DEL-SXR,DEL,SXR,IndiGo,IndiGo,6E (Direct),11:30,1:05,95,1 hr 35 min,Economy,7023.0,4088.42,1923.96,710.0,300.62,0.0,2934.58,True,0,Non-Stop,0392693330f9
SCR_GF_1789324772_016,2026-09-14 00:09:26,2026-09-29,15,google_flights,DEL,SXR,DEL-SXR,DEL,SXR,IndiGo,IndiGo,6E (Direct),7:25,9:10,105,1 hr 45 min,Economy,6908.0,4013.94,1888.92,710.0,295.14,0.0,2894.06,True,0,Non-Stop,c8a177e62194
SCR_GF_1789324772_017,2026-09-14 00:09:26,2026-09-29,15,google_flights,DEL,SXR,DEL-SXR,DEL,SXR,IndiGo,IndiGo,6E (Direct),9:50,11:30,100,1 hr 40 min,Economy,6908.0,4013.94,1888.92,710.0,295.14,0.0,2894.06,True,0,Non-Stop,d98b55473db1
SCR_GF_1789324772_018,2026-09-14 00:09:26,2026-09-29,15,google_flights,DEL,SXR,DEL-SXR,DEL,SXR,IndiGo,IndiGo,6E (Direct),11:30,12:55,85,1 hr 25 min,Economy,7006.0,4077.41,1918.78,710.0,299.81,0.0,2928.59,True,0,Non-Stop,f54321632a56
SCR_GF_1789324772_019,2026-09-14 00:09:26,2026-09-29,15,google_flights,DEL,SXR,DEL-SXR,DEL,SXR,IndiGo,IndiGo,6E (Direct),6:40,8:10,90,1 hr 30 min,Economy,7265.0,4245.14,1997.72,710.0,312.14,0.0,3019.86,True,0,Non-Stop,dc66e6ed3af6
SCR_GF_1789324772_020,2026-09-14 00:09:26,2026-09-29,15,google_flights,DEL,SXR,DEL-SXR,DEL,SXR,IndiGo,IndiGo,6E (Direct),1:40,3:10,90,1 hr 30 min,Economy,12043.0,7339.47,3453.86,710.0,539.67,0.0,4703.53,True,0,Non-Stop,77a9973895f6
SCR_GF_1789324776_001,2026-09-14 00:09:32,2026-09-15,1,google_flights,DEL,GAU,DEL-GAU,DEL,GAU,Air India Express,Air India Express,IX (Direct),5:45 AM,8:35 AM,170,2 hr 50 min,Economy,7819.0,4603.92,2166.56,710.0,338.52,0.0,3215.08,True,0,Non-Stop,88c66586a4dc
SCR_GF_1789324777_002,2026-09-14 00:09:32,2026-09-15,1,google_flights,DEL,GAU,DEL-GAU,DEL,GAU,Air India,Air India,AI (Direct),6:40 AM,9:15 AM,155,2 hr 35 min,Economy,8020.0,4734.1,2227.8,710.0,348.1,0.0,3285.9,True,0,Non-Stop,0f0243b34bc5
SCR_GF_1789324777_003,2026-09-14 00:09:32,2026-09-15,1,google_flights,DEL,GAU,DEL-GAU,DEL,GAU,IndiGo,IndiGo,6E (Direct),4:45 AM,7:10 AM,145,2 hr 25 min,Economy,8120.0,4798.86,2258.28,710.0,352.86,0.0,3321.14,True,0,Non-Stop,e9f5ad96a653
SCR_GF_1789324777_004,2026-09-14 00:09:32,2026-09-15,1,google_flights,DEL,GAU,DEL-GAU,DEL,GAU,Air India Express,Air India Express,IX (Direct),8:00 PM,10:30 PM,150,2 hr 30 min,Economy,7819.0,4603.92,2166.56,710.0,338.52,0.0,3215.08,True,0,Non-Stop,4593c708f311
SCR_GF_1789324777_005,2026-09-14 00:09:32,2026-09-15,1,google_flights,DEL,GAU,DEL-GAU,DEL,GAU,Air India Express,Air India Express,IX (Direct),8:10 AM,10:40 AM,150,2 hr 30 min,Economy,8069.0,4765.83,2242.74,710.0,350.43,0.0,3303.17,True,0,Non-Stop,d462193c57dd
SCR_GF_1789324777_006,2026-09-14 00:09:32,2026-09-15,1,google_flights,DEL,GAU,DEL-GAU,DEL,GAU,Air India Express,Air India Express,IX (Direct),8:45 AM,11:15 AM,150,2 hr 30 min,Economy,8069.0,4765.83,2242.74,710.0,350.43,0.0,3303.17,True,0,Non-Stop,09d7dd9e2c15
SCR_GF_1789324777_007,2026-09-14 00:09:32,2026-09-15,1,google_flights,DEL,GAU,DEL-GAU,DEL,GAU,IndiGo,IndiGo,6E (Connecting),4:00 PM,8:40 PM,280,4 hr 40 min,Economy,8089.0,4778.78,2248.84,710.0,351.38,0.0,3310.22,False,1,1 Stop (CCU),910c9a6143ba
SCR_GF_1789324777_008,2026-09-14 00:09:32,2026-09-15,1,google_flights,DEL,GAU,DEL-GAU,DEL,GAU,IndiGo,IndiGo,6E (Direct),7:45 AM,10:10 AM,145,2 hr 25 min,Economy,8120.0,4798.86,2258.28,710.0,352.86,0.0,3321.14,True,0,Non-Stop,02dc678f6f49
SCR_GF_1789324777_009,2026-09-14 00:09:32,2026-09-15,1,google_flights,DEL,GAU,DEL-GAU,DEL,GAU,IndiGo,IndiGo,6E (Direct),8:00 PM,10:25 PM,145,2 hr 25 min,Economy,8120.0,4798.86,2258.28,710.0,352.86,0.0,3321.14,True,0,Non-Stop,33d97d10d65e
SCR_GF_1789324777_010,2026-09-14 00:09:32,2026-09-15,1,google_flights,DEL,GAU,DEL-GAU,DEL,GAU,Air India Express,Air India Express,IX (Direct),10:40 AM,1:25 PM,165,2 hr 45 min,Economy,8269.0,4895.35,2303.7,710.0,359.95,0.0,3373.65,True,0,Non-Stop,7a8237b7d637
SCR_GF_1789324777_011,2026-09-14 00:09:32,2026-09-15,1,google_flights,DEL,GAU,DEL-GAU,DEL,GAU,Air India Express,Air India Express,IX (Direct),12:55 PM,3:35 PM,160,2 hr 40 min,Economy,8269.0,4895.35,2303.7,710.0,359.95,0.0,3373.65,True,0,Non-Stop,d0c51b6f3b6d
SCR_GF_1789324777_012,2026-09-14 00:09:32,2026-09-15,1,google_flights,DEL,GAU,DEL-GAU,DEL,GAU,Air India,Air India,AI (Direct),2:30 PM,5:00 PM,150,2 hr 30 min,Economy,8595.0,5106.48,2403.04,710.0,375.48,0.0,3488.52,True,0,Non-Stop,c45eb9400e1b
SCR_GF_1789324777_013,2026-09-14 00:09:32,2026-09-15,1,google_flights,DEL,GAU,DEL-GAU,DEL,GAU,IndiGo,IndiGo,6E (Direct),3:10 PM,5:35 PM,145,2 hr 25 min,Economy,9220.0,5511.24,2593.52,710.0,405.24,0.0,3708.76,True,0,Non-Stop,82801ae5db67
SCR_GF_1789324777_014,2026-09-14 00:09:32,2026-09-15,1,google_flights,DEL,GAU,DEL-GAU,DEL,GAU,IndiGo,IndiGo,6E (Direct),5:45,8:35,170,2 hr 50 min,Economy,7819.0,4603.92,2166.56,710.0,338.52,0.0,3215.08,True,0,Non-Stop,b2f03b0ac3cc
SCR_GF_1789324777_015,2026-09-14 00:09:32,2026-09-15,1,google_flights,DEL,GAU,DEL-GAU,DEL,GAU,IndiGo,IndiGo,6E (Direct),6:40,9:15,155,2 hr 35 min,Economy,8020.0,4734.1,2227.8,710.0,348.1,0.0,3285.9,True,0,Non-Stop,8102725f1da6
SCR_GF_1789324777_016,2026-09-14 00:09:32,2026-09-15,1,google_flights,DEL,GAU,DEL-GAU,DEL,GAU,IndiGo,IndiGo,6E (Direct),4:45,7:10,145,2 hr 25 min,Economy,8120.0,4798.86,2258.28,710.0,352.86,0.0,3321.14,True,0,Non-Stop,8599a27352ea
SCR_GF_1789324777_017,2026-09-14 00:09:32,2026-09-15,1,google_flights,DEL,GAU,DEL-GAU,DEL,GAU,IndiGo,IndiGo,6E (Direct),8:00,10:30,150,2 hr 30 min,Economy,7819.0,4603.92,2166.56,710.0,338.52,0.0,3215.08,True,0,Non-Stop,ed099d19d852
SCR_GF_1789324777_018,2026-09-14 00:09:32,2026-09-15,1,google_flights,DEL,GAU,DEL-GAU,DEL,GAU,IndiGo,IndiGo,6E (Direct),8:10,10:40,150,2 hr 30 min,Economy,8069.0,4765.83,2242.74,710.0,350.43,0.0,3303.17,True,0,Non-Stop,f1f68ff1c733
SCR_GF_1789324777_019,2026-09-14 00:09:32,2026-09-15,1,google_flights,DEL,GAU,DEL-GAU,DEL,GAU,IndiGo,IndiGo,6E (Direct),8:45,11:15,150,2 hr 30 min,Economy,8069.0,4765.83,2242.74,710.0,350.43,0.0,3303.17,True,0,Non-Stop,b22c721d81d7
SCR_GF_1789324777_020,2026-09-14 00:09:32,2026-09-15,1,google_flights,DEL,GAU,DEL-GAU,DEL,GAU,IndiGo,IndiGo,6E (Connecting),4:00,8:40,280,4 hr 40 min,Economy,8089.0,4778.78,2248.84,710.0,351.38,0.0,3310.22,False,1,1 Stop,8035104d4762
SCR_GF_1789324777_021,2026-09-14 00:09:32,2026-09-15,1,google_flights,DEL,GAU,DEL-GAU,DEL,GAU,IndiGo,IndiGo,6E (Direct),7:45,10:10,145,2 hr 25 min,Economy,8120.0,4798.86,2258.28,710.0,352.86,0.0,3321.14,True,0,Non-Stop,923e6a276b7e
SCR_GF_1789324777_022,2026-09-14 00:09:32,2026-09-15,1,google_flights,DEL,GAU,DEL-GAU,DEL,GAU,IndiGo,IndiGo,6E (Direct),8:00,10:25,145,2 hr 25 min,Economy,8120.0,4798.86,2258.28,710.0,352.86,0.0,3321.14,True,0,Non-Stop,b9cb5b0fc8fa
SCR_GF_1789324777_023,2026-09-14 00:09:32,2026-09-15,1,google_flights,DEL,GAU,DEL-GAU,DEL,GAU,IndiGo,IndiGo,6E (Direct),10:40,1:25,165,2 hr 45 min,Economy,8269.0,4895.35,2303.7,710.0,359.95,0.0,3373.65,True,0,Non-Stop,9f69a96d6dca
SCR_GF_1789324778_024,2026-09-14 00:09:32,2026-09-15,1,google_flights,DEL,GAU,DEL-GAU,DEL,GAU,IndiGo,IndiGo,6E (Direct),12:55,3:35,160,2 hr 40 min,Economy,8269.0,4895.35,2303.7,710.0,359.95,0.0,3373.65,True,0,Non-Stop,00896e84317d
SCR_GF_1789324778_025,2026-09-14 00:09:32,2026-09-15,1,google_flights,DEL,GAU,DEL-GAU,DEL,GAU,IndiGo,IndiGo,6E (Direct),2:30,5:00,150,2 hr 30 min,Economy,8595.0,5106.48,2403.04,710.0,375.48,0.0,3488.52,True,0,Non-Stop,d2e24836221b
SCR_GF_1789324778_026,2026-09-14 00:09:32,2026-09-15,1,google_flights,DEL,GAU,DEL-GAU,DEL,GAU,IndiGo,IndiGo,6E (Direct),3:10,5:35,145,2 hr 25 min,Economy,9220.0,5511.24,2593.52,710.0,405.24,0.0,3708.76,True,0,Non-Stop,a0d3d13d8366
SCR_GF_1789324782_001,2026-09-14 00:09:38,2026-09-21,7,google_flights,DEL,GAU,DEL-GAU,DEL,GAU,Air India Express,Air India Express,IX (Direct),5:45 AM,8:35 AM,170,2 hr 50 min,Economy,7819.0,4603.92,2166.56,710.0,338.52,0.0,3215.08,True,0,Non-Stop,253b2827f101
SCR_GF_1789324782_002,2026-09-14 00:09:38,2026-09-21,7,google_flights,DEL,GAU,DEL-GAU,DEL,GAU,Air India,Air India,AI (Direct),6:40 AM,9:15 AM,155,2 hr 35 min,Economy,8020.0,4734.1,2227.8,710.0,348.1,0.0,3285.9,True,0,Non-Stop,75f6227e9fad
SCR_GF_1789324782_003,2026-09-14 00:09:38,2026-09-21,7,google_flights,DEL,GAU,DEL-GAU,DEL,GAU,IndiGo,IndiGo,6E (Direct),4:45 AM,7:10 AM,145,2 hr 25 min,Economy,8120.0,4798.86,2258.28,710.0,352.86,0.0,3321.14,True,0,Non-Stop,8a44d3faa111
SCR_GF_1789324782_004,2026-09-14 00:09:38,2026-09-21,7,google_flights,DEL,GAU,DEL-GAU,DEL,GAU,Air India Express,Air India Express,IX (Direct),8:00 PM,10:30 PM,150,2 hr 30 min,Economy,7819.0,4603.92,2166.56,710.0,338.52,0.0,3215.08,True,0,Non-Stop,4dbc15fa6078
SCR_GF_1789324782_005,2026-09-14 00:09:38,2026-09-21,7,google_flights,DEL,GAU,DEL-GAU,DEL,GAU,Air India Express,Air India Express,IX (Direct),10:40 AM,1:25 PM,165,2 hr 45 min,Economy,8069.0,4765.83,2242.74,710.0,350.43,0.0,3303.17,True,0,Non-Stop,f3c0c406cff3
SCR_GF_1789324782_006,2026-09-14 00:09:38,2026-09-21,7,google_flights,DEL,GAU,DEL-GAU,DEL,GAU,Air India Express,Air India Express,IX (Direct),12:55 PM,3:35 PM,160,2 hr 40 min,Economy,8069.0,4765.83,2242.74,710.0,350.43,0.0,3303.17,True,0,Non-Stop,98ac58b85c06
SCR_GF_1789324783_007,2026-09-14 00:09:38,2026-09-21,7,google_flights,DEL,GAU,DEL-GAU,DEL,GAU,Air India Express,Air India Express,IX (Direct),6:10 PM,8:40 PM,150,2 hr 30 min,Economy,8069.0,4765.83,2242.74,710.0,350.43,0.0,3303.17,True,0,Non-Stop,b6a71922039e
SCR_GF_1789324783_008,2026-09-14 00:09:38,2026-09-21,7,google_flights,DEL,GAU,DEL-GAU,DEL,GAU,IndiGo,IndiGo,6E (Connecting),5:00 AM,10:15 AM,315,5 hr 15 min,Economy,8089.0,4778.78,2248.84,710.0,351.38,0.0,3310.22,False,1,1 Stop (CCU),a5f4622e148b
SCR_GF_1789324783_009,2026-09-14 00:09:38,2026-09-21,7,google_flights,DEL,GAU,DEL-GAU,DEL,GAU,IndiGo,IndiGo,6E (Direct),7:45 AM,10:10 AM,145,2 hr 25 min,Economy,8120.0,4798.86,2258.28,710.0,352.86,0.0,3321.14,True,0,Non-Stop,69b407b54b32
SCR_GF_1789324783_010,2026-09-14 00:09:38,2026-09-21,7,google_flights,DEL,GAU,DEL-GAU,DEL,GAU,Air India,Air India,AI (Direct),2:30 PM,5:00 PM,150,2 hr 30 min,Economy,8120.0,4798.86,2258.28,710.0,352.86,0.0,3321.14,True,0,Non-Stop,bf51ca86075c
SCR_GF_1789324783_011,2026-09-14 00:09:38,2026-09-21,7,google_flights,DEL,GAU,DEL-GAU,DEL,GAU,IndiGo,IndiGo,6E (Direct),3:10 PM,5:35 PM,145,2 hr 25 min,Economy,8120.0,4798.86,2258.28,710.0,352.86,0.0,3321.14,True,0,Non-Stop,26eb7f2c5323
SCR_GF_1789324783_012,2026-09-14 00:09:38,2026-09-21,7,google_flights,DEL,GAU,DEL-GAU,DEL,GAU,IndiGo,IndiGo,6E (Direct),8:00 PM,10:25 PM,145,2 hr 25 min,Economy,8120.0,4798.86,2258.28,710.0,352.86,0.0,3321.14,True,0,Non-Stop,ee03b25b64f1
SCR_GF_1789324783_013,2026-09-14 00:09:38,2026-09-21,7,google_flights,DEL,GAU,DEL-GAU,DEL,GAU,IndiGo,IndiGo,6E (Direct),5:45,8:35,170,2 hr 50 min,Economy,7819.0,4603.92,2166.56,710.0,338.52,0.0,3215.08,True,0,Non-Stop,4edd8952787d
SCR_GF_1789324783_014,2026-09-14 00:09:38,2026-09-21,7,google_flights,DEL,GAU,DEL-GAU,DEL,GAU,IndiGo,IndiGo,6E (Direct),6:40,9:15,155,2 hr 35 min,Economy,8020.0,4734.1,2227.8,710.0,348.1,0.0,3285.9,True,0,Non-Stop,6a0508c0fe0f
SCR_GF_1789324783_015,2026-09-14 00:09:38,2026-09-21,7,google_flights,DEL,GAU,DEL-GAU,DEL,GAU,IndiGo,IndiGo,6E (Direct),4:45,7:10,145,2 hr 25 min,Economy,8120.0,4798.86,2258.28,710.0,352.86,0.0,3321.14,True,0,Non-Stop,ae3e7573f84c
SCR_GF_1789324784_016,2026-09-14 00:09:38,2026-09-21,7,google_flights,DEL,GAU,DEL-GAU,DEL,GAU,IndiGo,IndiGo,6E (Direct),8:00,10:30,150,2 hr 30 min,Economy,7819.0,4603.92,2166.56,710.0,338.52,0.0,3215.08,True,0,Non-Stop,bc9a71f78328
SCR_GF_1789324784_017,2026-09-14 00:09:38,2026-09-21,7,google_flights,DEL,GAU,DEL-GAU,DEL,GAU,IndiGo,IndiGo,6E (Direct),10:40,1:25,165,2 hr 45 min,Economy,8069.0,4765.83,2242.74,710.0,350.43,0.0,3303.17,True,0,Non-Stop,91cd9979675d
SCR_GF_1789324784_018,2026-09-14 00:09:38,2026-09-21,7,google_flights,DEL,GAU,DEL-GAU,DEL,GAU,IndiGo,IndiGo,6E (Direct),12:55,3:35,160,2 hr 40 min,Economy,8069.0,4765.83,2242.74,710.0,350.43,0.0,3303.17,True,0,Non-Stop,ab078a568572
SCR_GF_1789324784_019,2026-09-14 00:09:38,2026-09-21,7,google_flights,DEL,GAU,DEL-GAU,DEL,GAU,IndiGo,IndiGo,6E (Direct),6:10,8:40,150,2 hr 30 min,Economy,8069.0,4765.83,2242.74,710.0,350.43,0.0,3303.17,True,0,Non-Stop,5d3cfa857fbe
SCR_GF_1789324784_020,2026-09-14 00:09:38,2026-09-21,7,google_flights,DEL,GAU,DEL-GAU,DEL,GAU,IndiGo,IndiGo,6E (Connecting),5:00,10:15,315,5 hr 15 min,Economy,8089.0,4778.78,2248.84,710.0,351.38,0.0,3310.22,False,1,1 Stop,44cae1ac46b6
SCR_GF_1789324784_021,2026-09-14 00:09:38,2026-09-21,7,google_flights,DEL,GAU,DEL-GAU,DEL,GAU,IndiGo,IndiGo,6E (Direct),7:45,10:10,145,2 hr 25 min,Economy,8120.0,4798.86,2258.28,710.0,352.86,0.0,3321.14,True,0,Non-Stop,383d22b6160e
SCR_GF_1789324784_022,2026-09-14 00:09:38,2026-09-21,7,google_flights,DEL,GAU,DEL-GAU,DEL,GAU,IndiGo,IndiGo,6E (Direct),2:30,5:00,150,2 hr 30 min,Economy,8120.0,4798.86,2258.28,710.0,352.86,0.0,3321.14,True,0,Non-Stop,7c31aecd5887
SCR_GF_1789324784_023,2026-09-14 00:09:38,2026-09-21,7,google_flights,DEL,GAU,DEL-GAU,DEL,GAU,IndiGo,IndiGo,6E (Direct),3:10,5:35,145,2 hr 25 min,Economy,8120.0,4798.86,2258.28,710.0,352.86,0.0,3321.14,True,0,Non-Stop,c1348d07409d
SCR_GF_1789324784_024,2026-09-14 00:09:38,2026-09-21,7,google_flights,DEL,GAU,DEL-GAU,DEL,GAU,IndiGo,IndiGo,6E (Direct),8:00,10:25,145,2 hr 25 min,Economy,8120.0,4798.86,2258.28,710.0,352.86,0.0,3321.14,True,0,Non-Stop,56635992ddf7
SCR_GF_1789324789_001,2026-09-14 00:09:45,2026-09-29,15,google_flights,DEL,GAU,DEL-GAU,DEL,GAU,Air India,Air India,AI (Direct),6:40 AM,9:15 AM,155,2 hr 35 min,Economy,8020.0,4734.1,2227.8,710.0,348.1,0.0,3285.9,True,0,Non-Stop,bc663f0f0fd7
SCR_GF_1789324789_002,2026-09-14 00:09:45,2026-09-29,15,google_flights,DEL,GAU,DEL-GAU,DEL,GAU,Air India Express,Air India Express,IX (Direct),8:45 AM,11:15 AM,150,2 hr 30 min,Economy,8069.0,4765.83,2242.74,710.0,350.43,0.0,3303.17,True,0,Non-Stop,8d71081b5ead
SCR_GF_1789324789_003,2026-09-14 00:09:45,2026-09-29,15,google_flights,DEL,GAU,DEL-GAU,DEL,GAU,IndiGo,IndiGo,6E (Direct),4:45 AM,7:10 AM,145,2 hr 25 min,Economy,8120.0,4798.86,2258.28,710.0,352.86,0.0,3321.14,True,0,Non-Stop,a2ecafd2d85f
SCR_GF_1789324789_004,2026-09-14 00:09:45,2026-09-29,15,google_flights,DEL,GAU,DEL-GAU,DEL,GAU,IndiGo,IndiGo,6E (Direct),7:45 AM,10:10 AM,145,2 hr 25 min,Economy,8120.0,4798.86,2258.28,710.0,352.86,0.0,3321.14,True,0,Non-Stop,e8f098a124d0
SCR_GF_1789324789_005,2026-09-14 00:09:45,2026-09-29,15,google_flights,DEL,GAU,DEL-GAU,DEL,GAU,Air India Express,Air India Express,IX (Direct),5:45 AM,8:35 AM,170,2 hr 50 min,Economy,8019.0,4733.45,2227.5,710.0,348.05,0.0,3285.55,True,0,Non-Stop,29b6bd36c13b
SCR_GF_1789324790_006,2026-09-14 00:09:45,2026-09-29,15,google_flights,DEL,GAU,DEL-GAU,DEL,GAU,Air India Express,Air India Express,IX (Direct),8:00 PM,10:30 PM,150,2 hr 30 min,Economy,8019.0,4733.45,2227.5,710.0,348.05,0.0,3285.55,True,0,Non-Stop,e7cf6988bc70
SCR_GF_1789324790_007,2026-09-14 00:09:45,2026-09-29,15,google_flights,DEL,GAU,DEL-GAU,DEL,GAU,Air India Express,Air India Express,IX (Direct),8:10 AM,10:40 AM,150,2 hr 30 min,Economy,8069.0,4765.83,2242.74,710.0,350.43,0.0,3303.17,True,0,Non-Stop,8fe4bb45bd6f
SCR_GF_1789324790_008,2026-09-14 00:09:45,2026-09-29,15,google_flights,DEL,GAU,DEL-GAU,DEL,GAU,Air India Express,Air India Express,IX (Direct),10:40 AM,1:25 PM,165,2 hr 45 min,Economy,8069.0,4765.83,2242.74,710.0,350.43,0.0,3303.17,True,0,Non-Stop,5fcd0b8a2a14
SCR_GF_1789324790_009,2026-09-14 00:09:45,2026-09-29,15,google_flights,DEL,GAU,DEL-GAU,DEL,GAU,Air India Express,Air India Express,IX (Direct),12:55 PM,3:35 PM,160,2 hr 40 min,Economy,8069.0,4765.83,2242.74,710.0,350.43,0.0,3303.17,True,0,Non-Stop,4a47358ac3eb
SCR_GF_1789324790_010,2026-09-14 00:09:45,2026-09-29,15,google_flights,DEL,GAU,DEL-GAU,DEL,GAU,Air India,Air India,AI (Direct),2:30 PM,5:00 PM,150,2 hr 30 min,Economy,8120.0,4798.86,2258.28,710.0,352.86,0.0,3321.14,True,0,Non-Stop,f348443a1a83
SCR_GF_1789324790_011,2026-09-14 00:09:45,2026-09-29,15,google_flights,DEL,GAU,DEL-GAU,DEL,GAU,IndiGo,IndiGo,6E (Direct),3:10 PM,5:35 PM,145,2 hr 25 min,Economy,8320.0,4928.38,2319.24,710.0,362.38,0.0,3391.62,True,0,Non-Stop,9bf067e57f0a
SCR_GF_1789324790_012,2026-09-14 00:09:45,2026-09-29,15,google_flights,DEL,GAU,DEL-GAU,DEL,GAU,IndiGo,IndiGo,6E (Direct),8:00 PM,10:25 PM,145,2 hr 25 min,Economy,8520.0,5057.9,2380.2,710.0,371.9,0.0,3462.1,True,0,Non-Stop,f69c1f61c3a7
SCR_GF_1789324790_013,2026-09-14 00:09:45,2026-09-29,15,google_flights,DEL,GAU,DEL-GAU,DEL,GAU,IndiGo,IndiGo,6E (Direct),6:40,9:15,155,2 hr 35 min,Economy,8020.0,4734.1,2227.8,710.0,348.1,0.0,3285.9,True,0,Non-Stop,454a6205c822
SCR_GF_1789324790_014,2026-09-14 00:09:45,2026-09-29,15,google_flights,DEL,GAU,DEL-GAU,DEL,GAU,IndiGo,IndiGo,6E (Direct),8:45,11:15,150,2 hr 30 min,Economy,8069.0,4765.83,2242.74,710.0,350.43,0.0,3303.17,True,0,Non-Stop,d6376d675221
SCR_GF_1789324791_015,2026-09-14 00:09:45,2026-09-29,15,google_flights,DEL,GAU,DEL-GAU,DEL,GAU,IndiGo,IndiGo,6E (Direct),4:45,7:10,145,2 hr 25 min,Economy,8120.0,4798.86,2258.28,710.0,352.86,0.0,3321.14,True,0,Non-Stop,155a4ad849ab
SCR_GF_1789324791_016,2026-09-14 00:09:45,2026-09-29,15,google_flights,DEL,GAU,DEL-GAU,DEL,GAU,IndiGo,IndiGo,6E (Direct),7:45,10:10,145,2 hr 25 min,Economy,8120.0,4798.86,2258.28,710.0,352.86,0.0,3321.14,True,0,Non-Stop,96a4616d9de7
SCR_GF_1789324791_017,2026-09-14 00:09:45,2026-09-29,15,google_flights,DEL,GAU,DEL-GAU,DEL,GAU,IndiGo,IndiGo,6E (Direct),5:45,8:35,170,2 hr 50 min,Economy,8019.0,4733.45,2227.5,710.0,348.05,0.0,3285.55,True,0,Non-Stop,d0c1f4e30f72
SCR_GF_1789324791_018,2026-09-14 00:09:45,2026-09-29,15,google_flights,DEL,GAU,DEL-GAU,DEL,GAU,IndiGo,IndiGo,6E (Direct),8:00,10:30,150,2 hr 30 min,Economy,8019.0,4733.45,2227.5,710.0,348.05,0.0,3285.55,True,0,Non-Stop,c0063c1afaa8
SCR_GF_1789324791_019,2026-09-14 00:09:45,2026-09-29,15,google_flights,DEL,GAU,DEL-GAU,DEL,GAU,IndiGo,IndiGo,6E (Direct),8:10,10:40,150,2 hr 30 min,Economy,8069.0,4765.83,2242.74,710.0,350.43,0.0,3303.17,True,0,Non-Stop,4f7272f42652
SCR_GF_1789324791_020,2026-09-14 00:09:45,2026-09-29,15,google_flights,DEL,GAU,DEL-GAU,DEL,GAU,IndiGo,IndiGo,6E (Direct),10:40,1:25,165,2 hr 45 min,Economy,8069.0,4765.83,2242.74,710.0,350.43,0.0,3303.17,True,0,Non-Stop,a8de3ee076d4
SCR_GF_1789324791_021,2026-09-14 00:09:45,2026-09-29,15,google_flights,DEL,GAU,DEL-GAU,DEL,GAU,IndiGo,IndiGo,6E (Direct),12:55,3:35,160,2 hr 40 min,Economy,8069.0,4765.83,2242.74,710.0,350.43,0.0,3303.17,True,0,Non-Stop,a7eb09811292
SCR_GF_1789324791_022,2026-09-14 00:09:45,2026-09-29,15,google_flights,DEL,GAU,DEL-GAU,DEL,GAU,IndiGo,IndiGo,6E (Direct),2:30,5:00,150,2 hr 30 min,Economy,8120.0,4798.86,2258.28,710.0,352.86,0.0,3321.14,True,0,Non-Stop,37a08d488350
SCR_GF_1789324791_023,2026-09-14 00:09:45,2026-09-29,15,google_flights,DEL,GAU,DEL-GAU,DEL,GAU,IndiGo,IndiGo,6E (Direct),3:10,5:35,145,2 hr 25 min,Economy,8320.0,4928.38,2319.24,710.0,362.38,0.0,3391.62,True,0,Non-Stop,346ddf0d3608
SCR_GF_1789324791_024,2026-09-14 00:09:45,2026-09-29,15,google_flights,DEL,GAU,DEL-GAU,DEL,GAU,IndiGo,IndiGo,6E (Direct),8:00,10:25,145,2 hr 25 min,Economy,8520.0,5057.9,2380.2,710.0,371.9,0.0,3462.1,True,0,Non-Stop,d85c4f6d680e
