record_id,search_timestamp,travel_date,lead_time_days,source_platform,origin_iata,dest_iata,route,origin_raw,dest_raw,airline_standardized,airline_raw,flight_number,departure_time,arrival_time,duration_minutes,duration_raw,cabin_class,total_fare_inr,base_fare_inr,taxes_fees_inr,is_nonstop,stops,raw_hash
SCR_GF_1789055783_001,2026-09-10 21:26:17,2026-09-11,1,google_flights,DEL,BOM,DEL-BOM,DEL,BOM,Air India,Air India,,5:00 AM,7:20 AM,140,2 hr 20 min,Economy,6314.0,,,True,Non-stop,bd328b491ab0
SCR_GF_1789055783_002,2026-09-10 21:26:17,2026-09-11,1,google_flights,DEL,BOM,DEL-BOM,DEL,BOM,IndiGo,IndiGo,,10:15 AM,12:35 PM,140,2 hr 20 min,Economy,6425.0,,,True,Non-stop,6c715be2b836
SCR_GF_1789055783_003,2026-09-10 21:26:17,2026-09-11,1,google_flights,DEL,BOM,DEL-BOM,DEL,BOM,Air India Express,Air India Express,,5:35 AM,8:05 AM,150,2 hr 30 min,Economy,6610.0,,,True,Non-stop,74c2d592b700
SCR_GF_1789055783_004,2026-09-10 21:26:17,2026-09-11,1,google_flights,DEL,BOM,DEL-BOM,DEL,BOM,Akasa Air,Akasa Air,,10:30 AM,12:45 PM,135,2 hr 15 min,Economy,6880.0,,,True,Non-stop,6ded5683cbf1
SCR_GF_1789055783_005,2026-09-10 21:26:17,2026-09-11,1,google_flights,DEL,BOM,DEL-BOM,DEL,BOM,IndiGo,IndiGo,,8:15 AM,1:30 PM,315,5 hr 15 min,Economy,6195.0,,,False,1 stop,49336e008a5a
SCR_GF_1789055783_006,2026-09-10 21:26:17,2026-09-11,1,google_flights,DEL,BOM,DEL-BOM,DEL,BOM,IndiGo,IndiGo,,9:00 AM,1:50 PM,290,4 hr 50 min,Economy,6195.0,,,False,1 stop,d1b3f7bd5ebd
SCR_GF_1789055783_007,2026-09-10 21:26:17,2026-09-11,1,google_flights,DEL,BOM,DEL-BOM,DEL,BOM,IndiGo,IndiGo,,6:05 AM,8:20 AM,135,2 hr 15 min,Economy,6425.0,,,True,Non-stop,739e480a528c
SCR_GF_1789055783_008,2026-09-10 21:26:17,2026-09-11,1,google_flights,DEL,BOM,DEL-BOM,DEL,BOM,IndiGo,IndiGo,,7:15 AM,9:30 AM,135,2 hr 15 min,Economy,6425.0,,,True,Non-stop,4a651b4aadbc
SCR_GF_1789055783_009,2026-09-10 21:26:17,2026-09-11,1,google_flights,DEL,BOM,DEL-BOM,DEL,BOM,IndiGo,IndiGo,,8:00 AM,10:20 AM,140,2 hr 20 min,Economy,6425.0,,,True,Non-stop,2b38a640d030
SCR_GF_1789055783_010,2026-09-10 21:26:17,2026-09-11,1,google_flights,DEL,BOM,DEL-BOM,DEL,BOM,IndiGo,IndiGo,,9:30 AM,11:55 AM,145,2 hr 25 min,Economy,6425.0,,,True,Non-stop,7f1804efad77
SCR_GF_1789055783_011,2026-09-10 21:26:17,2026-09-11,1,google_flights,DEL,BOM,DEL-BOM,DEL,BOM,Air India,Air India,,6:30 AM,8:50 AM,140,2 hr 20 min,Economy,6582.0,,,True,Non-stop,431f4c2580ef
SCR_GF_1789055783_012,2026-09-10 21:26:17,2026-09-11,1,google_flights,DEL,BOM,DEL-BOM,DEL,BOM,Air India,Air India,,8:30 AM,10:45 AM,135,2 hr 15 min,Economy,6582.0,,,True,Non-stop,3ee6e0156750
SCR_GF_1789055783_013,2026-09-10 21:26:17,2026-09-11,1,google_flights,DEL,BOM,DEL-BOM,DEL,BOM,Air India,Air India,,9:30 AM,12:00 PM,150,2 hr 30 min,Economy,6582.0,,,True,Non-stop,9a21358f8cdb
SCR_GF_1789055783_014,2026-09-10 21:26:17,2026-09-11,1,google_flights,DEL,BOM,DEL-BOM,DEL,BOM,Air India,Air India,,10:00 AM,12:25 PM,145,2 hr 25 min,Economy,6582.0,,,True,Non-stop,27c9f077794b
SCR_GF_1789055783_015,2026-09-10 21:26:17,2026-09-11,1,google_flights,DEL,BOM,DEL-BOM,DEL,BOM,Air India,Air India,,12:00 PM,2:25 PM,145,2 hr 25 min,Economy,6582.0,,,True,Non-stop,657dd2e1d3ef
SCR_GF_1789055783_016,2026-09-10 21:26:17,2026-09-11,1,google_flights,DEL,BOM,DEL-BOM,DEL,BOM,IndiGo,IndiGo,,8:45 AM,11:00 AM,135,2 hr 15 min,Economy,6583.0,,,True,Non-stop,11d89f5006ab
SCR_GF_1789055783_017,2026-09-10 21:26:17,2026-09-11,1,google_flights,DEL,BOM,DEL-BOM,DEL,BOM,IndiGo,IndiGo,,11:00 AM,1:15 PM,135,2 hr 15 min,Economy,6583.0,,,True,Non-stop,1f6774ef221f
SCR_GF_1789055784_018,2026-09-10 21:26:17,2026-09-11,1,google_flights,DEL,BOM,DEL-BOM,DEL,BOM,IndiGo,IndiGo,,12:00 PM,2:15 PM,135,2 hr 15 min,Economy,6583.0,,,True,Non-stop,8fb82f83d9dd
SCR_GF_1789055784_019,2026-09-10 21:26:17,2026-09-11,1,google_flights,DEL,BOM,DEL-BOM,DEL,BOM,IndiGo,IndiGo,,1:00,3:10,130,2 hr 10 min,Economy,6583.0,,,True,Non-stop,8d3fb5bb1b77
SCR_GF_1789055784_020,2026-09-10 21:26:17,2026-09-11,1,google_flights,DEL,BOM,DEL-BOM,DEL,BOM,IndiGo,IndiGo,,2:00,4:25,145,2 hr 25 min,Economy,6583.0,,,True,Non-stop,ffaa8018c8b2
SCR_GF_1789055784_021,2026-09-10 21:26:17,2026-09-11,1,google_flights,DEL,BOM,DEL-BOM,DEL,BOM,IndiGo,IndiGo,,2:45,5:00,135,2 hr 15 min,Economy,6583.0,,,True,Non-stop,b4ac40ee989b
SCR_GF_1789055784_022,2026-09-10 21:26:17,2026-09-11,1,google_flights,DEL,BOM,DEL-BOM,DEL,BOM,Air India,Air India,,7:00,9:25,145,2 hr 25 min,Economy,6740.0,,,True,Non-stop,ede5aa0bbb74
SCR_GF_1789055784_023,2026-09-10 21:26:17,2026-09-11,1,google_flights,DEL,BOM,DEL-BOM,DEL,BOM,Air India,Air India,,7:30,9:55,145,2 hr 25 min,Economy,6740.0,,,True,Non-stop,793b6cb2dc88
SCR_GF_1789055784_024,2026-09-10 21:26:17,2026-09-11,1,google_flights,DEL,BOM,DEL-BOM,DEL,BOM,Air India,Air India,,11:00,1:25,145,2 hr 25 min,Economy,6740.0,,,True,Non-stop,ce54ba4216fe
SCR_GF_1789055784_025,2026-09-10 21:26:17,2026-09-11,1,google_flights,DEL,BOM,DEL-BOM,DEL,BOM,Akasa Air,Akasa Air,,6:50,9:10,140,2 hr 20 min,Economy,6880.0,,,True,Non-stop,c8b9a15d366f
SCR_GF_1789055784_026,2026-09-10 21:26:17,2026-09-11,1,google_flights,DEL,BOM,DEL-BOM,DEL,BOM,Akasa Air,Akasa Air,,8:40,11:05,145,2 hr 25 min,Economy,6880.0,,,True,Non-stop,c43076aeab11
SCR_GF_1789055784_027,2026-09-10 21:26:17,2026-09-11,1,google_flights,DEL,BOM,DEL-BOM,DEL,BOM,Akasa Air,Akasa Air,,12:30,2:55,145,2 hr 25 min,Economy,6880.0,,,True,Non-stop,83dc149d7a4b
SCR_GF_1789055785_028,2026-09-10 21:26:17,2026-09-11,1,google_flights,DEL,BOM,DEL-BOM,DEL,BOM,IndiGo,IndiGo,,3:30,5:45,135,2 hr 15 min,Economy,7055.0,,,True,Non-stop,590cbb46566d
SCR_GF_1789055785_029,2026-09-10 21:26:17,2026-09-11,1,google_flights,DEL,BOM,DEL-BOM,DEL,BOM,Akasa Air,Akasa Air,,4:00,6:20,140,2 hr 20 min,Economy,10235.0,,,True,Non-stop,ffad45e37d4d
SCR_GF_1789055785_030,2026-09-10 21:26:17,2026-09-11,1,google_flights,DEL,BOM,DEL-BOM,DEL,BOM,Akasa Air,Akasa Air,,7:55,10:20,145,2 hr 25 min,Economy,11200.0,,,True,Non-stop,cb610cf65724
SCR_GF_1789055785_031,2026-09-10 21:26:17,2026-09-11,1,google_flights,DEL,BOM,DEL-BOM,DEL,BOM,IndiGo,IndiGo,,7:00,9:25,145,2 hr 25 min,Economy,11203.0,,,True,Non-stop,385ec1621598
SCR_GF_1789055785_032,2026-09-10 21:26:17,2026-09-11,1,google_flights,DEL,BOM,DEL-BOM,DEL,BOM,IndiGo,IndiGo,,10:45,1:05 AM,140,2 hr 20 min,Economy,11203.0,,,True,Non-stop,a34e271fc91a
SCR_GF_1789055785_033,2026-09-10 21:26:17,2026-09-11,1,google_flights,DEL,BOM,DEL-BOM,DEL,BOM,IndiGo,IndiGo,,11:30,1:45 AM,135,2 hr 15 min,Economy,11203.0,,,True,Non-stop,9942eb1dc35a
SCR_GF_1789055785_034,2026-09-10 21:26:17,2026-09-11,1,google_flights,DEL,BOM,DEL-BOM,DEL,BOM,Akasa Air,Akasa Air,,5:30,7:45,135,2 hr 15 min,Economy,12044.0,,,True,Non-stop,da3a9bc72ff6
SCR_GF_1789055785_035,2026-09-10 21:26:17,2026-09-11,1,google_flights,DEL,BOM,DEL-BOM,DEL,BOM,IndiGo,IndiGo,,8:45,11:00,135,2 hr 15 min,Economy,12253.0,,,True,Non-stop,262acf756e88
SCR_GF_1789055785_036,2026-09-10 21:26:17,2026-09-11,1,google_flights,DEL,BOM,DEL-BOM,DEL,BOM,IndiGo,IndiGo,,9:45,12:05 AM,140,2 hr 20 min,Economy,12253.0,,,True,Non-stop,bcda5caef446
SCR_GF_1789055785_037,2026-09-10 21:26:17,2026-09-11,1,google_flights,DEL,BOM,DEL-BOM,DEL,BOM,IndiGo,IndiGo,,8:00,10:10,130,2 hr 10 min,Economy,13513.0,,,True,Non-stop,188d0c18a263
SCR_GF_1789055785_038,2026-09-10 21:26:17,2026-09-11,1,google_flights,DEL,BOM,DEL-BOM,DEL,BOM,IndiGo,IndiGo,,5:00,7:15,135,2 hr 15 min,Economy,15088.0,,,True,Non-stop,35ea16a52c2a
SCR_GF_1789055785_039,2026-09-10 21:26:17,2026-09-11,1,google_flights,DEL,BOM,DEL-BOM,DEL,BOM,IndiGo,IndiGo,,6:00,8:15,135,2 hr 15 min,Economy,15088.0,,,True,Non-stop,9c1557c97396
SCR_GF_1789055785_040,2026-09-10 21:26:17,2026-09-11,1,google_flights,DEL,BOM,DEL-BOM,DEL,BOM,Air India,Air India,,9:00,11:20,140,2 hr 20 min,Economy,16583.0,,,True,Non-stop,2be17bf6f1f4
SCR_GF_1789055785_041,2026-09-10 21:26:17,2026-09-11,1,google_flights,DEL,BOM,DEL-BOM,DEL,BOM,Air India,Air India,,9:30,11:55,145,2 hr 25 min,Economy,16583.0,,,True,Non-stop,1c5d4526f9b8
SCR_GF_1789055785_042,2026-09-10 21:26:17,2026-09-11,1,google_flights,DEL,BOM,DEL-BOM,DEL,BOM,Air India,Air India,,11:00,1:25 AM,145,2 hr 25 min,Economy,16583.0,,,True,Non-stop,aa6f10b22e2b
SCR_GF_1789055785_043,2026-09-10 21:26:17,2026-09-11,1,google_flights,DEL,BOM,DEL-BOM,DEL,BOM,Air India Express,Air India Express,,11:25,1:50 AM,145,2 hr 25 min,Economy,16844.0,,,True,Non-stop,c0cfeb81cf05
SCR_GF_1789055785_044,2026-09-10 21:26:17,2026-09-11,1,google_flights,DEL,BOM,DEL-BOM,DEL,BOM,Air India,Air India,,6:00,8:25,145,2 hr 25 min,Economy,17350.0,,,True,Non-stop,6966661bafac
SCR_GF_1789055785_045,2026-09-10 21:26:17,2026-09-11,1,google_flights,DEL,BOM,DEL-BOM,DEL,BOM,SpiceJet,SpiceJet,,7:55,10:30,155,2 hr 35 min,Economy,19603.0,,,True,Non-stop,eeabba7be770
SCR_GF_1789055785_046,2026-09-10 21:26:17,2026-09-11,1,google_flights,DEL,BOM,DEL-BOM,DEL,BOM,Air India,Air India,,4:30,6:50,140,2 hr 20 min,Economy,23844.0,,,True,Non-stop,e86191eb53d5
SCR_GF_1789055785_047,2026-09-10 21:26:17,2026-09-11,1,google_flights,DEL,BOM,DEL-BOM,DEL,BOM,Air India,Air India,,5:00,7:25,145,2 hr 25 min,Economy,23844.0,,,True,Non-stop,530e623e30c5
SCR_GF_1789055785_048,2026-09-10 21:26:17,2026-09-11,1,google_flights,DEL,BOM,DEL-BOM,DEL,BOM,Air India,Air India,,7:30,9:55,145,2 hr 25 min,Economy,24747.0,,,True,Non-stop,7a3b51202000
SCR_GF_1789055785_049,2026-09-10 21:26:17,2026-09-11,1,google_flights,DEL,BOM,DEL-BOM,DEL,BOM,Air India,Air India,,1:30,3:50,140,2 hr 20 min,Economy,33304.0,,,True,Non-stop,3af7cb9d44f9
SCR_GF_1789055785_050,2026-09-10 21:26:17,2026-09-11,1,google_flights,DEL,BOM,DEL-BOM,DEL,BOM,Air India,Air India,,5:00,7:20,140,2 hr 20 min,Economy,6314.0,,,True,Non-stop,4033e9a72f97
SCR_GF_1789055785_051,2026-09-10 21:26:17,2026-09-11,1,google_flights,DEL,BOM,DEL-BOM,DEL,BOM,IndiGo,IndiGo,,10:15,12:35,140,2 hr 20 min,Economy,6425.0,,,True,Non-stop,2d3827f1c43c
SCR_GF_1789055785_052,2026-09-10 21:26:17,2026-09-11,1,google_flights,DEL,BOM,DEL-BOM,DEL,BOM,Air India Express,Air India Express,,5:35,8:05,150,2 hr 30 min,Economy,6610.0,,,True,Non-stop,468806699194
SCR_GF_1789055785_053,2026-09-10 21:26:17,2026-09-11,1,google_flights,DEL,BOM,DEL-BOM,DEL,BOM,Akasa Air,Akasa Air,,10:30,12:45,135,2 hr 15 min,Economy,6880.0,,,True,Non-stop,242ee1eff65b
SCR_GF_1789055785_054,2026-09-10 21:26:17,2026-09-11,1,google_flights,DEL,BOM,DEL-BOM,DEL,BOM,IndiGo,IndiGo,,8:15,1:30,315,5 hr 15 min,Economy,6195.0,,,False,1 stop,69a0bec4e299
SCR_GF_1789055785_055,2026-09-10 21:26:17,2026-09-11,1,google_flights,DEL,BOM,DEL-BOM,DEL,BOM,IndiGo,IndiGo,,9:00,1:50,290,4 hr 50 min,Economy,6195.0,,,False,1 stop,f93b453fbcb7
SCR_GF_1789055785_056,2026-09-10 21:26:17,2026-09-11,1,google_flights,DEL,BOM,DEL-BOM,DEL,BOM,IndiGo,IndiGo,,6:05,8:20,135,2 hr 15 min,Economy,6425.0,,,True,Non-stop,10d21f1b988a
SCR_GF_1789055785_057,2026-09-10 21:26:17,2026-09-11,1,google_flights,DEL,BOM,DEL-BOM,DEL,BOM,IndiGo,IndiGo,,7:15,9:30,135,2 hr 15 min,Economy,6425.0,,,True,Non-stop,f23bf425f519
SCR_GF_1789055785_058,2026-09-10 21:26:17,2026-09-11,1,google_flights,DEL,BOM,DEL-BOM,DEL,BOM,IndiGo,IndiGo,,8:00,10:20,140,2 hr 20 min,Economy,6425.0,,,True,Non-stop,273cea942cb9
SCR_GF_1789055785_059,2026-09-10 21:26:17,2026-09-11,1,google_flights,DEL,BOM,DEL-BOM,DEL,BOM,IndiGo,IndiGo,,9:30,11:55,145,2 hr 25 min,Economy,6425.0,,,True,Non-stop,bb77c629cf2a
SCR_GF_1789055785_060,2026-09-10 21:26:17,2026-09-11,1,google_flights,DEL,BOM,DEL-BOM,DEL,BOM,Air India,Air India,,6:30,8:50,140,2 hr 20 min,Economy,6582.0,,,True,Non-stop,8b9a3fb5e8be
SCR_GF_1789055785_061,2026-09-10 21:26:17,2026-09-11,1,google_flights,DEL,BOM,DEL-BOM,DEL,BOM,Air India,Air India,,8:30,10:45,135,2 hr 15 min,Economy,6582.0,,,True,Non-stop,69c844b8b722
SCR_GF_1789055785_062,2026-09-10 21:26:17,2026-09-11,1,google_flights,DEL,BOM,DEL-BOM,DEL,BOM,Air India,Air India,,9:30,12:00,150,2 hr 30 min,Economy,6582.0,,,True,Non-stop,a1627f9c48ac
SCR_GF_1789055785_063,2026-09-10 21:26:17,2026-09-11,1,google_flights,DEL,BOM,DEL-BOM,DEL,BOM,Air India,Air India,,10:00,12:25,145,2 hr 25 min,Economy,6582.0,,,True,Non-stop,e12acba1fb5a
SCR_GF_1789055785_064,2026-09-10 21:26:17,2026-09-11,1,google_flights,DEL,BOM,DEL-BOM,DEL,BOM,Air India,Air India,,12:00,2:25,145,2 hr 25 min,Economy,6582.0,,,True,Non-stop,1926875624ae
SCR_GF_1789055785_065,2026-09-10 21:26:17,2026-09-11,1,google_flights,DEL,BOM,DEL-BOM,DEL,BOM,IndiGo,IndiGo,,8:45,11:00,135,2 hr 15 min,Economy,6583.0,,,True,Non-stop,7c16f8f30ef5
SCR_GF_1789055785_066,2026-09-10 21:26:17,2026-09-11,1,google_flights,DEL,BOM,DEL-BOM,DEL,BOM,IndiGo,IndiGo,,11:00,1:15,135,2 hr 15 min,Economy,6583.0,,,True,Non-stop,257a9f37fc3e
SCR_GF_1789055785_067,2026-09-10 21:26:17,2026-09-11,1,google_flights,DEL,BOM,DEL-BOM,DEL,BOM,IndiGo,IndiGo,,12:00,2:15,135,2 hr 15 min,Economy,6583.0,,,True,Non-stop,cce1050eaac6
SCR_GF_1789055785_068,2026-09-10 21:26:17,2026-09-11,1,google_flights,DEL,BOM,DEL-BOM,DEL,BOM,IndiGo,IndiGo,,1:00,3:10,130,2 hr 10 min,Economy,6583.0,,,True,Non-stop,8d3fb5bb1b77
SCR_GF_1789055785_069,2026-09-10 21:26:17,2026-09-11,1,google_flights,DEL,BOM,DEL-BOM,DEL,BOM,IndiGo,IndiGo,,2:00,4:25,145,2 hr 25 min,Economy,6583.0,,,True,Non-stop,ffaa8018c8b2
SCR_GF_1789055785_070,2026-09-10 21:26:17,2026-09-11,1,google_flights,DEL,BOM,DEL-BOM,DEL,BOM,IndiGo,IndiGo,,2:45,5:00,135,2 hr 15 min,Economy,6583.0,,,True,Non-stop,b4ac40ee989b
SCR_GF_1789055785_071,2026-09-10 21:26:17,2026-09-11,1,google_flights,DEL,BOM,DEL-BOM,DEL,BOM,Air India,Air India,,7:00,9:25,145,2 hr 25 min,Economy,6740.0,,,True,Non-stop,ede5aa0bbb74
SCR_GF_1789055785_072,2026-09-10 21:26:17,2026-09-11,1,google_flights,DEL,BOM,DEL-BOM,DEL,BOM,Air India,Air India,,7:30,9:55,145,2 hr 25 min,Economy,6740.0,,,True,Non-stop,793b6cb2dc88
SCR_GF_1789055785_073,2026-09-10 21:26:17,2026-09-11,1,google_flights,DEL,BOM,DEL-BOM,DEL,BOM,Air India,Air India,,11:00,1:25,145,2 hr 25 min,Economy,6740.0,,,True,Non-stop,ce54ba4216fe
SCR_GF_1789055785_074,2026-09-10 21:26:17,2026-09-11,1,google_flights,DEL,BOM,DEL-BOM,DEL,BOM,Akasa Air,Akasa Air,,6:50,9:10,140,2 hr 20 min,Economy,6880.0,,,True,Non-stop,c8b9a15d366f
SCR_GF_1789055785_075,2026-09-10 21:26:17,2026-09-11,1,google_flights,DEL,BOM,DEL-BOM,DEL,BOM,Akasa Air,Akasa Air,,8:40,11:05,145,2 hr 25 min,Economy,6880.0,,,True,Non-stop,c43076aeab11
SCR_GF_1789055785_076,2026-09-10 21:26:17,2026-09-11,1,google_flights,DEL,BOM,DEL-BOM,DEL,BOM,Akasa Air,Akasa Air,,12:30,2:55,145,2 hr 25 min,Economy,6880.0,,,True,Non-stop,83dc149d7a4b
SCR_GF_1789055785_077,2026-09-10 21:26:17,2026-09-11,1,google_flights,DEL,BOM,DEL-BOM,DEL,BOM,IndiGo,IndiGo,,3:30,5:45,135,2 hr 15 min,Economy,7055.0,,,True,Non-stop,590cbb46566d
SCR_GF_1789055785_078,2026-09-10 21:26:17,2026-09-11,1,google_flights,DEL,BOM,DEL-BOM,DEL,BOM,Akasa Air,Akasa Air,,4:00,6:20,140,2 hr 20 min,Economy,10235.0,,,True,Non-stop,ffad45e37d4d
SCR_GF_1789055785_079,2026-09-10 21:26:17,2026-09-11,1,google_flights,DEL,BOM,DEL-BOM,DEL,BOM,Akasa Air,Akasa Air,,7:55,10:20,145,2 hr 25 min,Economy,11200.0,,,True,Non-stop,cb610cf65724
SCR_GF_1789055785_080,2026-09-10 21:26:17,2026-09-11,1,google_flights,DEL,BOM,DEL-BOM,DEL,BOM,IndiGo,IndiGo,,7:00,9:25,145,2 hr 25 min,Economy,11203.0,,,True,Non-stop,385ec1621598
SCR_GF_1789055785_081,2026-09-10 21:26:17,2026-09-11,1,google_flights,DEL,BOM,DEL-BOM,DEL,BOM,IndiGo,IndiGo,,10:45,1:05 AM,140,2 hr 20 min,Economy,11203.0,,,True,Non-stop,a34e271fc91a
SCR_GF_1789055785_082,2026-09-10 21:26:17,2026-09-11,1,google_flights,DEL,BOM,DEL-BOM,DEL,BOM,IndiGo,IndiGo,,11:30,1:45 AM,135,2 hr 15 min,Economy,11203.0,,,True,Non-stop,9942eb1dc35a
SCR_GF_1789055785_083,2026-09-10 21:26:17,2026-09-11,1,google_flights,DEL,BOM,DEL-BOM,DEL,BOM,Akasa Air,Akasa Air,,5:30,7:45,135,2 hr 15 min,Economy,12044.0,,,True,Non-stop,da3a9bc72ff6
SCR_GF_1789055785_084,2026-09-10 21:26:17,2026-09-11,1,google_flights,DEL,BOM,DEL-BOM,DEL,BOM,IndiGo,IndiGo,,8:45,11:00,135,2 hr 15 min,Economy,12253.0,,,True,Non-stop,262acf756e88
SCR_GF_1789055785_085,2026-09-10 21:26:17,2026-09-11,1,google_flights,DEL,BOM,DEL-BOM,DEL,BOM,IndiGo,IndiGo,,9:45,12:05 AM,140,2 hr 20 min,Economy,12253.0,,,True,Non-stop,bcda5caef446
SCR_GF_1789055785_086,2026-09-10 21:26:17,2026-09-11,1,google_flights,DEL,BOM,DEL-BOM,DEL,BOM,IndiGo,IndiGo,,8:00,10:10,130,2 hr 10 min,Economy,13513.0,,,True,Non-stop,188d0c18a263
SCR_GF_1789055785_087,2026-09-10 21:26:17,2026-09-11,1,google_flights,DEL,BOM,DEL-BOM,DEL,BOM,IndiGo,IndiGo,,5:00,7:15,135,2 hr 15 min,Economy,15088.0,,,True,Non-stop,35ea16a52c2a
SCR_GF_1789055785_088,2026-09-10 21:26:17,2026-09-11,1,google_flights,DEL,BOM,DEL-BOM,DEL,BOM,IndiGo,IndiGo,,6:00,8:15,135,2 hr 15 min,Economy,15088.0,,,True,Non-stop,9c1557c97396
SCR_GF_1789055785_089,2026-09-10 21:26:17,2026-09-11,1,google_flights,DEL,BOM,DEL-BOM,DEL,BOM,Air India,Air India,,9:00,11:20,140,2 hr 20 min,Economy,16583.0,,,True,Non-stop,2be17bf6f1f4
SCR_GF_1789055785_090,2026-09-10 21:26:17,2026-09-11,1,google_flights,DEL,BOM,DEL-BOM,DEL,BOM,Air India,Air India,,9:30,11:55,145,2 hr 25 min,Economy,16583.0,,,True,Non-stop,1c5d4526f9b8
SCR_GF_1789055785_091,2026-09-10 21:26:17,2026-09-11,1,google_flights,DEL,BOM,DEL-BOM,DEL,BOM,Air India,Air India,,11:00,1:25 AM,145,2 hr 25 min,Economy,16583.0,,,True,Non-stop,aa6f10b22e2b
SCR_GF_1789055785_092,2026-09-10 21:26:17,2026-09-11,1,google_flights,DEL,BOM,DEL-BOM,DEL,BOM,Air India Express,Air India Express,,11:25,1:50 AM,145,2 hr 25 min,Economy,16844.0,,,True,Non-stop,c0cfeb81cf05
SCR_GF_1789055785_093,2026-09-10 21:26:17,2026-09-11,1,google_flights,DEL,BOM,DEL-BOM,DEL,BOM,Air India,Air India,,6:00,8:25,145,2 hr 25 min,Economy,17350.0,,,True,Non-stop,6966661bafac
SCR_GF_1789055785_094,2026-09-10 21:26:17,2026-09-11,1,google_flights,DEL,BOM,DEL-BOM,DEL,BOM,SpiceJet,SpiceJet,,7:55,10:30,155,2 hr 35 min,Economy,19603.0,,,True,Non-stop,eeabba7be770
SCR_GF_1789055785_095,2026-09-10 21:26:17,2026-09-11,1,google_flights,DEL,BOM,DEL-BOM,DEL,BOM,Air India,Air India,,4:30,6:50,140,2 hr 20 min,Economy,23844.0,,,True,Non-stop,e86191eb53d5
SCR_GF_1789055785_096,2026-09-10 21:26:17,2026-09-11,1,google_flights,DEL,BOM,DEL-BOM,DEL,BOM,Air India,Air India,,5:00,7:25,145,2 hr 25 min,Economy,23844.0,,,True,Non-stop,530e623e30c5
SCR_GF_1789055785_097,2026-09-10 21:26:17,2026-09-11,1,google_flights,DEL,BOM,DEL-BOM,DEL,BOM,Air India,Air India,,7:30,9:55,145,2 hr 25 min,Economy,24747.0,,,True,Non-stop,7a3b51202000
SCR_GF_1789055786_098,2026-09-10 21:26:17,2026-09-11,1,google_flights,DEL,BOM,DEL-BOM,DEL,BOM,Air India,Air India,,1:30,3:50,140,2 hr 20 min,Economy,33304.0,,,True,Non-stop,3af7cb9d44f9
SCR_GF_1789055789_001,2026-09-10 21:26:26,2026-09-17,7,google_flights,DEL,BOM,DEL-BOM,DEL,BOM,Air India,Air India,,11:00 PM,1:25 AM,145,2 hr 25 min,Economy,6314.0,,,True,Non-stop,864b496aefdf
SCR_GF_1789055789_002,2026-09-10 21:26:26,2026-09-17,7,google_flights,DEL,BOM,DEL-BOM,DEL,BOM,IndiGo,IndiGo,,2:45 PM,5:00 PM,135,2 hr 15 min,Economy,6425.0,,,True,Non-stop,8d4544761afb
SCR_GF_1789055789_003,2026-09-10 21:26:26,2026-09-17,7,google_flights,DEL,BOM,DEL-BOM,DEL,BOM,Air India Express,Air India Express,,11:25 PM,1:50 AM,145,2 hr 25 min,Economy,6610.0,,,True,Non-stop,744e17c71d1f
SCR_GF_1789055789_004,2026-09-10 21:26:26,2026-09-17,7,google_flights,DEL,BOM,DEL-BOM,DEL,BOM,Akasa Air,Akasa Air,,5:30 PM,7:45 PM,135,2 hr 15 min,Economy,6880.0,,,True,Non-stop,0c80434b3a15
SCR_GF_1789055789_005,2026-09-10 21:26:26,2026-09-17,7,google_flights,DEL,BOM,DEL-BOM,DEL,BOM,Air India,Air India,,5:00 AM,7:20 AM,140,2 hr 20 min,Economy,6314.0,,,True,Non-stop,3dad52764b3b
SCR_GF_1789055790_006,2026-09-10 21:26:26,2026-09-17,7,google_flights,DEL,BOM,DEL-BOM,DEL,BOM,IndiGo,IndiGo,,5:00,7:15,135,2 hr 15 min,Economy,6425.0,,,True,Non-stop,40e1ef8b0463
SCR_GF_1789055790_007,2026-09-10 21:26:26,2026-09-17,7,google_flights,DEL,BOM,DEL-BOM,DEL,BOM,IndiGo,IndiGo,,6:05,8:20,135,2 hr 15 min,Economy,6425.0,,,True,Non-stop,4959623e3fdb
SCR_GF_1789055790_008,2026-09-10 21:26:26,2026-09-17,7,google_flights,DEL,BOM,DEL-BOM,DEL,BOM,IndiGo,IndiGo,,7:15,9:30,135,2 hr 15 min,Economy,6425.0,,,True,Non-stop,d52f74a5a991
SCR_GF_1789055790_009,2026-09-10 21:26:26,2026-09-17,7,google_flights,DEL,BOM,DEL-BOM,DEL,BOM,IndiGo,IndiGo,,8:00,10:20,140,2 hr 20 min,Economy,6425.0,,,True,Non-stop,8bb4fb5c6e9c
SCR_GF_1789055790_010,2026-09-10 21:26:26,2026-09-17,7,google_flights,DEL,BOM,DEL-BOM,DEL,BOM,IndiGo,IndiGo,,8:45,11:00,135,2 hr 15 min,Economy,6425.0,,,True,Non-stop,1b4204b960a5
SCR_GF_1789055790_011,2026-09-10 21:26:26,2026-09-17,7,google_flights,DEL,BOM,DEL-BOM,DEL,BOM,IndiGo,IndiGo,,9:30,11:55,145,2 hr 25 min,Economy,6425.0,,,True,Non-stop,0571e74908cc
SCR_GF_1789055790_012,2026-09-10 21:26:26,2026-09-17,7,google_flights,DEL,BOM,DEL-BOM,DEL,BOM,IndiGo,IndiGo,,10:15,12:35,140,2 hr 20 min,Economy,6425.0,,,True,Non-stop,bf5723ebc411
SCR_GF_1789055790_013,2026-09-10 21:26:26,2026-09-17,7,google_flights,DEL,BOM,DEL-BOM,DEL,BOM,IndiGo,IndiGo,,11:00,1:15,135,2 hr 15 min,Economy,6425.0,,,True,Non-stop,0a8038e82ae6
SCR_GF_1789055790_014,2026-09-10 21:26:26,2026-09-17,7,google_flights,DEL,BOM,DEL-BOM,DEL,BOM,IndiGo,IndiGo,,12:00,2:15,135,2 hr 15 min,Economy,6425.0,,,True,Non-stop,f9bf102ee525
SCR_GF_1789055790_015,2026-09-10 21:26:26,2026-09-17,7,google_flights,DEL,BOM,DEL-BOM,DEL,BOM,IndiGo,IndiGo,,1:00,3:10,130,2 hr 10 min,Economy,6425.0,,,True,Non-stop,3aa1a8d98429
SCR_GF_1789055790_016,2026-09-10 21:26:26,2026-09-17,7,google_flights,DEL,BOM,DEL-BOM,DEL,BOM,IndiGo,IndiGo,,2:00,4:25,145,2 hr 25 min,Economy,6425.0,,,True,Non-stop,04beb5640642
SCR_GF_1789055790_017,2026-09-10 21:26:26,2026-09-17,7,google_flights,DEL,BOM,DEL-BOM,DEL,BOM,IndiGo,IndiGo,,3:30,5:45,135,2 hr 15 min,Economy,6425.0,,,True,Non-stop,17f9aa35d60f
SCR_GF_1789055790_018,2026-09-10 21:26:26,2026-09-17,7,google_flights,DEL,BOM,DEL-BOM,DEL,BOM,IndiGo,IndiGo,,4:15,6:35,140,2 hr 20 min,Economy,6425.0,,,True,Non-stop,0183b6957fa9
SCR_GF_1789055790_019,2026-09-10 21:26:26,2026-09-17,7,google_flights,DEL,BOM,DEL-BOM,DEL,BOM,IndiGo,IndiGo,,10:45,1:05 AM,140,2 hr 20 min,Economy,6425.0,,,True,Non-stop,39fe41166a0b
SCR_GF_1789055790_020,2026-09-10 21:26:26,2026-09-17,7,google_flights,DEL,BOM,DEL-BOM,DEL,BOM,IndiGo,IndiGo,,11:30,1:45 AM,135,2 hr 15 min,Economy,6425.0,,,True,Non-stop,457730ab3d93
SCR_GF_1789055790_021,2026-09-10 21:26:26,2026-09-17,7,google_flights,DEL,BOM,DEL-BOM,DEL,BOM,Air India,Air India,,8:30,10:45,135,2 hr 15 min,Economy,6582.0,,,True,Non-stop,3483865c5b23
SCR_GF_1789055790_022,2026-09-10 21:26:26,2026-09-17,7,google_flights,DEL,BOM,DEL-BOM,DEL,BOM,Air India,Air India,,9:00,11:15,135,2 hr 15 min,Economy,6582.0,,,True,Non-stop,ec1b8a98eb57
SCR_GF_1789055790_023,2026-09-10 21:26:26,2026-09-17,7,google_flights,DEL,BOM,DEL-BOM,DEL,BOM,Air India,Air India,,9:30,12:00,150,2 hr 30 min,Economy,6582.0,,,True,Non-stop,519c6b850d34
SCR_GF_1789055790_024,2026-09-10 21:26:26,2026-09-17,7,google_flights,DEL,BOM,DEL-BOM,DEL,BOM,Air India,Air India,,10:00,12:25,145,2 hr 25 min,Economy,6582.0,,,True,Non-stop,f9511baf6493
SCR_GF_1789055790_025,2026-09-10 21:26:26,2026-09-17,7,google_flights,DEL,BOM,DEL-BOM,DEL,BOM,Air India,Air India,,11:00,1:25,145,2 hr 25 min,Economy,6582.0,,,True,Non-stop,8abbb804d367
SCR_GF_1789055790_026,2026-09-10 21:26:26,2026-09-17,7,google_flights,DEL,BOM,DEL-BOM,DEL,BOM,Air India,Air India,,12:00,2:25,145,2 hr 25 min,Economy,6582.0,,,True,Non-stop,25eb08645961
SCR_GF_1789055790_027,2026-09-10 21:26:26,2026-09-17,7,google_flights,DEL,BOM,DEL-BOM,DEL,BOM,Air India,Air India,,3:30,5:55,145,2 hr 25 min,Economy,6582.0,,,True,Non-stop,75a778b852ae
SCR_GF_1789055790_028,2026-09-10 21:26:26,2026-09-17,7,google_flights,DEL,BOM,DEL-BOM,DEL,BOM,Air India,Air India,,4:00,6:25,145,2 hr 25 min,Economy,6582.0,,,True,Non-stop,a5cb1162a2d5
SCR_GF_1789055790_029,2026-09-10 21:26:26,2026-09-17,7,google_flights,DEL,BOM,DEL-BOM,DEL,BOM,Air India,Air India,,4:30,6:50,140,2 hr 20 min,Economy,6582.0,,,True,Non-stop,ae2a34efebc2
SCR_GF_1789055790_030,2026-09-10 21:26:26,2026-09-17,7,google_flights,DEL,BOM,DEL-BOM,DEL,BOM,Air India,Air India,,5:00,7:25,145,2 hr 25 min,Economy,6582.0,,,True,Non-stop,08487fa93eed
SCR_GF_1789055790_031,2026-09-10 21:26:26,2026-09-17,7,google_flights,DEL,BOM,DEL-BOM,DEL,BOM,Air India,Air India,,9:00,11:25,145,2 hr 25 min,Economy,6582.0,,,True,Non-stop,ec1b8a98eb57
SCR_GF_1789055790_032,2026-09-10 21:26:26,2026-09-17,7,google_flights,DEL,BOM,DEL-BOM,DEL,BOM,IndiGo,IndiGo,,8:00,10:10,130,2 hr 10 min,Economy,6583.0,,,True,Non-stop,8dcb2e1b9624
SCR_GF_1789055790_033,2026-09-10 21:26:26,2026-09-17,7,google_flights,DEL,BOM,DEL-BOM,DEL,BOM,IndiGo,IndiGo,,9:45,12:05 AM,140,2 hr 20 min,Economy,6583.0,,,True,Non-stop,0d3fe7fe8e89
SCR_GF_1789055790_034,2026-09-10 21:26:26,2026-09-17,7,google_flights,DEL,BOM,DEL-BOM,DEL,BOM,Air India Express,Air India Express,,5:35,8:05,150,2 hr 30 min,Economy,6610.0,,,True,Non-stop,a42aee4bd06f
SCR_GF_1789055790_035,2026-09-10 21:26:26,2026-09-17,7,google_flights,DEL,BOM,DEL-BOM,DEL,BOM,Air India,Air India,,6:30,8:50,140,2 hr 20 min,Economy,6740.0,,,True,Non-stop,d62341489f39
SCR_GF_1789055790_036,2026-09-10 21:26:26,2026-09-17,7,google_flights,DEL,BOM,DEL-BOM,DEL,BOM,IndiGo,IndiGo,,5:00,7:15,135,2 hr 15 min,Economy,6793.0,,,True,Non-stop,4e073d26f8f2
SCR_GF_1789055790_037,2026-09-10 21:26:26,2026-09-17,7,google_flights,DEL,BOM,DEL-BOM,DEL,BOM,IndiGo,IndiGo,,6:00,8:15,135,2 hr 15 min,Economy,6793.0,,,True,Non-stop,54c9ff07ff9a
SCR_GF_1789055790_038,2026-09-10 21:26:26,2026-09-17,7,google_flights,DEL,BOM,DEL-BOM,DEL,BOM,IndiGo,IndiGo,,8:45,11:00,135,2 hr 15 min,Economy,6793.0,,,True,Non-stop,7e62bbeef89e
SCR_GF_1789055790_039,2026-09-10 21:26:26,2026-09-17,7,google_flights,DEL,BOM,DEL-BOM,DEL,BOM,Akasa Air,Akasa Air,,6:50,9:10,140,2 hr 20 min,Economy,6880.0,,,True,Non-stop,73fd254b6872
SCR_GF_1789055790_040,2026-09-10 21:26:26,2026-09-17,7,google_flights,DEL,BOM,DEL-BOM,DEL,BOM,Akasa Air,Akasa Air,,8:40,10:55,135,2 hr 15 min,Economy,6880.0,,,True,Non-stop,e2830e0a5581
SCR_GF_1789055790_041,2026-09-10 21:26:26,2026-09-17,7,google_flights,DEL,BOM,DEL-BOM,DEL,BOM,Akasa Air,Akasa Air,,9:20,11:40,140,2 hr 20 min,Economy,6880.0,,,True,Non-stop,adeed56b4022
SCR_GF_1789055790_042,2026-09-10 21:26:26,2026-09-17,7,google_flights,DEL,BOM,DEL-BOM,DEL,BOM,Akasa Air,Akasa Air,,10:30,12:45,135,2 hr 15 min,Economy,6880.0,,,True,Non-stop,5d35a302628a
SCR_GF_1789055790_043,2026-09-10 21:26:26,2026-09-17,7,google_flights,DEL,BOM,DEL-BOM,DEL,BOM,Akasa Air,Akasa Air,,12:30,2:55,145,2 hr 25 min,Economy,6880.0,,,True,Non-stop,7044e4426789
SCR_GF_1789055790_044,2026-09-10 21:26:26,2026-09-17,7,google_flights,DEL,BOM,DEL-BOM,DEL,BOM,Akasa Air,Akasa Air,,4:00,6:20,140,2 hr 20 min,Economy,6880.0,,,True,Non-stop,b5eddf454cc5
SCR_GF_1789055790_045,2026-09-10 21:26:26,2026-09-17,7,google_flights,DEL,BOM,DEL-BOM,DEL,BOM,Akasa Air,Akasa Air,,7:55,10:20,145,2 hr 25 min,Economy,6880.0,,,True,Non-stop,72adfb271bf1
SCR_GF_1789055790_046,2026-09-10 21:26:26,2026-09-17,7,google_flights,DEL,BOM,DEL-BOM,DEL,BOM,Air India,Air India,,7:00,9:25,145,2 hr 25 min,Economy,6950.0,,,True,Non-stop,943d835d3644
SCR_GF_1789055790_047,2026-09-10 21:26:26,2026-09-17,7,google_flights,DEL,BOM,DEL-BOM,DEL,BOM,Air India,Air India,,7:30,9:55,145,2 hr 25 min,Economy,6950.0,,,True,Non-stop,337dad8c7926
SCR_GF_1789055790_048,2026-09-10 21:26:26,2026-09-17,7,google_flights,DEL,BOM,DEL-BOM,DEL,BOM,Air India,Air India,,1:30,3:50,140,2 hr 20 min,Economy,6950.0,,,True,Non-stop,57dd076d9530
SCR_GF_1789055790_049,2026-09-10 21:26:26,2026-09-17,7,google_flights,DEL,BOM,DEL-BOM,DEL,BOM,IndiGo,IndiGo,,7:00,9:25,145,2 hr 25 min,Economy,7055.0,,,True,Non-stop,fe984a7f3a2a
SCR_GF_1789055790_050,2026-09-10 21:26:26,2026-09-17,7,google_flights,DEL,BOM,DEL-BOM,DEL,BOM,Air India,Air India,,9:30,11:55,145,2 hr 25 min,Economy,7123.0,,,True,Non-stop,142d7122ff62
SCR_GF_1789055790_051,2026-09-10 21:26:26,2026-09-17,7,google_flights,DEL,BOM,DEL-BOM,DEL,BOM,Air India,Air India,,8:00,10:25,145,2 hr 25 min,Economy,7181.0,,,True,Non-stop,807b0cbbb316
SCR_GF_1789055790_052,2026-09-10 21:26:26,2026-09-17,7,google_flights,DEL,BOM,DEL-BOM,DEL,BOM,Air India,Air India,,7:30,9:55,145,2 hr 25 min,Economy,7212.0,,,True,Non-stop,62713d3cb801
SCR_GF_1789055790_053,2026-09-10 21:26:26,2026-09-17,7,google_flights,DEL,BOM,DEL-BOM,DEL,BOM,Air India,Air India,,8:30,11:05,155,2 hr 35 min,Economy,7212.0,,,True,Non-stop,96dfd2a326e5
SCR_GF_1789055790_054,2026-09-10 21:26:26,2026-09-17,7,google_flights,DEL,BOM,DEL-BOM,DEL,BOM,Air India,Air India,,9:00,11:20,140,2 hr 20 min,Economy,7212.0,,,True,Non-stop,ab649cde3d3a
SCR_GF_1789055790_055,2026-09-10 21:26:26,2026-09-17,7,google_flights,DEL,BOM,DEL-BOM,DEL,BOM,Air India,Air India,,6:00,8:25,145,2 hr 25 min,Economy,7349.0,,,True,Non-stop,f386b70e43c2
SCR_GF_1789055790_056,2026-09-10 21:26:26,2026-09-17,7,google_flights,DEL,BOM,DEL-BOM,DEL,BOM,Air India,Air India,,7:00,9:25,145,2 hr 25 min,Economy,7511.0,,,True,Non-stop,3446af74866a
SCR_GF_1789055790_057,2026-09-10 21:26:26,2026-09-17,7,google_flights,DEL,BOM,DEL-BOM,DEL,BOM,SpiceJet,SpiceJet,,7:55,10:40,165,2 hr 45 min,Economy,9642.0,,,True,Non-stop,d0381cabad54
SCR_GF_1789055790_058,2026-09-10 21:26:26,2026-09-17,7,google_flights,DEL,BOM,DEL-BOM,DEL,BOM,SpiceJet,SpiceJet,,10:45,1:25 AM,160,2 hr 40 min,Economy,19603.0,,,True,Non-stop,339ffc6c22c1
SCR_GF_1789055790_059,2026-09-10 21:26:26,2026-09-17,7,google_flights,DEL,BOM,DEL-BOM,DEL,BOM,Air India,Air India,,11:00,1:25 AM,145,2 hr 25 min,Economy,6314.0,,,True,Non-stop,434489574eb0
SCR_GF_1789055790_060,2026-09-10 21:26:26,2026-09-17,7,google_flights,DEL,BOM,DEL-BOM,DEL,BOM,IndiGo,IndiGo,,2:45,5:00,135,2 hr 15 min,Economy,6425.0,,,True,Non-stop,f4037983d0b1
SCR_GF_1789055790_061,2026-09-10 21:26:26,2026-09-17,7,google_flights,DEL,BOM,DEL-BOM,DEL,BOM,Air India Express,Air India Express,,11:25,1:50 AM,145,2 hr 25 min,Economy,6610.0,,,True,Non-stop,15a595c56568
SCR_GF_1789055790_062,2026-09-10 21:26:26,2026-09-17,7,google_flights,DEL,BOM,DEL-BOM,DEL,BOM,Akasa Air,Akasa Air,,5:30,7:45,135,2 hr 15 min,Economy,6880.0,,,True,Non-stop,725fdb0411b2
SCR_GF_1789055790_063,2026-09-10 21:26:26,2026-09-17,7,google_flights,DEL,BOM,DEL-BOM,DEL,BOM,Air India,Air India,,5:00,7:20,140,2 hr 20 min,Economy,6314.0,,,True,Non-stop,c6cc509a8a7c
SCR_GF_1789055790_064,2026-09-10 21:26:26,2026-09-17,7,google_flights,DEL,BOM,DEL-BOM,DEL,BOM,IndiGo,IndiGo,,5:00,7:15,135,2 hr 15 min,Economy,6425.0,,,True,Non-stop,40e1ef8b0463
SCR_GF_1789055790_065,2026-09-10 21:26:26,2026-09-17,7,google_flights,DEL,BOM,DEL-BOM,DEL,BOM,IndiGo,IndiGo,,6:05,8:20,135,2 hr 15 min,Economy,6425.0,,,True,Non-stop,4959623e3fdb
SCR_GF_1789055790_066,2026-09-10 21:26:26,2026-09-17,7,google_flights,DEL,BOM,DEL-BOM,DEL,BOM,IndiGo,IndiGo,,7:15,9:30,135,2 hr 15 min,Economy,6425.0,,,True,Non-stop,d52f74a5a991
SCR_GF_1789055790_067,2026-09-10 21:26:26,2026-09-17,7,google_flights,DEL,BOM,DEL-BOM,DEL,BOM,IndiGo,IndiGo,,8:00,10:20,140,2 hr 20 min,Economy,6425.0,,,True,Non-stop,8bb4fb5c6e9c
SCR_GF_1789055790_068,2026-09-10 21:26:26,2026-09-17,7,google_flights,DEL,BOM,DEL-BOM,DEL,BOM,IndiGo,IndiGo,,8:45,11:00,135,2 hr 15 min,Economy,6425.0,,,True,Non-stop,1b4204b960a5
SCR_GF_1789055790_069,2026-09-10 21:26:26,2026-09-17,7,google_flights,DEL,BOM,DEL-BOM,DEL,BOM,IndiGo,IndiGo,,9:30,11:55,145,2 hr 25 min,Economy,6425.0,,,True,Non-stop,0571e74908cc
SCR_GF_1789055790_070,2026-09-10 21:26:26,2026-09-17,7,google_flights,DEL,BOM,DEL-BOM,DEL,BOM,IndiGo,IndiGo,,10:15,12:35,140,2 hr 20 min,Economy,6425.0,,,True,Non-stop,bf5723ebc411
SCR_GF_1789055790_071,2026-09-10 21:26:26,2026-09-17,7,google_flights,DEL,BOM,DEL-BOM,DEL,BOM,IndiGo,IndiGo,,11:00,1:15,135,2 hr 15 min,Economy,6425.0,,,True,Non-stop,0a8038e82ae6
SCR_GF_1789055790_072,2026-09-10 21:26:26,2026-09-17,7,google_flights,DEL,BOM,DEL-BOM,DEL,BOM,IndiGo,IndiGo,,12:00,2:15,135,2 hr 15 min,Economy,6425.0,,,True,Non-stop,f9bf102ee525
SCR_GF_1789055790_073,2026-09-10 21:26:26,2026-09-17,7,google_flights,DEL,BOM,DEL-BOM,DEL,BOM,IndiGo,IndiGo,,1:00,3:10,130,2 hr 10 min,Economy,6425.0,,,True,Non-stop,3aa1a8d98429
SCR_GF_1789055790_074,2026-09-10 21:26:26,2026-09-17,7,google_flights,DEL,BOM,DEL-BOM,DEL,BOM,IndiGo,IndiGo,,2:00,4:25,145,2 hr 25 min,Economy,6425.0,,,True,Non-stop,04beb5640642
SCR_GF_1789055790_075,2026-09-10 21:26:26,2026-09-17,7,google_flights,DEL,BOM,DEL-BOM,DEL,BOM,IndiGo,IndiGo,,3:30,5:45,135,2 hr 15 min,Economy,6425.0,,,True,Non-stop,17f9aa35d60f
SCR_GF_1789055790_076,2026-09-10 21:26:26,2026-09-17,7,google_flights,DEL,BOM,DEL-BOM,DEL,BOM,IndiGo,IndiGo,,4:15,6:35,140,2 hr 20 min,Economy,6425.0,,,True,Non-stop,0183b6957fa9
SCR_GF_1789055790_077,2026-09-10 21:26:26,2026-09-17,7,google_flights,DEL,BOM,DEL-BOM,DEL,BOM,IndiGo,IndiGo,,10:45,1:05 AM,140,2 hr 20 min,Economy,6425.0,,,True,Non-stop,39fe41166a0b
SCR_GF_1789055790_078,2026-09-10 21:26:26,2026-09-17,7,google_flights,DEL,BOM,DEL-BOM,DEL,BOM,IndiGo,IndiGo,,11:30,1:45 AM,135,2 hr 15 min,Economy,6425.0,,,True,Non-stop,457730ab3d93
SCR_GF_1789055790_079,2026-09-10 21:26:26,2026-09-17,7,google_flights,DEL,BOM,DEL-BOM,DEL,BOM,Air India,Air India,,8:30,10:45,135,2 hr 15 min,Economy,6582.0,,,True,Non-stop,3483865c5b23
SCR_GF_1789055790_080,2026-09-10 21:26:26,2026-09-17,7,google_flights,DEL,BOM,DEL-BOM,DEL,BOM,Air India,Air India,,9:00,11:15,135,2 hr 15 min,Economy,6582.0,,,True,Non-stop,ec1b8a98eb57
SCR_GF_1789055790_081,2026-09-10 21:26:26,2026-09-17,7,google_flights,DEL,BOM,DEL-BOM,DEL,BOM,Air India,Air India,,9:30,12:00,150,2 hr 30 min,Economy,6582.0,,,True,Non-stop,519c6b850d34
SCR_GF_1789055790_082,2026-09-10 21:26:26,2026-09-17,7,google_flights,DEL,BOM,DEL-BOM,DEL,BOM,Air India,Air India,,10:00,12:25,145,2 hr 25 min,Economy,6582.0,,,True,Non-stop,f9511baf6493
SCR_GF_1789055790_083,2026-09-10 21:26:26,2026-09-17,7,google_flights,DEL,BOM,DEL-BOM,DEL,BOM,Air India,Air India,,11:00,1:25,145,2 hr 25 min,Economy,6582.0,,,True,Non-stop,8abbb804d367
SCR_GF_1789055790_084,2026-09-10 21:26:26,2026-09-17,7,google_flights,DEL,BOM,DEL-BOM,DEL,BOM,Air India,Air India,,12:00,2:25,145,2 hr 25 min,Economy,6582.0,,,True,Non-stop,25eb08645961
SCR_GF_1789055790_085,2026-09-10 21:26:26,2026-09-17,7,google_flights,DEL,BOM,DEL-BOM,DEL,BOM,Air India,Air India,,3:30,5:55,145,2 hr 25 min,Economy,6582.0,,,True,Non-stop,75a778b852ae
SCR_GF_1789055790_086,2026-09-10 21:26:26,2026-09-17,7,google_flights,DEL,BOM,DEL-BOM,DEL,BOM,Air India,Air India,,4:00,6:25,145,2 hr 25 min,Economy,6582.0,,,True,Non-stop,a5cb1162a2d5
SCR_GF_1789055790_087,2026-09-10 21:26:26,2026-09-17,7,google_flights,DEL,BOM,DEL-BOM,DEL,BOM,Air India,Air India,,4:30,6:50,140,2 hr 20 min,Economy,6582.0,,,True,Non-stop,ae2a34efebc2
SCR_GF_1789055790_088,2026-09-10 21:26:26,2026-09-17,7,google_flights,DEL,BOM,DEL-BOM,DEL,BOM,Air India,Air India,,5:00,7:25,145,2 hr 25 min,Economy,6582.0,,,True,Non-stop,08487fa93eed
SCR_GF_1789055790_089,2026-09-10 21:26:26,2026-09-17,7,google_flights,DEL,BOM,DEL-BOM,DEL,BOM,Air India,Air India,,9:00,11:25,145,2 hr 25 min,Economy,6582.0,,,True,Non-stop,ec1b8a98eb57
SCR_GF_1789055790_090,2026-09-10 21:26:26,2026-09-17,7,google_flights,DEL,BOM,DEL-BOM,DEL,BOM,IndiGo,IndiGo,,8:00,10:10,130,2 hr 10 min,Economy,6583.0,,,True,Non-stop,8dcb2e1b9624
SCR_GF_1789055790_091,2026-09-10 21:26:26,2026-09-17,7,google_flights,DEL,BOM,DEL-BOM,DEL,BOM,IndiGo,IndiGo,,9:45,12:05 AM,140,2 hr 20 min,Economy,6583.0,,,True,Non-stop,0d3fe7fe8e89
SCR_GF_1789055790_092,2026-09-10 21:26:26,2026-09-17,7,google_flights,DEL,BOM,DEL-BOM,DEL,BOM,Air India Express,Air India Express,,5:35,8:05,150,2 hr 30 min,Economy,6610.0,,,True,Non-stop,a42aee4bd06f
SCR_GF_1789055791_093,2026-09-10 21:26:26,2026-09-17,7,google_flights,DEL,BOM,DEL-BOM,DEL,BOM,Air India,Air India,,6:30,8:50,140,2 hr 20 min,Economy,6740.0,,,True,Non-stop,d62341489f39
SCR_GF_1789055791_094,2026-09-10 21:26:26,2026-09-17,7,google_flights,DEL,BOM,DEL-BOM,DEL,BOM,IndiGo,IndiGo,,5:00,7:15,135,2 hr 15 min,Economy,6793.0,,,True,Non-stop,4e073d26f8f2
SCR_GF_1789055791_095,2026-09-10 21:26:26,2026-09-17,7,google_flights,DEL,BOM,DEL-BOM,DEL,BOM,IndiGo,IndiGo,,6:00,8:15,135,2 hr 15 min,Economy,6793.0,,,True,Non-stop,54c9ff07ff9a
SCR_GF_1789055791_096,2026-09-10 21:26:26,2026-09-17,7,google_flights,DEL,BOM,DEL-BOM,DEL,BOM,IndiGo,IndiGo,,8:45,11:00,135,2 hr 15 min,Economy,6793.0,,,True,Non-stop,7e62bbeef89e
SCR_GF_1789055791_097,2026-09-10 21:26:26,2026-09-17,7,google_flights,DEL,BOM,DEL-BOM,DEL,BOM,Akasa Air,Akasa Air,,6:50,9:10,140,2 hr 20 min,Economy,6880.0,,,True,Non-stop,73fd254b6872
SCR_GF_1789055791_098,2026-09-10 21:26:26,2026-09-17,7,google_flights,DEL,BOM,DEL-BOM,DEL,BOM,Akasa Air,Akasa Air,,8:40,10:55,135,2 hr 15 min,Economy,6880.0,,,True,Non-stop,e2830e0a5581
SCR_GF_1789055791_099,2026-09-10 21:26:26,2026-09-17,7,google_flights,DEL,BOM,DEL-BOM,DEL,BOM,Akasa Air,Akasa Air,,9:20,11:40,140,2 hr 20 min,Economy,6880.0,,,True,Non-stop,adeed56b4022
SCR_GF_1789055791_100,2026-09-10 21:26:26,2026-09-17,7,google_flights,DEL,BOM,DEL-BOM,DEL,BOM,Akasa Air,Akasa Air,,10:30,12:45,135,2 hr 15 min,Economy,6880.0,,,True,Non-stop,5d35a302628a
SCR_GF_1789055791_101,2026-09-10 21:26:26,2026-09-17,7,google_flights,DEL,BOM,DEL-BOM,DEL,BOM,Akasa Air,Akasa Air,,12:30,2:55,145,2 hr 25 min,Economy,6880.0,,,True,Non-stop,7044e4426789
SCR_GF_1789055791_102,2026-09-10 21:26:26,2026-09-17,7,google_flights,DEL,BOM,DEL-BOM,DEL,BOM,Akasa Air,Akasa Air,,4:00,6:20,140,2 hr 20 min,Economy,6880.0,,,True,Non-stop,b5eddf454cc5
SCR_GF_1789055791_103,2026-09-10 21:26:26,2026-09-17,7,google_flights,DEL,BOM,DEL-BOM,DEL,BOM,Akasa Air,Akasa Air,,7:55,10:20,145,2 hr 25 min,Economy,6880.0,,,True,Non-stop,72adfb271bf1
SCR_GF_1789055791_104,2026-09-10 21:26:26,2026-09-17,7,google_flights,DEL,BOM,DEL-BOM,DEL,BOM,Air India,Air India,,7:00,9:25,145,2 hr 25 min,Economy,6950.0,,,True,Non-stop,943d835d3644
SCR_GF_1789055791_105,2026-09-10 21:26:26,2026-09-17,7,google_flights,DEL,BOM,DEL-BOM,DEL,BOM,Air India,Air India,,7:30,9:55,145,2 hr 25 min,Economy,6950.0,,,True,Non-stop,337dad8c7926
SCR_GF_1789055791_106,2026-09-10 21:26:26,2026-09-17,7,google_flights,DEL,BOM,DEL-BOM,DEL,BOM,Air India,Air India,,1:30,3:50,140,2 hr 20 min,Economy,6950.0,,,True,Non-stop,57dd076d9530
SCR_GF_1789055791_107,2026-09-10 21:26:26,2026-09-17,7,google_flights,DEL,BOM,DEL-BOM,DEL,BOM,IndiGo,IndiGo,,7:00,9:25,145,2 hr 25 min,Economy,7055.0,,,True,Non-stop,fe984a7f3a2a
SCR_GF_1789055791_108,2026-09-10 21:26:26,2026-09-17,7,google_flights,DEL,BOM,DEL-BOM,DEL,BOM,Air India,Air India,,9:30,11:55,145,2 hr 25 min,Economy,7123.0,,,True,Non-stop,142d7122ff62
SCR_GF_1789055791_109,2026-09-10 21:26:26,2026-09-17,7,google_flights,DEL,BOM,DEL-BOM,DEL,BOM,Air India,Air India,,8:00,10:25,145,2 hr 25 min,Economy,7181.0,,,True,Non-stop,807b0cbbb316
SCR_GF_1789055791_110,2026-09-10 21:26:26,2026-09-17,7,google_flights,DEL,BOM,DEL-BOM,DEL,BOM,Air India,Air India,,7:30,9:55,145,2 hr 25 min,Economy,7212.0,,,True,Non-stop,62713d3cb801
SCR_GF_1789055791_111,2026-09-10 21:26:26,2026-09-17,7,google_flights,DEL,BOM,DEL-BOM,DEL,BOM,Air India,Air India,,8:30,11:05,155,2 hr 35 min,Economy,7212.0,,,True,Non-stop,96dfd2a326e5
SCR_GF_1789055791_112,2026-09-10 21:26:26,2026-09-17,7,google_flights,DEL,BOM,DEL-BOM,DEL,BOM,Air India,Air India,,9:00,11:20,140,2 hr 20 min,Economy,7212.0,,,True,Non-stop,ab649cde3d3a
SCR_GF_1789055791_113,2026-09-10 21:26:26,2026-09-17,7,google_flights,DEL,BOM,DEL-BOM,DEL,BOM,Air India,Air India,,6:00,8:25,145,2 hr 25 min,Economy,7349.0,,,True,Non-stop,f386b70e43c2
SCR_GF_1789055791_114,2026-09-10 21:26:26,2026-09-17,7,google_flights,DEL,BOM,DEL-BOM,DEL,BOM,Air India,Air India,,7:00,9:25,145,2 hr 25 min,Economy,7511.0,,,True,Non-stop,3446af74866a
SCR_GF_1789055791_115,2026-09-10 21:26:26,2026-09-17,7,google_flights,DEL,BOM,DEL-BOM,DEL,BOM,SpiceJet,SpiceJet,,7:55,10:40,165,2 hr 45 min,Economy,9642.0,,,True,Non-stop,d0381cabad54
SCR_GF_1789055791_116,2026-09-10 21:26:26,2026-09-17,7,google_flights,DEL,BOM,DEL-BOM,DEL,BOM,SpiceJet,SpiceJet,,10:45,1:25 AM,160,2 hr 40 min,Economy,19603.0,,,True,Non-stop,339ffc6c22c1
SCR_GF_1789055794_001,2026-09-10 21:26:31,2026-10-10,30,google_flights,DEL,BOM,DEL-BOM,DEL,BOM,IndiGo,IndiGo,,6:00 PM,8:15 PM,135,2 hr 15 min,Economy,6425.0,,,True,Non-stop,58be48934788
SCR_GF_1789055794_002,2026-09-10 21:26:31,2026-10-10,30,google_flights,DEL,BOM,DEL-BOM,DEL,BOM,Air India,Air India,,3:30 PM,5:55 PM,145,2 hr 25 min,Economy,6582.0,,,True,Non-stop,b628e5cb66e2
SCR_GF_1789055794_003,2026-09-10 21:26:31,2026-10-10,30,google_flights,DEL,BOM,DEL-BOM,DEL,BOM,Air India Express,Air India Express,,5:50 PM,8:10 PM,140,2 hr 20 min,Economy,6610.0,,,True,Non-stop,91cbf26fd67f
SCR_GF_1789055794_004,2026-09-10 21:26:31,2026-10-10,30,google_flights,DEL,BOM,DEL-BOM,DEL,BOM,IndiGo,IndiGo,,3:00 AM,5:20 AM,140,2 hr 20 min,Economy,6425.0,,,True,Non-stop,5f07aae5708e
SCR_GF_1789055794_005,2026-09-10 21:26:31,2026-10-10,30,google_flights,DEL,BOM,DEL-BOM,DEL,BOM,IndiGo,IndiGo,,7:15 AM,9:30 AM,135,2 hr 15 min,Economy,6425.0,,,True,Non-stop,63dbc123f235
SCR_GF_1789055794_006,2026-09-10 21:26:31,2026-10-10,30,google_flights,DEL,BOM,DEL-BOM,DEL,BOM,IndiGo,IndiGo,,8:00 AM,10:20 AM,140,2 hr 20 min,Economy,6425.0,,,True,Non-stop,6e7c642ac439
SCR_GF_1789055794_007,2026-09-10 21:26:31,2026-10-10,30,google_flights,DEL,BOM,DEL-BOM,DEL,BOM,IndiGo,IndiGo,,8:45 AM,11:00 AM,135,2 hr 15 min,Economy,6425.0,,,True,Non-stop,3879750e87e7
SCR_GF_1789055794_008,2026-09-10 21:26:31,2026-10-10,30,google_flights,DEL,BOM,DEL-BOM,DEL,BOM,IndiGo,IndiGo,,9:30 AM,11:55 AM,145,2 hr 25 min,Economy,6425.0,,,True,Non-stop,b3eb3dc28b9c
SCR_GF_1789055794_009,2026-09-10 21:26:31,2026-10-10,30,google_flights,DEL,BOM,DEL-BOM,DEL,BOM,IndiGo,IndiGo,,10:15 AM,12:35 PM,140,2 hr 20 min,Economy,6425.0,,,True,Non-stop,259375d01f6d
SCR_GF_1789055794_010,2026-09-10 21:26:31,2026-10-10,30,google_flights,DEL,BOM,DEL-BOM,DEL,BOM,IndiGo,IndiGo,,11:00 AM,1:15 PM,135,2 hr 15 min,Economy,6425.0,,,True,Non-stop,b7ae017feb8f
SCR_GF_1789055794_011,2026-09-10 21:26:31,2026-10-10,30,google_flights,DEL,BOM,DEL-BOM,DEL,BOM,IndiGo,IndiGo,,12:00 PM,2:15 PM,135,2 hr 15 min,Economy,6425.0,,,True,Non-stop,788651c246d0
SCR_GF_1789055794_012,2026-09-10 21:26:31,2026-10-10,30,google_flights,DEL,BOM,DEL-BOM,DEL,BOM,IndiGo,IndiGo,,1:00 PM,3:10 PM,130,2 hr 10 min,Economy,6425.0,,,True,Non-stop,06ec7f3a9321
SCR_GF_1789055794_013,2026-09-10 21:26:31,2026-10-10,30,google_flights,DEL,BOM,DEL-BOM,DEL,BOM,IndiGo,IndiGo,,2:45 PM,5:00 PM,135,2 hr 15 min,Economy,6425.0,,,True,Non-stop,4a136d3d77e7
SCR_GF_1789055794_014,2026-09-10 21:26:31,2026-10-10,30,google_flights,DEL,BOM,DEL-BOM,DEL,BOM,IndiGo,IndiGo,,3:30 PM,5:45 PM,135,2 hr 15 min,Economy,6425.0,,,True,Non-stop,f56feeb89b60
SCR_GF_1789055794_015,2026-09-10 21:26:31,2026-10-10,30,google_flights,DEL,BOM,DEL-BOM,DEL,BOM,IndiGo,IndiGo,,4:15 PM,6:35 PM,140,2 hr 20 min,Economy,6425.0,,,True,Non-stop,1337133eb351
SCR_GF_1789055794_016,2026-09-10 21:26:31,2026-10-10,30,google_flights,DEL,BOM,DEL-BOM,DEL,BOM,IndiGo,IndiGo,,7:00 PM,9:25 PM,145,2 hr 25 min,Economy,6425.0,,,True,Non-stop,c51a079bcff0
SCR_GF_1789055794_017,2026-09-10 21:26:31,2026-10-10,30,google_flights,DEL,BOM,DEL-BOM,DEL,BOM,IndiGo,IndiGo,,8:00 PM,10:10 PM,130,2 hr 10 min,Economy,6425.0,,,True,Non-stop,807443c818a4
SCR_GF_1789055794_018,2026-09-10 21:26:31,2026-10-10,30,google_flights,DEL,BOM,DEL-BOM,DEL,BOM,IndiGo,IndiGo,,10:45 PM,1:05 AM,140,2 hr 20 min,Economy,6425.0,,,True,Non-stop,a04c4d4fa897
SCR_GF_1789055794_019,2026-09-10 21:26:31,2026-10-10,30,google_flights,DEL,BOM,DEL-BOM,DEL,BOM,IndiGo,IndiGo,,11:30 PM,1:45 AM,135,2 hr 15 min,Economy,6425.0,,,True,Non-stop,22c074a5b1a9
SCR_GF_1789055794_020,2026-09-10 21:26:31,2026-10-10,30,google_flights,DEL,BOM,DEL-BOM,DEL,BOM,Air India,Air India,,11:00 PM,1:25 AM,145,2 hr 25 min,Economy,6566.0,,,True,Non-stop,b743649f621e
SCR_GF_1789055794_021,2026-09-10 21:26:31,2026-10-10,30,google_flights,DEL,BOM,DEL-BOM,DEL,BOM,Air India,Air India,,5:00 AM,7:25 AM,145,2 hr 25 min,Economy,6582.0,,,True,Non-stop,e2b4e1b77b0d
SCR_GF_1789055794_022,2026-09-10 21:26:31,2026-10-10,30,google_flights,DEL,BOM,DEL-BOM,DEL,BOM,Air India,Air India,,7:00 AM,9:25 AM,145,2 hr 25 min,Economy,6582.0,,,True,Non-stop,2683acd59e88
SCR_GF_1789055794_023,2026-09-10 21:26:31,2026-10-10,30,google_flights,DEL,BOM,DEL-BOM,DEL,BOM,Air India,Air India,,8:30 AM,10:45 AM,135,2 hr 15 min,Economy,6582.0,,,True,Non-stop,7c6e46e682da
SCR_GF_1789055794_024,2026-09-10 21:26:31,2026-10-10,30,google_flights,DEL,BOM,DEL-BOM,DEL,BOM,Air India,Air India,,9:00 AM,11:15 AM,135,2 hr 15 min,Economy,6582.0,,,True,Non-stop,d7a32b121acb
SCR_GF_1789055794_025,2026-09-10 21:26:31,2026-10-10,30,google_flights,DEL,BOM,DEL-BOM,DEL,BOM,Air India,Air India,,9:30 AM,12:00 PM,150,2 hr 30 min,Economy,6582.0,,,True,Non-stop,436be2ae6703
SCR_GF_1789055794_026,2026-09-10 21:26:31,2026-10-10,30,google_flights,DEL,BOM,DEL-BOM,DEL,BOM,Air India,Air India,,10:00 AM,12:25 PM,145,2 hr 25 min,Economy,6582.0,,,True,Non-stop,16d76f998f3f
SCR_GF_1789055794_027,2026-09-10 21:26:31,2026-10-10,30,google_flights,DEL,BOM,DEL-BOM,DEL,BOM,Air India,Air India,,10:30 AM,12:50 PM,140,2 hr 20 min,Economy,6582.0,,,True,Non-stop,fdb38777ea3d
SCR_GF_1789055794_028,2026-09-10 21:26:31,2026-10-10,30,google_flights,DEL,BOM,DEL-BOM,DEL,BOM,Air India,Air India,,11:00 AM,1:25 PM,145,2 hr 25 min,Economy,6582.0,,,True,Non-stop,d6bb0fff35f9
SCR_GF_1789055794_029,2026-09-10 21:26:31,2026-10-10,30,google_flights,DEL,BOM,DEL-BOM,DEL,BOM,Air India,Air India,,2:10 PM,4:35 PM,145,2 hr 25 min,Economy,6582.0,,,True,Non-stop,6a2dbaddaf6c
SCR_GF_1789055794_030,2026-09-10 21:26:31,2026-10-10,30,google_flights,DEL,BOM,DEL-BOM,DEL,BOM,Air India,Air India,,5:00 PM,7:25 PM,145,2 hr 25 min,Economy,6582.0,,,True,Non-stop,7c59e62928e1
SCR_GF_1789055794_031,2026-09-10 21:26:31,2026-10-10,30,google_flights,DEL,BOM,DEL-BOM,DEL,BOM,Air India,Air India,,8:30 PM,11:00 PM,150,2 hr 30 min,Economy,6582.0,,,True,Non-stop,e0aeec220f4d
SCR_GF_1789055794_032,2026-09-10 21:26:31,2026-10-10,30,google_flights,DEL,BOM,DEL-BOM,DEL,BOM,IndiGo,IndiGo,,5:00 AM,7:15 AM,135,2 hr 15 min,Economy,6583.0,,,True,Non-stop,f954af0a6296
SCR_GF_1789055794_033,2026-09-10 21:26:31,2026-10-10,30,google_flights,DEL,BOM,DEL-BOM,DEL,BOM,IndiGo,IndiGo,,6:05 AM,8:20 AM,135,2 hr 15 min,Economy,6583.0,,,True,Non-stop,c5d5ddde8b92
SCR_GF_1789055794_034,2026-09-10 21:26:31,2026-10-10,30,google_flights,DEL,BOM,DEL-BOM,DEL,BOM,IndiGo,IndiGo,,8:45 PM,11:00 PM,135,2 hr 15 min,Economy,6583.0,,,True,Non-stop,0c26bcafa802
SCR_GF_1789055794_035,2026-09-10 21:26:31,2026-10-10,30,google_flights,DEL,BOM,DEL-BOM,DEL,BOM,IndiGo,IndiGo,,9:45 PM,12:05 AM,140,2 hr 20 min,Economy,6583.0,,,True,Non-stop,13ee82a9b843
SCR_GF_1789055794_036,2026-09-10 21:26:31,2026-10-10,30,google_flights,DEL,BOM,DEL-BOM,DEL,BOM,Air India Express,Air India Express,,11:25 PM,1:50 AM,145,2 hr 25 min,Economy,6610.0,,,True,Non-stop,8fc3331dd16a
SCR_GF_1789055794_037,2026-09-10 21:26:31,2026-10-10,30,google_flights,DEL,BOM,DEL-BOM,DEL,BOM,Air India,Air India,,6:30 AM,8:50 AM,140,2 hr 20 min,Economy,6740.0,,,True,Non-stop,d501d61636a8
SCR_GF_1789055794_038,2026-09-10 21:26:31,2026-10-10,30,google_flights,DEL,BOM,DEL-BOM,DEL,BOM,Air India,Air India,,9:00 PM,11:20 PM,140,2 hr 20 min,Economy,6740.0,,,True,Non-stop,aab16ffc4b14
SCR_GF_1789055794_039,2026-09-10 21:26:31,2026-10-10,30,google_flights,DEL,BOM,DEL-BOM,DEL,BOM,Air India,Air India,,7:30 AM,9:55 AM,145,2 hr 25 min,Economy,6745.0,,,True,Non-stop,366c7a4be84c
SCR_GF_1789055794_040,2026-09-10 21:26:31,2026-10-10,30,google_flights,DEL,BOM,DEL-BOM,DEL,BOM,Air India,Air India,,12:00 PM,2:25 PM,145,2 hr 25 min,Economy,6745.0,,,True,Non-stop,c7038f5802db
SCR_GF_1789055794_041,2026-09-10 21:26:31,2026-10-10,30,google_flights,DEL,BOM,DEL-BOM,DEL,BOM,Air India,Air India,,4:00 PM,6:25 PM,145,2 hr 25 min,Economy,6745.0,,,True,Non-stop,c265c8555d56
SCR_GF_1789055794_042,2026-09-10 21:26:31,2026-10-10,30,google_flights,DEL,BOM,DEL-BOM,DEL,BOM,Air India,Air India,,7:30 PM,9:55 PM,145,2 hr 25 min,Economy,6745.0,,,True,Non-stop,8fc1e1b5d8fc
SCR_GF_1789055794_043,2026-09-10 21:26:31,2026-10-10,30,google_flights,DEL,BOM,DEL-BOM,DEL,BOM,SpiceJet,SpiceJet,,9:55 AM,12:25 PM,150,2 hr 30 min,Economy,6778.0,,,True,Non-stop,5b722ec8b188
SCR_GF_1789055794_044,2026-09-10 21:26:31,2026-10-10,30,google_flights,DEL,BOM,DEL-BOM,DEL,BOM,SpiceJet,SpiceJet,,10:30 PM,12:50 AM,140,2 hr 20 min,Economy,6778.0,,,True,Non-stop,b403e105de59
SCR_GF_1789055794_045,2026-09-10 21:26:31,2026-10-10,30,google_flights,DEL,BOM,DEL-BOM,DEL,BOM,IndiGo,IndiGo,,2:00 PM,4:25 PM,145,2 hr 25 min,Economy,6793.0,,,True,Non-stop,3ed629434213
SCR_GF_1789055794_046,2026-09-10 21:26:31,2026-10-10,30,google_flights,DEL,BOM,DEL-BOM,DEL,BOM,IndiGo,IndiGo,,5:00 PM,7:15 PM,135,2 hr 15 min,Economy,6793.0,,,True,Non-stop,5f039192ee7f
SCR_GF_1789055794_047,2026-09-10 21:26:31,2026-10-10,30,google_flights,DEL,BOM,DEL-BOM,DEL,BOM,Akasa Air,Akasa Air,,6:50 AM,9:10 AM,140,2 hr 20 min,Economy,6880.0,,,True,Non-stop,99b07ab61e54
SCR_GF_1789055794_048,2026-09-10 21:26:31,2026-10-10,30,google_flights,DEL,BOM,DEL-BOM,DEL,BOM,Akasa Air,Akasa Air,,8:40 AM,11:05 AM,145,2 hr 25 min,Economy,6880.0,,,True,Non-stop,15ced266f116
SCR_GF_1789055794_049,2026-09-10 21:26:31,2026-10-10,30,google_flights,DEL,BOM,DEL-BOM,DEL,BOM,Akasa Air,Akasa Air,,10:00 AM,12:20 PM,140,2 hr 20 min,Economy,6880.0,,,True,Non-stop,764d11f5ac89
SCR_GF_1789055794_050,2026-09-10 21:26:31,2026-10-10,30,google_flights,DEL,BOM,DEL-BOM,DEL,BOM,Akasa Air,Akasa Air,,4:00 PM,6:20 PM,140,2 hr 20 min,Economy,6880.0,,,True,Non-stop,d6a6da5d6f6d
SCR_GF_1789055794_051,2026-09-10 21:26:31,2026-10-10,30,google_flights,DEL,BOM,DEL-BOM,DEL,BOM,Akasa Air,Akasa Air,,5:30 PM,7:50 PM,140,2 hr 20 min,Economy,6880.0,,,True,Non-stop,51c82774cf9c
SCR_GF_1789055794_052,2026-09-10 21:26:31,2026-10-10,30,google_flights,DEL,BOM,DEL-BOM,DEL,BOM,Akasa Air,Akasa Air,,7:55 PM,10:20 PM,145,2 hr 25 min,Economy,6880.0,,,True,Non-stop,8009d0d5cb08
SCR_GF_1789055794_053,2026-09-10 21:26:31,2026-10-10,30,google_flights,DEL,BOM,DEL-BOM,DEL,BOM,Air India,Air India,,6:00 PM,8:25 PM,145,2 hr 25 min,Economy,6902.0,,,True,Non-stop,5db3a20a05fa
SCR_GF_1789055794_054,2026-09-10 21:26:31,2026-10-10,30,google_flights,DEL,BOM,DEL-BOM,DEL,BOM,Air India,Air India,,7:00 PM,9:25 PM,145,2 hr 25 min,Economy,6902.0,,,True,Non-stop,42eedcd17d69
SCR_GF_1789055794_055,2026-09-10 21:26:31,2026-10-10,30,google_flights,DEL,BOM,DEL-BOM,DEL,BOM,Air India,Air India,,9:30 PM,11:55 PM,145,2 hr 25 min,Economy,6908.0,,,True,Non-stop,4db1c48aeece
SCR_GF_1789055794_056,2026-09-10 21:26:31,2026-10-10,30,google_flights,DEL,BOM,DEL-BOM,DEL,BOM,Air India,Air India,,1:30 PM,3:50 PM,140,2 hr 20 min,Economy,8042.0,,,True,Non-stop,abf2ebd60d39
SCR_GF_1789055794_057,2026-09-10 21:26:31,2026-10-10,30,google_flights,DEL,BOM,DEL-BOM,DEL,BOM,IndiGo,IndiGo,,6:00,8:15,135,2 hr 15 min,Economy,6425.0,,,True,Non-stop,2f39dd2e77d1
SCR_GF_1789055794_058,2026-09-10 21:26:31,2026-10-10,30,google_flights,DEL,BOM,DEL-BOM,DEL,BOM,Air India,Air India,,3:30,5:55,145,2 hr 25 min,Economy,6582.0,,,True,Non-stop,e60aab976d11
SCR_GF_1789055794_059,2026-09-10 21:26:31,2026-10-10,30,google_flights,DEL,BOM,DEL-BOM,DEL,BOM,Air India Express,Air India Express,,5:50,8:10,140,2 hr 20 min,Economy,6610.0,,,True,Non-stop,5da441720252
SCR_GF_1789055794_060,2026-09-10 21:26:31,2026-10-10,30,google_flights,DEL,BOM,DEL-BOM,DEL,BOM,IndiGo,IndiGo,,3:00,5:20,140,2 hr 20 min,Economy,6425.0,,,True,Non-stop,3f8c23901bf9
SCR_GF_1789055794_061,2026-09-10 21:26:31,2026-10-10,30,google_flights,DEL,BOM,DEL-BOM,DEL,BOM,IndiGo,IndiGo,,7:15,9:30,135,2 hr 15 min,Economy,6425.0,,,True,Non-stop,f823fd6debe9
SCR_GF_1789055794_062,2026-09-10 21:26:31,2026-10-10,30,google_flights,DEL,BOM,DEL-BOM,DEL,BOM,IndiGo,IndiGo,,8:00,10:20,140,2 hr 20 min,Economy,6425.0,,,True,Non-stop,6abd6aa755fd
SCR_GF_1789055794_063,2026-09-10 21:26:31,2026-10-10,30,google_flights,DEL,BOM,DEL-BOM,DEL,BOM,IndiGo,IndiGo,,8:45,11:00,135,2 hr 15 min,Economy,6425.0,,,True,Non-stop,2db9255e3188
SCR_GF_1789055794_064,2026-09-10 21:26:31,2026-10-10,30,google_flights,DEL,BOM,DEL-BOM,DEL,BOM,IndiGo,IndiGo,,9:30,11:55,145,2 hr 25 min,Economy,6425.0,,,True,Non-stop,659b3b50491c
SCR_GF_1789055794_065,2026-09-10 21:26:31,2026-10-10,30,google_flights,DEL,BOM,DEL-BOM,DEL,BOM,IndiGo,IndiGo,,10:15,12:35,140,2 hr 20 min,Economy,6425.0,,,True,Non-stop,c156f9366074
SCR_GF_1789055794_066,2026-09-10 21:26:31,2026-10-10,30,google_flights,DEL,BOM,DEL-BOM,DEL,BOM,IndiGo,IndiGo,,11:00,1:15,135,2 hr 15 min,Economy,6425.0,,,True,Non-stop,dea605da12b9
SCR_GF_1789055794_067,2026-09-10 21:26:31,2026-10-10,30,google_flights,DEL,BOM,DEL-BOM,DEL,BOM,IndiGo,IndiGo,,12:00,2:15,135,2 hr 15 min,Economy,6425.0,,,True,Non-stop,89e9298ca197
SCR_GF_1789055794_068,2026-09-10 21:26:31,2026-10-10,30,google_flights,DEL,BOM,DEL-BOM,DEL,BOM,IndiGo,IndiGo,,1:00,3:10,130,2 hr 10 min,Economy,6425.0,,,True,Non-stop,2222e5d5e5ec
SCR_GF_1789055794_069,2026-09-10 21:26:31,2026-10-10,30,google_flights,DEL,BOM,DEL-BOM,DEL,BOM,IndiGo,IndiGo,,2:45,5:00,135,2 hr 15 min,Economy,6425.0,,,True,Non-stop,a1b3a0f64750
SCR_GF_1789055794_070,2026-09-10 21:26:31,2026-10-10,30,google_flights,DEL,BOM,DEL-BOM,DEL,BOM,IndiGo,IndiGo,,3:30,5:45,135,2 hr 15 min,Economy,6425.0,,,True,Non-stop,6a5213a782bd
SCR_GF_1789055794_071,2026-09-10 21:26:31,2026-10-10,30,google_flights,DEL,BOM,DEL-BOM,DEL,BOM,IndiGo,IndiGo,,4:15,6:35,140,2 hr 20 min,Economy,6425.0,,,True,Non-stop,802bc789c49a
SCR_GF_1789055794_072,2026-09-10 21:26:31,2026-10-10,30,google_flights,DEL,BOM,DEL-BOM,DEL,BOM,IndiGo,IndiGo,,7:00,9:25,145,2 hr 25 min,Economy,6425.0,,,True,Non-stop,1ac5c10e1a11
SCR_GF_1789055794_073,2026-09-10 21:26:31,2026-10-10,30,google_flights,DEL,BOM,DEL-BOM,DEL,BOM,IndiGo,IndiGo,,8:00,10:10,130,2 hr 10 min,Economy,6425.0,,,True,Non-stop,6abd6aa755fd
SCR_GF_1789055795_074,2026-09-10 21:26:31,2026-10-10,30,google_flights,DEL,BOM,DEL-BOM,DEL,BOM,IndiGo,IndiGo,,10:45,1:05 AM,140,2 hr 20 min,Economy,6425.0,,,True,Non-stop,2dbb794201dd
SCR_GF_1789055795_075,2026-09-10 21:26:31,2026-10-10,30,google_flights,DEL,BOM,DEL-BOM,DEL,BOM,IndiGo,IndiGo,,11:30,1:45 AM,135,2 hr 15 min,Economy,6425.0,,,True,Non-stop,91fbcbb421e8
SCR_GF_1789055795_076,2026-09-10 21:26:31,2026-10-10,30,google_flights,DEL,BOM,DEL-BOM,DEL,BOM,Air India,Air India,,11:00,1:25 AM,145,2 hr 25 min,Economy,6566.0,,,True,Non-stop,14a9ed26b9be
SCR_GF_1789055795_077,2026-09-10 21:26:31,2026-10-10,30,google_flights,DEL,BOM,DEL-BOM,DEL,BOM,Air India,Air India,,5:00,7:25,145,2 hr 25 min,Economy,6582.0,,,True,Non-stop,fbdd1aea58bf
SCR_GF_1789055795_078,2026-09-10 21:26:31,2026-10-10,30,google_flights,DEL,BOM,DEL-BOM,DEL,BOM,Air India,Air India,,7:00,9:25,145,2 hr 25 min,Economy,6582.0,,,True,Non-stop,e87f3588599e
SCR_GF_1789055795_079,2026-09-10 21:26:31,2026-10-10,30,google_flights,DEL,BOM,DEL-BOM,DEL,BOM,Air India,Air India,,8:30,10:45,135,2 hr 15 min,Economy,6582.0,,,True,Non-stop,7286a3a85438
SCR_GF_1789055795_080,2026-09-10 21:26:31,2026-10-10,30,google_flights,DEL,BOM,DEL-BOM,DEL,BOM,Air India,Air India,,9:00,11:15,135,2 hr 15 min,Economy,6582.0,,,True,Non-stop,aa6a276ec2ab
SCR_GF_1789055795_081,2026-09-10 21:26:31,2026-10-10,30,google_flights,DEL,BOM,DEL-BOM,DEL,BOM,Air India,Air India,,9:30,12:00,150,2 hr 30 min,Economy,6582.0,,,True,Non-stop,edbe52c5e551
SCR_GF_1789055795_082,2026-09-10 21:26:31,2026-10-10,30,google_flights,DEL,BOM,DEL-BOM,DEL,BOM,Air India,Air India,,10:00,12:25,145,2 hr 25 min,Economy,6582.0,,,True,Non-stop,c3a171276366
SCR_GF_1789055795_083,2026-09-10 21:26:31,2026-10-10,30,google_flights,DEL,BOM,DEL-BOM,DEL,BOM,Air India,Air India,,10:30,12:50,140,2 hr 20 min,Economy,6582.0,,,True,Non-stop,e21a52d79f24
SCR_GF_1789055795_084,2026-09-10 21:26:31,2026-10-10,30,google_flights,DEL,BOM,DEL-BOM,DEL,BOM,Air India,Air India,,11:00,1:25,145,2 hr 25 min,Economy,6582.0,,,True,Non-stop,c3609d39f69d
SCR_GF_1789055795_085,2026-09-10 21:26:31,2026-10-10,30,google_flights,DEL,BOM,DEL-BOM,DEL,BOM,Air India,Air India,,2:10,4:35,145,2 hr 25 min,Economy,6582.0,,,True,Non-stop,c3046def5b61
SCR_GF_1789055795_086,2026-09-10 21:26:31,2026-10-10,30,google_flights,DEL,BOM,DEL-BOM,DEL,BOM,Air India,Air India,,5:00,7:25,145,2 hr 25 min,Economy,6582.0,,,True,Non-stop,fbdd1aea58bf
SCR_GF_1789055795_087,2026-09-10 21:26:31,2026-10-10,30,google_flights,DEL,BOM,DEL-BOM,DEL,BOM,Air India,Air India,,8:30,11:00,150,2 hr 30 min,Economy,6582.0,,,True,Non-stop,7286a3a85438
SCR_GF_1789055795_088,2026-09-10 21:26:31,2026-10-10,30,google_flights,DEL,BOM,DEL-BOM,DEL,BOM,IndiGo,IndiGo,,5:00,7:15,135,2 hr 15 min,Economy,6583.0,,,True,Non-stop,4cb8d60e8191
SCR_GF_1789055795_089,2026-09-10 21:26:31,2026-10-10,30,google_flights,DEL,BOM,DEL-BOM,DEL,BOM,IndiGo,IndiGo,,6:05,8:20,135,2 hr 15 min,Economy,6583.0,,,True,Non-stop,e08363c9b028
SCR_GF_1789055795_090,2026-09-10 21:26:31,2026-10-10,30,google_flights,DEL,BOM,DEL-BOM,DEL,BOM,IndiGo,IndiGo,,8:45,11:00,135,2 hr 15 min,Economy,6583.0,,,True,Non-stop,091ad09f96ad
SCR_GF_1789055795_091,2026-09-10 21:26:31,2026-10-10,30,google_flights,DEL,BOM,DEL-BOM,DEL,BOM,IndiGo,IndiGo,,9:45,12:05 AM,140,2 hr 20 min,Economy,6583.0,,,True,Non-stop,0a87ae63b8d2
SCR_GF_1789055795_092,2026-09-10 21:26:31,2026-10-10,30,google_flights,DEL,BOM,DEL-BOM,DEL,BOM,Air India Express,Air India Express,,11:25,1:50 AM,145,2 hr 25 min,Economy,6610.0,,,True,Non-stop,5b3101408b11
SCR_GF_1789055795_093,2026-09-10 21:26:31,2026-10-10,30,google_flights,DEL,BOM,DEL-BOM,DEL,BOM,Air India,Air India,,6:30,8:50,140,2 hr 20 min,Economy,6740.0,,,True,Non-stop,28d994020fa1
SCR_GF_1789055795_094,2026-09-10 21:26:31,2026-10-10,30,google_flights,DEL,BOM,DEL-BOM,DEL,BOM,Air India,Air India,,9:00,11:20,140,2 hr 20 min,Economy,6740.0,,,True,Non-stop,0d510c537e37
SCR_GF_1789055795_095,2026-09-10 21:26:31,2026-10-10,30,google_flights,DEL,BOM,DEL-BOM,DEL,BOM,Air India,Air India,,7:30,9:55,145,2 hr 25 min,Economy,6745.0,,,True,Non-stop,f26081cffb99
SCR_GF_1789055795_096,2026-09-10 21:26:31,2026-10-10,30,google_flights,DEL,BOM,DEL-BOM,DEL,BOM,Air India,Air India,,12:00,2:25,145,2 hr 25 min,Economy,6745.0,,,True,Non-stop,691dc75cd714
SCR_GF_1789055795_097,2026-09-10 21:26:31,2026-10-10,30,google_flights,DEL,BOM,DEL-BOM,DEL,BOM,Air India,Air India,,4:00,6:25,145,2 hr 25 min,Economy,6745.0,,,True,Non-stop,1f14a538f96e
SCR_GF_1789055796_098,2026-09-10 21:26:31,2026-10-10,30,google_flights,DEL,BOM,DEL-BOM,DEL,BOM,Air India,Air India,,7:30,9:55,145,2 hr 25 min,Economy,6745.0,,,True,Non-stop,f26081cffb99
SCR_GF_1789055796_099,2026-09-10 21:26:31,2026-10-10,30,google_flights,DEL,BOM,DEL-BOM,DEL,BOM,SpiceJet,SpiceJet,,9:55,12:25,150,2 hr 30 min,Economy,6778.0,,,True,Non-stop,21fbee3e77b1
SCR_GF_1789055796_100,2026-09-10 21:26:31,2026-10-10,30,google_flights,DEL,BOM,DEL-BOM,DEL,BOM,SpiceJet,SpiceJet,,10:30,12:50 AM,140,2 hr 20 min,Economy,6778.0,,,True,Non-stop,3ec4c1dbb546
SCR_GF_1789055796_101,2026-09-10 21:26:31,2026-10-10,30,google_flights,DEL,BOM,DEL-BOM,DEL,BOM,IndiGo,IndiGo,,2:00,4:25,145,2 hr 25 min,Economy,6793.0,,,True,Non-stop,bb649024eaa4
SCR_GF_1789055796_102,2026-09-10 21:26:31,2026-10-10,30,google_flights,DEL,BOM,DEL-BOM,DEL,BOM,IndiGo,IndiGo,,5:00,7:15,135,2 hr 15 min,Economy,6793.0,,,True,Non-stop,a38322ffbad2
SCR_GF_1789055796_103,2026-09-10 21:26:31,2026-10-10,30,google_flights,DEL,BOM,DEL-BOM,DEL,BOM,Akasa Air,Akasa Air,,6:50,9:10,140,2 hr 20 min,Economy,6880.0,,,True,Non-stop,ba11ff6c42e6
SCR_GF_1789055796_104,2026-09-10 21:26:31,2026-10-10,30,google_flights,DEL,BOM,DEL-BOM,DEL,BOM,Akasa Air,Akasa Air,,8:40,11:05,145,2 hr 25 min,Economy,6880.0,,,True,Non-stop,f8fb25ec50f8
SCR_GF_1789055796_105,2026-09-10 21:26:31,2026-10-10,30,google_flights,DEL,BOM,DEL-BOM,DEL,BOM,Akasa Air,Akasa Air,,10:00,12:20,140,2 hr 20 min,Economy,6880.0,,,True,Non-stop,058d51fdad35
SCR_GF_1789055796_106,2026-09-10 21:26:31,2026-10-10,30,google_flights,DEL,BOM,DEL-BOM,DEL,BOM,Akasa Air,Akasa Air,,4:00,6:20,140,2 hr 20 min,Economy,6880.0,,,True,Non-stop,279e8853fc4d
SCR_GF_1789055796_107,2026-09-10 21:26:31,2026-10-10,30,google_flights,DEL,BOM,DEL-BOM,DEL,BOM,Akasa Air,Akasa Air,,5:30,7:50,140,2 hr 20 min,Economy,6880.0,,,True,Non-stop,c313ef9de255
SCR_GF_1789055796_108,2026-09-10 21:26:31,2026-10-10,30,google_flights,DEL,BOM,DEL-BOM,DEL,BOM,Akasa Air,Akasa Air,,7:55,10:20,145,2 hr 25 min,Economy,6880.0,,,True,Non-stop,0f92d61b4d38
SCR_GF_1789055796_109,2026-09-10 21:26:31,2026-10-10,30,google_flights,DEL,BOM,DEL-BOM,DEL,BOM,Air India,Air India,,6:00,8:25,145,2 hr 25 min,Economy,6902.0,,,True,Non-stop,09789ce50dcb
SCR_GF_1789055796_110,2026-09-10 21:26:31,2026-10-10,30,google_flights,DEL,BOM,DEL-BOM,DEL,BOM,Air India,Air India,,7:00,9:25,145,2 hr 25 min,Economy,6902.0,,,True,Non-stop,fa50f2550b8b
SCR_GF_1789055796_111,2026-09-10 21:26:31,2026-10-10,30,google_flights,DEL,BOM,DEL-BOM,DEL,BOM,Air India,Air India,,9:30,11:55,145,2 hr 25 min,Economy,6908.0,,,True,Non-stop,64bb8c8bb089
SCR_GF_1789055796_112,2026-09-10 21:26:31,2026-10-10,30,google_flights,DEL,BOM,DEL-BOM,DEL,BOM,Air India,Air India,,1:30,3:50,140,2 hr 20 min,Economy,8042.0,,,True,Non-stop,5d95cf3b059b
SCR_GF_1789055798_001,2026-09-10 21:26:36,2026-09-11,1,google_flights,DEL,BLR,DEL-BLR,DEL,BLR,IndiGo,IndiGo,,11:30 PM,2:25 AM,175,2 hr 55 min,Economy,8724.0,,,True,Non-stop,aa001ce52f5b
SCR_GF_1789055798_002,2026-09-10 21:26:36,2026-09-11,1,google_flights,DEL,BLR,DEL-BLR,DEL,BLR,Air India,Air India,,8:30 AM,11:20 AM,170,2 hr 50 min,Economy,8883.0,,,True,Non-stop,199d28639243
SCR_GF_1789055798_003,2026-09-10 21:26:36,2026-09-11,1,google_flights,DEL,BLR,DEL-BLR,DEL,BLR,Akasa Air,Akasa Air,,9:55 PM,12:50 AM,175,2 hr 55 min,Economy,9179.0,,,True,Non-stop,be2f2e578048
SCR_GF_1789055798_004,2026-09-10 21:26:36,2026-09-11,1,google_flights,DEL,BLR,DEL-BLR,DEL,BLR,IndiGo,IndiGo,,7:45 PM,1:00 AM,315,5 hr 15 min,Economy,8465.0,,,False,1 stop,826e8e129b00
SCR_GF_1789055798_005,2026-09-10 21:26:36,2026-09-11,1,google_flights,DEL,BLR,DEL-BLR,DEL,BLR,Air India,Air India,,12:15 AM,3:10 AM,175,2 hr 55 min,Economy,8731.0,,,True,Non-stop,a458235da783
SCR_GF_1789055798_006,2026-09-10 21:26:36,2026-09-11,1,google_flights,DEL,BLR,DEL-BLR,DEL,BLR,Air India,Air India,,6:30 AM,9:25 AM,175,2 hr 55 min,Economy,8883.0,,,True,Non-stop,df5a3e454784
SCR_GF_1789055798_007,2026-09-10 21:26:36,2026-09-11,1,google_flights,DEL,BLR,DEL-BLR,DEL,BLR,Air India,Air India,,7:00 AM,9:55 AM,175,2 hr 55 min,Economy,9340.0,,,True,Non-stop,c207c6b92157
SCR_GF_1789055798_008,2026-09-10 21:26:36,2026-09-11,1,google_flights,DEL,BLR,DEL-BLR,DEL,BLR,Air India,Air India,,9:30 AM,12:25 PM,175,2 hr 55 min,Economy,9340.0,,,True,Non-stop,911714292194
SCR_GF_1789055798_009,2026-09-10 21:26:36,2026-09-11,1,google_flights,DEL,BLR,DEL-BLR,DEL,BLR,Air India,Air India,,3:50 PM,6:45 PM,175,2 hr 55 min,Economy,9340.0,,,True,Non-stop,0ec8ad779ece
SCR_GF_1789055798_010,2026-09-10 21:26:36,2026-09-11,1,google_flights,DEL,BLR,DEL-BLR,DEL,BLR,Akasa Air,Akasa Air,,8:10 PM,11:10 PM,180,3 hr,Economy,9342.0,,,True,Non-stop,b1f4caae8ef9
SCR_GF_1789055798_011,2026-09-10 21:26:36,2026-09-11,1,google_flights,DEL,BLR,DEL-BLR,DEL,BLR,Air India,Air India,,3:00 PM,5:55 PM,175,2 hr 55 min,Economy,9497.0,,,True,Non-stop,78d73265aac9
SCR_GF_1789055798_012,2026-09-10 21:26:36,2026-09-11,1,google_flights,DEL,BLR,DEL-BLR,DEL,BLR,IndiGo,IndiGo,,7:05 AM,10:00 AM,175,2 hr 55 min,Economy,9666.0,,,True,Non-stop,a88dc9a836ce
SCR_GF_1789055799_013,2026-09-10 21:26:36,2026-09-11,1,google_flights,DEL,BLR,DEL-BLR,DEL,BLR,IndiGo,IndiGo,,8:20 AM,11:10 AM,170,2 hr 50 min,Economy,9666.0,,,True,Non-stop,ae2f80de46ad
SCR_GF_1789055799_014,2026-09-10 21:26:36,2026-09-11,1,google_flights,DEL,BLR,DEL-BLR,DEL,BLR,IndiGo,IndiGo,,9:30 AM,12:25 PM,175,2 hr 55 min,Economy,9666.0,,,True,Non-stop,7e8276ac586b
SCR_GF_1789055799_015,2026-09-10 21:26:36,2026-09-11,1,google_flights,DEL,BLR,DEL-BLR,DEL,BLR,IndiGo,IndiGo,,3:45 PM,6:40 PM,175,2 hr 55 min,Economy,9666.0,,,True,Non-stop,e1d447d8e4ea
SCR_GF_1789055799_016,2026-09-10 21:26:36,2026-09-11,1,google_flights,DEL,BLR,DEL-BLR,DEL,BLR,Air India,Air India,,10:30 AM,1:20 PM,170,2 hr 50 min,Economy,9823.0,,,True,Non-stop,06c38cf6d62a
SCR_GF_1789055799_017,2026-09-10 21:26:36,2026-09-11,1,google_flights,DEL,BLR,DEL-BLR,DEL,BLR,Air India,Air India,,4:30 PM,7:15 PM,165,2 hr 45 min,Economy,9823.0,,,True,Non-stop,e318ff479c59
SCR_GF_1789055799_018,2026-09-10 21:26:36,2026-09-11,1,google_flights,DEL,BLR,DEL-BLR,DEL,BLR,Air India,Air India,,1:00 PM,3:55 PM,175,2 hr 55 min,Economy,9991.0,,,True,Non-stop,196e1b7f66e2
SCR_GF_1789055799_019,2026-09-10 21:26:36,2026-09-11,1,google_flights,DEL,BLR,DEL-BLR,DEL,BLR,Akasa Air,Akasa Air,,10:55 PM,1:45 AM,170,2 hr 50 min,Economy,10030.0,,,True,Non-stop,fc9af57bf76b
SCR_GF_1789055799_020,2026-09-10 21:26:36,2026-09-11,1,google_flights,DEL,BLR,DEL-BLR,DEL,BLR,Air India Express,Air India Express,,9:00 PM,11:55 PM,175,2 hr 55 min,Economy,10079.0,,,True,Non-stop,06127d7707ad
SCR_GF_1789055799_021,2026-09-10 21:26:36,2026-09-11,1,google_flights,DEL,BLR,DEL-BLR,DEL,BLR,IndiGo,IndiGo,,10:45 AM,1:40 PM,175,2 hr 55 min,Economy,10180.0,,,True,Non-stop,31c18861b978
SCR_GF_1789055799_022,2026-09-10 21:26:36,2026-09-11,1,google_flights,DEL,BLR,DEL-BLR,DEL,BLR,IndiGo,IndiGo,,2:30 PM,5:25 PM,175,2 hr 55 min,Economy,10180.0,,,True,Non-stop,569236907401
SCR_GF_1789055799_023,2026-09-10 21:26:36,2026-09-11,1,google_flights,DEL,BLR,DEL-BLR,DEL,BLR,IndiGo,IndiGo,,10:00 PM,12:55 AM,175,2 hr 55 min,Economy,10180.0,,,True,Non-stop,3062b82991de
SCR_GF_1789055799_024,2026-09-10 21:26:36,2026-09-11,1,google_flights,DEL,BLR,DEL-BLR,DEL,BLR,IndiGo,IndiGo,,3:00 AM,5:55 AM,175,2 hr 55 min,Economy,10727.0,,,True,Non-stop,c14d6bc063f0
SCR_GF_1789055799_025,2026-09-10 21:26:36,2026-09-11,1,google_flights,DEL,BLR,DEL-BLR,DEL,BLR,IndiGo,IndiGo,,5:45 AM,8:40 AM,175,2 hr 55 min,Economy,10727.0,,,True,Non-stop,71ff91b8116c
SCR_GF_1789055799_026,2026-09-10 21:26:36,2026-09-11,1,google_flights,DEL,BLR,DEL-BLR,DEL,BLR,IndiGo,IndiGo,,1:15 PM,4:10 PM,175,2 hr 55 min,Economy,10727.0,,,True,Non-stop,f704bfe75b8f
SCR_GF_1789055799_027,2026-09-10 21:26:36,2026-09-11,1,google_flights,DEL,BLR,DEL-BLR,DEL,BLR,IndiGo,IndiGo,,5:00 PM,7:55 PM,175,2 hr 55 min,Economy,10727.0,,,True,Non-stop,209b082536cb
SCR_GF_1789055799_028,2026-09-10 21:26:36,2026-09-11,1,google_flights,DEL,BLR,DEL-BLR,DEL,BLR,IndiGo,IndiGo,,6:20 PM,9:10 PM,170,2 hr 50 min,Economy,11309.0,,,True,Non-stop,d24a4ecc5359
SCR_GF_1789055799_029,2026-09-10 21:26:36,2026-09-11,1,google_flights,DEL,BLR,DEL-BLR,DEL,BLR,IndiGo,IndiGo,,7:30 PM,10:25 PM,175,2 hr 55 min,Economy,11309.0,,,True,Non-stop,c84f37891c1b
SCR_GF_1789055799_030,2026-09-10 21:26:36,2026-09-11,1,google_flights,DEL,BLR,DEL-BLR,DEL,BLR,Akasa Air,Akasa Air,,8:55 PM,11:50 PM,175,2 hr 55 min,Economy,11368.0,,,True,Non-stop,924667f898c9
SCR_GF_1789055799_031,2026-09-10 21:26:36,2026-09-11,1,google_flights,DEL,BLR,DEL-BLR,DEL,BLR,Air India Express,Air India Express,,6:20 PM,9:15 PM,175,2 hr 55 min,Economy,11559.0,,,True,Non-stop,6265b4ed09d8
SCR_GF_1789055799_032,2026-09-10 21:26:36,2026-09-11,1,google_flights,DEL,BLR,DEL-BLR,DEL,BLR,IndiGo,IndiGo,,12:20,3:20,180,3 hr,Economy,11925.0,,,True,Non-stop,8b381bb90ea1
SCR_GF_1789055799_033,2026-09-10 21:26:36,2026-09-11,1,google_flights,DEL,BLR,DEL-BLR,DEL,BLR,Air India,Air India,,6:00,8:55,175,2 hr 55 min,Economy,12080.0,,,True,Non-stop,7ca2d2a52882
SCR_GF_1789055799_034,2026-09-10 21:26:36,2026-09-11,1,google_flights,DEL,BLR,DEL-BLR,DEL,BLR,Air India,Air India,,6:30,9:25,175,2 hr 55 min,Economy,12080.0,,,True,Non-stop,986a5c283a96
SCR_GF_1789055799_035,2026-09-10 21:26:36,2026-09-11,1,google_flights,DEL,BLR,DEL-BLR,DEL,BLR,Air India,Air India,,7:00,9:55,175,2 hr 55 min,Economy,12080.0,,,True,Non-stop,77b1f664cbb0
SCR_GF_1789055799_036,2026-09-10 21:26:36,2026-09-11,1,google_flights,DEL,BLR,DEL-BLR,DEL,BLR,Air India,Air India,,7:30,10:20,170,2 hr 50 min,Economy,12295.0,,,True,Non-stop,6275191419e6
SCR_GF_1789055799_037,2026-09-10 21:26:36,2026-09-11,1,google_flights,DEL,BLR,DEL-BLR,DEL,BLR,Akasa Air,Akasa Air,,4:40,7:40,180,3 hr,Economy,12446.0,,,True,Non-stop,40b9dc823992
SCR_GF_1789055799_038,2026-09-10 21:26:36,2026-09-11,1,google_flights,DEL,BLR,DEL-BLR,DEL,BLR,IndiGo,IndiGo,,8:45,11:40,175,2 hr 55 min,Economy,12582.0,,,True,Non-stop,79af4b08708f
SCR_GF_1789055799_039,2026-09-10 21:26:36,2026-09-11,1,google_flights,DEL,BLR,DEL-BLR,DEL,BLR,Air India,Air India,,9:30,12:25 AM,175,2 hr 55 min,Economy,15514.0,,,True,Non-stop,f862928d0bca
SCR_GF_1789055799_040,2026-09-10 21:26:36,2026-09-11,1,google_flights,DEL,BLR,DEL-BLR,DEL,BLR,IndiGo,IndiGo,,11:30,2:25 AM,175,2 hr 55 min,Economy,8724.0,,,True,Non-stop,9430f596279d
SCR_GF_1789055799_041,2026-09-10 21:26:36,2026-09-11,1,google_flights,DEL,BLR,DEL-BLR,DEL,BLR,Air India,Air India,,8:30,11:20,170,2 hr 50 min,Economy,8883.0,,,True,Non-stop,fe0c54232293
SCR_GF_1789055799_042,2026-09-10 21:26:36,2026-09-11,1,google_flights,DEL,BLR,DEL-BLR,DEL,BLR,Akasa Air,Akasa Air,,9:55,12:50 AM,175,2 hr 55 min,Economy,9179.0,,,True,Non-stop,0d47ef0d80f1
SCR_GF_1789055799_043,2026-09-10 21:26:36,2026-09-11,1,google_flights,DEL,BLR,DEL-BLR,DEL,BLR,IndiGo,IndiGo,,7:45,1:00 AM,315,5 hr 15 min,Economy,8465.0,,,False,1 stop,8851df384bd1
SCR_GF_1789055800_044,2026-09-10 21:26:36,2026-09-11,1,google_flights,DEL,BLR,DEL-BLR,DEL,BLR,Air India,Air India,,12:15,3:10,175,2 hr 55 min,Economy,8731.0,,,True,Non-stop,93908cb86bc8
SCR_GF_1789055800_045,2026-09-10 21:26:36,2026-09-11,1,google_flights,DEL,BLR,DEL-BLR,DEL,BLR,Air India,Air India,,6:30,9:25,175,2 hr 55 min,Economy,8883.0,,,True,Non-stop,4c232b39c395
SCR_GF_1789055800_046,2026-09-10 21:26:36,2026-09-11,1,google_flights,DEL,BLR,DEL-BLR,DEL,BLR,Air India,Air India,,7:00,9:55,175,2 hr 55 min,Economy,9340.0,,,True,Non-stop,c13393d96350
SCR_GF_1789055800_047,2026-09-10 21:26:36,2026-09-11,1,google_flights,DEL,BLR,DEL-BLR,DEL,BLR,Air India,Air India,,9:30,12:25,175,2 hr 55 min,Economy,9340.0,,,True,Non-stop,ce7934606ef2
SCR_GF_1789055800_048,2026-09-10 21:26:36,2026-09-11,1,google_flights,DEL,BLR,DEL-BLR,DEL,BLR,Air India,Air India,,3:50,6:45,175,2 hr 55 min,Economy,9340.0,,,True,Non-stop,72be17120a9b
SCR_GF_1789055800_049,2026-09-10 21:26:36,2026-09-11,1,google_flights,DEL,BLR,DEL-BLR,DEL,BLR,Akasa Air,Akasa Air,,8:10,11:10,180,3 hr,Economy,9342.0,,,True,Non-stop,d5ed7d78c8ee
SCR_GF_1789055800_050,2026-09-10 21:26:36,2026-09-11,1,google_flights,DEL,BLR,DEL-BLR,DEL,BLR,Air India,Air India,,3:00,5:55,175,2 hr 55 min,Economy,9497.0,,,True,Non-stop,32ec6bf58d76
SCR_GF_1789055800_051,2026-09-10 21:26:36,2026-09-11,1,google_flights,DEL,BLR,DEL-BLR,DEL,BLR,IndiGo,IndiGo,,7:05,10:00,175,2 hr 55 min,Economy,9666.0,,,True,Non-stop,d20ea97f484e
SCR_GF_1789055800_052,2026-09-10 21:26:36,2026-09-11,1,google_flights,DEL,BLR,DEL-BLR,DEL,BLR,IndiGo,IndiGo,,8:20,11:10,170,2 hr 50 min,Economy,9666.0,,,True,Non-stop,d6d4329a5f6d
SCR_GF_1789055800_053,2026-09-10 21:26:36,2026-09-11,1,google_flights,DEL,BLR,DEL-BLR,DEL,BLR,IndiGo,IndiGo,,9:30,12:25,175,2 hr 55 min,Economy,9666.0,,,True,Non-stop,dc34014c1cc6
SCR_GF_1789055800_054,2026-09-10 21:26:36,2026-09-11,1,google_flights,DEL,BLR,DEL-BLR,DEL,BLR,IndiGo,IndiGo,,3:45,6:40,175,2 hr 55 min,Economy,9666.0,,,True,Non-stop,a57823d0dba3
SCR_GF_1789055800_055,2026-09-10 21:26:36,2026-09-11,1,google_flights,DEL,BLR,DEL-BLR,DEL,BLR,Air India,Air India,,10:30,1:20,170,2 hr 50 min,Economy,9823.0,,,True,Non-stop,083e4fd94296
SCR_GF_1789055800_056,2026-09-10 21:26:36,2026-09-11,1,google_flights,DEL,BLR,DEL-BLR,DEL,BLR,Air India,Air India,,4:30,7:15,165,2 hr 45 min,Economy,9823.0,,,True,Non-stop,d5cd92bbbc1b
SCR_GF_1789055800_057,2026-09-10 21:26:36,2026-09-11,1,google_flights,DEL,BLR,DEL-BLR,DEL,BLR,Air India,Air India,,1:00,3:55,175,2 hr 55 min,Economy,9991.0,,,True,Non-stop,7a579834d8c1
SCR_GF_1789055800_058,2026-09-10 21:26:36,2026-09-11,1,google_flights,DEL,BLR,DEL-BLR,DEL,BLR,Akasa Air,Akasa Air,,10:55,1:45 AM,170,2 hr 50 min,Economy,10030.0,,,True,Non-stop,462641e5f218
SCR_GF_1789055800_059,2026-09-10 21:26:36,2026-09-11,1,google_flights,DEL,BLR,DEL-BLR,DEL,BLR,Air India Express,Air India Express,,9:00,11:55,175,2 hr 55 min,Economy,10079.0,,,True,Non-stop,44b322cfb052
SCR_GF_1789055800_060,2026-09-10 21:26:36,2026-09-11,1,google_flights,DEL,BLR,DEL-BLR,DEL,BLR,IndiGo,IndiGo,,10:45,1:40,175,2 hr 55 min,Economy,10180.0,,,True,Non-stop,340f162c79f9
SCR_GF_1789055800_061,2026-09-10 21:26:36,2026-09-11,1,google_flights,DEL,BLR,DEL-BLR,DEL,BLR,IndiGo,IndiGo,,2:30,5:25,175,2 hr 55 min,Economy,10180.0,,,True,Non-stop,2a5ca84f9793
SCR_GF_1789055800_062,2026-09-10 21:26:36,2026-09-11,1,google_flights,DEL,BLR,DEL-BLR,DEL,BLR,IndiGo,IndiGo,,10:00,12:55 AM,175,2 hr 55 min,Economy,10180.0,,,True,Non-stop,1dda96053069
SCR_GF_1789055800_063,2026-09-10 21:26:36,2026-09-11,1,google_flights,DEL,BLR,DEL-BLR,DEL,BLR,IndiGo,IndiGo,,3:00,5:55,175,2 hr 55 min,Economy,10727.0,,,True,Non-stop,b51850204654
SCR_GF_1789055800_064,2026-09-10 21:26:36,2026-09-11,1,google_flights,DEL,BLR,DEL-BLR,DEL,BLR,IndiGo,IndiGo,,5:45,8:40,175,2 hr 55 min,Economy,10727.0,,,True,Non-stop,391359185803
SCR_GF_1789055800_065,2026-09-10 21:26:36,2026-09-11,1,google_flights,DEL,BLR,DEL-BLR,DEL,BLR,IndiGo,IndiGo,,1:15,4:10,175,2 hr 55 min,Economy,10727.0,,,True,Non-stop,8c13b9e33e3e
SCR_GF_1789055800_066,2026-09-10 21:26:36,2026-09-11,1,google_flights,DEL,BLR,DEL-BLR,DEL,BLR,IndiGo,IndiGo,,5:00,7:55,175,2 hr 55 min,Economy,10727.0,,,True,Non-stop,f53706f3839f
SCR_GF_1789055800_067,2026-09-10 21:26:36,2026-09-11,1,google_flights,DEL,BLR,DEL-BLR,DEL,BLR,IndiGo,IndiGo,,6:20,9:10,170,2 hr 50 min,Economy,11309.0,,,True,Non-stop,c2e00ba29e2e
SCR_GF_1789055800_068,2026-09-10 21:26:36,2026-09-11,1,google_flights,DEL,BLR,DEL-BLR,DEL,BLR,IndiGo,IndiGo,,7:30,10:25,175,2 hr 55 min,Economy,11309.0,,,True,Non-stop,d9df8e46d5cb
SCR_GF_1789055800_069,2026-09-10 21:26:36,2026-09-11,1,google_flights,DEL,BLR,DEL-BLR,DEL,BLR,Akasa Air,Akasa Air,,8:55,11:50,175,2 hr 55 min,Economy,11368.0,,,True,Non-stop,caccc0509ffa
SCR_GF_1789055800_070,2026-09-10 21:26:36,2026-09-11,1,google_flights,DEL,BLR,DEL-BLR,DEL,BLR,Air India Express,Air India Express,,6:20,9:15,175,2 hr 55 min,Economy,11559.0,,,True,Non-stop,269b5f5ab806
SCR_GF_1789055800_071,2026-09-10 21:26:36,2026-09-11,1,google_flights,DEL,BLR,DEL-BLR,DEL,BLR,IndiGo,IndiGo,,12:20,3:20,180,3 hr,Economy,11925.0,,,True,Non-stop,8b381bb90ea1
SCR_GF_1789055800_072,2026-09-10 21:26:36,2026-09-11,1,google_flights,DEL,BLR,DEL-BLR,DEL,BLR,Air India,Air India,,6:00,8:55,175,2 hr 55 min,Economy,12080.0,,,True,Non-stop,7ca2d2a52882
SCR_GF_1789055800_073,2026-09-10 21:26:36,2026-09-11,1,google_flights,DEL,BLR,DEL-BLR,DEL,BLR,Air India,Air India,,6:30,9:25,175,2 hr 55 min,Economy,12080.0,,,True,Non-stop,986a5c283a96
SCR_GF_1789055800_074,2026-09-10 21:26:36,2026-09-11,1,google_flights,DEL,BLR,DEL-BLR,DEL,BLR,Air India,Air India,,7:00,9:55,175,2 hr 55 min,Economy,12080.0,,,True,Non-stop,77b1f664cbb0
SCR_GF_1789055800_075,2026-09-10 21:26:36,2026-09-11,1,google_flights,DEL,BLR,DEL-BLR,DEL,BLR,Air India,Air India,,7:30,10:20,170,2 hr 50 min,Economy,12295.0,,,True,Non-stop,6275191419e6
SCR_GF_1789055800_076,2026-09-10 21:26:36,2026-09-11,1,google_flights,DEL,BLR,DEL-BLR,DEL,BLR,Akasa Air,Akasa Air,,4:40,7:40,180,3 hr,Economy,12446.0,,,True,Non-stop,40b9dc823992
SCR_GF_1789055800_077,2026-09-10 21:26:36,2026-09-11,1,google_flights,DEL,BLR,DEL-BLR,DEL,BLR,IndiGo,IndiGo,,8:45,11:40,175,2 hr 55 min,Economy,12582.0,,,True,Non-stop,79af4b08708f
SCR_GF_1789055800_078,2026-09-10 21:26:36,2026-09-11,1,google_flights,DEL,BLR,DEL-BLR,DEL,BLR,Air India,Air India,,9:30,12:25 AM,175,2 hr 55 min,Economy,15514.0,,,True,Non-stop,f862928d0bca
SCR_GF_1789055803_001,2026-09-10 21:26:40,2026-09-17,7,google_flights,DEL,BLR,DEL-BLR,DEL,BLR,IndiGo,IndiGo,,1:15 PM,4:10 PM,175,2 hr 55 min,Economy,8724.0,,,True,Non-stop,c1740ae068d1
SCR_GF_1789055803_002,2026-09-10 21:26:40,2026-09-17,7,google_flights,DEL,BLR,DEL-BLR,DEL,BLR,Air India,Air India,,1:00 PM,3:55 PM,175,2 hr 55 min,Economy,8883.0,,,True,Non-stop,0848d559de17
SCR_GF_1789055803_003,2026-09-10 21:26:40,2026-09-17,7,google_flights,DEL,BLR,DEL-BLR,DEL,BLR,Akasa Air,Akasa Air,,10:55 PM,1:45 AM,170,2 hr 50 min,Economy,9179.0,,,True,Non-stop,4cd1e4ccce0d
SCR_GF_1789055803_004,2026-09-10 21:26:40,2026-09-17,7,google_flights,DEL,BLR,DEL-BLR,DEL,BLR,IndiGo,IndiGo,,3:00 AM,5:55 AM,175,2 hr 55 min,Economy,8724.0,,,True,Non-stop,1fba898b21fe
SCR_GF_1789055803_005,2026-09-10 21:26:40,2026-09-17,7,google_flights,DEL,BLR,DEL-BLR,DEL,BLR,IndiGo,IndiGo,,5:45 AM,8:40 AM,175,2 hr 55 min,Economy,8724.0,,,True,Non-stop,7bc6f286bb0f
SCR_GF_1789055803_006,2026-09-10 21:26:40,2026-09-17,7,google_flights,DEL,BLR,DEL-BLR,DEL,BLR,IndiGo,IndiGo,,7:05 AM,10:00 AM,175,2 hr 55 min,Economy,8724.0,,,True,Non-stop,7c0c4de5f907
SCR_GF_1789055803_007,2026-09-10 21:26:40,2026-09-17,7,google_flights,DEL,BLR,DEL-BLR,DEL,BLR,IndiGo,IndiGo,,8:20 AM,11:10 AM,170,2 hr 50 min,Economy,8724.0,,,True,Non-stop,4a1d9b39f4e7
SCR_GF_1789055803_008,2026-09-10 21:26:40,2026-09-17,7,google_flights,DEL,BLR,DEL-BLR,DEL,BLR,IndiGo,IndiGo,,9:30 AM,12:25 PM,175,2 hr 55 min,Economy,8724.0,,,True,Non-stop,0dcc75c756f4
SCR_GF_1789055803_009,2026-09-10 21:26:40,2026-09-17,7,google_flights,DEL,BLR,DEL-BLR,DEL,BLR,IndiGo,IndiGo,,10:45 AM,1:40 PM,175,2 hr 55 min,Economy,8724.0,,,True,Non-stop,46bc131c8dfe
SCR_GF_1789055803_010,2026-09-10 21:26:40,2026-09-17,7,google_flights,DEL,BLR,DEL-BLR,DEL,BLR,IndiGo,IndiGo,,12:20 PM,3:20 PM,180,3 hr,Economy,8724.0,,,True,Non-stop,9a935ff9ec2b
SCR_GF_1789055804_011,2026-09-10 21:26:40,2026-09-17,7,google_flights,DEL,BLR,DEL-BLR,DEL,BLR,IndiGo,IndiGo,,2:30,5:25,175,2 hr 55 min,Economy,8724.0,,,True,Non-stop,2558ecd0fefe
SCR_GF_1789055804_012,2026-09-10 21:26:40,2026-09-17,7,google_flights,DEL,BLR,DEL-BLR,DEL,BLR,IndiGo,IndiGo,,3:45,6:40,175,2 hr 55 min,Economy,8724.0,,,True,Non-stop,5a7ddd7f3caa
SCR_GF_1789055804_013,2026-09-10 21:26:40,2026-09-17,7,google_flights,DEL,BLR,DEL-BLR,DEL,BLR,IndiGo,IndiGo,,5:00,7:55,175,2 hr 55 min,Economy,8724.0,,,True,Non-stop,69898bdaf8d4
SCR_GF_1789055804_014,2026-09-10 21:26:40,2026-09-17,7,google_flights,DEL,BLR,DEL-BLR,DEL,BLR,IndiGo,IndiGo,,8:45,11:40,175,2 hr 55 min,Economy,8724.0,,,True,Non-stop,1bdb45df35ec
SCR_GF_1789055804_015,2026-09-10 21:26:40,2026-09-17,7,google_flights,DEL,BLR,DEL-BLR,DEL,BLR,IndiGo,IndiGo,,10:00,12:55 AM,175,2 hr 55 min,Economy,8724.0,,,True,Non-stop,0740de1e08c8
SCR_GF_1789055804_016,2026-09-10 21:26:40,2026-09-17,7,google_flights,DEL,BLR,DEL-BLR,DEL,BLR,IndiGo,IndiGo,,11:30,2:25 AM,175,2 hr 55 min,Economy,8724.0,,,True,Non-stop,de893d94ef2a
SCR_GF_1789055804_017,2026-09-10 21:26:40,2026-09-17,7,google_flights,DEL,BLR,DEL-BLR,DEL,BLR,Air India,Air India,,12:15,3:10,175,2 hr 55 min,Economy,8731.0,,,True,Non-stop,7efd80071200
SCR_GF_1789055804_018,2026-09-10 21:26:40,2026-09-17,7,google_flights,DEL,BLR,DEL-BLR,DEL,BLR,Air India,Air India,,4:30,7:20,170,2 hr 50 min,Economy,8883.0,,,True,Non-stop,5103131fce03
SCR_GF_1789055804_019,2026-09-10 21:26:40,2026-09-17,7,google_flights,DEL,BLR,DEL-BLR,DEL,BLR,Air India,Air India,,6:00,8:55,175,2 hr 55 min,Economy,8883.0,,,True,Non-stop,dbcbdbb94f13
SCR_GF_1789055804_020,2026-09-10 21:26:40,2026-09-17,7,google_flights,DEL,BLR,DEL-BLR,DEL,BLR,Air India,Air India,,6:30,9:25,175,2 hr 55 min,Economy,8883.0,,,True,Non-stop,be11f9914b59
SCR_GF_1789055804_021,2026-09-10 21:26:40,2026-09-17,7,google_flights,DEL,BLR,DEL-BLR,DEL,BLR,Air India,Air India,,7:00,9:55,175,2 hr 55 min,Economy,8883.0,,,True,Non-stop,3abe5fa428af
SCR_GF_1789055804_022,2026-09-10 21:26:40,2026-09-17,7,google_flights,DEL,BLR,DEL-BLR,DEL,BLR,Air India,Air India,,8:30,11:20,170,2 hr 50 min,Economy,8883.0,,,True,Non-stop,834595e71e86
SCR_GF_1789055804_023,2026-09-10 21:26:40,2026-09-17,7,google_flights,DEL,BLR,DEL-BLR,DEL,BLR,Air India,Air India,,9:30,12:25,175,2 hr 55 min,Economy,8883.0,,,True,Non-stop,9748961accfe
SCR_GF_1789055804_024,2026-09-10 21:26:40,2026-09-17,7,google_flights,DEL,BLR,DEL-BLR,DEL,BLR,Air India,Air India,,10:30,1:20,170,2 hr 50 min,Economy,8883.0,,,True,Non-stop,010ceda04ee9
SCR_GF_1789055804_025,2026-09-10 21:26:40,2026-09-17,7,google_flights,DEL,BLR,DEL-BLR,DEL,BLR,Air India,Air India,,3:00,5:55,175,2 hr 55 min,Economy,8883.0,,,True,Non-stop,08a447ab0c6f
SCR_GF_1789055804_026,2026-09-10 21:26:40,2026-09-17,7,google_flights,DEL,BLR,DEL-BLR,DEL,BLR,Air India,Air India,,3:50,6:45,175,2 hr 55 min,Economy,8883.0,,,True,Non-stop,88c171dd3361
SCR_GF_1789055804_027,2026-09-10 21:26:40,2026-09-17,7,google_flights,DEL,BLR,DEL-BLR,DEL,BLR,Air India Express,Air India Express,,9:00,11:55,175,2 hr 55 min,Economy,9173.0,,,True,Non-stop,dafe54fa1074
SCR_GF_1789055804_028,2026-09-10 21:26:40,2026-09-17,7,google_flights,DEL,BLR,DEL-BLR,DEL,BLR,Akasa Air,Akasa Air,,8:10,11:10,180,3 hr,Economy,9179.0,,,True,Non-stop,abaeca2df7a6
SCR_GF_1789055804_029,2026-09-10 21:26:40,2026-09-17,7,google_flights,DEL,BLR,DEL-BLR,DEL,BLR,Akasa Air,Akasa Air,,8:55,11:50,175,2 hr 55 min,Economy,9179.0,,,True,Non-stop,b7ddc3e6ea3f
SCR_GF_1789055804_030,2026-09-10 21:26:40,2026-09-17,7,google_flights,DEL,BLR,DEL-BLR,DEL,BLR,Akasa Air,Akasa Air,,9:55,12:50 AM,175,2 hr 55 min,Economy,9179.0,,,True,Non-stop,cf4c7876cf96
SCR_GF_1789055804_031,2026-09-10 21:26:40,2026-09-17,7,google_flights,DEL,BLR,DEL-BLR,DEL,BLR,IndiGo,IndiGo,,6:20,9:10,170,2 hr 50 min,Economy,9181.0,,,True,Non-stop,33e048ec530d
SCR_GF_1789055804_032,2026-09-10 21:26:40,2026-09-17,7,google_flights,DEL,BLR,DEL-BLR,DEL,BLR,IndiGo,IndiGo,,7:30,10:25,175,2 hr 55 min,Economy,9181.0,,,True,Non-stop,3cd9792ad863
SCR_GF_1789055804_033,2026-09-10 21:26:40,2026-09-17,7,google_flights,DEL,BLR,DEL-BLR,DEL,BLR,Air India,Air India,,4:30,7:15,165,2 hr 45 min,Economy,9340.0,,,True,Non-stop,d7bd3ddcde45
SCR_GF_1789055804_034,2026-09-10 21:26:40,2026-09-17,7,google_flights,DEL,BLR,DEL-BLR,DEL,BLR,Air India,Air India,,9:30,12:25 AM,175,2 hr 55 min,Economy,9340.0,,,True,Non-stop,945855e7dd59
SCR_GF_1789055804_035,2026-09-10 21:26:40,2026-09-17,7,google_flights,DEL,BLR,DEL-BLR,DEL,BLR,Air India Express,Air India Express,,6:20,9:15,175,2 hr 55 min,Economy,9430.0,,,True,Non-stop,42f0445a7d76
SCR_GF_1789055804_036,2026-09-10 21:26:40,2026-09-17,7,google_flights,DEL,BLR,DEL-BLR,DEL,BLR,Air India,Air India,,7:00,9:55,175,2 hr 55 min,Economy,9823.0,,,True,Non-stop,b204e0f444f8
SCR_GF_1789055804_037,2026-09-10 21:26:40,2026-09-17,7,google_flights,DEL,BLR,DEL-BLR,DEL,BLR,Air India,Air India,,7:30,10:20,170,2 hr 50 min,Economy,9823.0,,,True,Non-stop,8fbaca2857bb
SCR_GF_1789055804_038,2026-09-10 21:26:40,2026-09-17,7,google_flights,DEL,BLR,DEL-BLR,DEL,BLR,Air India,Air India,,6:30,9:25,175,2 hr 55 min,Economy,10883.0,,,True,Non-stop,2af711b26cef
SCR_GF_1789055804_039,2026-09-10 21:26:40,2026-09-17,7,google_flights,DEL,BLR,DEL-BLR,DEL,BLR,IndiGo,IndiGo,,1:15,4:10,175,2 hr 55 min,Economy,8724.0,,,True,Non-stop,bc1e5b69de38
SCR_GF_1789055804_040,2026-09-10 21:26:40,2026-09-17,7,google_flights,DEL,BLR,DEL-BLR,DEL,BLR,Air India,Air India,,1:00,3:55,175,2 hr 55 min,Economy,8883.0,,,True,Non-stop,d87fc627e926
SCR_GF_1789055804_041,2026-09-10 21:26:40,2026-09-17,7,google_flights,DEL,BLR,DEL-BLR,DEL,BLR,Akasa Air,Akasa Air,,10:55,1:45 AM,170,2 hr 50 min,Economy,9179.0,,,True,Non-stop,000eaac50fce
SCR_GF_1789055804_042,2026-09-10 21:26:40,2026-09-17,7,google_flights,DEL,BLR,DEL-BLR,DEL,BLR,IndiGo,IndiGo,,3:00,5:55,175,2 hr 55 min,Economy,8724.0,,,True,Non-stop,18b4b01ba458
SCR_GF_1789055804_043,2026-09-10 21:26:40,2026-09-17,7,google_flights,DEL,BLR,DEL-BLR,DEL,BLR,IndiGo,IndiGo,,5:45,8:40,175,2 hr 55 min,Economy,8724.0,,,True,Non-stop,7e56e2dfaa66
SCR_GF_1789055804_044,2026-09-10 21:26:40,2026-09-17,7,google_flights,DEL,BLR,DEL-BLR,DEL,BLR,IndiGo,IndiGo,,7:05,10:00,175,2 hr 55 min,Economy,8724.0,,,True,Non-stop,0da7a21eeaab
SCR_GF_1789055804_045,2026-09-10 21:26:40,2026-09-17,7,google_flights,DEL,BLR,DEL-BLR,DEL,BLR,IndiGo,IndiGo,,8:20,11:10,170,2 hr 50 min,Economy,8724.0,,,True,Non-stop,394a1d58bba9
SCR_GF_1789055804_046,2026-09-10 21:26:40,2026-09-17,7,google_flights,DEL,BLR,DEL-BLR,DEL,BLR,IndiGo,IndiGo,,9:30,12:25,175,2 hr 55 min,Economy,8724.0,,,True,Non-stop,4ed89bfe609c
SCR_GF_1789055804_047,2026-09-10 21:26:40,2026-09-17,7,google_flights,DEL,BLR,DEL-BLR,DEL,BLR,IndiGo,IndiGo,,10:45,1:40,175,2 hr 55 min,Economy,8724.0,,,True,Non-stop,ba85aee1365c
SCR_GF_1789055804_048,2026-09-10 21:26:40,2026-09-17,7,google_flights,DEL,BLR,DEL-BLR,DEL,BLR,IndiGo,IndiGo,,12:20,3:20,180,3 hr,Economy,8724.0,,,True,Non-stop,b0a032f2e847
SCR_GF_1789055804_049,2026-09-10 21:26:40,2026-09-17,7,google_flights,DEL,BLR,DEL-BLR,DEL,BLR,IndiGo,IndiGo,,2:30,5:25,175,2 hr 55 min,Economy,8724.0,,,True,Non-stop,2558ecd0fefe
SCR_GF_1789055804_050,2026-09-10 21:26:40,2026-09-17,7,google_flights,DEL,BLR,DEL-BLR,DEL,BLR,IndiGo,IndiGo,,3:45,6:40,175,2 hr 55 min,Economy,8724.0,,,True,Non-stop,5a7ddd7f3caa
SCR_GF_1789055804_051,2026-09-10 21:26:40,2026-09-17,7,google_flights,DEL,BLR,DEL-BLR,DEL,BLR,IndiGo,IndiGo,,5:00,7:55,175,2 hr 55 min,Economy,8724.0,,,True,Non-stop,69898bdaf8d4
SCR_GF_1789055804_052,2026-09-10 21:26:40,2026-09-17,7,google_flights,DEL,BLR,DEL-BLR,DEL,BLR,IndiGo,IndiGo,,8:45,11:40,175,2 hr 55 min,Economy,8724.0,,,True,Non-stop,1bdb45df35ec
SCR_GF_1789055804_053,2026-09-10 21:26:40,2026-09-17,7,google_flights,DEL,BLR,DEL-BLR,DEL,BLR,IndiGo,IndiGo,,10:00,12:55 AM,175,2 hr 55 min,Economy,8724.0,,,True,Non-stop,0740de1e08c8
SCR_GF_1789055804_054,2026-09-10 21:26:40,2026-09-17,7,google_flights,DEL,BLR,DEL-BLR,DEL,BLR,IndiGo,IndiGo,,11:30,2:25 AM,175,2 hr 55 min,Economy,8724.0,,,True,Non-stop,de893d94ef2a
SCR_GF_1789055804_055,2026-09-10 21:26:40,2026-09-17,7,google_flights,DEL,BLR,DEL-BLR,DEL,BLR,Air India,Air India,,12:15,3:10,175,2 hr 55 min,Economy,8731.0,,,True,Non-stop,7efd80071200
SCR_GF_1789055804_056,2026-09-10 21:26:40,2026-09-17,7,google_flights,DEL,BLR,DEL-BLR,DEL,BLR,Air India,Air India,,4:30,7:20,170,2 hr 50 min,Economy,8883.0,,,True,Non-stop,5103131fce03
SCR_GF_1789055804_057,2026-09-10 21:26:40,2026-09-17,7,google_flights,DEL,BLR,DEL-BLR,DEL,BLR,Air India,Air India,,6:00,8:55,175,2 hr 55 min,Economy,8883.0,,,True,Non-stop,dbcbdbb94f13
SCR_GF_1789055804_058,2026-09-10 21:26:40,2026-09-17,7,google_flights,DEL,BLR,DEL-BLR,DEL,BLR,Air India,Air India,,6:30,9:25,175,2 hr 55 min,Economy,8883.0,,,True,Non-stop,be11f9914b59
SCR_GF_1789055804_059,2026-09-10 21:26:40,2026-09-17,7,google_flights,DEL,BLR,DEL-BLR,DEL,BLR,Air India,Air India,,7:00,9:55,175,2 hr 55 min,Economy,8883.0,,,True,Non-stop,3abe5fa428af
SCR_GF_1789055804_060,2026-09-10 21:26:40,2026-09-17,7,google_flights,DEL,BLR,DEL-BLR,DEL,BLR,Air India,Air India,,8:30,11:20,170,2 hr 50 min,Economy,8883.0,,,True,Non-stop,834595e71e86
SCR_GF_1789055804_061,2026-09-10 21:26:40,2026-09-17,7,google_flights,DEL,BLR,DEL-BLR,DEL,BLR,Air India,Air India,,9:30,12:25,175,2 hr 55 min,Economy,8883.0,,,True,Non-stop,9748961accfe
SCR_GF_1789055804_062,2026-09-10 21:26:40,2026-09-17,7,google_flights,DEL,BLR,DEL-BLR,DEL,BLR,Air India,Air India,,10:30,1:20,170,2 hr 50 min,Economy,8883.0,,,True,Non-stop,010ceda04ee9
SCR_GF_1789055804_063,2026-09-10 21:26:40,2026-09-17,7,google_flights,DEL,BLR,DEL-BLR,DEL,BLR,Air India,Air India,,3:00,5:55,175,2 hr 55 min,Economy,8883.0,,,True,Non-stop,08a447ab0c6f
SCR_GF_1789055804_064,2026-09-10 21:26:40,2026-09-17,7,google_flights,DEL,BLR,DEL-BLR,DEL,BLR,Air India,Air India,,3:50,6:45,175,2 hr 55 min,Economy,8883.0,,,True,Non-stop,88c171dd3361
SCR_GF_1789055804_065,2026-09-10 21:26:40,2026-09-17,7,google_flights,DEL,BLR,DEL-BLR,DEL,BLR,Air India Express,Air India Express,,9:00,11:55,175,2 hr 55 min,Economy,9173.0,,,True,Non-stop,dafe54fa1074
SCR_GF_1789055804_066,2026-09-10 21:26:40,2026-09-17,7,google_flights,DEL,BLR,DEL-BLR,DEL,BLR,Akasa Air,Akasa Air,,8:10,11:10,180,3 hr,Economy,9179.0,,,True,Non-stop,abaeca2df7a6
SCR_GF_1789055804_067,2026-09-10 21:26:40,2026-09-17,7,google_flights,DEL,BLR,DEL-BLR,DEL,BLR,Akasa Air,Akasa Air,,8:55,11:50,175,2 hr 55 min,Economy,9179.0,,,True,Non-stop,b7ddc3e6ea3f
SCR_GF_1789055804_068,2026-09-10 21:26:40,2026-09-17,7,google_flights,DEL,BLR,DEL-BLR,DEL,BLR,Akasa Air,Akasa Air,,9:55,12:50 AM,175,2 hr 55 min,Economy,9179.0,,,True,Non-stop,cf4c7876cf96
SCR_GF_1789055804_069,2026-09-10 21:26:40,2026-09-17,7,google_flights,DEL,BLR,DEL-BLR,DEL,BLR,IndiGo,IndiGo,,6:20,9:10,170,2 hr 50 min,Economy,9181.0,,,True,Non-stop,33e048ec530d
SCR_GF_1789055804_070,2026-09-10 21:26:40,2026-09-17,7,google_flights,DEL,BLR,DEL-BLR,DEL,BLR,IndiGo,IndiGo,,7:30,10:25,175,2 hr 55 min,Economy,9181.0,,,True,Non-stop,3cd9792ad863
SCR_GF_1789055804_071,2026-09-10 21:26:40,2026-09-17,7,google_flights,DEL,BLR,DEL-BLR,DEL,BLR,Air India,Air India,,4:30,7:15,165,2 hr 45 min,Economy,9340.0,,,True,Non-stop,d7bd3ddcde45
SCR_GF_1789055804_072,2026-09-10 21:26:40,2026-09-17,7,google_flights,DEL,BLR,DEL-BLR,DEL,BLR,Air India,Air India,,9:30,12:25 AM,175,2 hr 55 min,Economy,9340.0,,,True,Non-stop,945855e7dd59
SCR_GF_1789055804_073,2026-09-10 21:26:40,2026-09-17,7,google_flights,DEL,BLR,DEL-BLR,DEL,BLR,Air India Express,Air India Express,,6:20,9:15,175,2 hr 55 min,Economy,9430.0,,,True,Non-stop,42f0445a7d76
SCR_GF_1789055804_074,2026-09-10 21:26:40,2026-09-17,7,google_flights,DEL,BLR,DEL-BLR,DEL,BLR,Air India,Air India,,7:00,9:55,175,2 hr 55 min,Economy,9823.0,,,True,Non-stop,b204e0f444f8
SCR_GF_1789055804_075,2026-09-10 21:26:40,2026-09-17,7,google_flights,DEL,BLR,DEL-BLR,DEL,BLR,Air India,Air India,,7:30,10:20,170,2 hr 50 min,Economy,9823.0,,,True,Non-stop,8fbaca2857bb
SCR_GF_1789055804_076,2026-09-10 21:26:40,2026-09-17,7,google_flights,DEL,BLR,DEL-BLR,DEL,BLR,Air India,Air India,,6:30,9:25,175,2 hr 55 min,Economy,10883.0,,,True,Non-stop,2af711b26cef
SCR_GF_1789055808_001,2026-09-10 21:26:44,2026-10-10,30,google_flights,DEL,BLR,DEL-BLR,DEL,BLR,IndiGo,IndiGo,,5:00 PM,7:55 PM,175,2 hr 55 min,Economy,8724.0,,,True,Non-stop,645cfe975739
SCR_GF_1789055808_002,2026-09-10 21:26:44,2026-10-10,30,google_flights,DEL,BLR,DEL-BLR,DEL,BLR,Air India Express,Air India Express,,10:00,12:55 AM,175,2 hr 55 min,Economy,9173.0,,,True,Non-stop,05c13a9a275f
SCR_GF_1789055808_003,2026-09-10 21:26:44,2026-10-10,30,google_flights,DEL,BLR,DEL-BLR,DEL,BLR,Akasa Air,Akasa Air,,4:40,7:40,180,3 hr,Economy,9179.0,,,True,Non-stop,f2ac9bbd48a6
SCR_GF_1789055808_004,2026-09-10 21:26:44,2026-10-10,30,google_flights,DEL,BLR,DEL-BLR,DEL,BLR,Air India,Air India,,3:50,6:45,175,2 hr 55 min,Economy,9340.0,,,True,Non-stop,90cded236782
SCR_GF_1789055808_005,2026-09-10 21:26:44,2026-10-10,30,google_flights,DEL,BLR,DEL-BLR,DEL,BLR,IndiGo,IndiGo,,5:45,8:40,175,2 hr 55 min,Economy,8724.0,,,True,Non-stop,df7b3a372361
SCR_GF_1789055808_006,2026-09-10 21:26:44,2026-10-10,30,google_flights,DEL,BLR,DEL-BLR,DEL,BLR,IndiGo,IndiGo,,8:20,11:10,170,2 hr 50 min,Economy,8724.0,,,True,Non-stop,2e1e57bf7a15
SCR_GF_1789055808_007,2026-09-10 21:26:44,2026-10-10,30,google_flights,DEL,BLR,DEL-BLR,DEL,BLR,IndiGo,IndiGo,,11:30,2:25 AM,175,2 hr 55 min,Economy,8724.0,,,True,Non-stop,d2a50af97813
SCR_GF_1789055808_008,2026-09-10 21:26:44,2026-10-10,30,google_flights,DEL,BLR,DEL-BLR,DEL,BLR,IndiGo,IndiGo,,3:00,5:55,175,2 hr 55 min,Economy,9181.0,,,True,Non-stop,4822ac74bf2d
SCR_GF_1789055808_009,2026-09-10 21:26:44,2026-10-10,30,google_flights,DEL,BLR,DEL-BLR,DEL,BLR,IndiGo,IndiGo,,9:30,12:25,175,2 hr 55 min,Economy,9181.0,,,True,Non-stop,c4f50f288c04
SCR_GF_1789055808_010,2026-09-10 21:26:44,2026-10-10,30,google_flights,DEL,BLR,DEL-BLR,DEL,BLR,IndiGo,IndiGo,,12:15,3:20,185,3 hr 5 min,Economy,9181.0,,,True,Non-stop,033528eb5793
SCR_GF_1789055808_011,2026-09-10 21:26:44,2026-10-10,30,google_flights,DEL,BLR,DEL-BLR,DEL,BLR,IndiGo,IndiGo,,2:30,5:25,175,2 hr 55 min,Economy,9181.0,,,True,Non-stop,fd89971d88eb
SCR_GF_1789055808_012,2026-09-10 21:26:44,2026-10-10,30,google_flights,DEL,BLR,DEL-BLR,DEL,BLR,IndiGo,IndiGo,,3:45,6:40,175,2 hr 55 min,Economy,9181.0,,,True,Non-stop,c8e49da5e9cc
SCR_GF_1789055808_013,2026-09-10 21:26:44,2026-10-10,30,google_flights,DEL,BLR,DEL-BLR,DEL,BLR,IndiGo,IndiGo,,6:20,9:10,170,2 hr 50 min,Economy,9181.0,,,True,Non-stop,977a65cebd0c
SCR_GF_1789055808_014,2026-09-10 21:26:44,2026-10-10,30,google_flights,DEL,BLR,DEL-BLR,DEL,BLR,IndiGo,IndiGo,,8:45,11:40,175,2 hr 55 min,Economy,9181.0,,,True,Non-stop,d6c1ceced7ca
SCR_GF_1789055808_015,2026-09-10 21:26:44,2026-10-10,30,google_flights,DEL,BLR,DEL-BLR,DEL,BLR,Air India,Air India,,12:15,3:10,175,2 hr 55 min,Economy,9187.0,,,True,Non-stop,f34e57510b5e
SCR_GF_1789055808_016,2026-09-10 21:26:44,2026-10-10,30,google_flights,DEL,BLR,DEL-BLR,DEL,BLR,Air India,Air India,,6:00,8:55,175,2 hr 55 min,Economy,9340.0,,,True,Non-stop,4c5a7d987c01
SCR_GF_1789055808_017,2026-09-10 21:26:44,2026-10-10,30,google_flights,DEL,BLR,DEL-BLR,DEL,BLR,Air India,Air India,,6:30,9:25,175,2 hr 55 min,Economy,9340.0,,,True,Non-stop,20e76f6c4997
SCR_GF_1789055808_018,2026-09-10 21:26:44,2026-10-10,30,google_flights,DEL,BLR,DEL-BLR,DEL,BLR,Air India,Air India,,6:00,8:55,175,2 hr 55 min,Economy,9340.0,,,True,Non-stop,4c5a7d987c01
SCR_GF_1789055808_019,2026-09-10 21:26:44,2026-10-10,30,google_flights,DEL,BLR,DEL-BLR,DEL,BLR,Air India,Air India,,6:30,9:25,175,2 hr 55 min,Economy,9340.0,,,True,Non-stop,20e76f6c4997
SCR_GF_1789055808_020,2026-09-10 21:26:44,2026-10-10,30,google_flights,DEL,BLR,DEL-BLR,DEL,BLR,Air India,Air India,,7:00,9:55,175,2 hr 55 min,Economy,9340.0,,,True,Non-stop,6c481f69973c
SCR_GF_1789055808_021,2026-09-10 21:26:44,2026-10-10,30,google_flights,DEL,BLR,DEL-BLR,DEL,BLR,Akasa Air,Akasa Air,,10:55,2:05 AM,190,3 hr 10 min,Economy,9342.0,,,True,Non-stop,3df41a8adfb4
SCR_GF_1789055808_022,2026-09-10 21:26:44,2026-10-10,30,google_flights,DEL,BLR,DEL-BLR,DEL,BLR,Air India,Air India,,8:30,11:20,170,2 hr 50 min,Economy,9497.0,,,True,Non-stop,f9cb6a12df3a
SCR_GF_1789055808_023,2026-09-10 21:26:44,2026-10-10,30,google_flights,DEL,BLR,DEL-BLR,DEL,BLR,Air India,Air India,,10:30,1:20,170,2 hr 50 min,Economy,9649.0,,,True,Non-stop,f5a0c0fdfa6f
SCR_GF_1789055808_024,2026-09-10 21:26:44,2026-10-10,30,google_flights,DEL,BLR,DEL-BLR,DEL,BLR,IndiGo,IndiGo,,1:05,4:00,175,2 hr 55 min,Economy,9666.0,,,True,Non-stop,f40c2b149ade
SCR_GF_1789055808_025,2026-09-10 21:26:44,2026-10-10,30,google_flights,DEL,BLR,DEL-BLR,DEL,BLR,Akasa Air,Akasa Air,,9:55,12:45 AM,170,2 hr 50 min,Economy,9678.0,,,True,Non-stop,f6642190edae
SCR_GF_1789055808_026,2026-09-10 21:26:44,2026-10-10,30,google_flights,DEL,BLR,DEL-BLR,DEL,BLR,Air India,Air India,,4:30,7:20,170,2 hr 50 min,Economy,9823.0,,,True,Non-stop,07ff16250c4a
SCR_GF_1789055808_027,2026-09-10 21:26:44,2026-10-10,30,google_flights,DEL,BLR,DEL-BLR,DEL,BLR,Air India,Air India,,9:30,12:25,175,2 hr 55 min,Economy,9823.0,,,True,Non-stop,4bc4d1a98c8d
SCR_GF_1789055808_028,2026-09-10 21:26:44,2026-10-10,30,google_flights,DEL,BLR,DEL-BLR,DEL,BLR,Air India,Air India,,4:30,7:15,165,2 hr 45 min,Economy,9823.0,,,True,Non-stop,07ff16250c4a
SCR_GF_1789055808_029,2026-09-10 21:26:44,2026-10-10,30,google_flights,DEL,BLR,DEL-BLR,DEL,BLR,Air India,Air India,,9:30,12:25 AM,175,2 hr 55 min,Economy,9823.0,,,True,Non-stop,4bc4d1a98c8d
SCR_GF_1789055808_030,2026-09-10 21:26:44,2026-10-10,30,google_flights,DEL,BLR,DEL-BLR,DEL,BLR,Akasa Air,Akasa Air,,8:50,11:50,180,3 hr,Economy,9851.0,,,True,Non-stop,8d93fae55439
SCR_GF_1789055808_031,2026-09-10 21:26:44,2026-10-10,30,google_flights,DEL,BLR,DEL-BLR,DEL,BLR,Air India Express,Air India Express,,10:25,1:20,175,2 hr 55 min,Economy,10492.0,,,True,Non-stop,3e463a6e62f3
SCR_GF_1789055808_032,2026-09-10 21:26:44,2026-10-10,30,google_flights,DEL,BLR,DEL-BLR,DEL,BLR,Air India,Air India,,3:00,5:55,175,2 hr 55 min,Economy,10516.0,,,True,Non-stop,8d67d4954a3b
SCR_GF_1789055808_033,2026-09-10 21:26:44,2026-10-10,30,google_flights,DEL,BLR,DEL-BLR,DEL,BLR,IndiGo,IndiGo,,7:05,10:00,175,2 hr 55 min,Economy,10727.0,,,True,Non-stop,e4ba86918c84
SCR_GF_1789055808_034,2026-09-10 21:26:44,2026-10-10,30,google_flights,DEL,BLR,DEL-BLR,DEL,BLR,IndiGo,IndiGo,,10:00,12:55 AM,175,2 hr 55 min,Economy,10727.0,,,True,Non-stop,ed6acdebfe47
SCR_GF_1789055808_035,2026-09-10 21:26:44,2026-10-10,30,google_flights,DEL,BLR,DEL-BLR,DEL,BLR,Air India,Air India,,7:00,9:55,175,2 hr 55 min,Economy,10883.0,,,True,Non-stop,001c4ccf9370
SCR_GF_1789055808_036,2026-09-10 21:26:44,2026-10-10,30,google_flights,DEL,BLR,DEL-BLR,DEL,BLR,IndiGo,IndiGo,,1:15,4:10,175,2 hr 55 min,Economy,11309.0,,,True,Non-stop,6e0165c52638
SCR_GF_1789055808_037,2026-09-10 21:26:44,2026-10-10,30,google_flights,DEL,BLR,DEL-BLR,DEL,BLR,Air India,Air India,,1:00,3:55,175,2 hr 55 min,Economy,11965.0,,,True,Non-stop,bf60efc575b5
SCR_GF_1789055808_038,2026-09-10 21:26:44,2026-10-10,30,google_flights,DEL,BLR,DEL-BLR,DEL,BLR,IndiGo,IndiGo,,10:45,1:40,175,2 hr 55 min,Economy,17464.0,,,True,Non-stop,15a897b7be4f
SCR_GF_1789055808_039,2026-09-10 21:26:44,2026-10-10,30,google_flights,DEL,BLR,DEL-BLR,DEL,BLR,IndiGo,IndiGo,,7:30,10:25,175,2 hr 55 min,Economy,18464.0,,,True,Non-stop,733abb85f58a
SCR_GF_1789055808_040,2026-09-10 21:26:44,2026-10-10,30,google_flights,DEL,BLR,DEL-BLR,DEL,BLR,Air India,Air India,,7:30,10:20,170,2 hr 50 min,Economy,20690.0,,,True,Non-stop,59b40aa32cdf
SCR_GF_1789055808_041,2026-09-10 21:26:44,2026-10-10,30,google_flights,DEL,BLR,DEL-BLR,DEL,BLR,IndiGo,IndiGo,,5:00,7:55,175,2 hr 55 min,Economy,8724.0,,,True,Non-stop,eca559bf6d16
SCR_GF_1789055808_042,2026-09-10 21:26:44,2026-10-10,30,google_flights,DEL,BLR,DEL-BLR,DEL,BLR,Air India Express,Air India Express,,10:00,12:55 AM,175,2 hr 55 min,Economy,9173.0,,,True,Non-stop,05c13a9a275f
SCR_GF_1789055808_043,2026-09-10 21:26:44,2026-10-10,30,google_flights,DEL,BLR,DEL-BLR,DEL,BLR,Akasa Air,Akasa Air,,4:40,7:40,180,3 hr,Economy,9179.0,,,True,Non-stop,f2ac9bbd48a6
SCR_GF_1789055808_044,2026-09-10 21:26:44,2026-10-10,30,google_flights,DEL,BLR,DEL-BLR,DEL,BLR,Air India,Air India,,3:50,6:45,175,2 hr 55 min,Economy,9340.0,,,True,Non-stop,90cded236782
SCR_GF_1789055808_045,2026-09-10 21:26:44,2026-10-10,30,google_flights,DEL,BLR,DEL-BLR,DEL,BLR,IndiGo,IndiGo,,5:45,8:40,175,2 hr 55 min,Economy,8724.0,,,True,Non-stop,df7b3a372361
SCR_GF_1789055808_046,2026-09-10 21:26:44,2026-10-10,30,google_flights,DEL,BLR,DEL-BLR,DEL,BLR,IndiGo,IndiGo,,8:20,11:10,170,2 hr 50 min,Economy,8724.0,,,True,Non-stop,2e1e57bf7a15
SCR_GF_1789055808_047,2026-09-10 21:26:44,2026-10-10,30,google_flights,DEL,BLR,DEL-BLR,DEL,BLR,IndiGo,IndiGo,,11:30,2:25 AM,175,2 hr 55 min,Economy,8724.0,,,True,Non-stop,d2a50af97813
SCR_GF_1789055808_048,2026-09-10 21:26:44,2026-10-10,30,google_flights,DEL,BLR,DEL-BLR,DEL,BLR,IndiGo,IndiGo,,3:00,5:55,175,2 hr 55 min,Economy,9181.0,,,True,Non-stop,4822ac74bf2d
SCR_GF_1789055808_049,2026-09-10 21:26:44,2026-10-10,30,google_flights,DEL,BLR,DEL-BLR,DEL,BLR,IndiGo,IndiGo,,9:30,12:25,175,2 hr 55 min,Economy,9181.0,,,True,Non-stop,c4f50f288c04
SCR_GF_1789055808_050,2026-09-10 21:26:44,2026-10-10,30,google_flights,DEL,BLR,DEL-BLR,DEL,BLR,IndiGo,IndiGo,,12:15,3:20,185,3 hr 5 min,Economy,9181.0,,,True,Non-stop,033528eb5793
SCR_GF_1789055808_051,2026-09-10 21:26:44,2026-10-10,30,google_flights,DEL,BLR,DEL-BLR,DEL,BLR,IndiGo,IndiGo,,2:30,5:25,175,2 hr 55 min,Economy,9181.0,,,True,Non-stop,fd89971d88eb
SCR_GF_1789055808_052,2026-09-10 21:26:44,2026-10-10,30,google_flights,DEL,BLR,DEL-BLR,DEL,BLR,IndiGo,IndiGo,,3:45,6:40,175,2 hr 55 min,Economy,9181.0,,,True,Non-stop,c8e49da5e9cc
SCR_GF_1789055808_053,2026-09-10 21:26:44,2026-10-10,30,google_flights,DEL,BLR,DEL-BLR,DEL,BLR,IndiGo,IndiGo,,6:20,9:10,170,2 hr 50 min,Economy,9181.0,,,True,Non-stop,977a65cebd0c
SCR_GF_1789055808_054,2026-09-10 21:26:44,2026-10-10,30,google_flights,DEL,BLR,DEL-BLR,DEL,BLR,IndiGo,IndiGo,,8:45,11:40,175,2 hr 55 min,Economy,9181.0,,,True,Non-stop,d6c1ceced7ca
SCR_GF_1789055808_055,2026-09-10 21:26:44,2026-10-10,30,google_flights,DEL,BLR,DEL-BLR,DEL,BLR,Air India,Air India,,12:15,3:10,175,2 hr 55 min,Economy,9187.0,,,True,Non-stop,f34e57510b5e
SCR_GF_1789055808_056,2026-09-10 21:26:44,2026-10-10,30,google_flights,DEL,BLR,DEL-BLR,DEL,BLR,Air India,Air India,,6:00,8:55,175,2 hr 55 min,Economy,9340.0,,,True,Non-stop,4c5a7d987c01
SCR_GF_1789055808_057,2026-09-10 21:26:44,2026-10-10,30,google_flights,DEL,BLR,DEL-BLR,DEL,BLR,Air India,Air India,,6:30,9:25,175,2 hr 55 min,Economy,9340.0,,,True,Non-stop,20e76f6c4997
SCR_GF_1789055808_058,2026-09-10 21:26:44,2026-10-10,30,google_flights,DEL,BLR,DEL-BLR,DEL,BLR,Air India,Air India,,6:00,8:55,175,2 hr 55 min,Economy,9340.0,,,True,Non-stop,4c5a7d987c01
SCR_GF_1789055808_059,2026-09-10 21:26:44,2026-10-10,30,google_flights,DEL,BLR,DEL-BLR,DEL,BLR,Air India,Air India,,6:30,9:25,175,2 hr 55 min,Economy,9340.0,,,True,Non-stop,20e76f6c4997
SCR_GF_1789055808_060,2026-09-10 21:26:44,2026-10-10,30,google_flights,DEL,BLR,DEL-BLR,DEL,BLR,Air India,Air India,,7:00,9:55,175,2 hr 55 min,Economy,9340.0,,,True,Non-stop,6c481f69973c
SCR_GF_1789055808_061,2026-09-10 21:26:44,2026-10-10,30,google_flights,DEL,BLR,DEL-BLR,DEL,BLR,Akasa Air,Akasa Air,,10:55,2:05 AM,190,3 hr 10 min,Economy,9342.0,,,True,Non-stop,3df41a8adfb4
SCR_GF_1789055808_062,2026-09-10 21:26:44,2026-10-10,30,google_flights,DEL,BLR,DEL-BLR,DEL,BLR,Air India,Air India,,8:30,11:20,170,2 hr 50 min,Economy,9497.0,,,True,Non-stop,f9cb6a12df3a
SCR_GF_1789055808_063,2026-09-10 21:26:44,2026-10-10,30,google_flights,DEL,BLR,DEL-BLR,DEL,BLR,Air India,Air India,,10:30,1:20,170,2 hr 50 min,Economy,9649.0,,,True,Non-stop,f5a0c0fdfa6f
SCR_GF_1789055808_064,2026-09-10 21:26:44,2026-10-10,30,google_flights,DEL,BLR,DEL-BLR,DEL,BLR,IndiGo,IndiGo,,1:05,4:00,175,2 hr 55 min,Economy,9666.0,,,True,Non-stop,f40c2b149ade
SCR_GF_1789055808_065,2026-09-10 21:26:44,2026-10-10,30,google_flights,DEL,BLR,DEL-BLR,DEL,BLR,Akasa Air,Akasa Air,,9:55,12:45 AM,170,2 hr 50 min,Economy,9678.0,,,True,Non-stop,f6642190edae
SCR_GF_1789055808_066,2026-09-10 21:26:44,2026-10-10,30,google_flights,DEL,BLR,DEL-BLR,DEL,BLR,Air India,Air India,,4:30,7:20,170,2 hr 50 min,Economy,9823.0,,,True,Non-stop,07ff16250c4a
SCR_GF_1789055808_067,2026-09-10 21:26:44,2026-10-10,30,google_flights,DEL,BLR,DEL-BLR,DEL,BLR,Air India,Air India,,9:30,12:25,175,2 hr 55 min,Economy,9823.0,,,True,Non-stop,4bc4d1a98c8d
SCR_GF_1789055808_068,2026-09-10 21:26:44,2026-10-10,30,google_flights,DEL,BLR,DEL-BLR,DEL,BLR,Air India,Air India,,4:30,7:15,165,2 hr 45 min,Economy,9823.0,,,True,Non-stop,07ff16250c4a
SCR_GF_1789055808_069,2026-09-10 21:26:44,2026-10-10,30,google_flights,DEL,BLR,DEL-BLR,DEL,BLR,Air India,Air India,,9:30,12:25 AM,175,2 hr 55 min,Economy,9823.0,,,True,Non-stop,4bc4d1a98c8d
SCR_GF_1789055808_070,2026-09-10 21:26:44,2026-10-10,30,google_flights,DEL,BLR,DEL-BLR,DEL,BLR,Akasa Air,Akasa Air,,8:50,11:50,180,3 hr,Economy,9851.0,,,True,Non-stop,8d93fae55439
SCR_GF_1789055808_071,2026-09-10 21:26:44,2026-10-10,30,google_flights,DEL,BLR,DEL-BLR,DEL,BLR,Air India Express,Air India Express,,10:25,1:20,175,2 hr 55 min,Economy,10492.0,,,True,Non-stop,3e463a6e62f3
SCR_GF_1789055808_072,2026-09-10 21:26:44,2026-10-10,30,google_flights,DEL,BLR,DEL-BLR,DEL,BLR,Air India,Air India,,3:00,5:55,175,2 hr 55 min,Economy,10516.0,,,True,Non-stop,8d67d4954a3b
SCR_GF_1789055808_073,2026-09-10 21:26:44,2026-10-10,30,google_flights,DEL,BLR,DEL-BLR,DEL,BLR,IndiGo,IndiGo,,7:05,10:00,175,2 hr 55 min,Economy,10727.0,,,True,Non-stop,e4ba86918c84
SCR_GF_1789055808_074,2026-09-10 21:26:44,2026-10-10,30,google_flights,DEL,BLR,DEL-BLR,DEL,BLR,IndiGo,IndiGo,,10:00,12:55 AM,175,2 hr 55 min,Economy,10727.0,,,True,Non-stop,ed6acdebfe47
SCR_GF_1789055808_075,2026-09-10 21:26:44,2026-10-10,30,google_flights,DEL,BLR,DEL-BLR,DEL,BLR,Air India,Air India,,7:00,9:55,175,2 hr 55 min,Economy,10883.0,,,True,Non-stop,001c4ccf9370
SCR_GF_1789055808_076,2026-09-10 21:26:44,2026-10-10,30,google_flights,DEL,BLR,DEL-BLR,DEL,BLR,IndiGo,IndiGo,,1:15,4:10,175,2 hr 55 min,Economy,11309.0,,,True,Non-stop,6e0165c52638
SCR_GF_1789055808_077,2026-09-10 21:26:44,2026-10-10,30,google_flights,DEL,BLR,DEL-BLR,DEL,BLR,Air India,Air India,,1:00,3:55,175,2 hr 55 min,Economy,11965.0,,,True,Non-stop,bf60efc575b5
SCR_GF_1789055808_078,2026-09-10 21:26:44,2026-10-10,30,google_flights,DEL,BLR,DEL-BLR,DEL,BLR,IndiGo,IndiGo,,10:45,1:40,175,2 hr 55 min,Economy,17464.0,,,True,Non-stop,15a897b7be4f
SCR_GF_1789055808_079,2026-09-10 21:26:44,2026-10-10,30,google_flights,DEL,BLR,DEL-BLR,DEL,BLR,IndiGo,IndiGo,,7:30,10:25,175,2 hr 55 min,Economy,18464.0,,,True,Non-stop,733abb85f58a
SCR_GF_1789055808_080,2026-09-10 21:26:44,2026-10-10,30,google_flights,DEL,BLR,DEL-BLR,DEL,BLR,Air India,Air India,,7:30,10:20,170,2 hr 50 min,Economy,20690.0,,,True,Non-stop,59b40aa32cdf
SCR_GF_1789055811_001,2026-09-10 21:26:49,2026-09-11,1,google_flights,BOM,BLR,BOM-BLR,BOM,BLR,IndiGo,IndiGo,,9:15 AM,1:35 PM,260,4 hr 20 min,Economy,12106.0,,,False,1 stop,5ccdb921e9a6
SCR_GF_1789055811_002,2026-09-10 21:26:49,2026-09-11,1,google_flights,BOM,BLR,BOM-BLR,BOM,BLR,IndiGo,IndiGo,,11:00 AM,12:55 PM,115,1 hr 55 min,Economy,16722.0,,,True,Non-stop,058b22e07cf3
SCR_GF_1789055811_003,2026-09-10 21:26:49,2026-09-11,1,google_flights,BOM,BLR,BOM-BLR,BOM,BLR,Air India,Air India,,6:35 AM,8:35 AM,120,2 hr,Economy,19076.0,,,True,Non-stop,d0c7946b5cb3
SCR_GF_1789055811_004,2026-09-10 21:26:49,2026-09-11,1,google_flights,BOM,BLR,BOM-BLR,BOM,BLR,IndiGo,IndiGo,,4:40 PM,8:55 PM,255,4 hr 15 min,Economy,11975.0,,,False,1 stop,ae77e3f2b7c1
SCR_GF_1789055811_005,2026-09-10 21:26:49,2026-09-11,1,google_flights,BOM,BLR,BOM-BLR,BOM,BLR,IndiGo,IndiGo,,6:30 AM,8:25 AM,115,1 hr 55 min,Economy,16722.0,,,True,Non-stop,b6a59dc5f077
SCR_GF_1789055811_006,2026-09-10 21:26:49,2026-09-11,1,google_flights,BOM,BLR,BOM-BLR,BOM,BLR,Air India,Air India,,2:05 AM,4:10 AM,125,2 hr 5 min,Economy,19076.0,,,True,Non-stop,e6ccb972d6ba
SCR_GF_1789055811_007,2026-09-10 21:26:49,2026-09-11,1,google_flights,BOM,BLR,BOM-BLR,BOM,BLR,Air India,Air India,,11:40 PM,1:40 AM,120,2 hr,Economy,19076.0,,,True,Non-stop,b55735ea548c
SCR_GF_1789055811_008,2026-09-10 21:26:49,2026-09-11,1,google_flights,BOM,BLR,BOM-BLR,BOM,BLR,Air India,Air India,,5:30 PM,7:35 PM,125,2 hr 5 min,Economy,19790.0,,,True,Non-stop,6b2c7020060a
SCR_GF_1789055811_009,2026-09-10 21:26:49,2026-09-11,1,google_flights,BOM,BLR,BOM-BLR,BOM,BLR,IndiGo,IndiGo,,9:50 AM,11:55 AM,125,2 hr 5 min,Economy,19911.0,,,True,Non-stop,9ce4f8459f76
SCR_GF_1789055811_010,2026-09-10 21:26:49,2026-09-11,1,google_flights,BOM,BLR,BOM-BLR,BOM,BLR,IndiGo,IndiGo,,12:30 PM,2:25 PM,115,1 hr 55 min,Economy,19911.0,,,True,Non-stop,bcf0b2e55395
SCR_GF_1789055811_011,2026-09-10 21:26:49,2026-09-11,1,google_flights,BOM,BLR,BOM-BLR,BOM,BLR,IndiGo,IndiGo,,2:30 PM,4:25 PM,115,1 hr 55 min,Economy,19911.0,,,True,Non-stop,516cc4f65335
SCR_GF_1789055811_012,2026-09-10 21:26:49,2026-09-11,1,google_flights,BOM,BLR,BOM-BLR,BOM,BLR,IndiGo,IndiGo,,3:35 PM,5:25 PM,110,1 hr 50 min,Economy,19911.0,,,True,Non-stop,df4b58bfb80b
SCR_GF_1789055811_013,2026-09-10 21:26:49,2026-09-11,1,google_flights,BOM,BLR,BOM-BLR,BOM,BLR,IndiGo,IndiGo,,5:00 PM,6:55 PM,115,1 hr 55 min,Economy,19911.0,,,True,Non-stop,bf1e1100b234
SCR_GF_1789055811_014,2026-09-10 21:26:49,2026-09-11,1,google_flights,BOM,BLR,BOM-BLR,BOM,BLR,IndiGo,IndiGo,,9:30 PM,11:25 PM,115,1 hr 55 min,Economy,19911.0,,,True,Non-stop,043a3f10e85a
SCR_GF_1789055811_015,2026-09-10 21:26:49,2026-09-11,1,google_flights,BOM,BLR,BOM-BLR,BOM,BLR,IndiGo,IndiGo,,10:20 PM,12:20 AM,120,2 hr,Economy,19911.0,,,True,Non-stop,6d8d76dd88ae
SCR_GF_1789055811_016,2026-09-10 21:26:49,2026-09-11,1,google_flights,BOM,BLR,BOM-BLR,BOM,BLR,Air India,Air India,,7:45 PM,9:50 PM,125,2 hr 5 min,Economy,19969.0,,,True,Non-stop,232db19ca681
SCR_GF_1789055811_017,2026-09-10 21:26:49,2026-09-11,1,google_flights,BOM,BLR,BOM-BLR,BOM,BLR,Air India,Air India,,8:45 PM,10:45 PM,120,2 hr,Economy,19969.0,,,True,Non-stop,f3bc0b6fd8d2
SCR_GF_1789055811_018,2026-09-10 21:26:49,2026-09-11,1,google_flights,BOM,BLR,BOM-BLR,BOM,BLR,Akasa Air,Akasa Air,,6:25 PM,8:20 PM,115,1 hr 55 min,Economy,20048.0,,,True,Non-stop,d78b96cfbbee
SCR_GF_1789055812_019,2026-09-10 21:26:49,2026-09-11,1,google_flights,BOM,BLR,BOM-BLR,BOM,BLR,Akasa Air,Akasa Air,,11:10 PM,1:05 AM,115,1 hr 55 min,Economy,20048.0,,,True,Non-stop,d96789edf5b4
SCR_GF_1789055812_020,2026-09-10 21:26:49,2026-09-11,1,google_flights,BOM,BLR,BOM-BLR,BOM,BLR,Air India,Air India,,7:55,10:05,130,2 hr 10 min,Economy,20147.0,,,True,Non-stop,84c98cbd6bcc
SCR_GF_1789055812_021,2026-09-10 21:26:49,2026-09-11,1,google_flights,BOM,BLR,BOM-BLR,BOM,BLR,Air India,Air India,,6:30,8:35,125,2 hr 5 min,Economy,20147.0,,,True,Non-stop,67e380cc09e3
SCR_GF_1789055812_022,2026-09-10 21:26:49,2026-09-11,1,google_flights,BOM,BLR,BOM-BLR,BOM,BLR,Air India,Air India,,10:00,12:05,125,2 hr 5 min,Economy,26746.0,,,True,Non-stop,62a1485da219
SCR_GF_1789055812_023,2026-09-10 21:26:49,2026-09-11,1,google_flights,BOM,BLR,BOM-BLR,BOM,BLR,Air India,Air India,,12:00,2:05,125,2 hr 5 min,Economy,26746.0,,,True,Non-stop,71c15ff5bea3
SCR_GF_1789055812_024,2026-09-10 21:26:49,2026-09-11,1,google_flights,BOM,BLR,BOM-BLR,BOM,BLR,Air India,Air India,,3:25,5:35,130,2 hr 10 min,Economy,26746.0,,,True,Non-stop,c8dd1b7116d3
SCR_GF_1789055812_025,2026-09-10 21:26:49,2026-09-11,1,google_flights,BOM,BLR,BOM-BLR,BOM,BLR,Air India,Air India,,11:30,1:35 AM,125,2 hr 5 min,Economy,26746.0,,,True,Non-stop,e27e1ea6a014
SCR_GF_1789055812_026,2026-09-10 21:26:49,2026-09-11,1,google_flights,BOM,BLR,BOM-BLR,BOM,BLR,Akasa Air,Akasa Air,,7:40,9:45,125,2 hr 5 min,Economy,32494.0,,,True,Non-stop,9935bf17585c
SCR_GF_1789055812_027,2026-09-10 21:26:49,2026-09-11,1,google_flights,BOM,BLR,BOM-BLR,BOM,BLR,Akasa Air,Akasa Air,,9:45,11:45,120,2 hr,Economy,32494.0,,,True,Non-stop,00eee3b10fe4
SCR_GF_1789055812_028,2026-09-10 21:26:49,2026-09-11,1,google_flights,BOM,BLR,BOM-BLR,BOM,BLR,IndiGo,IndiGo,,9:15,1:35,260,4 hr 20 min,Economy,12106.0,,,False,1 stop,a4ee655aa1b1
SCR_GF_1789055812_029,2026-09-10 21:26:49,2026-09-11,1,google_flights,BOM,BLR,BOM-BLR,BOM,BLR,IndiGo,IndiGo,,11:00,12:55,115,1 hr 55 min,Economy,16722.0,,,True,Non-stop,a0cb60c78a74
SCR_GF_1789055812_030,2026-09-10 21:26:49,2026-09-11,1,google_flights,BOM,BLR,BOM-BLR,BOM,BLR,Air India,Air India,,6:35,8:35,120,2 hr,Economy,19076.0,,,True,Non-stop,50d6c4dd6b3d
SCR_GF_1789055812_031,2026-09-10 21:26:49,2026-09-11,1,google_flights,BOM,BLR,BOM-BLR,BOM,BLR,IndiGo,IndiGo,,4:40,8:55,255,4 hr 15 min,Economy,11975.0,,,False,1 stop,92184a4d3677
SCR_GF_1789055812_032,2026-09-10 21:26:49,2026-09-11,1,google_flights,BOM,BLR,BOM-BLR,BOM,BLR,IndiGo,IndiGo,,6:30,8:25,115,1 hr 55 min,Economy,16722.0,,,True,Non-stop,d3add6028521
SCR_GF_1789055812_033,2026-09-10 21:26:49,2026-09-11,1,google_flights,BOM,BLR,BOM-BLR,BOM,BLR,Air India,Air India,,2:05,4:10,125,2 hr 5 min,Economy,19076.0,,,True,Non-stop,85434a2c7d7a
SCR_GF_1789055812_034,2026-09-10 21:26:49,2026-09-11,1,google_flights,BOM,BLR,BOM-BLR,BOM,BLR,Air India,Air India,,11:40,1:40 AM,120,2 hr,Economy,19076.0,,,True,Non-stop,cc0eb5066897
SCR_GF_1789055812_035,2026-09-10 21:26:49,2026-09-11,1,google_flights,BOM,BLR,BOM-BLR,BOM,BLR,Air India,Air India,,5:30,7:35,125,2 hr 5 min,Economy,19790.0,,,True,Non-stop,0e2632d2b39d
SCR_GF_1789055812_036,2026-09-10 21:26:49,2026-09-11,1,google_flights,BOM,BLR,BOM-BLR,BOM,BLR,IndiGo,IndiGo,,9:50,11:55,125,2 hr 5 min,Economy,19911.0,,,True,Non-stop,fc21e04a2304
SCR_GF_1789055812_037,2026-09-10 21:26:49,2026-09-11,1,google_flights,BOM,BLR,BOM-BLR,BOM,BLR,IndiGo,IndiGo,,12:30,2:25,115,1 hr 55 min,Economy,19911.0,,,True,Non-stop,81ea4c0a7b2a
SCR_GF_1789055812_038,2026-09-10 21:26:49,2026-09-11,1,google_flights,BOM,BLR,BOM-BLR,BOM,BLR,IndiGo,IndiGo,,2:30,4:25,115,1 hr 55 min,Economy,19911.0,,,True,Non-stop,db1529df9fe3
SCR_GF_1789055812_039,2026-09-10 21:26:49,2026-09-11,1,google_flights,BOM,BLR,BOM-BLR,BOM,BLR,IndiGo,IndiGo,,3:35,5:25,110,1 hr 50 min,Economy,19911.0,,,True,Non-stop,26d60c8702b3
SCR_GF_1789055812_040,2026-09-10 21:26:49,2026-09-11,1,google_flights,BOM,BLR,BOM-BLR,BOM,BLR,IndiGo,IndiGo,,5:00,6:55,115,1 hr 55 min,Economy,19911.0,,,True,Non-stop,2256cb971437
SCR_GF_1789055812_041,2026-09-10 21:26:49,2026-09-11,1,google_flights,BOM,BLR,BOM-BLR,BOM,BLR,IndiGo,IndiGo,,9:30,11:25,115,1 hr 55 min,Economy,19911.0,,,True,Non-stop,8a1044e0cbb4
SCR_GF_1789055812_042,2026-09-10 21:26:49,2026-09-11,1,google_flights,BOM,BLR,BOM-BLR,BOM,BLR,IndiGo,IndiGo,,10:20,12:20 AM,120,2 hr,Economy,19911.0,,,True,Non-stop,9c94ae4bb5af
SCR_GF_1789055812_043,2026-09-10 21:26:49,2026-09-11,1,google_flights,BOM,BLR,BOM-BLR,BOM,BLR,Air India,Air India,,7:45,9:50,125,2 hr 5 min,Economy,19969.0,,,True,Non-stop,70a6cd8a18f1
SCR_GF_1789055812_044,2026-09-10 21:26:49,2026-09-11,1,google_flights,BOM,BLR,BOM-BLR,BOM,BLR,Air India,Air India,,8:45,10:45,120,2 hr,Economy,19969.0,,,True,Non-stop,8f5887efdc83
SCR_GF_1789055812_045,2026-09-10 21:26:49,2026-09-11,1,google_flights,BOM,BLR,BOM-BLR,BOM,BLR,Akasa Air,Akasa Air,,6:25,8:20,115,1 hr 55 min,Economy,20048.0,,,True,Non-stop,00c503d8c1c7
SCR_GF_1789055812_046,2026-09-10 21:26:49,2026-09-11,1,google_flights,BOM,BLR,BOM-BLR,BOM,BLR,Akasa Air,Akasa Air,,11:10,1:05 AM,115,1 hr 55 min,Economy,20048.0,,,True,Non-stop,a18922d2e9e2
SCR_GF_1789055812_047,2026-09-10 21:26:49,2026-09-11,1,google_flights,BOM,BLR,BOM-BLR,BOM,BLR,Air India,Air India,,7:55,10:05,130,2 hr 10 min,Economy,20147.0,,,True,Non-stop,84c98cbd6bcc
SCR_GF_1789055812_048,2026-09-10 21:26:49,2026-09-11,1,google_flights,BOM,BLR,BOM-BLR,BOM,BLR,Air India,Air India,,6:30,8:35,125,2 hr 5 min,Economy,20147.0,,,True,Non-stop,67e380cc09e3
SCR_GF_1789055812_049,2026-09-10 21:26:49,2026-09-11,1,google_flights,BOM,BLR,BOM-BLR,BOM,BLR,Air India,Air India,,10:00,12:05,125,2 hr 5 min,Economy,26746.0,,,True,Non-stop,62a1485da219
SCR_GF_1789055812_050,2026-09-10 21:26:49,2026-09-11,1,google_flights,BOM,BLR,BOM-BLR,BOM,BLR,Air India,Air India,,12:00,2:05,125,2 hr 5 min,Economy,26746.0,,,True,Non-stop,71c15ff5bea3
SCR_GF_1789055812_051,2026-09-10 21:26:49,2026-09-11,1,google_flights,BOM,BLR,BOM-BLR,BOM,BLR,Air India,Air India,,3:25,5:35,130,2 hr 10 min,Economy,26746.0,,,True,Non-stop,c8dd1b7116d3
SCR_GF_1789055812_052,2026-09-10 21:26:49,2026-09-11,1,google_flights,BOM,BLR,BOM-BLR,BOM,BLR,Air India,Air India,,11:30,1:35 AM,125,2 hr 5 min,Economy,26746.0,,,True,Non-stop,e27e1ea6a014
SCR_GF_1789055812_053,2026-09-10 21:26:49,2026-09-11,1,google_flights,BOM,BLR,BOM-BLR,BOM,BLR,Akasa Air,Akasa Air,,7:40,9:45,125,2 hr 5 min,Economy,32494.0,,,True,Non-stop,9935bf17585c
SCR_GF_1789055812_054,2026-09-10 21:26:49,2026-09-11,1,google_flights,BOM,BLR,BOM-BLR,BOM,BLR,Akasa Air,Akasa Air,,9:45,11:45,120,2 hr,Economy,32494.0,,,True,Non-stop,00eee3b10fe4
SCR_GF_1789055815_001,2026-09-10 21:26:52,2026-09-17,7,google_flights,BOM,BLR,BOM-BLR,BOM,BLR,IndiGo,IndiGo,,1:10 AM,3:05 AM,115,1 hr 55 min,Economy,5325.0,,,True,Non-stop,8c1b5849332f
SCR_GF_1789055815_002,2026-09-10 21:26:52,2026-09-17,7,google_flights,BOM,BLR,BOM-BLR,BOM,BLR,Air India,Air India,,2:05 AM,4:10 AM,125,2 hr 5 min,Economy,5326.0,,,True,Non-stop,dce2ccf59e28
SCR_GF_1789055815_003,2026-09-10 21:26:52,2026-09-17,7,google_flights,BOM,BLR,BOM-BLR,BOM,BLR,Air India,Air India,,11:30 PM,1:35 AM,125,2 hr 5 min,Economy,5326.0,,,True,Non-stop,5005866c8c08
SCR_GF_1789055815_004,2026-09-10 21:26:52,2026-09-17,7,google_flights,BOM,BLR,BOM-BLR,BOM,BLR,Akasa Air,Akasa Air,,12:35 AM,2:25 AM,110,1 hr 50 min,Economy,6249.0,,,True,Non-stop,4e92d3c01f88
SCR_GF_1789055815_006,2026-09-10 21:26:52,2026-09-17,7,google_flights,BOM,BLR,BOM-BLR,BOM,BLR,IndiGo,IndiGo,,4:30 AM,6:25 AM,115,1 hr 55 min,Economy,6201.0,,,True,Non-stop,43b7cfbe4a95
SCR_GF_1789055815_007,2026-09-10 21:26:52,2026-09-17,7,google_flights,BOM,BLR,BOM-BLR,BOM,BLR,IndiGo,IndiGo,,6:30 AM,8:25 AM,115,1 hr 55 min,Economy,6957.0,,,True,Non-stop,177bdec19683
SCR_GF_1789055815_008,2026-09-10 21:26:52,2026-09-17,7,google_flights,BOM,BLR,BOM-BLR,BOM,BLR,IndiGo,IndiGo,,11:00 AM,12:55 PM,115,1 hr 55 min,Economy,6957.0,,,True,Non-stop,db92c56a7425
SCR_GF_1789055815_009,2026-09-10 21:26:52,2026-09-17,7,google_flights,BOM,BLR,BOM-BLR,BOM,BLR,IndiGo,IndiGo,,2:30 PM,4:25 PM,115,1 hr 55 min,Economy,6957.0,,,True,Non-stop,16aed69e30cc
SCR_GF_1789055815_010,2026-09-10 21:26:52,2026-09-17,7,google_flights,BOM,BLR,BOM-BLR,BOM,BLR,IndiGo,IndiGo,,3:35 PM,5:25 PM,110,1 hr 50 min,Economy,6957.0,,,True,Non-stop,bf4b8763d2b3
SCR_GF_1789055815_011,2026-09-10 21:26:52,2026-09-17,7,google_flights,BOM,BLR,BOM-BLR,BOM,BLR,IndiGo,IndiGo,,5:00 PM,6:55 PM,115,1 hr 55 min,Economy,6957.0,,,True,Non-stop,642ca69631ae
SCR_GF_1789055815_012,2026-09-10 21:26:52,2026-09-17,7,google_flights,BOM,BLR,BOM-BLR,BOM,BLR,IndiGo,IndiGo,,6:30 PM,8:25 PM,115,1 hr 55 min,Economy,6957.0,,,True,Non-stop,1efc32f80ffc
SCR_GF_1789055815_013,2026-09-10 21:26:52,2026-09-17,7,google_flights,BOM,BLR,BOM-BLR,BOM,BLR,IndiGo,IndiGo,,10:20 PM,12:20 AM,120,2 hr,Economy,6957.0,,,True,Non-stop,1e29ebcc9b30
SCR_GF_1789055815_014,2026-09-10 21:26:52,2026-09-17,7,google_flights,BOM,BLR,BOM-BLR,BOM,BLR,Air India,Air India,,12:00 PM,2:05 PM,125,2 hr 5 min,Economy,7117.0,,,True,Non-stop,3bda66c16a77
SCR_GF_1789055816_015,2026-09-10 21:26:52,2026-09-17,7,google_flights,BOM,BLR,BOM-BLR,BOM,BLR,Air India,Air India,,3:25 PM,5:35 PM,130,2 hr 10 min,Economy,7117.0,,,True,Non-stop,4573ef9c339b
SCR_GF_1789055816_016,2026-09-10 21:26:52,2026-09-17,7,google_flights,BOM,BLR,BOM-BLR,BOM,BLR,IndiGo,IndiGo,,9:50 AM,11:55 AM,125,2 hr 5 min,Economy,7272.0,,,True,Non-stop,0b889605d4e9
SCR_GF_1789055816_017,2026-09-10 21:26:52,2026-09-17,7,google_flights,BOM,BLR,BOM-BLR,BOM,BLR,IndiGo,IndiGo,,12:30 PM,2:25 PM,115,1 hr 55 min,Economy,7272.0,,,True,Non-stop,9d4fad904a8e
SCR_GF_1789055816_018,2026-09-10 21:26:52,2026-09-17,7,google_flights,BOM,BLR,BOM-BLR,BOM,BLR,Air India,Air India,,6:35 AM,8:35 AM,120,2 hr,Economy,7353.0,,,True,Non-stop,02627c1588ff
SCR_GF_1789055816_019,2026-09-10 21:26:52,2026-09-17,7,google_flights,BOM,BLR,BOM-BLR,BOM,BLR,Air India,Air India,,10:00 AM,12:05 PM,125,2 hr 5 min,Economy,7353.0,,,True,Non-stop,69fb1065ac5a
SCR_GF_1789055816_020,2026-09-10 21:26:52,2026-09-17,7,google_flights,BOM,BLR,BOM-BLR,BOM,BLR,Air India,Air India,,7:45 PM,9:50 PM,125,2 hr 5 min,Economy,7432.0,,,True,Non-stop,8e647e14affc
SCR_GF_1789055816_021,2026-09-10 21:26:52,2026-09-17,7,google_flights,BOM,BLR,BOM-BLR,BOM,BLR,Air India,Air India,,6:30 PM,8:35 PM,125,2 hr 5 min,Economy,7468.0,,,True,Non-stop,c4e011efc514
SCR_GF_1789055816_022,2026-09-10 21:26:52,2026-09-17,7,google_flights,BOM,BLR,BOM-BLR,BOM,BLR,Akasa Air,Akasa Air,,5:30 AM,7:25 AM,115,1 hr 55 min,Economy,7549.0,,,True,Non-stop,8ce9180e94ba
SCR_GF_1789055816_023,2026-09-10 21:26:52,2026-09-17,7,google_flights,BOM,BLR,BOM-BLR,BOM,BLR,IndiGo,IndiGo,,8:05 AM,9:55 AM,110,1 hr 50 min,Economy,7587.0,,,True,Non-stop,5d90381c074f
SCR_GF_1789055816_024,2026-09-10 21:26:52,2026-09-17,7,google_flights,BOM,BLR,BOM-BLR,BOM,BLR,IndiGo,IndiGo,,9:30 PM,11:25 PM,115,1 hr 55 min,Economy,7587.0,,,True,Non-stop,fc861603f507
SCR_GF_1789055816_025,2026-09-10 21:26:52,2026-09-17,7,google_flights,BOM,BLR,BOM-BLR,BOM,BLR,Air India,Air India,,5:30 PM,7:35 PM,125,2 hr 5 min,Economy,7678.0,,,True,Non-stop,33bcc77f4c26
SCR_GF_1789055816_026,2026-09-10 21:26:52,2026-09-17,7,google_flights,BOM,BLR,BOM-BLR,BOM,BLR,Akasa Air,Akasa Air,,9:45 PM,11:45 PM,120,2 hr,Economy,7845.0,,,True,Non-stop,1b8d679e05b8
SCR_GF_1789055816_027,2026-09-10 21:26:52,2026-09-17,7,google_flights,BOM,BLR,BOM-BLR,BOM,BLR,Air India,Air India,,8:45 PM,10:45 PM,120,2 hr,Economy,8072.0,,,True,Non-stop,e7231cd29973
SCR_GF_1789055816_028,2026-09-10 21:26:52,2026-09-17,7,google_flights,BOM,BLR,BOM-BLR,BOM,BLR,Air India,Air India,,7:55 AM,10:05 AM,130,2 hr 10 min,Economy,8135.0,,,True,Non-stop,5defd2a57018
SCR_GF_1789055816_029,2026-09-10 21:26:52,2026-09-17,7,google_flights,BOM,BLR,BOM-BLR,BOM,BLR,IndiGo,IndiGo,,7:55 PM,9:45 PM,110,1 hr 50 min,Economy,8427.0,,,True,Non-stop,14a9a6c4fe02
SCR_GF_1789055816_030,2026-09-10 21:26:52,2026-09-17,7,google_flights,BOM,BLR,BOM-BLR,BOM,BLR,Akasa Air,Akasa Air,,6:25 PM,8:20 PM,115,1 hr 55 min,Economy,8819.0,,,True,Non-stop,682c4fdc78bb
SCR_GF_1789055816_031,2026-09-10 21:26:52,2026-09-17,7,google_flights,BOM,BLR,BOM-BLR,BOM,BLR,Akasa Air,Akasa Air,,7:35 AM,9:35 AM,120,2 hr,Economy,9175.0,,,True,Non-stop,d669e9072386
SCR_GF_1789055816_032,2026-09-10 21:26:52,2026-09-17,7,google_flights,BOM,BLR,BOM-BLR,BOM,BLR,Akasa Air,Akasa Air,,7:40 PM,9:45 PM,125,2 hr 5 min,Economy,9934.0,,,True,Non-stop,53467b6755c6
SCR_GF_1789055816_033,2026-09-10 21:26:52,2026-09-17,7,google_flights,BOM,BLR,BOM-BLR,BOM,BLR,IndiGo,IndiGo,,1:10,3:05,115,1 hr 55 min,Economy,5325.0,,,True,Non-stop,cc0ba4cf4660
SCR_GF_1789055816_034,2026-09-10 21:26:52,2026-09-17,7,google_flights,BOM,BLR,BOM-BLR,BOM,BLR,Air India,Air India,,2:05,4:10,125,2 hr 5 min,Economy,5326.0,,,True,Non-stop,f2956e875ec5
SCR_GF_1789055816_035,2026-09-10 21:26:52,2026-09-17,7,google_flights,BOM,BLR,BOM-BLR,BOM,BLR,Air India,Air India,,11:30,1:35 AM,125,2 hr 5 min,Economy,5326.0,,,True,Non-stop,f7b02926d0fa
SCR_GF_1789055816_036,2026-09-10 21:26:52,2026-09-17,7,google_flights,BOM,BLR,BOM-BLR,BOM,BLR,Akasa Air,Akasa Air,,12:35,2:25,110,1 hr 50 min,Economy,6249.0,,,True,Non-stop,759817039756
SCR_GF_1789055816_038,2026-09-10 21:26:52,2026-09-17,7,google_flights,BOM,BLR,BOM-BLR,BOM,BLR,IndiGo,IndiGo,,4:30,6:25,115,1 hr 55 min,Economy,6201.0,,,True,Non-stop,2abd479c8af9
SCR_GF_1789055816_039,2026-09-10 21:26:52,2026-09-17,7,google_flights,BOM,BLR,BOM-BLR,BOM,BLR,IndiGo,IndiGo,,6:30,8:25,115,1 hr 55 min,Economy,6957.0,,,True,Non-stop,31ef8174ccf5
SCR_GF_1789055816_040,2026-09-10 21:26:52,2026-09-17,7,google_flights,BOM,BLR,BOM-BLR,BOM,BLR,IndiGo,IndiGo,,11:00,12:55,115,1 hr 55 min,Economy,6957.0,,,True,Non-stop,3011f09949de
SCR_GF_1789055816_041,2026-09-10 21:26:52,2026-09-17,7,google_flights,BOM,BLR,BOM-BLR,BOM,BLR,IndiGo,IndiGo,,2:30,4:25,115,1 hr 55 min,Economy,6957.0,,,True,Non-stop,006db4b36755
SCR_GF_1789055816_042,2026-09-10 21:26:52,2026-09-17,7,google_flights,BOM,BLR,BOM-BLR,BOM,BLR,IndiGo,IndiGo,,3:35,5:25,110,1 hr 50 min,Economy,6957.0,,,True,Non-stop,879505d777d7
SCR_GF_1789055816_043,2026-09-10 21:26:52,2026-09-17,7,google_flights,BOM,BLR,BOM-BLR,BOM,BLR,IndiGo,IndiGo,,5:00,6:55,115,1 hr 55 min,Economy,6957.0,,,True,Non-stop,68ca95c74d67
SCR_GF_1789055816_044,2026-09-10 21:26:52,2026-09-17,7,google_flights,BOM,BLR,BOM-BLR,BOM,BLR,IndiGo,IndiGo,,6:30,8:25,115,1 hr 55 min,Economy,6957.0,,,True,Non-stop,31ef8174ccf5
SCR_GF_1789055816_045,2026-09-10 21:26:52,2026-09-17,7,google_flights,BOM,BLR,BOM-BLR,BOM,BLR,IndiGo,IndiGo,,10:20,12:20 AM,120,2 hr,Economy,6957.0,,,True,Non-stop,481ceea116e7
SCR_GF_1789055816_046,2026-09-10 21:26:52,2026-09-17,7,google_flights,BOM,BLR,BOM-BLR,BOM,BLR,Air India,Air India,,12:00,2:05,125,2 hr 5 min,Economy,7117.0,,,True,Non-stop,831f6f971d9f
SCR_GF_1789055816_047,2026-09-10 21:26:52,2026-09-17,7,google_flights,BOM,BLR,BOM-BLR,BOM,BLR,Air India,Air India,,3:25,5:35,130,2 hr 10 min,Economy,7117.0,,,True,Non-stop,5561c70a5fa3
SCR_GF_1789055816_048,2026-09-10 21:26:52,2026-09-17,7,google_flights,BOM,BLR,BOM-BLR,BOM,BLR,IndiGo,IndiGo,,9:50,11:55,125,2 hr 5 min,Economy,7272.0,,,True,Non-stop,23d5b1398472
SCR_GF_1789055816_049,2026-09-10 21:26:52,2026-09-17,7,google_flights,BOM,BLR,BOM-BLR,BOM,BLR,IndiGo,IndiGo,,12:30,2:25,115,1 hr 55 min,Economy,7272.0,,,True,Non-stop,250cb8105fc9
SCR_GF_1789055816_050,2026-09-10 21:26:52,2026-09-17,7,google_flights,BOM,BLR,BOM-BLR,BOM,BLR,Air India,Air India,,6:35,8:35,120,2 hr,Economy,7353.0,,,True,Non-stop,cf1f0ab905de
SCR_GF_1789055816_051,2026-09-10 21:26:52,2026-09-17,7,google_flights,BOM,BLR,BOM-BLR,BOM,BLR,Air India,Air India,,10:00,12:05,125,2 hr 5 min,Economy,7353.0,,,True,Non-stop,20468b4c4e17
SCR_GF_1789055816_052,2026-09-10 21:26:52,2026-09-17,7,google_flights,BOM,BLR,BOM-BLR,BOM,BLR,Air India,Air India,,7:45,9:50,125,2 hr 5 min,Economy,7432.0,,,True,Non-stop,af7f073526b5
SCR_GF_1789055816_053,2026-09-10 21:26:52,2026-09-17,7,google_flights,BOM,BLR,BOM-BLR,BOM,BLR,Air India,Air India,,6:30,8:35,125,2 hr 5 min,Economy,7468.0,,,True,Non-stop,3375ba7e62c4
SCR_GF_1789055816_054,2026-09-10 21:26:52,2026-09-17,7,google_flights,BOM,BLR,BOM-BLR,BOM,BLR,Akasa Air,Akasa Air,,5:30,7:25,115,1 hr 55 min,Economy,7549.0,,,True,Non-stop,02d35238310f
SCR_GF_1789055816_055,2026-09-10 21:26:52,2026-09-17,7,google_flights,BOM,BLR,BOM-BLR,BOM,BLR,IndiGo,IndiGo,,8:05,9:55,110,1 hr 50 min,Economy,7587.0,,,True,Non-stop,ec2eb52041fb
SCR_GF_1789055816_056,2026-09-10 21:26:52,2026-09-17,7,google_flights,BOM,BLR,BOM-BLR,BOM,BLR,IndiGo,IndiGo,,9:30,11:25,115,1 hr 55 min,Economy,7587.0,,,True,Non-stop,3e9104b06ecb
SCR_GF_1789055816_057,2026-09-10 21:26:52,2026-09-17,7,google_flights,BOM,BLR,BOM-BLR,BOM,BLR,Air India,Air India,,5:30,7:35,125,2 hr 5 min,Economy,7678.0,,,True,Non-stop,eb556e23be12
SCR_GF_1789055816_058,2026-09-10 21:26:52,2026-09-17,7,google_flights,BOM,BLR,BOM-BLR,BOM,BLR,Akasa Air,Akasa Air,,9:45,11:45,120,2 hr,Economy,7845.0,,,True,Non-stop,5b6c59a30c82
SCR_GF_1789055816_059,2026-09-10 21:26:52,2026-09-17,7,google_flights,BOM,BLR,BOM-BLR,BOM,BLR,Air India,Air India,,8:45,10:45,120,2 hr,Economy,8072.0,,,True,Non-stop,ea306f47a19a
SCR_GF_1789055816_060,2026-09-10 21:26:52,2026-09-17,7,google_flights,BOM,BLR,BOM-BLR,BOM,BLR,Air India,Air India,,7:55,10:05,130,2 hr 10 min,Economy,8135.0,,,True,Non-stop,b17f91084803
SCR_GF_1789055816_061,2026-09-10 21:26:52,2026-09-17,7,google_flights,BOM,BLR,BOM-BLR,BOM,BLR,IndiGo,IndiGo,,7:55,9:45,110,1 hr 50 min,Economy,8427.0,,,True,Non-stop,bf71b967d523
SCR_GF_1789055816_062,2026-09-10 21:26:52,2026-09-17,7,google_flights,BOM,BLR,BOM-BLR,BOM,BLR,Akasa Air,Akasa Air,,6:25,8:20,115,1 hr 55 min,Economy,8819.0,,,True,Non-stop,45167603ee14
SCR_GF_1789055816_063,2026-09-10 21:26:52,2026-09-17,7,google_flights,BOM,BLR,BOM-BLR,BOM,BLR,Akasa Air,Akasa Air,,7:35,9:35,120,2 hr,Economy,9175.0,,,True,Non-stop,4f7b07db5830
SCR_GF_1789055816_064,2026-09-10 21:26:52,2026-09-17,7,google_flights,BOM,BLR,BOM-BLR,BOM,BLR,Akasa Air,Akasa Air,,7:40,9:45,125,2 hr 5 min,Economy,9934.0,,,True,Non-stop,03e5adba2610
SCR_GF_1789055819_001,2026-09-10 21:26:56,2026-10-10,30,google_flights,BOM,BLR,BOM-BLR,BOM,BLR,IndiGo,IndiGo,,4:30 AM,6:25 AM,115,1 hr 55 min,Economy,4945.0,,,True,Non-stop,856a920bda5b
SCR_GF_1789055819_002,2026-09-10 21:26:56,2026-10-10,30,google_flights,BOM,BLR,BOM-BLR,BOM,BLR,Air India,Air India,,2:05 AM,4:10 AM,125,2 hr 5 min,Economy,4948.0,,,True,Non-stop,c158c35a3ed7
SCR_GF_1789055819_003,2026-09-10 21:26:56,2026-10-10,30,google_flights,BOM,BLR,BOM-BLR,BOM,BLR,Akasa Air,Akasa Air,,8:05 PM,9:45 PM,100,1 hr 40 min,Economy,5400.0,,,True,Non-stop,069bef802af2
SCR_GF_1789055819_005,2026-09-10 21:26:56,2026-10-10,30,google_flights,BOM,BLR,BOM-BLR,BOM,BLR,IndiGo,IndiGo,,1:10 AM,3:05 AM,115,1 hr 55 min,Economy,4945.0,,,True,Non-stop,ded4dcced23b
SCR_GF_1789055819_006,2026-09-10 21:26:56,2026-10-10,30,google_flights,BOM,BLR,BOM-BLR,BOM,BLR,Air India,Air India,,11:30 PM,1:35 AM,125,2 hr 5 min,Economy,4948.0,,,True,Non-stop,0f0735f91530
SCR_GF_1789055819_007,2026-09-10 21:26:56,2026-10-10,30,google_flights,BOM,BLR,BOM-BLR,BOM,BLR,Akasa Air,Akasa Air,,12:40 AM,2:35 AM,115,1 hr 55 min,Economy,5400.0,,,True,Non-stop,4f10e50fc56b
SCR_GF_1789055819_008,2026-09-10 21:26:56,2026-10-10,30,google_flights,BOM,BLR,BOM-BLR,BOM,BLR,Akasa Air,Akasa Air,,9:45 PM,11:35 PM,110,1 hr 50 min,Economy,5400.0,,,True,Non-stop,b36466253aa0
SCR_GF_1789055819_009,2026-09-10 21:26:56,2026-10-10,30,google_flights,BOM,BLR,BOM-BLR,BOM,BLR,IndiGo,IndiGo,,6:15 AM,8:00 AM,105,1 hr 45 min,Economy,6957.0,,,True,Non-stop,1278b2d4c14f
SCR_GF_1789055819_010,2026-09-10 21:26:56,2026-10-10,30,google_flights,BOM,BLR,BOM-BLR,BOM,BLR,IndiGo,IndiGo,,9:30 PM,11:25 PM,115,1 hr 55 min,Economy,6957.0,,,True,Non-stop,1a590de5951f
SCR_GF_1789055819_011,2026-09-10 21:26:56,2026-10-10,30,google_flights,BOM,BLR,BOM-BLR,BOM,BLR,IndiGo,IndiGo,,10:20 PM,12:20 AM,120,2 hr,Economy,6957.0,,,True,Non-stop,daee4b88e872
SCR_GF_1789055819_012,2026-09-10 21:26:56,2026-10-10,30,google_flights,BOM,BLR,BOM-BLR,BOM,BLR,Air India,Air India,,6:35 AM,8:35 AM,120,2 hr,Economy,7117.0,,,True,Non-stop,8dfe297895c6
SCR_GF_1789055819_013,2026-09-10 21:26:56,2026-10-10,30,google_flights,BOM,BLR,BOM-BLR,BOM,BLR,Air India,Air India,,7:45 PM,9:50 PM,125,2 hr 5 min,Economy,7117.0,,,True,Non-stop,1eb90922a000
SCR_GF_1789055819_014,2026-09-10 21:26:56,2026-10-10,30,google_flights,BOM,BLR,BOM-BLR,BOM,BLR,Air India,Air India,,8:45 PM,10:45 PM,120,2 hr,Economy,7117.0,,,True,Non-stop,78e1684c719f
SCR_GF_1789055819_015,2026-09-10 21:26:56,2026-10-10,30,google_flights,BOM,BLR,BOM-BLR,BOM,BLR,IndiGo,IndiGo,,7:45 AM,9:45 AM,120,2 hr,Economy,7272.0,,,True,Non-stop,f5fdc84b2fc8
SCR_GF_1789055819_016,2026-09-10 21:26:56,2026-10-10,30,google_flights,BOM,BLR,BOM-BLR,BOM,BLR,IndiGo,IndiGo,,7:50 PM,9:45 PM,115,1 hr 55 min,Economy,7272.0,,,True,Non-stop,55dedc8f2620
SCR_GF_1789055819_017,2026-09-10 21:26:56,2026-10-10,30,google_flights,BOM,BLR,BOM-BLR,BOM,BLR,IndiGo,IndiGo,,11:00 AM,12:55 PM,115,1 hr 55 min,Economy,7587.0,,,True,Non-stop,3012a66ed2ce
SCR_GF_1789055819_018,2026-09-10 21:26:56,2026-10-10,30,google_flights,BOM,BLR,BOM-BLR,BOM,BLR,IndiGo,IndiGo,,12:30 PM,2:25 PM,115,1 hr 55 min,Economy,7587.0,,,True,Non-stop,0b40daa78e28
SCR_GF_1789055819_019,2026-09-10 21:26:56,2026-10-10,30,google_flights,BOM,BLR,BOM-BLR,BOM,BLR,IndiGo,IndiGo,,2:30 PM,4:25 PM,115,1 hr 55 min,Economy,7587.0,,,True,Non-stop,8efc237feddd
SCR_GF_1789055819_020,2026-09-10 21:26:56,2026-10-10,30,google_flights,BOM,BLR,BOM-BLR,BOM,BLR,IndiGo,IndiGo,,3:35 PM,5:25 PM,110,1 hr 50 min,Economy,7587.0,,,True,Non-stop,fff2ac21da60
SCR_GF_1789055819_021,2026-09-10 21:26:56,2026-10-10,30,google_flights,BOM,BLR,BOM-BLR,BOM,BLR,IndiGo,IndiGo,,5:00 PM,6:55 PM,115,1 hr 55 min,Economy,7587.0,,,True,Non-stop,b2424aa29471
SCR_GF_1789055820_022,2026-09-10 21:26:56,2026-10-10,30,google_flights,BOM,BLR,BOM-BLR,BOM,BLR,IndiGo,IndiGo,,6:30,8:15,105,1 hr 45 min,Economy,7587.0,,,True,Non-stop,7c8800a306e0
SCR_GF_1789055820_023,2026-09-10 21:26:56,2026-10-10,30,google_flights,BOM,BLR,BOM-BLR,BOM,BLR,Air India,Air India,,7:55,10:05,130,2 hr 10 min,Economy,7804.0,,,True,Non-stop,17e721a8ec48
SCR_GF_1789055820_024,2026-09-10 21:26:56,2026-10-10,30,google_flights,BOM,BLR,BOM-BLR,BOM,BLR,Air India,Air India,,12:00,2:05,125,2 hr 5 min,Economy,7878.0,,,True,Non-stop,639b4efb39ac
SCR_GF_1789055820_025,2026-09-10 21:26:56,2026-10-10,30,google_flights,BOM,BLR,BOM-BLR,BOM,BLR,Air India,Air India,,3:25,5:35,130,2 hr 10 min,Economy,7878.0,,,True,Non-stop,4ff0035eaf92
SCR_GF_1789055820_026,2026-09-10 21:26:56,2026-10-10,30,google_flights,BOM,BLR,BOM-BLR,BOM,BLR,IndiGo,IndiGo,,9:50,11:55,125,2 hr 5 min,Economy,8007.0,,,True,Non-stop,70da362361bd
SCR_GF_1789055820_027,2026-09-10 21:26:56,2026-10-10,30,google_flights,BOM,BLR,BOM-BLR,BOM,BLR,Air India,Air India,,5:30,7:35,125,2 hr 5 min,Economy,8009.0,,,True,Non-stop,bca248d521de
SCR_GF_1789055820_028,2026-09-10 21:26:56,2026-10-10,30,google_flights,BOM,BLR,BOM-BLR,BOM,BLR,Air India,Air India,,6:30,8:35,125,2 hr 5 min,Economy,8009.0,,,True,Non-stop,00bfa090af6b
SCR_GF_1789055820_029,2026-09-10 21:26:56,2026-10-10,30,google_flights,BOM,BLR,BOM-BLR,BOM,BLR,Air India,Air India,,10:00,12:05,125,2 hr 5 min,Economy,8445.0,,,True,Non-stop,3d727c6d3283
SCR_GF_1789055820_030,2026-09-10 21:26:56,2026-10-10,30,google_flights,BOM,BLR,BOM-BLR,BOM,BLR,IndiGo,IndiGo,,4:30,6:25,115,1 hr 55 min,Economy,4945.0,,,True,Non-stop,a70ebab8e05a
SCR_GF_1789055820_031,2026-09-10 21:26:56,2026-10-10,30,google_flights,BOM,BLR,BOM-BLR,BOM,BLR,Air India,Air India,,2:05,4:10,125,2 hr 5 min,Economy,4948.0,,,True,Non-stop,dcb02de517b6
SCR_GF_1789055820_032,2026-09-10 21:26:56,2026-10-10,30,google_flights,BOM,BLR,BOM-BLR,BOM,BLR,Akasa Air,Akasa Air,,8:05,9:45,100,1 hr 40 min,Economy,5400.0,,,True,Non-stop,68760dd2d383
SCR_GF_1789055820_034,2026-09-10 21:26:56,2026-10-10,30,google_flights,BOM,BLR,BOM-BLR,BOM,BLR,IndiGo,IndiGo,,1:10,3:05,115,1 hr 55 min,Economy,4945.0,,,True,Non-stop,eb5b896ed86d
SCR_GF_1789055820_035,2026-09-10 21:26:56,2026-10-10,30,google_flights,BOM,BLR,BOM-BLR,BOM,BLR,Air India,Air India,,11:30,1:35 AM,125,2 hr 5 min,Economy,4948.0,,,True,Non-stop,96dfb2ba81e1
SCR_GF_1789055820_036,2026-09-10 21:26:56,2026-10-10,30,google_flights,BOM,BLR,BOM-BLR,BOM,BLR,Akasa Air,Akasa Air,,12:40,2:35,115,1 hr 55 min,Economy,5400.0,,,True,Non-stop,7ffcee6b6d0e
SCR_GF_1789055820_037,2026-09-10 21:26:56,2026-10-10,30,google_flights,BOM,BLR,BOM-BLR,BOM,BLR,Akasa Air,Akasa Air,,9:45,11:35,110,1 hr 50 min,Economy,5400.0,,,True,Non-stop,dc622284b3a6
SCR_GF_1789055820_038,2026-09-10 21:26:56,2026-10-10,30,google_flights,BOM,BLR,BOM-BLR,BOM,BLR,IndiGo,IndiGo,,6:15,8:00,105,1 hr 45 min,Economy,6957.0,,,True,Non-stop,171a777c4777
SCR_GF_1789055820_039,2026-09-10 21:26:56,2026-10-10,30,google_flights,BOM,BLR,BOM-BLR,BOM,BLR,IndiGo,IndiGo,,9:30,11:25,115,1 hr 55 min,Economy,6957.0,,,True,Non-stop,454f19db53a9
SCR_GF_1789055820_040,2026-09-10 21:26:56,2026-10-10,30,google_flights,BOM,BLR,BOM-BLR,BOM,BLR,IndiGo,IndiGo,,10:20,12:20 AM,120,2 hr,Economy,6957.0,,,True,Non-stop,dfa0600d5050
SCR_GF_1789055820_041,2026-09-10 21:26:56,2026-10-10,30,google_flights,BOM,BLR,BOM-BLR,BOM,BLR,Air India,Air India,,6:35,8:35,120,2 hr,Economy,7117.0,,,True,Non-stop,7bfb41590766
SCR_GF_1789055820_042,2026-09-10 21:26:56,2026-10-10,30,google_flights,BOM,BLR,BOM-BLR,BOM,BLR,Air India,Air India,,7:45,9:50,125,2 hr 5 min,Economy,7117.0,,,True,Non-stop,1df3762c2059
SCR_GF_1789055820_043,2026-09-10 21:26:56,2026-10-10,30,google_flights,BOM,BLR,BOM-BLR,BOM,BLR,Air India,Air India,,8:45,10:45,120,2 hr,Economy,7117.0,,,True,Non-stop,26eea0b48175
SCR_GF_1789055820_044,2026-09-10 21:26:56,2026-10-10,30,google_flights,BOM,BLR,BOM-BLR,BOM,BLR,IndiGo,IndiGo,,7:45,9:45,120,2 hr,Economy,7272.0,,,True,Non-stop,b0c50a40bf27
SCR_GF_1789055820_045,2026-09-10 21:26:56,2026-10-10,30,google_flights,BOM,BLR,BOM-BLR,BOM,BLR,IndiGo,IndiGo,,7:50,9:45,115,1 hr 55 min,Economy,7272.0,,,True,Non-stop,ee7f61410350
SCR_GF_1789055820_046,2026-09-10 21:26:56,2026-10-10,30,google_flights,BOM,BLR,BOM-BLR,BOM,BLR,IndiGo,IndiGo,,11:00,12:55,115,1 hr 55 min,Economy,7587.0,,,True,Non-stop,3634fe60b8d8
SCR_GF_1789055820_047,2026-09-10 21:26:56,2026-10-10,30,google_flights,BOM,BLR,BOM-BLR,BOM,BLR,IndiGo,IndiGo,,12:30,2:25,115,1 hr 55 min,Economy,7587.0,,,True,Non-stop,75d72e0a23aa
SCR_GF_1789055820_048,2026-09-10 21:26:56,2026-10-10,30,google_flights,BOM,BLR,BOM-BLR,BOM,BLR,IndiGo,IndiGo,,2:30,4:25,115,1 hr 55 min,Economy,7587.0,,,True,Non-stop,2d770adf7ba8
SCR_GF_1789055820_049,2026-09-10 21:26:56,2026-10-10,30,google_flights,BOM,BLR,BOM-BLR,BOM,BLR,IndiGo,IndiGo,,3:35,5:25,110,1 hr 50 min,Economy,7587.0,,,True,Non-stop,ed815ac6f165
SCR_GF_1789055820_050,2026-09-10 21:26:56,2026-10-10,30,google_flights,BOM,BLR,BOM-BLR,BOM,BLR,IndiGo,IndiGo,,5:00,6:55,115,1 hr 55 min,Economy,7587.0,,,True,Non-stop,d04d26fff308
SCR_GF_1789055820_051,2026-09-10 21:26:56,2026-10-10,30,google_flights,BOM,BLR,BOM-BLR,BOM,BLR,IndiGo,IndiGo,,6:30,8:15,105,1 hr 45 min,Economy,7587.0,,,True,Non-stop,7c8800a306e0
SCR_GF_1789055820_052,2026-09-10 21:26:56,2026-10-10,30,google_flights,BOM,BLR,BOM-BLR,BOM,BLR,Air India,Air India,,7:55,10:05,130,2 hr 10 min,Economy,7804.0,,,True,Non-stop,17e721a8ec48
SCR_GF_1789055820_053,2026-09-10 21:26:56,2026-10-10,30,google_flights,BOM,BLR,BOM-BLR,BOM,BLR,Air India,Air India,,12:00,2:05,125,2 hr 5 min,Economy,7878.0,,,True,Non-stop,639b4efb39ac
SCR_GF_1789055820_054,2026-09-10 21:26:56,2026-10-10,30,google_flights,BOM,BLR,BOM-BLR,BOM,BLR,Air India,Air India,,3:25,5:35,130,2 hr 10 min,Economy,7878.0,,,True,Non-stop,4ff0035eaf92
SCR_GF_1789055820_055,2026-09-10 21:26:56,2026-10-10,30,google_flights,BOM,BLR,BOM-BLR,BOM,BLR,IndiGo,IndiGo,,9:50,11:55,125,2 hr 5 min,Economy,8007.0,,,True,Non-stop,70da362361bd
SCR_GF_1789055820_056,2026-09-10 21:26:56,2026-10-10,30,google_flights,BOM,BLR,BOM-BLR,BOM,BLR,Air India,Air India,,5:30,7:35,125,2 hr 5 min,Economy,8009.0,,,True,Non-stop,bca248d521de
SCR_GF_1789055820_057,2026-09-10 21:26:56,2026-10-10,30,google_flights,BOM,BLR,BOM-BLR,BOM,BLR,Air India,Air India,,6:30,8:35,125,2 hr 5 min,Economy,8009.0,,,True,Non-stop,00bfa090af6b
SCR_GF_1789055820_058,2026-09-10 21:26:56,2026-10-10,30,google_flights,BOM,BLR,BOM-BLR,BOM,BLR,Air India,Air India,,10:00,12:05,125,2 hr 5 min,Economy,8445.0,,,True,Non-stop,3d727c6d3283
SCR_GF_1789055823_001,2026-09-10 21:27:00,2026-09-11,1,google_flights,DEL,CCU,DEL-CCU,DEL,CCU,IndiGo,IndiGo,,2:40 PM,7:20 PM,280,4 hr 40 min,Economy,7578.0,,,False,1 stop,2afd8f1cfd0c
SCR_GF_1789055823_002,2026-09-10 21:27:00,2026-09-11,1,google_flights,DEL,CCU,DEL-CCU,DEL,CCU,Air India,Air India,,2:30 AM,4:50 AM,140,2 hr 20 min,Economy,8724.0,,,True,Non-stop,17ca8705bc9c
SCR_GF_1789055823_003,2026-09-10 21:27:00,2026-09-11,1,google_flights,DEL,CCU,DEL-CCU,DEL,CCU,IndiGo,IndiGo,,11:30 PM,1:45 AM,135,2 hr 15 min,Economy,8817.0,,,True,Non-stop,dae13b87cfe4
SCR_GF_1789055823_004,2026-09-10 21:27:00,2026-09-11,1,google_flights,DEL,CCU,DEL-CCU,DEL,CCU,IndiGo,IndiGo,,12:00 PM,6:00 PM,360,6 hr,Economy,7920.0,,,False,1 stop,08f00b601ebc
SCR_GF_1789055823_005,2026-09-10 21:27:00,2026-09-11,1,google_flights,DEL,CCU,DEL-CCU,DEL,CCU,Air India,Air India,,6:40 AM,8:50 AM,130,2 hr 10 min,Economy,8976.0,,,True,Non-stop,3794589cbecb
SCR_GF_1789055823_006,2026-09-10 21:27:00,2026-09-11,1,google_flights,DEL,CCU,DEL-CCU,DEL,CCU,Air India,Air India,,4:15 PM,6:35 PM,140,2 hr 20 min,Economy,8976.0,,,True,Non-stop,26d964f0b299
SCR_GF_1789055823_007,2026-09-10 21:27:00,2026-09-11,1,google_flights,DEL,CCU,DEL-CCU,DEL,CCU,Air India,Air India,,6:00 PM,8:20 PM,140,2 hr 20 min,Economy,8976.0,,,True,Non-stop,d237bc0a64e3
SCR_GF_1789055823_008,2026-09-10 21:27:00,2026-09-11,1,google_flights,DEL,CCU,DEL-CCU,DEL,CCU,Air India,Air India,,1:00 PM,3:20 PM,140,2 hr 20 min,Economy,9129.0,,,True,Non-stop,02117b55de71
SCR_GF_1789055823_009,2026-09-10 21:27:00,2026-09-11,1,google_flights,DEL,CCU,DEL-CCU,DEL,CCU,Air India,Air India,,7:40 PM,9:50 PM,130,2 hr 10 min,Economy,9129.0,,,True,Non-stop,14a222401678
SCR_GF_1789055823_010,2026-09-10 21:27:00,2026-09-11,1,google_flights,DEL,CCU,DEL-CCU,DEL,CCU,IndiGo,IndiGo,,5:00 AM,7:15 AM,135,2 hr 15 min,Economy,9395.0,,,True,Non-stop,11890473b0a0
SCR_GF_1789055823_011,2026-09-10 21:27:00,2026-09-11,1,google_flights,DEL,CCU,DEL-CCU,DEL,CCU,IndiGo,IndiGo,,7:20 AM,9:40 AM,140,2 hr 20 min,Economy,9395.0,,,True,Non-stop,208a4a665590
SCR_GF_1789055823_012,2026-09-10 21:27:00,2026-09-11,1,google_flights,DEL,CCU,DEL-CCU,DEL,CCU,IndiGo,IndiGo,,12:45 PM,3:05 PM,140,2 hr 20 min,Economy,9395.0,,,True,Non-stop,587d7e56a660
SCR_GF_1789055823_013,2026-09-10 21:27:00,2026-09-11,1,google_flights,DEL,CCU,DEL-CCU,DEL,CCU,IndiGo,IndiGo,,2:25 PM,4:45 PM,140,2 hr 20 min,Economy,9395.0,,,True,Non-stop,1d947b9b7dbe
SCR_GF_1789055823_014,2026-09-10 21:27:00,2026-09-11,1,google_flights,DEL,CCU,DEL-CCU,DEL,CCU,IndiGo,IndiGo,,4:00 PM,6:15 PM,135,2 hr 15 min,Economy,9395.0,,,True,Non-stop,3ccf8c510d08
SCR_GF_1789055823_015,2026-09-10 21:27:00,2026-09-11,1,google_flights,DEL,CCU,DEL-CCU,DEL,CCU,Akasa Air,Akasa Air,,5:05 PM,7:25 PM,140,2 hr 20 min,Economy,9700.0,,,True,Non-stop,65f699e57270
SCR_GF_1789055823_016,2026-09-10 21:27:00,2026-09-11,1,google_flights,DEL,CCU,DEL-CCU,DEL,CCU,Air India,Air India,,9:55 AM,12:15 PM,140,2 hr 20 min,Economy,9722.0,,,True,Non-stop,b2421e7d80d6
SCR_GF_1789055823_017,2026-09-10 21:27:00,2026-09-11,1,google_flights,DEL,CCU,DEL-CCU,DEL,CCU,IndiGo,IndiGo,,5:55 PM,8:15 PM,140,2 hr 20 min,Economy,9867.0,,,True,Non-stop,2cf299ce824d
SCR_GF_1789055823_018,2026-09-10 21:27:00,2026-09-11,1,google_flights,DEL,CCU,DEL-CCU,DEL,CCU,IndiGo,IndiGo,,7:30 PM,9:45 PM,135,2 hr 15 min,Economy,9867.0,,,True,Non-stop,df2a34c6ef12
SCR_GF_1789055823_019,2026-09-10 21:27:00,2026-09-11,1,google_flights,DEL,CCU,DEL-CCU,DEL,CCU,IndiGo,IndiGo,,9:50 PM,12:05 AM,135,2 hr 15 min,Economy,9867.0,,,True,Non-stop,28971b630ac3
SCR_GF_1789055823_020,2026-09-10 21:27:00,2026-09-11,1,google_flights,DEL,CCU,DEL-CCU,DEL,CCU,Akasa Air,Akasa Air,,5:55 AM,8:15 AM,140,2 hr 20 min,Economy,9876.0,,,True,Non-stop,15f17c42ca24
SCR_GF_1789055823_021,2026-09-10 21:27:00,2026-09-11,1,google_flights,DEL,CCU,DEL-CCU,DEL,CCU,IndiGo,IndiGo,,8:30 AM,10:45 AM,135,2 hr 15 min,Economy,10392.0,,,True,Non-stop,fb9de199f54e
SCR_GF_1789055823_022,2026-09-10 21:27:00,2026-09-11,1,google_flights,DEL,CCU,DEL-CCU,DEL,CCU,IndiGo,IndiGo,,10:15 AM,12:30 PM,135,2 hr 15 min,Economy,10392.0,,,True,Non-stop,8c3d23942e93
SCR_GF_1789055823_023,2026-09-10 21:27:00,2026-09-11,1,google_flights,DEL,CCU,DEL-CCU,DEL,CCU,Air India,Air India,,9:00 PM,11:20 PM,140,2 hr 20 min,Economy,11428.0,,,True,Non-stop,07cc325f2431
SCR_GF_1789055823_024,2026-09-10 21:27:00,2026-09-11,1,google_flights,DEL,CCU,DEL-CCU,DEL,CCU,Air India,Air India,,7:30 AM,9:50 AM,140,2 hr 20 min,Economy,12431.0,,,True,Non-stop,2f00ced32792
SCR_GF_1789055823_025,2026-09-10 21:27:00,2026-09-11,1,google_flights,DEL,CCU,DEL-CCU,DEL,CCU,IndiGo,IndiGo,,2:40,7:20,280,4 hr 40 min,Economy,7578.0,,,False,1 stop,18ee1ed9ac9a
SCR_GF_1789055823_026,2026-09-10 21:27:00,2026-09-11,1,google_flights,DEL,CCU,DEL-CCU,DEL,CCU,Air India,Air India,,2:30,4:50,140,2 hr 20 min,Economy,8724.0,,,True,Non-stop,d21a4f312ac6
SCR_GF_1789055823_027,2026-09-10 21:27:00,2026-09-11,1,google_flights,DEL,CCU,DEL-CCU,DEL,CCU,IndiGo,IndiGo,,11:30,1:45 AM,135,2 hr 15 min,Economy,8817.0,,,True,Non-stop,1ca4017f87c9
SCR_GF_1789055823_028,2026-09-10 21:27:00,2026-09-11,1,google_flights,DEL,CCU,DEL-CCU,DEL,CCU,IndiGo,IndiGo,,12:00,6:00,360,6 hr,Economy,7920.0,,,False,1 stop,2c5d3130fe00
SCR_GF_1789055823_029,2026-09-10 21:27:00,2026-09-11,1,google_flights,DEL,CCU,DEL-CCU,DEL,CCU,Air India,Air India,,6:40,8:50,130,2 hr 10 min,Economy,8976.0,,,True,Non-stop,1a9834c4169f
SCR_GF_1789055823_030,2026-09-10 21:27:00,2026-09-11,1,google_flights,DEL,CCU,DEL-CCU,DEL,CCU,Air India,Air India,,4:15,6:35,140,2 hr 20 min,Economy,8976.0,,,True,Non-stop,d54139f5a74e
SCR_GF_1789055823_031,2026-09-10 21:27:00,2026-09-11,1,google_flights,DEL,CCU,DEL-CCU,DEL,CCU,Air India,Air India,,6:00,8:20,140,2 hr 20 min,Economy,8976.0,,,True,Non-stop,532da0698dcd
SCR_GF_1789055823_032,2026-09-10 21:27:00,2026-09-11,1,google_flights,DEL,CCU,DEL-CCU,DEL,CCU,Air India,Air India,,1:00,3:20,140,2 hr 20 min,Economy,9129.0,,,True,Non-stop,7c737fdf93e7
SCR_GF_1789055823_033,2026-09-10 21:27:00,2026-09-11,1,google_flights,DEL,CCU,DEL-CCU,DEL,CCU,Air India,Air India,,7:40,9:50,130,2 hr 10 min,Economy,9129.0,,,True,Non-stop,5f0240a1ce24
SCR_GF_1789055823_034,2026-09-10 21:27:00,2026-09-11,1,google_flights,DEL,CCU,DEL-CCU,DEL,CCU,IndiGo,IndiGo,,5:00,7:15,135,2 hr 15 min,Economy,9395.0,,,True,Non-stop,5c5d6b5d3f1a
SCR_GF_1789055823_035,2026-09-10 21:27:00,2026-09-11,1,google_flights,DEL,CCU,DEL-CCU,DEL,CCU,IndiGo,IndiGo,,7:20,9:40,140,2 hr 20 min,Economy,9395.0,,,True,Non-stop,6e28e7637d44
SCR_GF_1789055823_036,2026-09-10 21:27:00,2026-09-11,1,google_flights,DEL,CCU,DEL-CCU,DEL,CCU,IndiGo,IndiGo,,12:45,3:05,140,2 hr 20 min,Economy,9395.0,,,True,Non-stop,c61807435b45
SCR_GF_1789055823_037,2026-09-10 21:27:00,2026-09-11,1,google_flights,DEL,CCU,DEL-CCU,DEL,CCU,IndiGo,IndiGo,,2:25,4:45,140,2 hr 20 min,Economy,9395.0,,,True,Non-stop,65081e5ef7a5
SCR_GF_1789055823_038,2026-09-10 21:27:00,2026-09-11,1,google_flights,DEL,CCU,DEL-CCU,DEL,CCU,IndiGo,IndiGo,,4:00,6:15,135,2 hr 15 min,Economy,9395.0,,,True,Non-stop,a43a6e888519
SCR_GF_1789055823_039,2026-09-10 21:27:00,2026-09-11,1,google_flights,DEL,CCU,DEL-CCU,DEL,CCU,Akasa Air,Akasa Air,,5:05,7:25,140,2 hr 20 min,Economy,9700.0,,,True,Non-stop,bd01fb6e5221
SCR_GF_1789055823_040,2026-09-10 21:27:00,2026-09-11,1,google_flights,DEL,CCU,DEL-CCU,DEL,CCU,Air India,Air India,,9:55,12:15,140,2 hr 20 min,Economy,9722.0,,,True,Non-stop,53a60fe138a8
SCR_GF_1789055823_041,2026-09-10 21:27:00,2026-09-11,1,google_flights,DEL,CCU,DEL-CCU,DEL,CCU,IndiGo,IndiGo,,5:55,8:15,140,2 hr 20 min,Economy,9867.0,,,True,Non-stop,0a82cd8ecab3
SCR_GF_1789055823_042,2026-09-10 21:27:00,2026-09-11,1,google_flights,DEL,CCU,DEL-CCU,DEL,CCU,IndiGo,IndiGo,,7:30,9:45,135,2 hr 15 min,Economy,9867.0,,,True,Non-stop,505ba0fbe6d7
SCR_GF_1789055823_043,2026-09-10 21:27:00,2026-09-11,1,google_flights,DEL,CCU,DEL-CCU,DEL,CCU,IndiGo,IndiGo,,9:50,12:05 AM,135,2 hr 15 min,Economy,9867.0,,,True,Non-stop,ecb14f0e2b85
SCR_GF_1789055823_044,2026-09-10 21:27:00,2026-09-11,1,google_flights,DEL,CCU,DEL-CCU,DEL,CCU,Akasa Air,Akasa Air,,5:55,8:15,140,2 hr 20 min,Economy,9876.0,,,True,Non-stop,e7dc2a21903d
SCR_GF_1789055823_045,2026-09-10 21:27:00,2026-09-11,1,google_flights,DEL,CCU,DEL-CCU,DEL,CCU,IndiGo,IndiGo,,8:30,10:45,135,2 hr 15 min,Economy,10392.0,,,True,Non-stop,28125a90fe04
SCR_GF_1789055823_046,2026-09-10 21:27:00,2026-09-11,1,google_flights,DEL,CCU,DEL-CCU,DEL,CCU,IndiGo,IndiGo,,10:15,12:30,135,2 hr 15 min,Economy,10392.0,,,True,Non-stop,527c3362b5bf
SCR_GF_1789055823_047,2026-09-10 21:27:00,2026-09-11,1,google_flights,DEL,CCU,DEL-CCU,DEL,CCU,Air India,Air India,,9:00,11:20,140,2 hr 20 min,Economy,11428.0,,,True,Non-stop,64ea5c602207
SCR_GF_1789055823_048,2026-09-10 21:27:00,2026-09-11,1,google_flights,DEL,CCU,DEL-CCU,DEL,CCU,Air India,Air India,,7:30,9:50,140,2 hr 20 min,Economy,12431.0,,,True,Non-stop,3c6f293bb124
SCR_GF_1789055826_001,2026-09-10 21:27:03,2026-09-17,7,google_flights,DEL,CCU,DEL-CCU,DEL,CCU,IndiGo,IndiGo,,4:20 PM,9:05 PM,285,4 hr 45 min,Economy,7271.0,,,False,1 stop,7bc704e28e0c
SCR_GF_1789055826_002,2026-09-10 21:27:03,2026-09-17,7,google_flights,DEL,CCU,DEL-CCU,DEL,CCU,Akasa Air,Akasa Air,,5:55 AM,8:15 AM,140,2 hr 20 min,Economy,8259.0,,,True,Non-stop,ea751a47b195
SCR_GF_1789055826_003,2026-09-10 21:27:03,2026-09-17,7,google_flights,DEL,CCU,DEL-CCU,DEL,CCU,Akasa Air,Akasa Air,,5:05,7:25,140,2 hr 20 min,Economy,8259.0,,,True,Non-stop,f544abdb5cdc
SCR_GF_1789055826_004,2026-09-10 21:27:03,2026-09-17,7,google_flights,DEL,CCU,DEL-CCU,DEL,CCU,Air India,Air India,,2:30,4:50,140,2 hr 20 min,Economy,8724.0,,,True,Non-stop,3fee9ad64583
SCR_GF_1789055826_005,2026-09-10 21:27:03,2026-09-17,7,google_flights,DEL,CCU,DEL-CCU,DEL,CCU,IndiGo,IndiGo,,4:00,6:15,135,2 hr 15 min,Economy,8817.0,,,True,Non-stop,44acc23fb33f
SCR_GF_1789055826_006,2026-09-10 21:27:03,2026-09-17,7,google_flights,DEL,CCU,DEL-CCU,DEL,CCU,IndiGo,IndiGo,,6:20,1:45,445,7 hr 25 min,Economy,7271.0,,,False,1 stop,84cd94afc736
SCR_GF_1789055826_007,2026-09-10 21:27:03,2026-09-17,7,google_flights,DEL,CCU,DEL-CCU,DEL,CCU,IndiGo,IndiGo,,4:40,10:05,325,5 hr 25 min,Economy,7271.0,,,False,1 stop,60333164f14f
SCR_GF_1789055826_008,2026-09-10 21:27:03,2026-09-17,7,google_flights,DEL,CCU,DEL-CCU,DEL,CCU,IndiGo,IndiGo,,7:40,12:05,265,4 hr 25 min,Economy,7481.0,,,False,1 stop,6d493b8b3852
SCR_GF_1789055826_009,2026-09-10 21:27:03,2026-09-17,7,google_flights,DEL,CCU,DEL-CCU,DEL,CCU,IndiGo,IndiGo,,10:50,3:25,275,4 hr 35 min,Economy,7586.0,,,False,1 stop,8ec56b35823b
SCR_GF_1789055826_010,2026-09-10 21:27:03,2026-09-17,7,google_flights,DEL,CCU,DEL-CCU,DEL,CCU,IndiGo,IndiGo,,2:40,7:20,280,4 hr 40 min,Economy,7586.0,,,False,1 stop,0e2580e68f59
SCR_GF_1789055826_011,2026-09-10 21:27:03,2026-09-17,7,google_flights,DEL,CCU,DEL-CCU,DEL,CCU,IndiGo,IndiGo,,5:00,7:15,135,2 hr 15 min,Economy,8817.0,,,True,Non-stop,37f4e459c57a
SCR_GF_1789055826_012,2026-09-10 21:27:03,2026-09-17,7,google_flights,DEL,CCU,DEL-CCU,DEL,CCU,IndiGo,IndiGo,,7:20,9:40,140,2 hr 20 min,Economy,8817.0,,,True,Non-stop,75e232fd7bb0
SCR_GF_1789055826_013,2026-09-10 21:27:03,2026-09-17,7,google_flights,DEL,CCU,DEL-CCU,DEL,CCU,IndiGo,IndiGo,,12:45,3:05,140,2 hr 20 min,Economy,8817.0,,,True,Non-stop,8812b8768f24
SCR_GF_1789055826_014,2026-09-10 21:27:03,2026-09-17,7,google_flights,DEL,CCU,DEL-CCU,DEL,CCU,IndiGo,IndiGo,,2:25,4:45,140,2 hr 20 min,Economy,8817.0,,,True,Non-stop,b98509f2a192
SCR_GF_1789055826_015,2026-09-10 21:27:03,2026-09-17,7,google_flights,DEL,CCU,DEL-CCU,DEL,CCU,IndiGo,IndiGo,,5:55,8:15,140,2 hr 20 min,Economy,8817.0,,,True,Non-stop,453a2d2b8064
SCR_GF_1789055826_016,2026-09-10 21:27:03,2026-09-17,7,google_flights,DEL,CCU,DEL-CCU,DEL,CCU,IndiGo,IndiGo,,9:50,12:05 AM,135,2 hr 15 min,Economy,8817.0,,,True,Non-stop,86e82774df8b
SCR_GF_1789055826_017,2026-09-10 21:27:03,2026-09-17,7,google_flights,DEL,CCU,DEL-CCU,DEL,CCU,IndiGo,IndiGo,,11:30,1:45 AM,135,2 hr 15 min,Economy,8817.0,,,True,Non-stop,5564d256d865
SCR_GF_1789055826_018,2026-09-10 21:27:03,2026-09-17,7,google_flights,DEL,CCU,DEL-CCU,DEL,CCU,Air India,Air India,,6:40,8:50,130,2 hr 10 min,Economy,8976.0,,,True,Non-stop,ace889efc28d
SCR_GF_1789055827_019,2026-09-10 21:27:03,2026-09-17,7,google_flights,DEL,CCU,DEL-CCU,DEL,CCU,Air India,Air India,,4:15,6:35,140,2 hr 20 min,Economy,8976.0,,,True,Non-stop,d826bd0e8a61
SCR_GF_1789055827_020,2026-09-10 21:27:03,2026-09-17,7,google_flights,DEL,CCU,DEL-CCU,DEL,CCU,Air India,Air India,,6:00,8:20,140,2 hr 20 min,Economy,8976.0,,,True,Non-stop,231aa533f51a
SCR_GF_1789055827_021,2026-09-10 21:27:03,2026-09-17,7,google_flights,DEL,CCU,DEL-CCU,DEL,CCU,Air India,Air India,,9:00,11:20,140,2 hr 20 min,Economy,8976.0,,,True,Non-stop,e9314daacf66
SCR_GF_1789055827_022,2026-09-10 21:27:03,2026-09-17,7,google_flights,DEL,CCU,DEL-CCU,DEL,CCU,Air India,Air India,,7:30,9:50,140,2 hr 20 min,Economy,9129.0,,,True,Non-stop,fff8397bd4cc
SCR_GF_1789055827_023,2026-09-10 21:27:03,2026-09-17,7,google_flights,DEL,CCU,DEL-CCU,DEL,CCU,Air India,Air India,,1:00,3:20,140,2 hr 20 min,Economy,9129.0,,,True,Non-stop,5e809cabe6f2
SCR_GF_1789055827_024,2026-09-10 21:27:03,2026-09-17,7,google_flights,DEL,CCU,DEL-CCU,DEL,CCU,IndiGo,IndiGo,,8:30,10:45,135,2 hr 15 min,Economy,9395.0,,,True,Non-stop,4ae15e3bfd02
SCR_GF_1789055827_025,2026-09-10 21:27:03,2026-09-17,7,google_flights,DEL,CCU,DEL-CCU,DEL,CCU,Air India,Air India,,7:40,9:50,130,2 hr 10 min,Economy,9402.0,,,True,Non-stop,106629e94c49
SCR_GF_1789055827_026,2026-09-10 21:27:03,2026-09-17,7,google_flights,DEL,CCU,DEL-CCU,DEL,CCU,IndiGo,IndiGo,,10:15,12:30,135,2 hr 15 min,Economy,9867.0,,,True,Non-stop,d9a7dc798820
SCR_GF_1789055827_027,2026-09-10 21:27:03,2026-09-17,7,google_flights,DEL,CCU,DEL-CCU,DEL,CCU,IndiGo,IndiGo,,7:30,9:45,135,2 hr 15 min,Economy,10392.0,,,True,Non-stop,96018a9e8925
SCR_GF_1789055827_028,2026-09-10 21:27:03,2026-09-17,7,google_flights,DEL,CCU,DEL-CCU,DEL,CCU,Air India,Air India,,9:55,12:15,140,2 hr 20 min,Economy,10887.0,,,True,Non-stop,27f0292c3b36
SCR_GF_1789055827_029,2026-09-10 21:27:03,2026-09-17,7,google_flights,DEL,CCU,DEL-CCU,DEL,CCU,IndiGo,IndiGo,,4:20,9:05,285,4 hr 45 min,Economy,7271.0,,,False,1 stop,9544aee68089
SCR_GF_1789055827_030,2026-09-10 21:27:03,2026-09-17,7,google_flights,DEL,CCU,DEL-CCU,DEL,CCU,Akasa Air,Akasa Air,,5:55,8:15,140,2 hr 20 min,Economy,8259.0,,,True,Non-stop,207d927d20cb
SCR_GF_1789055827_031,2026-09-10 21:27:03,2026-09-17,7,google_flights,DEL,CCU,DEL-CCU,DEL,CCU,Akasa Air,Akasa Air,,5:05,7:25,140,2 hr 20 min,Economy,8259.0,,,True,Non-stop,f544abdb5cdc
SCR_GF_1789055827_032,2026-09-10 21:27:03,2026-09-17,7,google_flights,DEL,CCU,DEL-CCU,DEL,CCU,Air India,Air India,,2:30,4:50,140,2 hr 20 min,Economy,8724.0,,,True,Non-stop,3fee9ad64583
SCR_GF_1789055827_033,2026-09-10 21:27:03,2026-09-17,7,google_flights,DEL,CCU,DEL-CCU,DEL,CCU,IndiGo,IndiGo,,4:00,6:15,135,2 hr 15 min,Economy,8817.0,,,True,Non-stop,44acc23fb33f
SCR_GF_1789055827_034,2026-09-10 21:27:03,2026-09-17,7,google_flights,DEL,CCU,DEL-CCU,DEL,CCU,IndiGo,IndiGo,,6:20,1:45,445,7 hr 25 min,Economy,7271.0,,,False,1 stop,84cd94afc736
SCR_GF_1789055827_035,2026-09-10 21:27:03,2026-09-17,7,google_flights,DEL,CCU,DEL-CCU,DEL,CCU,IndiGo,IndiGo,,4:40,10:05,325,5 hr 25 min,Economy,7271.0,,,False,1 stop,60333164f14f
SCR_GF_1789055827_036,2026-09-10 21:27:03,2026-09-17,7,google_flights,DEL,CCU,DEL-CCU,DEL,CCU,IndiGo,IndiGo,,7:40,12:05,265,4 hr 25 min,Economy,7481.0,,,False,1 stop,6d493b8b3852
SCR_GF_1789055827_037,2026-09-10 21:27:03,2026-09-17,7,google_flights,DEL,CCU,DEL-CCU,DEL,CCU,IndiGo,IndiGo,,10:50,3:25,275,4 hr 35 min,Economy,7586.0,,,False,1 stop,8ec56b35823b
SCR_GF_1789055827_038,2026-09-10 21:27:03,2026-09-17,7,google_flights,DEL,CCU,DEL-CCU,DEL,CCU,IndiGo,IndiGo,,2:40,7:20,280,4 hr 40 min,Economy,7586.0,,,False,1 stop,0e2580e68f59
SCR_GF_1789055827_039,2026-09-10 21:27:03,2026-09-17,7,google_flights,DEL,CCU,DEL-CCU,DEL,CCU,IndiGo,IndiGo,,5:00,7:15,135,2 hr 15 min,Economy,8817.0,,,True,Non-stop,37f4e459c57a
SCR_GF_1789055827_040,2026-09-10 21:27:03,2026-09-17,7,google_flights,DEL,CCU,DEL-CCU,DEL,CCU,IndiGo,IndiGo,,7:20,9:40,140,2 hr 20 min,Economy,8817.0,,,True,Non-stop,75e232fd7bb0
SCR_GF_1789055827_041,2026-09-10 21:27:03,2026-09-17,7,google_flights,DEL,CCU,DEL-CCU,DEL,CCU,IndiGo,IndiGo,,12:45,3:05,140,2 hr 20 min,Economy,8817.0,,,True,Non-stop,8812b8768f24
SCR_GF_1789055827_042,2026-09-10 21:27:03,2026-09-17,7,google_flights,DEL,CCU,DEL-CCU,DEL,CCU,IndiGo,IndiGo,,2:25,4:45,140,2 hr 20 min,Economy,8817.0,,,True,Non-stop,b98509f2a192
SCR_GF_1789055827_043,2026-09-10 21:27:03,2026-09-17,7,google_flights,DEL,CCU,DEL-CCU,DEL,CCU,IndiGo,IndiGo,,5:55,8:15,140,2 hr 20 min,Economy,8817.0,,,True,Non-stop,453a2d2b8064
SCR_GF_1789055827_044,2026-09-10 21:27:03,2026-09-17,7,google_flights,DEL,CCU,DEL-CCU,DEL,CCU,IndiGo,IndiGo,,9:50,12:05 AM,135,2 hr 15 min,Economy,8817.0,,,True,Non-stop,86e82774df8b
SCR_GF_1789055827_045,2026-09-10 21:27:03,2026-09-17,7,google_flights,DEL,CCU,DEL-CCU,DEL,CCU,IndiGo,IndiGo,,11:30,1:45 AM,135,2 hr 15 min,Economy,8817.0,,,True,Non-stop,5564d256d865
SCR_GF_1789055827_046,2026-09-10 21:27:03,2026-09-17,7,google_flights,DEL,CCU,DEL-CCU,DEL,CCU,Air India,Air India,,6:40,8:50,130,2 hr 10 min,Economy,8976.0,,,True,Non-stop,ace889efc28d
SCR_GF_1789055827_047,2026-09-10 21:27:03,2026-09-17,7,google_flights,DEL,CCU,DEL-CCU,DEL,CCU,Air India,Air India,,4:15,6:35,140,2 hr 20 min,Economy,8976.0,,,True,Non-stop,d826bd0e8a61
SCR_GF_1789055827_048,2026-09-10 21:27:03,2026-09-17,7,google_flights,DEL,CCU,DEL-CCU,DEL,CCU,Air India,Air India,,6:00,8:20,140,2 hr 20 min,Economy,8976.0,,,True,Non-stop,231aa533f51a
SCR_GF_1789055827_049,2026-09-10 21:27:03,2026-09-17,7,google_flights,DEL,CCU,DEL-CCU,DEL,CCU,Air India,Air India,,9:00,11:20,140,2 hr 20 min,Economy,8976.0,,,True,Non-stop,e9314daacf66
SCR_GF_1789055827_050,2026-09-10 21:27:03,2026-09-17,7,google_flights,DEL,CCU,DEL-CCU,DEL,CCU,Air India,Air India,,7:30,9:50,140,2 hr 20 min,Economy,9129.0,,,True,Non-stop,fff8397bd4cc
SCR_GF_1789055827_051,2026-09-10 21:27:03,2026-09-17,7,google_flights,DEL,CCU,DEL-CCU,DEL,CCU,Air India,Air India,,1:00,3:20,140,2 hr 20 min,Economy,9129.0,,,True,Non-stop,5e809cabe6f2
SCR_GF_1789055827_052,2026-09-10 21:27:03,2026-09-17,7,google_flights,DEL,CCU,DEL-CCU,DEL,CCU,IndiGo,IndiGo,,8:30,10:45,135,2 hr 15 min,Economy,9395.0,,,True,Non-stop,4ae15e3bfd02
SCR_GF_1789055827_053,2026-09-10 21:27:03,2026-09-17,7,google_flights,DEL,CCU,DEL-CCU,DEL,CCU,Air India,Air India,,7:40,9:50,130,2 hr 10 min,Economy,9402.0,,,True,Non-stop,106629e94c49
SCR_GF_1789055827_054,2026-09-10 21:27:03,2026-09-17,7,google_flights,DEL,CCU,DEL-CCU,DEL,CCU,IndiGo,IndiGo,,10:15,12:30,135,2 hr 15 min,Economy,9867.0,,,True,Non-stop,d9a7dc798820
SCR_GF_1789055827_055,2026-09-10 21:27:03,2026-09-17,7,google_flights,DEL,CCU,DEL-CCU,DEL,CCU,IndiGo,IndiGo,,7:30,9:45,135,2 hr 15 min,Economy,10392.0,,,True,Non-stop,96018a9e8925
SCR_GF_1789055827_056,2026-09-10 21:27:03,2026-09-17,7,google_flights,DEL,CCU,DEL-CCU,DEL,CCU,Air India,Air India,,9:55,12:15,140,2 hr 20 min,Economy,10887.0,,,True,Non-stop,27f0292c3b36
SCR_GF_1789055830_001,2026-09-10 21:27:07,2026-10-10,30,google_flights,DEL,CCU,DEL-CCU,DEL,CCU,IndiGo,IndiGo,,8:10 AM,1:45 PM,335,5 hr 35 min,Economy,8547.0,,,False,1 stop,361a766b58dc
SCR_GF_1789055830_002,2026-09-10 21:27:07,2026-10-10,30,google_flights,DEL,CCU,DEL-CCU,DEL,CCU,Air India,Air India,,2:30 AM,4:50 AM,140,2 hr 20 min,Economy,8724.0,,,True,Non-stop,fe29b970bcbd
SCR_GF_1789055830_003,2026-09-10 21:27:07,2026-10-10,30,google_flights,DEL,CCU,DEL-CCU,DEL,CCU,Akasa Air,Akasa Air,,5:00 PM,7:15 PM,135,2 hr 15 min,Economy,10620.0,,,True,Non-stop,ad644a699561
SCR_GF_1789055830_005,2026-09-10 21:27:07,2026-10-10,30,google_flights,DEL,CCU,DEL-CCU,DEL,CCU,IndiGo,IndiGo,,5:25 AM,10:20 AM,295,4 hr 55 min,Economy,8678.0,,,False,1 stop,898efec76892
SCR_GF_1789055830_006,2026-09-10 21:27:07,2026-10-10,30,google_flights,DEL,CCU,DEL-CCU,DEL,CCU,IndiGo,IndiGo,,2:40 PM,7:20 PM,280,4 hr 40 min,Economy,8862.0,,,False,1 stop,990fef375003
SCR_GF_1789055830_007,2026-09-10 21:27:07,2026-10-10,30,google_flights,DEL,CCU,DEL-CCU,DEL,CCU,Air India,Air India,,7:30 AM,9:50 AM,140,2 hr 20 min,Economy,8976.0,,,True,Non-stop,da5a1a56654e
SCR_GF_1789055830_008,2026-09-10 21:27:07,2026-10-10,30,google_flights,DEL,CCU,DEL-CCU,DEL,CCU,Air India,Air India,,9:55 AM,12:15 PM,140,2 hr 20 min,Economy,9207.0,,,True,Non-stop,559b15e631a3
SCR_GF_1789055830_009,2026-09-10 21:27:07,2026-10-10,30,google_flights,DEL,CCU,DEL-CCU,DEL,CCU,Air India,Air India,,7:40 PM,9:50 PM,130,2 hr 10 min,Economy,9207.0,,,True,Non-stop,ed92c63df168
SCR_GF_1789055830_010,2026-09-10 21:27:07,2026-10-10,30,google_flights,DEL,CCU,DEL-CCU,DEL,CCU,Air India,Air India,,6:40 AM,8:50 AM,130,2 hr 10 min,Economy,9554.0,,,True,Non-stop,b5fe36a8f991
SCR_GF_1789055830_011,2026-09-10 21:27:07,2026-10-10,30,google_flights,DEL,CCU,DEL-CCU,DEL,CCU,Air India,Air India,,6:00 PM,8:20 PM,140,2 hr 20 min,Economy,9554.0,,,True,Non-stop,eb58254d0bba
SCR_GF_1789055830_012,2026-09-10 21:27:07,2026-10-10,30,google_flights,DEL,CCU,DEL-CCU,DEL,CCU,SpiceJet,SpiceJet,,8:10 PM,10:30 PM,140,2 hr 20 min,Economy,11498.0,,,True,Non-stop,fa0a7da5e08a
SCR_GF_1789055830_013,2026-09-10 21:27:07,2026-10-10,30,google_flights,DEL,CCU,DEL-CCU,DEL,CCU,IndiGo,IndiGo,,5:00 AM,7:15 AM,135,2 hr 15 min,Economy,11757.0,,,True,Non-stop,36e8a76a13a4
SCR_GF_1789055831_014,2026-09-10 21:27:07,2026-10-10,30,google_flights,DEL,CCU,DEL-CCU,DEL,CCU,IndiGo,IndiGo,,4:00 PM,6:15 PM,135,2 hr 15 min,Economy,12545.0,,,True,Non-stop,a2c6e3d8853c
SCR_GF_1789055831_015,2026-09-10 21:27:07,2026-10-10,30,google_flights,DEL,CCU,DEL-CCU,DEL,CCU,IndiGo,IndiGo,,5:55 PM,8:15 PM,140,2 hr 20 min,Economy,12545.0,,,True,Non-stop,5f6ffe1d1d47
SCR_GF_1789055831_016,2026-09-10 21:27:07,2026-10-10,30,google_flights,DEL,CCU,DEL-CCU,DEL,CCU,IndiGo,IndiGo,,9:50 PM,12:05 AM,135,2 hr 15 min,Economy,12545.0,,,True,Non-stop,685974361799
SCR_GF_1789055831_017,2026-09-10 21:27:07,2026-10-10,30,google_flights,DEL,CCU,DEL-CCU,DEL,CCU,IndiGo,IndiGo,,11:30 PM,1:45 AM,135,2 hr 15 min,Economy,12545.0,,,True,Non-stop,6e0d6781fc1e
SCR_GF_1789055831_018,2026-09-10 21:27:07,2026-10-10,30,google_flights,DEL,CCU,DEL-CCU,DEL,CCU,Akasa Air,Akasa Air,,5:55 AM,8:15 AM,140,2 hr 20 min,Economy,12755.0,,,True,Non-stop,d49a1f6fb760
SCR_GF_1789055831_019,2026-09-10 21:27:07,2026-10-10,30,google_flights,DEL,CCU,DEL-CCU,DEL,CCU,IndiGo,IndiGo,,2:45 AM,5:00 AM,135,2 hr 15 min,Economy,13332.0,,,True,Non-stop,981b80ca8d92
SCR_GF_1789055831_020,2026-09-10 21:27:07,2026-10-10,30,google_flights,DEL,CCU,DEL-CCU,DEL,CCU,Air India,Air India,,9:00 PM,11:20 PM,140,2 hr 20 min,Economy,13518.0,,,True,Non-stop,6394d1c91d6f
SCR_GF_1789055831_021,2026-09-10 21:27:07,2026-10-10,30,google_flights,DEL,CCU,DEL-CCU,DEL,CCU,SpiceJet,SpiceJet,,5:20 AM,7:45 AM,145,2 hr 25 min,Economy,14164.0,,,True,Non-stop,dd4e1764f24d
SCR_GF_1789055831_022,2026-09-10 21:27:07,2026-10-10,30,google_flights,DEL,CCU,DEL-CCU,DEL,CCU,IndiGo,IndiGo,,7:20 AM,9:40 AM,140,2 hr 20 min,Economy,14172.0,,,True,Non-stop,d87d9a616fb5
SCR_GF_1789055831_023,2026-09-10 21:27:07,2026-10-10,30,google_flights,DEL,CCU,DEL-CCU,DEL,CCU,IndiGo,IndiGo,,8:30 AM,10:45 AM,135,2 hr 15 min,Economy,14172.0,,,True,Non-stop,3e4868f0d822
SCR_GF_1789055831_024,2026-09-10 21:27:07,2026-10-10,30,google_flights,DEL,CCU,DEL-CCU,DEL,CCU,IndiGo,IndiGo,,10:15 AM,12:30 PM,135,2 hr 15 min,Economy,14172.0,,,True,Non-stop,be3cb4ae32a6
SCR_GF_1789055831_025,2026-09-10 21:27:07,2026-10-10,30,google_flights,DEL,CCU,DEL-CCU,DEL,CCU,IndiGo,IndiGo,,11:50 AM,2:00 PM,130,2 hr 10 min,Economy,14172.0,,,True,Non-stop,ae97edeae462
SCR_GF_1789055831_026,2026-09-10 21:27:07,2026-10-10,30,google_flights,DEL,CCU,DEL-CCU,DEL,CCU,IndiGo,IndiGo,,2:25 PM,4:45 PM,140,2 hr 20 min,Economy,14172.0,,,True,Non-stop,e624f034688e
SCR_GF_1789055831_027,2026-09-10 21:27:07,2026-10-10,30,google_flights,DEL,CCU,DEL-CCU,DEL,CCU,IndiGo,IndiGo,,7:30 PM,9:45 PM,135,2 hr 15 min,Economy,14172.0,,,True,Non-stop,c18831b72405
SCR_GF_1789055831_028,2026-09-10 21:27:07,2026-10-10,30,google_flights,DEL,CCU,DEL-CCU,DEL,CCU,IndiGo,IndiGo,,12:45 PM,3:05 PM,140,2 hr 20 min,Economy,15065.0,,,True,Non-stop,2ed2b90168b5
SCR_GF_1789055831_029,2026-09-10 21:27:07,2026-10-10,30,google_flights,DEL,CCU,DEL-CCU,DEL,CCU,SpiceJet,SpiceJet,,6:45 AM,9:05 AM,140,2 hr 20 min,Economy,16378.0,,,True,Non-stop,ae3668178a7c
SCR_GF_1789055831_030,2026-09-10 21:27:07,2026-10-10,30,google_flights,DEL,CCU,DEL-CCU,DEL,CCU,Air India,Air India,,1:00 PM,3:20 PM,140,2 hr 20 min,Economy,18279.0,,,True,Non-stop,e41c9dc6a85d
SCR_GF_1789055831_031,2026-09-10 21:27:07,2026-10-10,30,google_flights,DEL,CCU,DEL-CCU,DEL,CCU,Air India,Air India,,4:15 PM,6:35 PM,140,2 hr 20 min,Economy,18279.0,,,True,Non-stop,ac5d9c288ebf
SCR_GF_1789055831_032,2026-09-10 21:27:07,2026-10-10,30,google_flights,DEL,CCU,DEL-CCU,DEL,CCU,IndiGo,IndiGo,,8:10,1:45,335,5 hr 35 min,Economy,8547.0,,,False,1 stop,554d227bb083
SCR_GF_1789055831_033,2026-09-10 21:27:07,2026-10-10,30,google_flights,DEL,CCU,DEL-CCU,DEL,CCU,Air India,Air India,,2:30,4:50,140,2 hr 20 min,Economy,8724.0,,,True,Non-stop,2d7969512851
SCR_GF_1789055831_034,2026-09-10 21:27:07,2026-10-10,30,google_flights,DEL,CCU,DEL-CCU,DEL,CCU,Akasa Air,Akasa Air,,5:00,7:15,135,2 hr 15 min,Economy,10620.0,,,True,Non-stop,67b089482db7
SCR_GF_1789055831_036,2026-09-10 21:27:07,2026-10-10,30,google_flights,DEL,CCU,DEL-CCU,DEL,CCU,IndiGo,IndiGo,,5:25,10:20,295,4 hr 55 min,Economy,8678.0,,,False,1 stop,ade261c3ea01
SCR_GF_1789055831_037,2026-09-10 21:27:07,2026-10-10,30,google_flights,DEL,CCU,DEL-CCU,DEL,CCU,IndiGo,IndiGo,,2:40,7:20,280,4 hr 40 min,Economy,8862.0,,,False,1 stop,fced98265c50
SCR_GF_1789055831_038,2026-09-10 21:27:07,2026-10-10,30,google_flights,DEL,CCU,DEL-CCU,DEL,CCU,Air India,Air India,,7:30,9:50,140,2 hr 20 min,Economy,8976.0,,,True,Non-stop,71f501de9e35
SCR_GF_1789055831_039,2026-09-10 21:27:07,2026-10-10,30,google_flights,DEL,CCU,DEL-CCU,DEL,CCU,Air India,Air India,,9:55,12:15,140,2 hr 20 min,Economy,9207.0,,,True,Non-stop,e90cbad1fb53
SCR_GF_1789055831_040,2026-09-10 21:27:07,2026-10-10,30,google_flights,DEL,CCU,DEL-CCU,DEL,CCU,Air India,Air India,,7:40,9:50,130,2 hr 10 min,Economy,9207.0,,,True,Non-stop,4fbba7cbb992
SCR_GF_1789055831_041,2026-09-10 21:27:07,2026-10-10,30,google_flights,DEL,CCU,DEL-CCU,DEL,CCU,Air India,Air India,,6:40,8:50,130,2 hr 10 min,Economy,9554.0,,,True,Non-stop,b70f7229ea41
SCR_GF_1789055831_042,2026-09-10 21:27:07,2026-10-10,30,google_flights,DEL,CCU,DEL-CCU,DEL,CCU,Air India,Air India,,6:00,8:20,140,2 hr 20 min,Economy,9554.0,,,True,Non-stop,a42939fbc963
SCR_GF_1789055831_043,2026-09-10 21:27:07,2026-10-10,30,google_flights,DEL,CCU,DEL-CCU,DEL,CCU,SpiceJet,SpiceJet,,8:10,10:30,140,2 hr 20 min,Economy,11498.0,,,True,Non-stop,706d178d003a
SCR_GF_1789055831_044,2026-09-10 21:27:07,2026-10-10,30,google_flights,DEL,CCU,DEL-CCU,DEL,CCU,IndiGo,IndiGo,,5:00,7:15,135,2 hr 15 min,Economy,11757.0,,,True,Non-stop,253227d3eb8e
SCR_GF_1789055831_045,2026-09-10 21:27:07,2026-10-10,30,google_flights,DEL,CCU,DEL-CCU,DEL,CCU,IndiGo,IndiGo,,4:00,6:15,135,2 hr 15 min,Economy,12545.0,,,True,Non-stop,7ff5df7bf82b
SCR_GF_1789055831_046,2026-09-10 21:27:07,2026-10-10,30,google_flights,DEL,CCU,DEL-CCU,DEL,CCU,IndiGo,IndiGo,,5:55,8:15,140,2 hr 20 min,Economy,12545.0,,,True,Non-stop,2e56d74cf98e
SCR_GF_1789055831_047,2026-09-10 21:27:07,2026-10-10,30,google_flights,DEL,CCU,DEL-CCU,DEL,CCU,IndiGo,IndiGo,,9:50,12:05 AM,135,2 hr 15 min,Economy,12545.0,,,True,Non-stop,c25067b64afc
SCR_GF_1789055831_048,2026-09-10 21:27:07,2026-10-10,30,google_flights,DEL,CCU,DEL-CCU,DEL,CCU,IndiGo,IndiGo,,11:30,1:45 AM,135,2 hr 15 min,Economy,12545.0,,,True,Non-stop,55f326916576
SCR_GF_1789055831_049,2026-09-10 21:27:07,2026-10-10,30,google_flights,DEL,CCU,DEL-CCU,DEL,CCU,Akasa Air,Akasa Air,,5:55,8:15,140,2 hr 20 min,Economy,12755.0,,,True,Non-stop,ec8866373a94
SCR_GF_1789055831_050,2026-09-10 21:27:07,2026-10-10,30,google_flights,DEL,CCU,DEL-CCU,DEL,CCU,IndiGo,IndiGo,,2:45,5:00,135,2 hr 15 min,Economy,13332.0,,,True,Non-stop,53642b4e3784
SCR_GF_1789055831_051,2026-09-10 21:27:07,2026-10-10,30,google_flights,DEL,CCU,DEL-CCU,DEL,CCU,Air India,Air India,,9:00,11:20,140,2 hr 20 min,Economy,13518.0,,,True,Non-stop,e7218448c6d6
SCR_GF_1789055831_052,2026-09-10 21:27:07,2026-10-10,30,google_flights,DEL,CCU,DEL-CCU,DEL,CCU,SpiceJet,SpiceJet,,5:20,7:45,145,2 hr 25 min,Economy,14164.0,,,True,Non-stop,2f1036d2a690
SCR_GF_1789055831_053,2026-09-10 21:27:07,2026-10-10,30,google_flights,DEL,CCU,DEL-CCU,DEL,CCU,IndiGo,IndiGo,,7:20,9:40,140,2 hr 20 min,Economy,14172.0,,,True,Non-stop,a2b429653b22
SCR_GF_1789055831_054,2026-09-10 21:27:07,2026-10-10,30,google_flights,DEL,CCU,DEL-CCU,DEL,CCU,IndiGo,IndiGo,,8:30,10:45,135,2 hr 15 min,Economy,14172.0,,,True,Non-stop,f3625d22fb3e
SCR_GF_1789055831_055,2026-09-10 21:27:07,2026-10-10,30,google_flights,DEL,CCU,DEL-CCU,DEL,CCU,IndiGo,IndiGo,,10:15,12:30,135,2 hr 15 min,Economy,14172.0,,,True,Non-stop,5bbe1a753119
SCR_GF_1789055831_056,2026-09-10 21:27:07,2026-10-10,30,google_flights,DEL,CCU,DEL-CCU,DEL,CCU,IndiGo,IndiGo,,11:50,2:00,130,2 hr 10 min,Economy,14172.0,,,True,Non-stop,d1533810452e
SCR_GF_1789055831_057,2026-09-10 21:27:07,2026-10-10,30,google_flights,DEL,CCU,DEL-CCU,DEL,CCU,IndiGo,IndiGo,,2:25,4:45,140,2 hr 20 min,Economy,14172.0,,,True,Non-stop,a9e9be3b162b
SCR_GF_1789055831_058,2026-09-10 21:27:07,2026-10-10,30,google_flights,DEL,CCU,DEL-CCU,DEL,CCU,IndiGo,IndiGo,,7:30,9:45,135,2 hr 15 min,Economy,14172.0,,,True,Non-stop,306665aa1cba
SCR_GF_1789055831_059,2026-09-10 21:27:07,2026-10-10,30,google_flights,DEL,CCU,DEL-CCU,DEL,CCU,IndiGo,IndiGo,,12:45,3:05,140,2 hr 20 min,Economy,15065.0,,,True,Non-stop,6f3d309cc812
SCR_GF_1789055831_060,2026-09-10 21:27:07,2026-10-10,30,google_flights,DEL,CCU,DEL-CCU,DEL,CCU,SpiceJet,SpiceJet,,6:45,9:05,140,2 hr 20 min,Economy,16378.0,,,True,Non-stop,30223ab0fe3d
SCR_GF_1789055831_061,2026-09-10 21:27:07,2026-10-10,30,google_flights,DEL,CCU,DEL-CCU,DEL,CCU,Air India,Air India,,1:00,3:20,140,2 hr 20 min,Economy,18279.0,,,True,Non-stop,2351d012e0e4
SCR_GF_1789055831_062,2026-09-10 21:27:07,2026-10-10,30,google_flights,DEL,CCU,DEL-CCU,DEL,CCU,Air India,Air India,,4:15,6:35,140,2 hr 20 min,Economy,18279.0,,,True,Non-stop,28d24266bf6b
SCR_GF_1789055833_001,2026-09-10 21:27:11,2026-09-11,1,google_flights,BLR,HYD,BLR-HYD,BLR,HYD,IndiGo,IndiGo,,12:40 PM,5:40 PM,300,5 hr,Economy,9056.0,,,False,1 stop,94ba76d2aba4
SCR_GF_1789055833_002,2026-09-10 21:27:11,2026-09-11,1,google_flights,BLR,HYD,BLR-HYD,BLR,HYD,IndiGo,IndiGo,,7:40 PM,8:55 PM,75,1 hr 15 min,Economy,12640.0,,,True,Non-stop,6c3a9249dc4f
SCR_GF_1789055833_003,2026-09-10 21:27:11,2026-09-11,1,google_flights,BLR,HYD,BLR-HYD,BLR,HYD,Air India Express,Air India Express,,10:40 PM,11:50 PM,70,1 hr 10 min,Economy,14926.0,,,True,Non-stop,713d1e85997e
SCR_GF_1789055833_004,2026-09-10 21:27:11,2026-09-11,1,google_flights,BLR,HYD,BLR-HYD,BLR,HYD,IndiGo,IndiGo,,4:30 PM,5:45 PM,75,1 hr 15 min,Economy,16363.0,,,True,Non-stop,aae23079c133
SCR_GF_1789055833_005,2026-09-10 21:27:11,2026-09-11,1,google_flights,BLR,HYD,BLR-HYD,BLR,HYD,IndiGo,IndiGo,,1:10 PM,5:30 PM,260,4 hr 20 min,Economy,10449.0,,,False,1 stop,05260a817790
SCR_GF_1789055833_006,2026-09-10 21:27:11,2026-09-11,1,google_flights,BLR,HYD,BLR-HYD,BLR,HYD,Air India Express,Air India Express,,8:40 AM,3:10 PM,390,6 hr 30 min,Economy,14096.0,,,False,1 stop,6c20c7431029
SCR_GF_1789055833_007,2026-09-10 21:27:11,2026-09-11,1,google_flights,BLR,HYD,BLR-HYD,BLR,HYD,Air India Express,Air India Express,,5:15 PM,6:40 PM,85,1 hr 25 min,Economy,16927.0,,,True,Non-stop,d819ea0c6227
SCR_GF_1789055833_008,2026-09-10 21:27:11,2026-09-11,1,google_flights,BLR,HYD,BLR-HYD,BLR,HYD,IndiGo,IndiGo,,6:25 AM,7:35 AM,70,1 hr 10 min,Economy,17939.0,,,True,Non-stop,762ae5b9e4cd
SCR_GF_1789055833_009,2026-09-10 21:27:11,2026-09-11,1,google_flights,BLR,HYD,BLR-HYD,BLR,HYD,IndiGo,IndiGo,,8:15 AM,9:30 AM,75,1 hr 15 min,Economy,17939.0,,,True,Non-stop,e1203aada530
SCR_GF_1789055834_010,2026-09-10 21:27:11,2026-09-11,1,google_flights,BLR,HYD,BLR-HYD,BLR,HYD,IndiGo,IndiGo,,9:15 AM,10:30 AM,75,1 hr 15 min,Economy,17939.0,,,True,Non-stop,a3c550865832
SCR_GF_1789055834_011,2026-09-10 21:27:11,2026-09-11,1,google_flights,BLR,HYD,BLR-HYD,BLR,HYD,IndiGo,IndiGo,,10:15 AM,11:30 AM,75,1 hr 15 min,Economy,17939.0,,,True,Non-stop,83797f575d52
SCR_GF_1789055834_012,2026-09-10 21:27:11,2026-09-11,1,google_flights,BLR,HYD,BLR-HYD,BLR,HYD,IndiGo,IndiGo,,11:35 AM,12:50 PM,75,1 hr 15 min,Economy,17939.0,,,True,Non-stop,4a8a9cfb4418
SCR_GF_1789055834_013,2026-09-10 21:27:11,2026-09-11,1,google_flights,BLR,HYD,BLR-HYD,BLR,HYD,IndiGo,IndiGo,,6:35 PM,7:45 PM,70,1 hr 10 min,Economy,17939.0,,,True,Non-stop,da21948be461
SCR_GF_1789055834_014,2026-09-10 21:27:11,2026-09-11,1,google_flights,BLR,HYD,BLR-HYD,BLR,HYD,IndiGo,IndiGo,,7:45 PM,9:00 PM,75,1 hr 15 min,Economy,17939.0,,,True,Non-stop,6e9c9587880f
SCR_GF_1789055834_015,2026-09-10 21:27:11,2026-09-11,1,google_flights,BLR,HYD,BLR-HYD,BLR,HYD,IndiGo,IndiGo,,9:30 PM,10:45 PM,75,1 hr 15 min,Economy,17939.0,,,True,Non-stop,6e6bad53430b
SCR_GF_1789055834_016,2026-09-10 21:27:11,2026-09-11,1,google_flights,BLR,HYD,BLR-HYD,BLR,HYD,Air India Express,Air India Express,,12:30 PM,1:50 PM,80,1 hr 20 min,Economy,19926.0,,,True,Non-stop,6f5da35e7cbb
SCR_GF_1789055834_017,2026-09-10 21:27:11,2026-09-11,1,google_flights,BLR,HYD,BLR-HYD,BLR,HYD,IndiGo,IndiGo,,12:40,5:40,300,5 hr,Economy,9056.0,,,False,1 stop,89e66ce9c138
SCR_GF_1789055834_018,2026-09-10 21:27:11,2026-09-11,1,google_flights,BLR,HYD,BLR-HYD,BLR,HYD,IndiGo,IndiGo,,7:40,8:55,75,1 hr 15 min,Economy,12640.0,,,True,Non-stop,58a43975c6b4
SCR_GF_1789055834_019,2026-09-10 21:27:11,2026-09-11,1,google_flights,BLR,HYD,BLR-HYD,BLR,HYD,Air India Express,Air India Express,,10:40,11:50,70,1 hr 10 min,Economy,14926.0,,,True,Non-stop,d4b18809a860
SCR_GF_1789055834_020,2026-09-10 21:27:11,2026-09-11,1,google_flights,BLR,HYD,BLR-HYD,BLR,HYD,IndiGo,IndiGo,,4:30,5:45,75,1 hr 15 min,Economy,16363.0,,,True,Non-stop,ecf6b6bbb9bb
SCR_GF_1789055834_021,2026-09-10 21:27:11,2026-09-11,1,google_flights,BLR,HYD,BLR-HYD,BLR,HYD,IndiGo,IndiGo,,1:10,5:30,260,4 hr 20 min,Economy,10449.0,,,False,1 stop,5ac984467dfc
SCR_GF_1789055834_022,2026-09-10 21:27:11,2026-09-11,1,google_flights,BLR,HYD,BLR-HYD,BLR,HYD,Air India Express,Air India Express,,8:40,3:10,390,6 hr 30 min,Economy,14096.0,,,False,1 stop,3d271cadddb4
SCR_GF_1789055834_023,2026-09-10 21:27:11,2026-09-11,1,google_flights,BLR,HYD,BLR-HYD,BLR,HYD,Air India Express,Air India Express,,5:15,6:40,85,1 hr 25 min,Economy,16927.0,,,True,Non-stop,e737f29fcd25
SCR_GF_1789055834_024,2026-09-10 21:27:11,2026-09-11,1,google_flights,BLR,HYD,BLR-HYD,BLR,HYD,IndiGo,IndiGo,,6:25,7:35,70,1 hr 10 min,Economy,17939.0,,,True,Non-stop,073453d09987
SCR_GF_1789055834_025,2026-09-10 21:27:11,2026-09-11,1,google_flights,BLR,HYD,BLR-HYD,BLR,HYD,IndiGo,IndiGo,,8:15,9:30,75,1 hr 15 min,Economy,17939.0,,,True,Non-stop,70645f2b4f4e
SCR_GF_1789055834_026,2026-09-10 21:27:11,2026-09-11,1,google_flights,BLR,HYD,BLR-HYD,BLR,HYD,IndiGo,IndiGo,,9:15,10:30,75,1 hr 15 min,Economy,17939.0,,,True,Non-stop,5b294bac7a44
SCR_GF_1789055834_027,2026-09-10 21:27:11,2026-09-11,1,google_flights,BLR,HYD,BLR-HYD,BLR,HYD,IndiGo,IndiGo,,10:15,11:30,75,1 hr 15 min,Economy,17939.0,,,True,Non-stop,15dcb3b8bbd4
SCR_GF_1789055834_028,2026-09-10 21:27:11,2026-09-11,1,google_flights,BLR,HYD,BLR-HYD,BLR,HYD,IndiGo,IndiGo,,11:35,12:50,75,1 hr 15 min,Economy,17939.0,,,True,Non-stop,2f3bf3c79b0d
SCR_GF_1789055834_029,2026-09-10 21:27:11,2026-09-11,1,google_flights,BLR,HYD,BLR-HYD,BLR,HYD,IndiGo,IndiGo,,6:35,7:45,70,1 hr 10 min,Economy,17939.0,,,True,Non-stop,e1d55b6baffc
SCR_GF_1789055834_030,2026-09-10 21:27:11,2026-09-11,1,google_flights,BLR,HYD,BLR-HYD,BLR,HYD,IndiGo,IndiGo,,7:45,9:00,75,1 hr 15 min,Economy,17939.0,,,True,Non-stop,f31c1bc70e9f
SCR_GF_1789055834_031,2026-09-10 21:27:11,2026-09-11,1,google_flights,BLR,HYD,BLR-HYD,BLR,HYD,IndiGo,IndiGo,,9:30,10:45,75,1 hr 15 min,Economy,17939.0,,,True,Non-stop,03a76136412c
SCR_GF_1789055834_032,2026-09-10 21:27:11,2026-09-11,1,google_flights,BLR,HYD,BLR-HYD,BLR,HYD,Air India Express,Air India Express,,12:30,1:50,80,1 hr 20 min,Economy,19926.0,,,True,Non-stop,2dc2f6c1481d
SCR_GF_1789055836_001,2026-09-10 21:27:14,2026-09-17,7,google_flights,BLR,HYD,BLR-HYD,BLR,HYD,Air India Express,Air India Express,,5:15 PM,6:40 PM,85,1 hr 25 min,Economy,6427.0,,,True,Non-stop,abce78a5428e
SCR_GF_1789055836_002,2026-09-10 21:27:14,2026-09-17,7,google_flights,BLR,HYD,BLR-HYD,BLR,HYD,IndiGo,IndiGo,,7:10 PM,8:25 PM,75,1 hr 15 min,Economy,6577.0,,,True,Non-stop,1e989014125f
SCR_GF_1789055836_003,2026-09-10 21:27:14,2026-09-17,7,google_flights,BLR,HYD,BLR-HYD,BLR,HYD,IndiGo,IndiGo,,4:30 PM,5:45 PM,75,1 hr 15 min,Economy,6825.0,,,True,Non-stop,359eab903768
SCR_GF_1789055836_005,2026-09-10 21:27:14,2026-09-17,7,google_flights,BLR,HYD,BLR-HYD,BLR,HYD,IndiGo,IndiGo,,2:40 AM,7:50 AM,310,5 hr 10 min,Economy,5358.0,,,False,1 stop,0b407780243a
SCR_GF_1789055836_006,2026-09-10 21:27:14,2026-09-17,7,google_flights,BLR,HYD,BLR-HYD,BLR,HYD,IndiGo,IndiGo,,7:05 AM,10:45 AM,220,3 hr 40 min,Economy,5358.0,,,False,1 stop,be47b01cfd7d
SCR_GF_1789055836_007,2026-09-10 21:27:14,2026-09-17,7,google_flights,BLR,HYD,BLR-HYD,BLR,HYD,IndiGo,IndiGo,,7:15 AM,1:15 PM,360,6 hr,Economy,5358.0,,,False,1 stop,9b17adfcff85
SCR_GF_1789055836_008,2026-09-10 21:27:14,2026-09-17,7,google_flights,BLR,HYD,BLR-HYD,BLR,HYD,IndiGo,IndiGo,,11:40 AM,4:05 PM,265,4 hr 25 min,Economy,5358.0,,,False,1 stop,d314d491b5fb
SCR_GF_1789055836_009,2026-09-10 21:27:14,2026-09-17,7,google_flights,BLR,HYD,BLR-HYD,BLR,HYD,IndiGo,IndiGo,,12:45 PM,5:25 PM,280,4 hr 40 min,Economy,5358.0,,,False,1 stop,da1ef39db044
SCR_GF_1789055836_010,2026-09-10 21:27:14,2026-09-17,7,google_flights,BLR,HYD,BLR-HYD,BLR,HYD,IndiGo,IndiGo,,1:10 PM,5:30 PM,260,4 hr 20 min,Economy,5358.0,,,False,1 stop,f041f670dbf1
SCR_GF_1789055836_011,2026-09-10 21:27:14,2026-09-17,7,google_flights,BLR,HYD,BLR-HYD,BLR,HYD,IndiGo,IndiGo,,5:40 PM,9:15 PM,215,3 hr 35 min,Economy,5358.0,,,False,1 stop,ec4124de94ae
SCR_GF_1789055836_012,2026-09-10 21:27:14,2026-09-17,7,google_flights,BLR,HYD,BLR-HYD,BLR,HYD,IndiGo,IndiGo,,6:15 PM,10:40 PM,265,4 hr 25 min,Economy,5358.0,,,False,1 stop,c47bfa409fac
SCR_GF_1789055836_013,2026-09-10 21:27:14,2026-09-17,7,google_flights,BLR,HYD,BLR-HYD,BLR,HYD,IndiGo,IndiGo,,7:15 PM,10:50 PM,215,3 hr 35 min,Economy,5358.0,,,False,1 stop,f09a2e9f86ec
SCR_GF_1789055836_014,2026-09-10 21:27:14,2026-09-17,7,google_flights,BLR,HYD,BLR-HYD,BLR,HYD,IndiGo,IndiGo,,11:05 PM,3:10 AM,245,4 hr 5 min,Economy,5358.0,,,False,1 stop,dcb4a0f10fa4
SCR_GF_1789055836_015,2026-09-10 21:27:14,2026-09-17,7,google_flights,BLR,HYD,BLR-HYD,BLR,HYD,IndiGo,IndiGo,,7:15 AM,11:10 AM,235,3 hr 55 min,Economy,5688.0,,,False,1 stop,568537bc2618
SCR_GF_1789055836_016,2026-09-10 21:27:14,2026-09-17,7,google_flights,BLR,HYD,BLR-HYD,BLR,HYD,IndiGo,IndiGo,,10:55 AM,3:00 PM,245,4 hr 5 min,Economy,6048.0,,,False,1 stop,94126c55f192
SCR_GF_1789055836_017,2026-09-10 21:27:14,2026-09-17,7,google_flights,BLR,HYD,BLR-HYD,BLR,HYD,IndiGo,IndiGo,,6:35 PM,7:45 PM,70,1 hr 10 min,Economy,6825.0,,,True,Non-stop,0790fe012e72
SCR_GF_1789055836_018,2026-09-10 21:27:14,2026-09-17,7,google_flights,BLR,HYD,BLR-HYD,BLR,HYD,Air India Express,Air India Express,,7:15 PM,8:25 PM,70,1 hr 10 min,Economy,7026.0,,,True,Non-stop,77d9bb32f25c
SCR_GF_1789055837_019,2026-09-10 21:27:14,2026-09-17,7,google_flights,BLR,HYD,BLR-HYD,BLR,HYD,Air India Express,Air India Express,,12:30,1:50,80,1 hr 20 min,Economy,8527.0,,,True,Non-stop,2e654e859b23
SCR_GF_1789055837_020,2026-09-10 21:27:14,2026-09-17,7,google_flights,BLR,HYD,BLR-HYD,BLR,HYD,IndiGo,IndiGo,,11:35,12:50,75,1 hr 15 min,Economy,9570.0,,,True,Non-stop,832cfdfb9fca
SCR_GF_1789055837_021,2026-09-10 21:27:14,2026-09-17,7,google_flights,BLR,HYD,BLR-HYD,BLR,HYD,IndiGo,IndiGo,,10:15,11:30,75,1 hr 15 min,Economy,10443.0,,,True,Non-stop,6d657e3e4c43
SCR_GF_1789055837_022,2026-09-10 21:27:14,2026-09-17,7,google_flights,BLR,HYD,BLR-HYD,BLR,HYD,Air India Express,Air India Express,,6:05,7:25,80,1 hr 20 min,Economy,11627.0,,,True,Non-stop,7a624c04a49f
SCR_GF_1789055837_023,2026-09-10 21:27:14,2026-09-17,7,google_flights,BLR,HYD,BLR-HYD,BLR,HYD,IndiGo,IndiGo,,9:15,10:30,75,1 hr 15 min,Economy,12468.0,,,True,Non-stop,e2572320db82
SCR_GF_1789055837_024,2026-09-10 21:27:14,2026-09-17,7,google_flights,BLR,HYD,BLR-HYD,BLR,HYD,IndiGo,IndiGo,,7:45,9:00,75,1 hr 15 min,Economy,12468.0,,,True,Non-stop,46dd45c409f1
SCR_GF_1789055837_025,2026-09-10 21:27:14,2026-09-17,7,google_flights,BLR,HYD,BLR-HYD,BLR,HYD,IndiGo,IndiGo,,9:30,10:45,75,1 hr 15 min,Economy,13641.0,,,True,Non-stop,e44e32e7de46
SCR_GF_1789055837_026,2026-09-10 21:27:14,2026-09-17,7,google_flights,BLR,HYD,BLR-HYD,BLR,HYD,IndiGo,IndiGo,,6:25,7:35,70,1 hr 10 min,Economy,16363.0,,,True,Non-stop,f949e4fc4ca0
SCR_GF_1789055837_027,2026-09-10 21:27:14,2026-09-17,7,google_flights,BLR,HYD,BLR-HYD,BLR,HYD,IndiGo,IndiGo,,8:15,9:30,75,1 hr 15 min,Economy,16363.0,,,True,Non-stop,25517dfb9536
SCR_GF_1789055837_028,2026-09-10 21:27:14,2026-09-17,7,google_flights,BLR,HYD,BLR-HYD,BLR,HYD,Air India Express,Air India Express,,5:15,6:40,85,1 hr 25 min,Economy,6427.0,,,True,Non-stop,8907ce40e5d2
SCR_GF_1789055837_029,2026-09-10 21:27:14,2026-09-17,7,google_flights,BLR,HYD,BLR-HYD,BLR,HYD,IndiGo,IndiGo,,7:10,8:25,75,1 hr 15 min,Economy,6577.0,,,True,Non-stop,e864b83aad01
SCR_GF_1789055837_030,2026-09-10 21:27:14,2026-09-17,7,google_flights,BLR,HYD,BLR-HYD,BLR,HYD,IndiGo,IndiGo,,4:30,5:45,75,1 hr 15 min,Economy,6825.0,,,True,Non-stop,99079b10186b
SCR_GF_1789055837_032,2026-09-10 21:27:14,2026-09-17,7,google_flights,BLR,HYD,BLR-HYD,BLR,HYD,IndiGo,IndiGo,,2:40,7:50,310,5 hr 10 min,Economy,5358.0,,,False,1 stop,59bfad8dd84f
SCR_GF_1789055837_033,2026-09-10 21:27:14,2026-09-17,7,google_flights,BLR,HYD,BLR-HYD,BLR,HYD,IndiGo,IndiGo,,7:05,10:45,220,3 hr 40 min,Economy,5358.0,,,False,1 stop,a673d91ec56e
SCR_GF_1789055837_034,2026-09-10 21:27:14,2026-09-17,7,google_flights,BLR,HYD,BLR-HYD,BLR,HYD,IndiGo,IndiGo,,7:15,1:15,360,6 hr,Economy,5358.0,,,False,1 stop,6235435b9074
SCR_GF_1789055837_035,2026-09-10 21:27:14,2026-09-17,7,google_flights,BLR,HYD,BLR-HYD,BLR,HYD,IndiGo,IndiGo,,11:40,4:05,265,4 hr 25 min,Economy,5358.0,,,False,1 stop,bac4aa39ae82
SCR_GF_1789055837_036,2026-09-10 21:27:14,2026-09-17,7,google_flights,BLR,HYD,BLR-HYD,BLR,HYD,IndiGo,IndiGo,,12:45,5:25,280,4 hr 40 min,Economy,5358.0,,,False,1 stop,419b10e3ad34
SCR_GF_1789055837_037,2026-09-10 21:27:14,2026-09-17,7,google_flights,BLR,HYD,BLR-HYD,BLR,HYD,IndiGo,IndiGo,,1:10,5:30,260,4 hr 20 min,Economy,5358.0,,,False,1 stop,c8a04f9dbe62
SCR_GF_1789055837_038,2026-09-10 21:27:14,2026-09-17,7,google_flights,BLR,HYD,BLR-HYD,BLR,HYD,IndiGo,IndiGo,,5:40,9:15,215,3 hr 35 min,Economy,5358.0,,,False,1 stop,542cce506383
SCR_GF_1789055837_039,2026-09-10 21:27:14,2026-09-17,7,google_flights,BLR,HYD,BLR-HYD,BLR,HYD,IndiGo,IndiGo,,6:15,10:40,265,4 hr 25 min,Economy,5358.0,,,False,1 stop,77c23624c1cd
SCR_GF_1789055837_040,2026-09-10 21:27:14,2026-09-17,7,google_flights,BLR,HYD,BLR-HYD,BLR,HYD,IndiGo,IndiGo,,7:15,10:50,215,3 hr 35 min,Economy,5358.0,,,False,1 stop,6235435b9074
SCR_GF_1789055837_041,2026-09-10 21:27:14,2026-09-17,7,google_flights,BLR,HYD,BLR-HYD,BLR,HYD,IndiGo,IndiGo,,11:05,3:10 AM,245,4 hr 5 min,Economy,5358.0,,,False,1 stop,87668389043a
SCR_GF_1789055837_042,2026-09-10 21:27:14,2026-09-17,7,google_flights,BLR,HYD,BLR-HYD,BLR,HYD,IndiGo,IndiGo,,7:15,11:10,235,3 hr 55 min,Economy,5688.0,,,False,1 stop,1d70b4c49294
SCR_GF_1789055837_043,2026-09-10 21:27:14,2026-09-17,7,google_flights,BLR,HYD,BLR-HYD,BLR,HYD,IndiGo,IndiGo,,10:55,3:00,245,4 hr 5 min,Economy,6048.0,,,False,1 stop,f1e942a4f4f9
SCR_GF_1789055837_044,2026-09-10 21:27:14,2026-09-17,7,google_flights,BLR,HYD,BLR-HYD,BLR,HYD,IndiGo,IndiGo,,6:35,7:45,70,1 hr 10 min,Economy,6825.0,,,True,Non-stop,87540ef8b259
SCR_GF_1789055837_045,2026-09-10 21:27:14,2026-09-17,7,google_flights,BLR,HYD,BLR-HYD,BLR,HYD,Air India Express,Air India Express,,7:15,8:25,70,1 hr 10 min,Economy,7026.0,,,True,Non-stop,c75f43445ce0
SCR_GF_1789055837_046,2026-09-10 21:27:14,2026-09-17,7,google_flights,BLR,HYD,BLR-HYD,BLR,HYD,Air India Express,Air India Express,,12:30,1:50,80,1 hr 20 min,Economy,8527.0,,,True,Non-stop,2e654e859b23
SCR_GF_1789055837_047,2026-09-10 21:27:14,2026-09-17,7,google_flights,BLR,HYD,BLR-HYD,BLR,HYD,IndiGo,IndiGo,,11:35,12:50,75,1 hr 15 min,Economy,9570.0,,,True,Non-stop,832cfdfb9fca
SCR_GF_1789055837_048,2026-09-10 21:27:14,2026-09-17,7,google_flights,BLR,HYD,BLR-HYD,BLR,HYD,IndiGo,IndiGo,,10:15,11:30,75,1 hr 15 min,Economy,10443.0,,,True,Non-stop,6d657e3e4c43
SCR_GF_1789055837_049,2026-09-10 21:27:14,2026-09-17,7,google_flights,BLR,HYD,BLR-HYD,BLR,HYD,Air India Express,Air India Express,,6:05,7:25,80,1 hr 20 min,Economy,11627.0,,,True,Non-stop,7a624c04a49f
SCR_GF_1789055837_050,2026-09-10 21:27:14,2026-09-17,7,google_flights,BLR,HYD,BLR-HYD,BLR,HYD,IndiGo,IndiGo,,9:15,10:30,75,1 hr 15 min,Economy,12468.0,,,True,Non-stop,e2572320db82
SCR_GF_1789055838_051,2026-09-10 21:27:14,2026-09-17,7,google_flights,BLR,HYD,BLR-HYD,BLR,HYD,IndiGo,IndiGo,,7:45,9:00,75,1 hr 15 min,Economy,12468.0,,,True,Non-stop,46dd45c409f1
SCR_GF_1789055838_052,2026-09-10 21:27:14,2026-09-17,7,google_flights,BLR,HYD,BLR-HYD,BLR,HYD,IndiGo,IndiGo,,9:30,10:45,75,1 hr 15 min,Economy,13641.0,,,True,Non-stop,e44e32e7de46
SCR_GF_1789055838_053,2026-09-10 21:27:14,2026-09-17,7,google_flights,BLR,HYD,BLR-HYD,BLR,HYD,IndiGo,IndiGo,,6:25,7:35,70,1 hr 10 min,Economy,16363.0,,,True,Non-stop,f949e4fc4ca0
SCR_GF_1789055838_054,2026-09-10 21:27:14,2026-09-17,7,google_flights,BLR,HYD,BLR-HYD,BLR,HYD,IndiGo,IndiGo,,8:15,9:30,75,1 hr 15 min,Economy,16363.0,,,True,Non-stop,25517dfb9536
SCR_GF_1789055840_001,2026-09-10 21:27:18,2026-10-10,30,google_flights,BLR,HYD,BLR-HYD,BLR,HYD,IndiGo,IndiGo,,7:45 PM,9:00 PM,75,1 hr 15 min,Economy,4288.0,,,True,Non-stop,d3d0ca33398e
SCR_GF_1789055841_002,2026-09-10 21:27:18,2026-10-10,30,google_flights,BLR,HYD,BLR-HYD,BLR,HYD,Air India Express,Air India Express,,6:05 AM,7:25 AM,80,1 hr 20 min,Economy,4473.0,,,True,Non-stop,8a9d0f2dea00
SCR_GF_1789055841_003,2026-09-10 21:27:18,2026-10-10,30,google_flights,BLR,HYD,BLR-HYD,BLR,HYD,Air India Express,Air India Express,,7:10,8:20,70,1 hr 10 min,Economy,4473.0,,,True,Non-stop,3f0547f94e60
SCR_GF_1789055841_004,2026-09-10 21:27:18,2026-10-10,30,google_flights,BLR,HYD,BLR-HYD,BLR,HYD,Air India Express,Air India Express,,2:55,4:05,70,1 hr 10 min,Economy,5526.0,,,True,Non-stop,cbc776f095a9
SCR_GF_1789055841_005,2026-09-10 21:27:18,2026-10-10,30,google_flights,BLR,HYD,BLR-HYD,BLR,HYD,Air India Express,Air India Express,,5:15,6:40,85,1 hr 25 min,Economy,5526.0,,,True,Non-stop,91e6c69708ae
SCR_GF_1789055841_006,2026-09-10 21:27:18,2026-10-10,30,google_flights,BLR,HYD,BLR-HYD,BLR,HYD,IndiGo,IndiGo,,9:25,10:40,75,1 hr 15 min,Economy,6291.0,,,True,Non-stop,08c829ffb2f0
SCR_GF_1789055841_007,2026-09-10 21:27:18,2026-10-10,30,google_flights,BLR,HYD,BLR-HYD,BLR,HYD,Air India Express,Air India Express,,12:30,1:45,75,1 hr 15 min,Economy,6427.0,,,True,Non-stop,458953e75128
SCR_GF_1789055841_008,2026-09-10 21:27:18,2026-10-10,30,google_flights,BLR,HYD,BLR-HYD,BLR,HYD,IndiGo,IndiGo,,6:35,7:45,70,1 hr 10 min,Economy,6825.0,,,True,Non-stop,9647573acb37
SCR_GF_1789055841_009,2026-09-10 21:27:18,2026-10-10,30,google_flights,BLR,HYD,BLR-HYD,BLR,HYD,IndiGo,IndiGo,,4:30,5:45,75,1 hr 15 min,Economy,8780.0,,,True,Non-stop,df8a50107068
SCR_GF_1789055841_010,2026-09-10 21:27:18,2026-10-10,30,google_flights,BLR,HYD,BLR-HYD,BLR,HYD,IndiGo,IndiGo,,2:50,4:05,75,1 hr 15 min,Economy,9570.0,,,True,Non-stop,0407a529b069
SCR_GF_1789055841_011,2026-09-10 21:27:18,2026-10-10,30,google_flights,BLR,HYD,BLR-HYD,BLR,HYD,IndiGo,IndiGo,,6:10,7:20,70,1 hr 10 min,Economy,11406.0,,,True,Non-stop,b6057aa4f019
SCR_GF_1789055841_012,2026-09-10 21:27:18,2026-10-10,30,google_flights,BLR,HYD,BLR-HYD,BLR,HYD,IndiGo,IndiGo,,9:15,10:30,75,1 hr 15 min,Economy,12468.0,,,True,Non-stop,d9db700eb08f
SCR_GF_1789055841_013,2026-09-10 21:27:18,2026-10-10,30,google_flights,BLR,HYD,BLR-HYD,BLR,HYD,IndiGo,IndiGo,,10:15,11:30,75,1 hr 15 min,Economy,12468.0,,,True,Non-stop,c6db13b833bc
SCR_GF_1789055841_014,2026-09-10 21:27:18,2026-10-10,30,google_flights,BLR,HYD,BLR-HYD,BLR,HYD,IndiGo,IndiGo,,11:35,12:50,75,1 hr 15 min,Economy,13641.0,,,True,Non-stop,f8cbddb9dc06
SCR_GF_1789055841_015,2026-09-10 21:27:18,2026-10-10,30,google_flights,BLR,HYD,BLR-HYD,BLR,HYD,IndiGo,IndiGo,,8:15,9:30,75,1 hr 15 min,Economy,14935.0,,,True,Non-stop,de653f08c6f4
SCR_GF_1789055841_016,2026-09-10 21:27:18,2026-10-10,30,google_flights,BLR,HYD,BLR-HYD,BLR,HYD,IndiGo,IndiGo,,9:00,8:25 AM,685,11 hr 25 min,Economy,36312.0,,,False,1 stop,9776894a3a09
SCR_GF_1789055841_018,2026-09-10 21:27:18,2026-10-10,30,google_flights,BLR,HYD,BLR-HYD,BLR,HYD,IndiGo,IndiGo,,7:45,9:00,75,1 hr 15 min,Economy,4288.0,,,True,Non-stop,94912bebd6be
SCR_GF_1789055841_019,2026-09-10 21:27:18,2026-10-10,30,google_flights,BLR,HYD,BLR-HYD,BLR,HYD,Air India Express,Air India Express,,6:05,7:25,80,1 hr 20 min,Economy,4473.0,,,True,Non-stop,abf88c318ac5
SCR_GF_1789055841_020,2026-09-10 21:27:18,2026-10-10,30,google_flights,BLR,HYD,BLR-HYD,BLR,HYD,Air India Express,Air India Express,,7:10,8:20,70,1 hr 10 min,Economy,4473.0,,,True,Non-stop,3f0547f94e60
SCR_GF_1789055841_021,2026-09-10 21:27:18,2026-10-10,30,google_flights,BLR,HYD,BLR-HYD,BLR,HYD,Air India Express,Air India Express,,2:55,4:05,70,1 hr 10 min,Economy,5526.0,,,True,Non-stop,cbc776f095a9
SCR_GF_1789055841_022,2026-09-10 21:27:18,2026-10-10,30,google_flights,BLR,HYD,BLR-HYD,BLR,HYD,Air India Express,Air India Express,,5:15,6:40,85,1 hr 25 min,Economy,5526.0,,,True,Non-stop,91e6c69708ae
SCR_GF_1789055841_023,2026-09-10 21:27:18,2026-10-10,30,google_flights,BLR,HYD,BLR-HYD,BLR,HYD,IndiGo,IndiGo,,9:25,10:40,75,1 hr 15 min,Economy,6291.0,,,True,Non-stop,08c829ffb2f0
SCR_GF_1789055841_024,2026-09-10 21:27:18,2026-10-10,30,google_flights,BLR,HYD,BLR-HYD,BLR,HYD,Air India Express,Air India Express,,12:30,1:45,75,1 hr 15 min,Economy,6427.0,,,True,Non-stop,458953e75128
SCR_GF_1789055841_025,2026-09-10 21:27:18,2026-10-10,30,google_flights,BLR,HYD,BLR-HYD,BLR,HYD,IndiGo,IndiGo,,6:35,7:45,70,1 hr 10 min,Economy,6825.0,,,True,Non-stop,9647573acb37
SCR_GF_1789055841_026,2026-09-10 21:27:18,2026-10-10,30,google_flights,BLR,HYD,BLR-HYD,BLR,HYD,IndiGo,IndiGo,,4:30,5:45,75,1 hr 15 min,Economy,8780.0,,,True,Non-stop,df8a50107068
SCR_GF_1789055841_027,2026-09-10 21:27:18,2026-10-10,30,google_flights,BLR,HYD,BLR-HYD,BLR,HYD,IndiGo,IndiGo,,2:50,4:05,75,1 hr 15 min,Economy,9570.0,,,True,Non-stop,0407a529b069
SCR_GF_1789055841_028,2026-09-10 21:27:18,2026-10-10,30,google_flights,BLR,HYD,BLR-HYD,BLR,HYD,IndiGo,IndiGo,,6:10,7:20,70,1 hr 10 min,Economy,11406.0,,,True,Non-stop,b6057aa4f019
SCR_GF_1789055841_029,2026-09-10 21:27:18,2026-10-10,30,google_flights,BLR,HYD,BLR-HYD,BLR,HYD,IndiGo,IndiGo,,9:15,10:30,75,1 hr 15 min,Economy,12468.0,,,True,Non-stop,d9db700eb08f
SCR_GF_1789055841_030,2026-09-10 21:27:18,2026-10-10,30,google_flights,BLR,HYD,BLR-HYD,BLR,HYD,IndiGo,IndiGo,,10:15,11:30,75,1 hr 15 min,Economy,12468.0,,,True,Non-stop,c6db13b833bc
SCR_GF_1789055841_031,2026-09-10 21:27:18,2026-10-10,30,google_flights,BLR,HYD,BLR-HYD,BLR,HYD,IndiGo,IndiGo,,11:35,12:50,75,1 hr 15 min,Economy,13641.0,,,True,Non-stop,f8cbddb9dc06
SCR_GF_1789055841_032,2026-09-10 21:27:18,2026-10-10,30,google_flights,BLR,HYD,BLR-HYD,BLR,HYD,IndiGo,IndiGo,,8:15,9:30,75,1 hr 15 min,Economy,14935.0,,,True,Non-stop,de653f08c6f4
SCR_GF_1789055841_033,2026-09-10 21:27:18,2026-10-10,30,google_flights,BLR,HYD,BLR-HYD,BLR,HYD,IndiGo,IndiGo,,9:00,8:25 AM,685,11 hr 25 min,Economy,36312.0,,,False,1 stop,9776894a3a09
SCR_GF_1789055844_001,2026-09-10 21:27:21,2026-09-11,1,google_flights,MAA,DEL,MAA-DEL,MAA,DEL,IndiGo,IndiGo,,1:00 PM,3:55 PM,175,2 hr 55 min,Economy,11000.0,,,True,Non-stop,68b98b3578aa
SCR_GF_1789055844_002,2026-09-10 21:27:21,2026-09-11,1,google_flights,MAA,DEL,MAA-DEL,MAA,DEL,IndiGo,IndiGo,,11:10 AM,1:55 PM,165,2 hr 45 min,Economy,11518.0,,,True,Non-stop,5cbb275a2d54
SCR_GF_1789055844_003,2026-09-10 21:27:21,2026-09-11,1,google_flights,MAA,DEL,MAA-DEL,MAA,DEL,Air India,Air India,,11:00 AM,2:00 PM,180,3 hr,Economy,11963.0,,,True,Non-stop,8b91230f926c
SCR_GF_1789055844_004,2026-09-10 21:27:21,2026-09-11,1,google_flights,MAA,DEL,MAA-DEL,MAA,DEL,Air India,Air India,,9:20 AM,12:15 PM,175,2 hr 55 min,Economy,11963.0,,,True,Non-stop,832707b0bfc7
SCR_GF_1789055844_005,2026-09-10 21:27:21,2026-09-11,1,google_flights,MAA,DEL,MAA-DEL,MAA,DEL,Air India,Air India,,2:00 PM,4:55 PM,175,2 hr 55 min,Economy,12551.0,,,True,Non-stop,efbeaf872968
SCR_GF_1789055844_006,2026-09-10 21:27:21,2026-09-11,1,google_flights,MAA,DEL,MAA-DEL,MAA,DEL,IndiGo,IndiGo,,9:15 AM,12:10 PM,175,2 hr 55 min,Economy,12642.0,,,True,Non-stop,c7e950494a31
SCR_GF_1789055844_007,2026-09-10 21:27:21,2026-09-11,1,google_flights,MAA,DEL,MAA-DEL,MAA,DEL,IndiGo,IndiGo,,2:30 PM,5:30 PM,180,3 hr,Economy,12642.0,,,True,Non-stop,8eb406b47f4e
SCR_GF_1789055844_008,2026-09-10 21:27:21,2026-09-11,1,google_flights,MAA,DEL,MAA-DEL,MAA,DEL,Air India,Air India,,4:20 PM,7:20 PM,180,3 hr,Economy,15207.0,,,True,Non-stop,c4cab11a6955
SCR_GF_1789055844_009,2026-09-10 21:27:21,2026-09-11,1,google_flights,MAA,DEL,MAA-DEL,MAA,DEL,IndiGo,IndiGo,,6:30 AM,9:25 AM,175,2 hr 55 min,Economy,17675.0,,,True,Non-stop,e3ccc18100d4
SCR_GF_1789055844_010,2026-09-10 21:27:21,2026-09-11,1,google_flights,MAA,DEL,MAA-DEL,MAA,DEL,IndiGo,IndiGo,,4:45 PM,7:40 PM,175,2 hr 55 min,Economy,18563.0,,,True,Non-stop,1e8bf9bacfa1
SCR_GF_1789055844_011,2026-09-10 21:27:21,2026-09-11,1,google_flights,MAA,DEL,MAA-DEL,MAA,DEL,IndiGo,IndiGo,,11:45 PM,2:40 AM,175,2 hr 55 min,Economy,18563.0,,,True,Non-stop,02b7bb0034a2
SCR_GF_1789055844_012,2026-09-10 21:27:21,2026-09-11,1,google_flights,MAA,DEL,MAA-DEL,MAA,DEL,IndiGo,IndiGo,,9:50 PM,12:35 AM,165,2 hr 45 min,Economy,19498.0,,,True,Non-stop,10b64593d96c
SCR_GF_1789055844_013,2026-09-10 21:27:21,2026-09-11,1,google_flights,MAA,DEL,MAA-DEL,MAA,DEL,Air India,Air India,,9:40 PM,12:40 AM,180,3 hr,Economy,21203.0,,,True,Non-stop,b4466820fe18
SCR_GF_1789055844_014,2026-09-10 21:27:21,2026-09-11,1,google_flights,MAA,DEL,MAA-DEL,MAA,DEL,Air India,Air India,,8:10 PM,11:00 PM,170,2 hr 50 min,Economy,21581.0,,,True,Non-stop,c35dd0bca98d
SCR_GF_1789055844_015,2026-09-10 21:27:21,2026-09-11,1,google_flights,MAA,DEL,MAA-DEL,MAA,DEL,IndiGo,IndiGo,,7:00 PM,9:55 PM,175,2 hr 55 min,Economy,22626.0,,,True,Non-stop,a39a67313693
SCR_GF_1789055844_016,2026-09-10 21:27:21,2026-09-11,1,google_flights,MAA,DEL,MAA-DEL,MAA,DEL,Air India,Air India,,6:55 AM,9:50 AM,175,2 hr 55 min,Economy,30632.0,,,True,Non-stop,82f4da7c02b5
SCR_GF_1789055844_017,2026-09-10 21:27:21,2026-09-11,1,google_flights,MAA,DEL,MAA-DEL,MAA,DEL,IndiGo,IndiGo,,10:05 PM,9:15 AM,670,11 hr 10 min,Economy,62248.0,,,False,1 stop,1db27697b941
SCR_GF_1789055844_018,2026-09-10 21:27:21,2026-09-11,1,google_flights,MAA,DEL,MAA-DEL,MAA,DEL,IndiGo,IndiGo,,9:15 PM,4:15 AM,420,7 hr,Economy,121388.0,,,False,1 stop,4f4363101a47
SCR_GF_1789055844_019,2026-09-10 21:27:21,2026-09-11,1,google_flights,MAA,DEL,MAA-DEL,MAA,DEL,IndiGo,IndiGo,,1:00,3:55,175,2 hr 55 min,Economy,11000.0,,,True,Non-stop,63751ff973a8
SCR_GF_1789055844_020,2026-09-10 21:27:21,2026-09-11,1,google_flights,MAA,DEL,MAA-DEL,MAA,DEL,IndiGo,IndiGo,,11:10,1:55,165,2 hr 45 min,Economy,11518.0,,,True,Non-stop,a65d4294248f
SCR_GF_1789055844_021,2026-09-10 21:27:21,2026-09-11,1,google_flights,MAA,DEL,MAA-DEL,MAA,DEL,Air India,Air India,,11:00,2:00,180,3 hr,Economy,11963.0,,,True,Non-stop,75e4c6bcff11
SCR_GF_1789055844_022,2026-09-10 21:27:21,2026-09-11,1,google_flights,MAA,DEL,MAA-DEL,MAA,DEL,Air India,Air India,,9:20,12:15,175,2 hr 55 min,Economy,11963.0,,,True,Non-stop,3f96a693046d
SCR_GF_1789055844_023,2026-09-10 21:27:21,2026-09-11,1,google_flights,MAA,DEL,MAA-DEL,MAA,DEL,Air India,Air India,,2:00,4:55,175,2 hr 55 min,Economy,12551.0,,,True,Non-stop,f76dd4ad1aad
SCR_GF_1789055844_024,2026-09-10 21:27:21,2026-09-11,1,google_flights,MAA,DEL,MAA-DEL,MAA,DEL,IndiGo,IndiGo,,9:15,12:10,175,2 hr 55 min,Economy,12642.0,,,True,Non-stop,6c8c4558a072
SCR_GF_1789055844_025,2026-09-10 21:27:21,2026-09-11,1,google_flights,MAA,DEL,MAA-DEL,MAA,DEL,IndiGo,IndiGo,,2:30,5:30,180,3 hr,Economy,12642.0,,,True,Non-stop,297964fe14c7
SCR_GF_1789055844_026,2026-09-10 21:27:21,2026-09-11,1,google_flights,MAA,DEL,MAA-DEL,MAA,DEL,Air India,Air India,,4:20,7:20,180,3 hr,Economy,15207.0,,,True,Non-stop,0ac1dae81be3
SCR_GF_1789055844_027,2026-09-10 21:27:21,2026-09-11,1,google_flights,MAA,DEL,MAA-DEL,MAA,DEL,IndiGo,IndiGo,,6:30,9:25,175,2 hr 55 min,Economy,17675.0,,,True,Non-stop,744039016628
SCR_GF_1789055844_028,2026-09-10 21:27:21,2026-09-11,1,google_flights,MAA,DEL,MAA-DEL,MAA,DEL,IndiGo,IndiGo,,4:45,7:40,175,2 hr 55 min,Economy,18563.0,,,True,Non-stop,827c70ccbb9b
SCR_GF_1789055844_029,2026-09-10 21:27:21,2026-09-11,1,google_flights,MAA,DEL,MAA-DEL,MAA,DEL,IndiGo,IndiGo,,11:45,2:40 AM,175,2 hr 55 min,Economy,18563.0,,,True,Non-stop,96f708813072
SCR_GF_1789055844_030,2026-09-10 21:27:21,2026-09-11,1,google_flights,MAA,DEL,MAA-DEL,MAA,DEL,IndiGo,IndiGo,,9:50,12:35 AM,165,2 hr 45 min,Economy,19498.0,,,True,Non-stop,fe82145e57a8
SCR_GF_1789055844_031,2026-09-10 21:27:21,2026-09-11,1,google_flights,MAA,DEL,MAA-DEL,MAA,DEL,Air India,Air India,,9:40,12:40 AM,180,3 hr,Economy,21203.0,,,True,Non-stop,96b2001ef056
SCR_GF_1789055844_032,2026-09-10 21:27:21,2026-09-11,1,google_flights,MAA,DEL,MAA-DEL,MAA,DEL,Air India,Air India,,8:10,11:00,170,2 hr 50 min,Economy,21581.0,,,True,Non-stop,5490b707ead8
SCR_GF_1789055844_033,2026-09-10 21:27:21,2026-09-11,1,google_flights,MAA,DEL,MAA-DEL,MAA,DEL,IndiGo,IndiGo,,7:00,9:55,175,2 hr 55 min,Economy,22626.0,,,True,Non-stop,636da5173cd4
SCR_GF_1789055844_034,2026-09-10 21:27:21,2026-09-11,1,google_flights,MAA,DEL,MAA-DEL,MAA,DEL,Air India,Air India,,6:55,9:50,175,2 hr 55 min,Economy,30632.0,,,True,Non-stop,680a51a42186
SCR_GF_1789055844_035,2026-09-10 21:27:21,2026-09-11,1,google_flights,MAA,DEL,MAA-DEL,MAA,DEL,IndiGo,IndiGo,,10:05,9:15 AM,670,11 hr 10 min,Economy,62248.0,,,False,1 stop,0eb8ff9a26b4
SCR_GF_1789055844_036,2026-09-10 21:27:21,2026-09-11,1,google_flights,MAA,DEL,MAA-DEL,MAA,DEL,IndiGo,IndiGo,,9:15,4:15 AM,420,7 hr,Economy,121388.0,,,False,1 stop,84f0a5d1f624
SCR_GF_1789055847_001,2026-09-10 21:27:25,2026-09-17,7,google_flights,MAA,DEL,MAA-DEL,MAA,DEL,IndiGo,IndiGo,,1:00 PM,3:55 PM,175,2 hr 55 min,Economy,10045.0,,,True,Non-stop,960e8c5728c4
SCR_GF_1789055847_002,2026-09-10 21:27:25,2026-09-17,7,google_flights,MAA,DEL,MAA-DEL,MAA,DEL,IndiGo,IndiGo,,2:30 PM,5:30 PM,180,3 hr,Economy,10045.0,,,True,Non-stop,09c1d4e25e4f
SCR_GF_1789055847_003,2026-09-10 21:27:25,2026-09-17,7,google_flights,MAA,DEL,MAA-DEL,MAA,DEL,IndiGo,IndiGo,,9:50 PM,12:35 AM,165,2 hr 45 min,Economy,10045.0,,,True,Non-stop,1e0725dec164
SCR_GF_1789055847_004,2026-09-10 21:27:25,2026-09-17,7,google_flights,MAA,DEL,MAA-DEL,MAA,DEL,Air India,Air India,,2:00 PM,4:55 PM,175,2 hr 55 min,Economy,10183.0,,,True,Non-stop,0be5aa797457
SCR_GF_1789055847_005,2026-09-10 21:27:25,2026-09-17,7,google_flights,MAA,DEL,MAA-DEL,MAA,DEL,IndiGo,IndiGo,,7:10 AM,12:30 PM,320,5 hr 20 min,Economy,10430.0,,,False,1 stop,8c514499d5bc
SCR_GF_1789055847_006,2026-09-10 21:27:25,2026-09-17,7,google_flights,MAA,DEL,MAA-DEL,MAA,DEL,Air India,Air India,,11:00 AM,2:00 PM,180,3 hr,Economy,10183.0,,,True,Non-stop,4802138d4ab8
SCR_GF_1789055847_007,2026-09-10 21:27:25,2026-09-17,7,google_flights,MAA,DEL,MAA-DEL,MAA,DEL,Air India,Air India,,8:10 PM,11:00 PM,170,2 hr 50 min,Economy,10183.0,,,True,Non-stop,eb5d4bf255e7
SCR_GF_1789055847_008,2026-09-10 21:27:25,2026-09-17,7,google_flights,MAA,DEL,MAA-DEL,MAA,DEL,Air India,Air India,,9:40 PM,12:40 AM,180,3 hr,Economy,10183.0,,,True,Non-stop,14dcf466e04b
SCR_GF_1789055847_009,2026-09-10 21:27:25,2026-09-17,7,google_flights,MAA,DEL,MAA-DEL,MAA,DEL,Air India,Air India,,4:20 PM,7:20 PM,180,3 hr,Economy,10398.0,,,True,Non-stop,d821ca44926b
SCR_GF_1789055847_010,2026-09-10 21:27:25,2026-09-17,7,google_flights,MAA,DEL,MAA-DEL,MAA,DEL,IndiGo,IndiGo,,3:55 AM,9:15 AM,320,5 hr 20 min,Economy,10430.0,,,False,1 stop,cddd6fe91ba9
SCR_GF_1789055847_011,2026-09-10 21:27:25,2026-09-17,7,google_flights,MAA,DEL,MAA-DEL,MAA,DEL,IndiGo,IndiGo,,11:45 PM,2:40 AM,175,2 hr 55 min,Economy,10510.0,,,True,Non-stop,41d90c93bf9c
SCR_GF_1789055847_012,2026-09-10 21:27:25,2026-09-17,7,google_flights,MAA,DEL,MAA-DEL,MAA,DEL,IndiGo,IndiGo,,4:45 PM,7:40 PM,175,2 hr 55 min,Economy,11000.0,,,True,Non-stop,7edf80febb7c
SCR_GF_1789055847_013,2026-09-10 21:27:25,2026-09-17,7,google_flights,MAA,DEL,MAA-DEL,MAA,DEL,IndiGo,IndiGo,,7:00 PM,9:55 PM,175,2 hr 55 min,Economy,11000.0,,,True,Non-stop,6686f2ae2b82
SCR_GF_1789055847_014,2026-09-10 21:27:25,2026-09-17,7,google_flights,MAA,DEL,MAA-DEL,MAA,DEL,Air India,Air India,,9:20 AM,12:15 PM,175,2 hr 55 min,Economy,11963.0,,,True,Non-stop,0802fefbebb2
SCR_GF_1789055847_015,2026-09-10 21:27:25,2026-09-17,7,google_flights,MAA,DEL,MAA-DEL,MAA,DEL,IndiGo,IndiGo,,9:15 AM,12:10 PM,175,2 hr 55 min,Economy,12065.0,,,True,Non-stop,5f6b60736fc5
SCR_GF_1789055847_016,2026-09-10 21:27:25,2026-09-17,7,google_flights,MAA,DEL,MAA-DEL,MAA,DEL,IndiGo,IndiGo,,11:10 AM,1:55 PM,165,2 hr 45 min,Economy,12065.0,,,True,Non-stop,8ad8c214ca47
SCR_GF_1789055847_017,2026-09-10 21:27:25,2026-09-17,7,google_flights,MAA,DEL,MAA-DEL,MAA,DEL,IndiGo,IndiGo,,6:30 AM,9:25 AM,175,2 hr 55 min,Economy,13892.0,,,True,Non-stop,7087f090d62e
SCR_GF_1789055847_018,2026-09-10 21:27:25,2026-09-17,7,google_flights,MAA,DEL,MAA-DEL,MAA,DEL,Air India,Air India,,6:55 AM,9:50 AM,175,2 hr 55 min,Economy,14567.0,,,True,Non-stop,d279776fd9a5
SCR_GF_1789055847_019,2026-09-10 21:27:25,2026-09-17,7,google_flights,MAA,DEL,MAA-DEL,MAA,DEL,IndiGo,IndiGo,,9:55 AM,5:45 PM,470,7 hr 50 min,Economy,29866.0,,,False,1 stop,6d3783b4ea91
SCR_GF_1789055847_020,2026-09-10 21:27:25,2026-09-17,7,google_flights,MAA,DEL,MAA-DEL,MAA,DEL,IndiGo,IndiGo,,9:15 PM,4:15 AM,420,7 hr,Economy,36146.0,,,False,1 stop,3a1b1ac1ac3a
SCR_GF_1789055847_021,2026-09-10 21:27:25,2026-09-17,7,google_flights,MAA,DEL,MAA-DEL,MAA,DEL,IndiGo,IndiGo,,1:00,3:55,175,2 hr 55 min,Economy,10045.0,,,True,Non-stop,815b5a469883
SCR_GF_1789055847_022,2026-09-10 21:27:25,2026-09-17,7,google_flights,MAA,DEL,MAA-DEL,MAA,DEL,IndiGo,IndiGo,,2:30,5:30,180,3 hr,Economy,10045.0,,,True,Non-stop,f471baf73f4b
SCR_GF_1789055847_023,2026-09-10 21:27:25,2026-09-17,7,google_flights,MAA,DEL,MAA-DEL,MAA,DEL,IndiGo,IndiGo,,9:50,12:35 AM,165,2 hr 45 min,Economy,10045.0,,,True,Non-stop,00d11df3bb99
SCR_GF_1789055847_024,2026-09-10 21:27:25,2026-09-17,7,google_flights,MAA,DEL,MAA-DEL,MAA,DEL,Air India,Air India,,2:00,4:55,175,2 hr 55 min,Economy,10183.0,,,True,Non-stop,be7e8a980707
SCR_GF_1789055847_025,2026-09-10 21:27:25,2026-09-17,7,google_flights,MAA,DEL,MAA-DEL,MAA,DEL,IndiGo,IndiGo,,7:10,12:30,320,5 hr 20 min,Economy,10430.0,,,False,1 stop,18803c267047
SCR_GF_1789055847_026,2026-09-10 21:27:25,2026-09-17,7,google_flights,MAA,DEL,MAA-DEL,MAA,DEL,Air India,Air India,,11:00,2:00,180,3 hr,Economy,10183.0,,,True,Non-stop,44f30c920729
SCR_GF_1789055847_027,2026-09-10 21:27:25,2026-09-17,7,google_flights,MAA,DEL,MAA-DEL,MAA,DEL,Air India,Air India,,8:10,11:00,170,2 hr 50 min,Economy,10183.0,,,True,Non-stop,16c002c592ad
SCR_GF_1789055847_028,2026-09-10 21:27:25,2026-09-17,7,google_flights,MAA,DEL,MAA-DEL,MAA,DEL,Air India,Air India,,9:40,12:40 AM,180,3 hr,Economy,10183.0,,,True,Non-stop,775cedd71f1c
SCR_GF_1789055847_029,2026-09-10 21:27:25,2026-09-17,7,google_flights,MAA,DEL,MAA-DEL,MAA,DEL,Air India,Air India,,4:20,7:20,180,3 hr,Economy,10398.0,,,True,Non-stop,1530410d3b9c
SCR_GF_1789055847_030,2026-09-10 21:27:25,2026-09-17,7,google_flights,MAA,DEL,MAA-DEL,MAA,DEL,IndiGo,IndiGo,,3:55,9:15,320,5 hr 20 min,Economy,10430.0,,,False,1 stop,91d7580e6fed
SCR_GF_1789055847_031,2026-09-10 21:27:25,2026-09-17,7,google_flights,MAA,DEL,MAA-DEL,MAA,DEL,IndiGo,IndiGo,,11:45,2:40 AM,175,2 hr 55 min,Economy,10510.0,,,True,Non-stop,6c825eca016e
SCR_GF_1789055847_032,2026-09-10 21:27:25,2026-09-17,7,google_flights,MAA,DEL,MAA-DEL,MAA,DEL,IndiGo,IndiGo,,4:45,7:40,175,2 hr 55 min,Economy,11000.0,,,True,Non-stop,dbe7191ff9b9
SCR_GF_1789055847_033,2026-09-10 21:27:25,2026-09-17,7,google_flights,MAA,DEL,MAA-DEL,MAA,DEL,IndiGo,IndiGo,,7:00,9:55,175,2 hr 55 min,Economy,11000.0,,,True,Non-stop,626cde7517a0
SCR_GF_1789055847_034,2026-09-10 21:27:25,2026-09-17,7,google_flights,MAA,DEL,MAA-DEL,MAA,DEL,Air India,Air India,,9:20,12:15,175,2 hr 55 min,Economy,11963.0,,,True,Non-stop,a0b46a6e0b56
SCR_GF_1789055847_035,2026-09-10 21:27:25,2026-09-17,7,google_flights,MAA,DEL,MAA-DEL,MAA,DEL,IndiGo,IndiGo,,9:15,12:10,175,2 hr 55 min,Economy,12065.0,,,True,Non-stop,9d81f5b83d75
SCR_GF_1789055847_036,2026-09-10 21:27:25,2026-09-17,7,google_flights,MAA,DEL,MAA-DEL,MAA,DEL,IndiGo,IndiGo,,11:10,1:55,165,2 hr 45 min,Economy,12065.0,,,True,Non-stop,a206e2893069
SCR_GF_1789055847_037,2026-09-10 21:27:25,2026-09-17,7,google_flights,MAA,DEL,MAA-DEL,MAA,DEL,IndiGo,IndiGo,,6:30,9:25,175,2 hr 55 min,Economy,13892.0,,,True,Non-stop,7edec2f5e3ba
SCR_GF_1789055847_038,2026-09-10 21:27:25,2026-09-17,7,google_flights,MAA,DEL,MAA-DEL,MAA,DEL,Air India,Air India,,6:55,9:50,175,2 hr 55 min,Economy,14567.0,,,True,Non-stop,72ad740cb65b
SCR_GF_1789055847_039,2026-09-10 21:27:25,2026-09-17,7,google_flights,MAA,DEL,MAA-DEL,MAA,DEL,IndiGo,IndiGo,,9:55,5:45,470,7 hr 50 min,Economy,29866.0,,,False,1 stop,8895ac8c5e85
SCR_GF_1789055847_040,2026-09-10 21:27:25,2026-09-17,7,google_flights,MAA,DEL,MAA-DEL,MAA,DEL,IndiGo,IndiGo,,9:15,4:15 AM,420,7 hr,Economy,36146.0,,,False,1 stop,2831f93bbd51
SCR_GF_1789055850_001,2026-09-10 21:27:27,2026-10-10,30,google_flights,MAA,DEL,MAA-DEL,MAA,DEL,IndiGo,IndiGo,,8:00,2:00 AM,360,6 hr,Economy,9752.0,,,False,1 stop,74c4b6aa1401
SCR_GF_1789055850_002,2026-09-10 21:27:27,2026-10-10,30,google_flights,MAA,DEL,MAA-DEL,MAA,DEL,IndiGo,IndiGo,,11:10,1:55,165,2 hr 45 min,Economy,10045.0,,,True,Non-stop,3e62ab1b57a6
SCR_GF_1789055850_003,2026-09-10 21:27:27,2026-10-10,30,google_flights,MAA,DEL,MAA-DEL,MAA,DEL,Air India,Air India,,8:05,11:05,180,3 hr,Economy,10183.0,,,True,Non-stop,012cdf661feb
SCR_GF_1789055850_004,2026-09-10 21:27:27,2026-10-10,30,google_flights,MAA,DEL,MAA-DEL,MAA,DEL,IndiGo,IndiGo,,2:30,8:10,340,5 hr 40 min,Economy,9883.0,,,False,1 stop,dedea6f08bb2
SCR_GF_1789055850_005,2026-09-10 21:27:27,2026-10-10,30,google_flights,MAA,DEL,MAA-DEL,MAA,DEL,IndiGo,IndiGo,,5:00,10:35,335,5 hr 35 min,Economy,9883.0,,,False,1 stop,d2fa64ca9d55
SCR_GF_1789055850_006,2026-09-10 21:27:27,2026-10-10,30,google_flights,MAA,DEL,MAA-DEL,MAA,DEL,IndiGo,IndiGo,,2:45,5:40,175,2 hr 55 min,Economy,10045.0,,,True,Non-stop,1b820d8fccd9
SCR_GF_1789055850_007,2026-09-10 21:27:27,2026-10-10,30,google_flights,MAA,DEL,MAA-DEL,MAA,DEL,IndiGo,IndiGo,,6:30,9:25,175,2 hr 55 min,Economy,10045.0,,,True,Non-stop,9fb1e50f4b2e
SCR_GF_1789055850_008,2026-09-10 21:27:27,2026-10-10,30,google_flights,MAA,DEL,MAA-DEL,MAA,DEL,IndiGo,IndiGo,,9:15,12:10,175,2 hr 55 min,Economy,10045.0,,,True,Non-stop,692c6d7991b4
SCR_GF_1789055850_009,2026-09-10 21:27:27,2026-10-10,30,google_flights,MAA,DEL,MAA-DEL,MAA,DEL,IndiGo,IndiGo,,1:00,3:55,175,2 hr 55 min,Economy,10045.0,,,True,Non-stop,708f26ad802f
SCR_GF_1789055850_010,2026-09-10 21:27:27,2026-10-10,30,google_flights,MAA,DEL,MAA-DEL,MAA,DEL,IndiGo,IndiGo,,2:30,5:30,180,3 hr,Economy,10045.0,,,True,Non-stop,a02a6f59131e
SCR_GF_1789055850_011,2026-09-10 21:27:27,2026-10-10,30,google_flights,MAA,DEL,MAA-DEL,MAA,DEL,IndiGo,IndiGo,,7:00,9:55,175,2 hr 55 min,Economy,10045.0,,,True,Non-stop,6e61a7b5af34
SCR_GF_1789055850_012,2026-09-10 21:27:27,2026-10-10,30,google_flights,MAA,DEL,MAA-DEL,MAA,DEL,IndiGo,IndiGo,,9:50,12:35 AM,165,2 hr 45 min,Economy,10045.0,,,True,Non-stop,11ad1b3e7098
SCR_GF_1789055850_013,2026-09-10 21:27:27,2026-10-10,30,google_flights,MAA,DEL,MAA-DEL,MAA,DEL,IndiGo,IndiGo,,11:45,2:40 AM,175,2 hr 55 min,Economy,10045.0,,,True,Non-stop,bbeaa403ff11
SCR_GF_1789055850_014,2026-09-10 21:27:27,2026-10-10,30,google_flights,MAA,DEL,MAA-DEL,MAA,DEL,Air India,Air India,,6:55,9:45,170,2 hr 50 min,Economy,10183.0,,,True,Non-stop,207d707671fa
SCR_GF_1789055850_015,2026-09-10 21:27:27,2026-10-10,30,google_flights,MAA,DEL,MAA-DEL,MAA,DEL,Air India,Air India,,11:00,2:00,180,3 hr,Economy,10183.0,,,True,Non-stop,41185b791bf4
SCR_GF_1789055850_016,2026-09-10 21:27:27,2026-10-10,30,google_flights,MAA,DEL,MAA-DEL,MAA,DEL,Air India,Air India,,2:00,4:55,175,2 hr 55 min,Economy,10183.0,,,True,Non-stop,7b8626ad1c38
SCR_GF_1789055850_017,2026-09-10 21:27:27,2026-10-10,30,google_flights,MAA,DEL,MAA-DEL,MAA,DEL,Air India,Air India,,4:20,7:20,180,3 hr,Economy,10183.0,,,True,Non-stop,6c6a1879229c
SCR_GF_1789055850_018,2026-09-10 21:27:27,2026-10-10,30,google_flights,MAA,DEL,MAA-DEL,MAA,DEL,Air India,Air India,,8:10,10:55,165,2 hr 45 min,Economy,10183.0,,,True,Non-stop,145470974496
SCR_GF_1789055850_019,2026-09-10 21:27:27,2026-10-10,30,google_flights,MAA,DEL,MAA-DEL,MAA,DEL,Air India,Air India,,9:40,12:40 AM,180,3 hr,Economy,10183.0,,,True,Non-stop,5227ff540ba0
SCR_GF_1789055850_020,2026-09-10 21:27:27,2026-10-10,30,google_flights,MAA,DEL,MAA-DEL,MAA,DEL,IndiGo,IndiGo,,4:45,7:40,175,2 hr 55 min,Economy,10510.0,,,True,Non-stop,a8239c4772d9
SCR_GF_1789055850_021,2026-09-10 21:27:27,2026-10-10,30,google_flights,MAA,DEL,MAA-DEL,MAA,DEL,IndiGo,IndiGo,,9:55,4:15 AM,1100,18 hr 20 min,Economy,25540.0,,,False,1 stop,851016f02bde
SCR_GF_1789055850_022,2026-09-10 21:27:27,2026-10-10,30,google_flights,MAA,DEL,MAA-DEL,MAA,DEL,IndiGo,IndiGo,,9:15,4:15 AM,420,7 hr,Economy,27620.0,,,False,1 stop,8fea930e3f7f
SCR_GF_1789055850_023,2026-09-10 21:27:27,2026-10-10,30,google_flights,MAA,DEL,MAA-DEL,MAA,DEL,IndiGo,IndiGo,,8:00,2:00 AM,360,6 hr,Economy,9752.0,,,False,1 stop,74c4b6aa1401
SCR_GF_1789055850_024,2026-09-10 21:27:27,2026-10-10,30,google_flights,MAA,DEL,MAA-DEL,MAA,DEL,IndiGo,IndiGo,,11:10,1:55,165,2 hr 45 min,Economy,10045.0,,,True,Non-stop,3e62ab1b57a6
SCR_GF_1789055850_025,2026-09-10 21:27:27,2026-10-10,30,google_flights,MAA,DEL,MAA-DEL,MAA,DEL,Air India,Air India,,8:05,11:05,180,3 hr,Economy,10183.0,,,True,Non-stop,012cdf661feb
SCR_GF_1789055850_026,2026-09-10 21:27:27,2026-10-10,30,google_flights,MAA,DEL,MAA-DEL,MAA,DEL,IndiGo,IndiGo,,2:30,8:10,340,5 hr 40 min,Economy,9883.0,,,False,1 stop,dedea6f08bb2
SCR_GF_1789055850_027,2026-09-10 21:27:27,2026-10-10,30,google_flights,MAA,DEL,MAA-DEL,MAA,DEL,IndiGo,IndiGo,,5:00,10:35,335,5 hr 35 min,Economy,9883.0,,,False,1 stop,d2fa64ca9d55
SCR_GF_1789055850_028,2026-09-10 21:27:27,2026-10-10,30,google_flights,MAA,DEL,MAA-DEL,MAA,DEL,IndiGo,IndiGo,,2:45,5:40,175,2 hr 55 min,Economy,10045.0,,,True,Non-stop,1b820d8fccd9
SCR_GF_1789055850_029,2026-09-10 21:27:27,2026-10-10,30,google_flights,MAA,DEL,MAA-DEL,MAA,DEL,IndiGo,IndiGo,,6:30,9:25,175,2 hr 55 min,Economy,10045.0,,,True,Non-stop,9fb1e50f4b2e
SCR_GF_1789055850_030,2026-09-10 21:27:27,2026-10-10,30,google_flights,MAA,DEL,MAA-DEL,MAA,DEL,IndiGo,IndiGo,,9:15,12:10,175,2 hr 55 min,Economy,10045.0,,,True,Non-stop,692c6d7991b4
SCR_GF_1789055850_031,2026-09-10 21:27:27,2026-10-10,30,google_flights,MAA,DEL,MAA-DEL,MAA,DEL,IndiGo,IndiGo,,1:00,3:55,175,2 hr 55 min,Economy,10045.0,,,True,Non-stop,708f26ad802f
SCR_GF_1789055850_032,2026-09-10 21:27:27,2026-10-10,30,google_flights,MAA,DEL,MAA-DEL,MAA,DEL,IndiGo,IndiGo,,2:30,5:30,180,3 hr,Economy,10045.0,,,True,Non-stop,a02a6f59131e
SCR_GF_1789055850_033,2026-09-10 21:27:27,2026-10-10,30,google_flights,MAA,DEL,MAA-DEL,MAA,DEL,IndiGo,IndiGo,,7:00,9:55,175,2 hr 55 min,Economy,10045.0,,,True,Non-stop,6e61a7b5af34
SCR_GF_1789055850_034,2026-09-10 21:27:27,2026-10-10,30,google_flights,MAA,DEL,MAA-DEL,MAA,DEL,IndiGo,IndiGo,,9:50,12:35 AM,165,2 hr 45 min,Economy,10045.0,,,True,Non-stop,11ad1b3e7098
SCR_GF_1789055850_035,2026-09-10 21:27:27,2026-10-10,30,google_flights,MAA,DEL,MAA-DEL,MAA,DEL,IndiGo,IndiGo,,11:45,2:40 AM,175,2 hr 55 min,Economy,10045.0,,,True,Non-stop,bbeaa403ff11
SCR_GF_1789055851_036,2026-09-10 21:27:27,2026-10-10,30,google_flights,MAA,DEL,MAA-DEL,MAA,DEL,Air India,Air India,,6:55,9:45,170,2 hr 50 min,Economy,10183.0,,,True,Non-stop,207d707671fa
SCR_GF_1789055851_037,2026-09-10 21:27:27,2026-10-10,30,google_flights,MAA,DEL,MAA-DEL,MAA,DEL,Air India,Air India,,11:00,2:00,180,3 hr,Economy,10183.0,,,True,Non-stop,41185b791bf4
SCR_GF_1789055851_038,2026-09-10 21:27:27,2026-10-10,30,google_flights,MAA,DEL,MAA-DEL,MAA,DEL,Air India,Air India,,2:00,4:55,175,2 hr 55 min,Economy,10183.0,,,True,Non-stop,7b8626ad1c38
SCR_GF_1789055851_039,2026-09-10 21:27:27,2026-10-10,30,google_flights,MAA,DEL,MAA-DEL,MAA,DEL,Air India,Air India,,4:20,7:20,180,3 hr,Economy,10183.0,,,True,Non-stop,6c6a1879229c
SCR_GF_1789055851_040,2026-09-10 21:27:27,2026-10-10,30,google_flights,MAA,DEL,MAA-DEL,MAA,DEL,Air India,Air India,,8:10,10:55,165,2 hr 45 min,Economy,10183.0,,,True,Non-stop,145470974496
SCR_GF_1789055851_041,2026-09-10 21:27:27,2026-10-10,30,google_flights,MAA,DEL,MAA-DEL,MAA,DEL,Air India,Air India,,9:40,12:40 AM,180,3 hr,Economy,10183.0,,,True,Non-stop,5227ff540ba0
SCR_GF_1789055851_042,2026-09-10 21:27:27,2026-10-10,30,google_flights,MAA,DEL,MAA-DEL,MAA,DEL,IndiGo,IndiGo,,4:45,7:40,175,2 hr 55 min,Economy,10510.0,,,True,Non-stop,a8239c4772d9
SCR_GF_1789055851_043,2026-09-10 21:27:27,2026-10-10,30,google_flights,MAA,DEL,MAA-DEL,MAA,DEL,IndiGo,IndiGo,,9:55,4:15 AM,1100,18 hr 20 min,Economy,25540.0,,,False,1 stop,851016f02bde
SCR_GF_1789055851_044,2026-09-10 21:27:27,2026-10-10,30,google_flights,MAA,DEL,MAA-DEL,MAA,DEL,IndiGo,IndiGo,,9:15,4:15 AM,420,7 hr,Economy,27620.0,,,False,1 stop,8fea930e3f7f
