record_id,search_timestamp,travel_date,lead_time_days,source_platform,origin_iata,dest_iata,route,origin_raw,dest_raw,airline_standardized,airline_raw,flight_number,departure_time,arrival_time,duration_minutes,duration_raw,cabin_class,total_fare_inr,base_fare_inr,taxes_fees_inr,is_nonstop,raw_hash
SCR_GF_1788931426_001,2026-09-09 10:53:32,2026-09-10,1,google_flights,DEL,BOM,DEL-BOM,DEL,BOM,Air India,Air India,,11:00 PM,1:25 AM,145,2 hr 25 min,Economy,6314.0,,,True,11125f32b95c
SCR_GF_1788931426_002,2026-09-09 10:53:32,2026-09-10,1,google_flights,DEL,BOM,DEL-BOM,DEL,BOM,IndiGo,IndiGo,,11:30 PM,1:45 AM,135,2 hr 15 min,Economy,6425.0,,,True,eb34a456bc75
SCR_GF_1788931426_003,2026-09-09 10:53:32,2026-09-10,1,google_flights,DEL,BOM,DEL-BOM,DEL,BOM,Air India,Air India,,11:25 PM,1:50 AM,145,2 hr 25 min,Economy,6610.0,,,True,2ad274ffb164
SCR_GF_1788931426_004,2026-09-09 10:53:32,2026-09-10,1,google_flights,DEL,BOM,DEL-BOM,DEL,BOM,Akasa Air,Akasa Air,,4:00 PM,6:20 PM,140,2 hr 20 min,Economy,6880.0,,,True,32592ae6eb8d
SCR_GF_1788931426_005,2026-09-09 10:53:32,2026-09-10,1,google_flights,DEL,BOM,DEL-BOM,DEL,BOM,IndiGo,IndiGo,,5:55 AM,11:35 AM,340,5 hr 40 min,Economy,6117.0,,,False,ef1fe8e505fb
SCR_GF_1788931426_006,2026-09-09 10:53:32,2026-09-10,1,google_flights,DEL,BOM,DEL-BOM,DEL,BOM,Air India,Air India,,5:00 AM,7:20 AM,140,2 hr 20 min,Economy,6314.0,,,True,79d45c4bc8f2
SCR_GF_1788931426_007,2026-09-09 10:53:32,2026-09-10,1,google_flights,DEL,BOM,DEL-BOM,DEL,BOM,IndiGo,IndiGo,,5:00 AM,7:15 AM,135,2 hr 15 min,Economy,6425.0,,,True,5ef664475afd
SCR_GF_1788931426_008,2026-09-09 10:53:32,2026-09-10,1,google_flights,DEL,BOM,DEL-BOM,DEL,BOM,IndiGo,IndiGo,,6:05 AM,8:20 AM,135,2 hr 15 min,Economy,6425.0,,,True,ec398290cf00
SCR_GF_1788931426_009,2026-09-09 10:53:32,2026-09-10,1,google_flights,DEL,BOM,DEL-BOM,DEL,BOM,IndiGo,IndiGo,,8:45 AM,11:00 AM,135,2 hr 15 min,Economy,6425.0,,,True,e33535e8825a
SCR_GF_1788931426_010,2026-09-09 10:53:32,2026-09-10,1,google_flights,DEL,BOM,DEL-BOM,DEL,BOM,IndiGo,IndiGo,,9:30 AM,11:55 AM,145,2 hr 25 min,Economy,6425.0,,,True,37e73c62e05e
SCR_GF_1788931426_011,2026-09-09 10:53:32,2026-09-10,1,google_flights,DEL,BOM,DEL-BOM,DEL,BOM,IndiGo,IndiGo,,10:15 AM,12:35 PM,140,2 hr 20 min,Economy,6425.0,,,True,e9a0f2630b6d
SCR_GF_1788931426_012,2026-09-09 10:53:32,2026-09-10,1,google_flights,DEL,BOM,DEL-BOM,DEL,BOM,IndiGo,IndiGo,,11:00 AM,1:15 PM,135,2 hr 15 min,Economy,6425.0,,,True,2f79b7432068
SCR_GF_1788931426_013,2026-09-09 10:53:32,2026-09-10,1,google_flights,DEL,BOM,DEL-BOM,DEL,BOM,IndiGo,IndiGo,,12:00 PM,2:15 PM,135,2 hr 15 min,Economy,6425.0,,,True,4bae1bf100b6
SCR_GF_1788931426_014,2026-09-09 10:53:32,2026-09-10,1,google_flights,DEL,BOM,DEL-BOM,DEL,BOM,IndiGo,IndiGo,,1:00 PM,3:10 PM,130,2 hr 10 min,Economy,6425.0,,,True,b21059aa60f4
SCR_GF_1788931426_015,2026-09-09 10:53:32,2026-09-10,1,google_flights,DEL,BOM,DEL-BOM,DEL,BOM,IndiGo,IndiGo,,2:00 PM,4:25 PM,145,2 hr 25 min,Economy,6425.0,,,True,e5275f829e7a
SCR_GF_1788931426_016,2026-09-09 10:53:32,2026-09-10,1,google_flights,DEL,BOM,DEL-BOM,DEL,BOM,IndiGo,IndiGo,,2:45 PM,5:00 PM,135,2 hr 15 min,Economy,6425.0,,,True,48a38e48788a
SCR_GF_1788931426_017,2026-09-09 10:53:32,2026-09-10,1,google_flights,DEL,BOM,DEL-BOM,DEL,BOM,IndiGo,IndiGo,,3:30 PM,5:45 PM,135,2 hr 15 min,Economy,6425.0,,,True,aa01a81eff01
SCR_GF_1788931426_018,2026-09-09 10:53:32,2026-09-10,1,google_flights,DEL,BOM,DEL-BOM,DEL,BOM,IndiGo,IndiGo,,4:15 PM,6:35 PM,140,2 hr 20 min,Economy,6425.0,,,True,c1f9895824f3
SCR_GF_1788931426_019,2026-09-09 10:53:32,2026-09-10,1,google_flights,DEL,BOM,DEL-BOM,DEL,BOM,IndiGo,IndiGo,,10:45 PM,1:05 AM,140,2 hr 20 min,Economy,6425.0,,,True,dc200bb72486
SCR_GF_1788931426_020,2026-09-09 10:53:32,2026-09-10,1,google_flights,DEL,BOM,DEL-BOM,DEL,BOM,Air India,Air India,,9:30 AM,12:00 PM,150,2 hr 30 min,Economy,6582.0,,,True,3154f8061c67
SCR_GF_1788931426_021,2026-09-09 10:53:32,2026-09-10,1,google_flights,DEL,BOM,DEL-BOM,DEL,BOM,Air India,Air India,,12:00 PM,2:25 PM,145,2 hr 25 min,Economy,6582.0,,,True,a1dab359d9a9
SCR_GF_1788931426_022,2026-09-09 10:53:32,2026-09-10,1,google_flights,DEL,BOM,DEL-BOM,DEL,BOM,Air India,Air India,,4:00 PM,6:25 PM,145,2 hr 25 min,Economy,6582.0,,,True,c898bb60d479
SCR_GF_1788931426_023,2026-09-09 10:53:32,2026-09-10,1,google_flights,DEL,BOM,DEL-BOM,DEL,BOM,Air India,Air India,,4:30 PM,6:50 PM,140,2 hr 20 min,Economy,6582.0,,,True,aec711085223
SCR_GF_1788931426_024,2026-09-09 10:53:32,2026-09-10,1,google_flights,DEL,BOM,DEL-BOM,DEL,BOM,IndiGo,IndiGo,,5:00 PM,7:15 PM,135,2 hr 15 min,Economy,6583.0,,,True,a641cab3953a
SCR_GF_1788931426_025,2026-09-09 10:53:32,2026-09-10,1,google_flights,DEL,BOM,DEL-BOM,DEL,BOM,IndiGo,IndiGo,,9:45 PM,12:05 AM,140,2 hr 20 min,Economy,6583.0,,,True,4377c7a58042
SCR_GF_1788931426_026,2026-09-09 10:53:32,2026-09-10,1,google_flights,DEL,BOM,DEL-BOM,DEL,BOM,Air India,Air India,,5:35 AM,8:05 AM,150,2 hr 30 min,Economy,6610.0,,,True,698a605068e4
SCR_GF_1788931426_027,2026-09-09 10:53:32,2026-09-10,1,google_flights,DEL,BOM,DEL-BOM,DEL,BOM,Air India,Air India,,10:00 AM,12:25 PM,145,2 hr 25 min,Economy,6740.0,,,True,dbbf03f2ce04
SCR_GF_1788931426_028,2026-09-09 10:53:32,2026-09-10,1,google_flights,DEL,BOM,DEL-BOM,DEL,BOM,Air India,Air India,,11:00 AM,1:25 PM,145,2 hr 25 min,Economy,6740.0,,,True,9fdaf7cb4cac
SCR_GF_1788931426_029,2026-09-09 10:53:32,2026-09-10,1,google_flights,DEL,BOM,DEL-BOM,DEL,BOM,Air India,Air India,,3:30 PM,5:55 PM,145,2 hr 25 min,Economy,6740.0,,,True,d6ec4aac2ae3
SCR_GF_1788931426_030,2026-09-09 10:53:32,2026-09-10,1,google_flights,DEL,BOM,DEL-BOM,DEL,BOM,Air India,Air India,,5:00 PM,7:25 PM,145,2 hr 25 min,Economy,6740.0,,,True,3d50495cab34
SCR_GF_1788931426_031,2026-09-09 10:53:32,2026-09-10,1,google_flights,DEL,BOM,DEL-BOM,DEL,BOM,Akasa Air,Akasa Air,,8:40 AM,10:55 AM,135,2 hr 15 min,Economy,6880.0,,,True,56334e9b0aa5
SCR_GF_1788931426_032,2026-09-09 10:53:32,2026-09-10,1,google_flights,DEL,BOM,DEL-BOM,DEL,BOM,Akasa Air,Akasa Air,,9:20 AM,11:40 AM,140,2 hr 20 min,Economy,6880.0,,,True,067ddd7eabb9
SCR_GF_1788931426_033,2026-09-09 10:53:32,2026-09-10,1,google_flights,DEL,BOM,DEL-BOM,DEL,BOM,Akasa Air,Akasa Air,,10:30 AM,12:45 PM,135,2 hr 15 min,Economy,6880.0,,,True,dd2a96380f0a
SCR_GF_1788931426_034,2026-09-09 10:53:32,2026-09-10,1,google_flights,DEL,BOM,DEL-BOM,DEL,BOM,Akasa Air,Akasa Air,,12:30 PM,2:55 PM,145,2 hr 25 min,Economy,6880.0,,,True,7b223c08214d
SCR_GF_1788931426_035,2026-09-09 10:53:32,2026-09-10,1,google_flights,DEL,BOM,DEL-BOM,DEL,BOM,Air India,Air India,,7:00 AM,9:25 AM,145,2 hr 25 min,Economy,6950.0,,,True,aeae0b257cc7
SCR_GF_1788931426_036,2026-09-09 10:53:32,2026-09-10,1,google_flights,DEL,BOM,DEL-BOM,DEL,BOM,Air India,Air India,,7:30 AM,9:55 AM,145,2 hr 25 min,Economy,6950.0,,,True,2fa80a6e65ca
SCR_GF_1788931426_037,2026-09-09 10:53:32,2026-09-10,1,google_flights,DEL,BOM,DEL-BOM,DEL,BOM,IndiGo,IndiGo,,7:15 AM,9:30 AM,135,2 hr 15 min,Economy,7055.0,,,True,f46302b96f9f
SCR_GF_1788931426_038,2026-09-09 10:53:32,2026-09-10,1,google_flights,DEL,BOM,DEL-BOM,DEL,BOM,IndiGo,IndiGo,,8:00 AM,10:20 AM,140,2 hr 20 min,Economy,7055.0,,,True,beed2a98f5a1
SCR_GF_1788931426_039,2026-09-09 10:53:32,2026-09-10,1,google_flights,DEL,BOM,DEL-BOM,DEL,BOM,IndiGo,IndiGo,,8:45 PM,11:00 PM,135,2 hr 15 min,Economy,7055.0,,,True,64db5e8f9580
SCR_GF_1788931426_040,2026-09-09 10:53:32,2026-09-10,1,google_flights,DEL,BOM,DEL-BOM,DEL,BOM,Air India,Air India,,9:30 PM,11:55 PM,145,2 hr 25 min,Economy,7123.0,,,True,aab71c8cc72b
SCR_GF_1788931426_041,2026-09-09 10:53:32,2026-09-10,1,google_flights,DEL,BOM,DEL-BOM,DEL,BOM,Air India,Air India,,9:00 AM,11:15 AM,135,2 hr 15 min,Economy,7212.0,,,True,6ce88c3c4435
SCR_GF_1788931427_042,2026-09-09 10:53:32,2026-09-10,1,google_flights,DEL,BOM,DEL-BOM,DEL,BOM,Air India,Air India,,9:00 PM,11:20 PM,140,2 hr 20 min,Economy,7212.0,,,True,cced0cf6f3ff
SCR_GF_1788931427_043,2026-09-09 10:53:32,2026-09-10,1,google_flights,DEL,BOM,DEL-BOM,DEL,BOM,Air India,Air India,,9:00 PM,11:20 PM,140,2 hr 20 min,Economy,7212.0,,,True,cced0cf6f3ff
SCR_GF_1788931427_044,2026-09-09 10:53:32,2026-09-10,1,google_flights,DEL,BOM,DEL-BOM,DEL,BOM,Air India,Air India,,8:30 AM,10:45 AM,135,2 hr 15 min,Economy,7527.0,,,True,1f28dcf60d39
SCR_GF_1788931427_045,2026-09-09 10:53:32,2026-09-10,1,google_flights,DEL,BOM,DEL-BOM,DEL,BOM,Air India,Air India,,8:30 PM,11:05 PM,155,2 hr 35 min,Economy,7527.0,,,True,f793f03043dc
SCR_GF_1788931427_046,2026-09-09 10:53:32,2026-09-10,1,google_flights,DEL,BOM,DEL-BOM,DEL,BOM,Akasa Air,Akasa Air,,5:30 PM,7:45 PM,135,2 hr 15 min,Economy,7583.0,,,True,963e4563f9ad
SCR_GF_1788931427_047,2026-09-09 10:53:32,2026-09-10,1,google_flights,DEL,BOM,DEL-BOM,DEL,BOM,IndiGo,IndiGo,,6:00 PM,8:15 PM,135,2 hr 15 min,Economy,7685.0,,,True,0056cc7feb7d
SCR_GF_1788931427_048,2026-09-09 10:53:32,2026-09-10,1,google_flights,DEL,BOM,DEL-BOM,DEL,BOM,IndiGo,IndiGo,,8:00 PM,10:10 PM,130,2 hr 10 min,Economy,7685.0,,,True,27e44e15fe15
SCR_GF_1788931427_049,2026-09-09 10:53:32,2026-09-10,1,google_flights,DEL,BOM,DEL-BOM,DEL,BOM,Air India,Air India,,8:00 PM,10:25 PM,145,2 hr 25 min,Economy,7779.0,,,True,d8019cc1d856
SCR_GF_1788931427_050,2026-09-09 10:53:32,2026-09-10,1,google_flights,DEL,BOM,DEL-BOM,DEL,BOM,Air India,Air India,,6:30 AM,8:50 AM,140,2 hr 20 min,Economy,7842.0,,,True,47ad7dca2354
SCR_GF_1788931427_051,2026-09-09 10:53:32,2026-09-10,1,google_flights,DEL,BOM,DEL-BOM,DEL,BOM,Akasa Air,Akasa Air,,6:50 AM,9:10 AM,140,2 hr 20 min,Economy,7851.0,,,True,e17b19b91ffb
SCR_GF_1788931427_052,2026-09-09 10:53:32,2026-09-10,1,google_flights,DEL,BOM,DEL-BOM,DEL,BOM,Akasa Air,Akasa Air,,7:55 PM,10:20 PM,145,2 hr 25 min,Economy,9033.0,,,True,bae8a8ce8db6
SCR_GF_1788931427_053,2026-09-09 10:53:32,2026-09-10,1,google_flights,DEL,BOM,DEL-BOM,DEL,BOM,Air India,Air India,,1:30 PM,3:50 PM,140,2 hr 20 min,Economy,9968.0,,,True,811f66c5a284
SCR_GF_1788931427_054,2026-09-09 10:53:32,2026-09-10,1,google_flights,DEL,BOM,DEL-BOM,DEL,BOM,Air India,Air India,,7:30 PM,9:55 PM,145,2 hr 25 min,Economy,9968.0,,,True,18b7c437aed8
SCR_GF_1788931427_055,2026-09-09 10:53:32,2026-09-10,1,google_flights,DEL,BOM,DEL-BOM,DEL,BOM,Air India,Air India,,6:00 PM,8:25 PM,145,2 hr 25 min,Economy,10152.0,,,True,6100347986c1
SCR_GF_1788931427_056,2026-09-09 10:53:32,2026-09-10,1,google_flights,DEL,BOM,DEL-BOM,DEL,BOM,Air India,Air India,,7:00 PM,9:25 PM,145,2 hr 25 min,Economy,10409.0,,,True,351d3429e852
SCR_GF_1788931427_057,2026-09-09 10:53:32,2026-09-10,1,google_flights,DEL,BOM,DEL-BOM,DEL,BOM,IndiGo,IndiGo,,7:00 PM,9:25 PM,145,2 hr 25 min,Economy,11203.0,,,True,d33aa189902a
SCR_GF_1788931427_058,2026-09-09 10:53:32,2026-09-10,1,google_flights,DEL,BOM,DEL-BOM,DEL,BOM,SpiceJet,SpiceJet,,7:55 PM,10:30 PM,155,2 hr 35 min,Economy,19603.0,,,True,aa3b0e3c38a1
SCR_GF_1788931427_059,2026-09-09 10:53:32,2026-09-10,1,google_flights,DEL,BOM,DEL-BOM,DEL,BOM,IndiGo,IndiGo,,00:00,00:00,145,2 hr 25 min,Economy,6314.0,,,True,ed44a16fb09b
SCR_GF_1788931427_060,2026-09-09 10:53:32,2026-09-10,1,google_flights,DEL,BOM,DEL-BOM,DEL,BOM,IndiGo,IndiGo,,00:00,00:00,135,2 hr 15 min,Economy,6425.0,,,True,832e148eb2b7
SCR_GF_1788931427_061,2026-09-09 10:53:32,2026-09-10,1,google_flights,DEL,BOM,DEL-BOM,DEL,BOM,IndiGo,IndiGo,,00:00,00:00,145,2 hr 25 min,Economy,6610.0,,,True,4a74972daccb
SCR_GF_1788931427_062,2026-09-09 10:53:32,2026-09-10,1,google_flights,DEL,BOM,DEL-BOM,DEL,BOM,IndiGo,IndiGo,,00:00,00:00,140,2 hr 20 min,Economy,6880.0,,,True,4fbfa80dea69
SCR_GF_1788931427_063,2026-09-09 10:53:32,2026-09-10,1,google_flights,DEL,BOM,DEL-BOM,DEL,BOM,IndiGo,IndiGo,,00:00,00:00,340,5 hr 40 min,Economy,6117.0,,,False,d398ba04415d
SCR_GF_1788931427_064,2026-09-09 10:53:32,2026-09-10,1,google_flights,DEL,BOM,DEL-BOM,DEL,BOM,IndiGo,IndiGo,,00:00,00:00,140,2 hr 20 min,Economy,6314.0,,,True,ed44a16fb09b
SCR_GF_1788931427_065,2026-09-09 10:53:32,2026-09-10,1,google_flights,DEL,BOM,DEL-BOM,DEL,BOM,IndiGo,IndiGo,,00:00,00:00,135,2 hr 15 min,Economy,6425.0,,,True,832e148eb2b7
SCR_GF_1788931427_066,2026-09-09 10:53:32,2026-09-10,1,google_flights,DEL,BOM,DEL-BOM,DEL,BOM,IndiGo,IndiGo,,00:00,00:00,135,2 hr 15 min,Economy,6425.0,,,True,832e148eb2b7
SCR_GF_1788931427_067,2026-09-09 10:53:32,2026-09-10,1,google_flights,DEL,BOM,DEL-BOM,DEL,BOM,IndiGo,IndiGo,,00:00,00:00,135,2 hr 15 min,Economy,6425.0,,,True,832e148eb2b7
SCR_GF_1788931427_068,2026-09-09 10:53:32,2026-09-10,1,google_flights,DEL,BOM,DEL-BOM,DEL,BOM,IndiGo,IndiGo,,00:00,00:00,145,2 hr 25 min,Economy,6425.0,,,True,832e148eb2b7
SCR_GF_1788931427_069,2026-09-09 10:53:32,2026-09-10,1,google_flights,DEL,BOM,DEL-BOM,DEL,BOM,IndiGo,IndiGo,,00:00,00:00,140,2 hr 20 min,Economy,6425.0,,,True,832e148eb2b7
SCR_GF_1788931427_070,2026-09-09 10:53:32,2026-09-10,1,google_flights,DEL,BOM,DEL-BOM,DEL,BOM,IndiGo,IndiGo,,00:00,00:00,135,2 hr 15 min,Economy,6425.0,,,True,832e148eb2b7
SCR_GF_1788931427_071,2026-09-09 10:53:32,2026-09-10,1,google_flights,DEL,BOM,DEL-BOM,DEL,BOM,IndiGo,IndiGo,,00:00,00:00,135,2 hr 15 min,Economy,6425.0,,,True,832e148eb2b7
SCR_GF_1788931427_072,2026-09-09 10:53:32,2026-09-10,1,google_flights,DEL,BOM,DEL-BOM,DEL,BOM,IndiGo,IndiGo,,00:00,00:00,130,2 hr 10 min,Economy,6425.0,,,True,832e148eb2b7
SCR_GF_1788931427_073,2026-09-09 10:53:32,2026-09-10,1,google_flights,DEL,BOM,DEL-BOM,DEL,BOM,IndiGo,IndiGo,,00:00,00:00,145,2 hr 25 min,Economy,6425.0,,,True,832e148eb2b7
SCR_GF_1788931427_074,2026-09-09 10:53:32,2026-09-10,1,google_flights,DEL,BOM,DEL-BOM,DEL,BOM,IndiGo,IndiGo,,00:00,00:00,135,2 hr 15 min,Economy,6425.0,,,True,832e148eb2b7
SCR_GF_1788931427_075,2026-09-09 10:53:32,2026-09-10,1,google_flights,DEL,BOM,DEL-BOM,DEL,BOM,IndiGo,IndiGo,,00:00,00:00,135,2 hr 15 min,Economy,6425.0,,,True,832e148eb2b7
SCR_GF_1788931427_076,2026-09-09 10:53:32,2026-09-10,1,google_flights,DEL,BOM,DEL-BOM,DEL,BOM,IndiGo,IndiGo,,00:00,00:00,140,2 hr 20 min,Economy,6425.0,,,True,832e148eb2b7
SCR_GF_1788931427_077,2026-09-09 10:53:32,2026-09-10,1,google_flights,DEL,BOM,DEL-BOM,DEL,BOM,IndiGo,IndiGo,,00:00,00:00,140,2 hr 20 min,Economy,6425.0,,,True,832e148eb2b7
SCR_GF_1788931427_078,2026-09-09 10:53:32,2026-09-10,1,google_flights,DEL,BOM,DEL-BOM,DEL,BOM,IndiGo,IndiGo,,00:00,00:00,150,2 hr 30 min,Economy,6582.0,,,True,b264ec5e619c
SCR_GF_1788931427_079,2026-09-09 10:53:32,2026-09-10,1,google_flights,DEL,BOM,DEL-BOM,DEL,BOM,IndiGo,IndiGo,,00:00,00:00,145,2 hr 25 min,Economy,6582.0,,,True,b264ec5e619c
SCR_GF_1788931427_080,2026-09-09 10:53:32,2026-09-10,1,google_flights,DEL,BOM,DEL-BOM,DEL,BOM,IndiGo,IndiGo,,00:00,00:00,145,2 hr 25 min,Economy,6582.0,,,True,b264ec5e619c
SCR_GF_1788931427_081,2026-09-09 10:53:32,2026-09-10,1,google_flights,DEL,BOM,DEL-BOM,DEL,BOM,IndiGo,IndiGo,,00:00,00:00,140,2 hr 20 min,Economy,6582.0,,,True,b264ec5e619c
SCR_GF_1788931427_082,2026-09-09 10:53:32,2026-09-10,1,google_flights,DEL,BOM,DEL-BOM,DEL,BOM,IndiGo,IndiGo,,00:00,00:00,135,2 hr 15 min,Economy,6583.0,,,True,774fc47705ab
SCR_GF_1788931427_083,2026-09-09 10:53:32,2026-09-10,1,google_flights,DEL,BOM,DEL-BOM,DEL,BOM,IndiGo,IndiGo,,00:00,00:00,140,2 hr 20 min,Economy,6583.0,,,True,774fc47705ab
SCR_GF_1788931427_084,2026-09-09 10:53:32,2026-09-10,1,google_flights,DEL,BOM,DEL-BOM,DEL,BOM,IndiGo,IndiGo,,00:00,00:00,150,2 hr 30 min,Economy,6610.0,,,True,4a74972daccb
SCR_GF_1788931427_085,2026-09-09 10:53:32,2026-09-10,1,google_flights,DEL,BOM,DEL-BOM,DEL,BOM,IndiGo,IndiGo,,00:00,00:00,145,2 hr 25 min,Economy,6740.0,,,True,53dbc870701f
SCR_GF_1788931427_086,2026-09-09 10:53:32,2026-09-10,1,google_flights,DEL,BOM,DEL-BOM,DEL,BOM,IndiGo,IndiGo,,00:00,00:00,145,2 hr 25 min,Economy,6740.0,,,True,53dbc870701f
SCR_GF_1788931427_087,2026-09-09 10:53:32,2026-09-10,1,google_flights,DEL,BOM,DEL-BOM,DEL,BOM,IndiGo,IndiGo,,00:00,00:00,145,2 hr 25 min,Economy,6740.0,,,True,53dbc870701f
SCR_GF_1788931427_088,2026-09-09 10:53:32,2026-09-10,1,google_flights,DEL,BOM,DEL-BOM,DEL,BOM,IndiGo,IndiGo,,00:00,00:00,145,2 hr 25 min,Economy,6740.0,,,True,53dbc870701f
SCR_GF_1788931427_089,2026-09-09 10:53:32,2026-09-10,1,google_flights,DEL,BOM,DEL-BOM,DEL,BOM,IndiGo,IndiGo,,00:00,00:00,135,2 hr 15 min,Economy,6880.0,,,True,4fbfa80dea69
SCR_GF_1788931427_090,2026-09-09 10:53:32,2026-09-10,1,google_flights,DEL,BOM,DEL-BOM,DEL,BOM,IndiGo,IndiGo,,00:00,00:00,140,2 hr 20 min,Economy,6880.0,,,True,4fbfa80dea69
SCR_GF_1788931427_091,2026-09-09 10:53:32,2026-09-10,1,google_flights,DEL,BOM,DEL-BOM,DEL,BOM,IndiGo,IndiGo,,00:00,00:00,135,2 hr 15 min,Economy,6880.0,,,True,4fbfa80dea69
SCR_GF_1788931427_092,2026-09-09 10:53:32,2026-09-10,1,google_flights,DEL,BOM,DEL-BOM,DEL,BOM,IndiGo,IndiGo,,00:00,00:00,145,2 hr 25 min,Economy,6880.0,,,True,4fbfa80dea69
SCR_GF_1788931427_093,2026-09-09 10:53:32,2026-09-10,1,google_flights,DEL,BOM,DEL-BOM,DEL,BOM,IndiGo,IndiGo,,00:00,00:00,145,2 hr 25 min,Economy,6950.0,,,True,090d3f6456f2
SCR_GF_1788931427_094,2026-09-09 10:53:32,2026-09-10,1,google_flights,DEL,BOM,DEL-BOM,DEL,BOM,IndiGo,IndiGo,,00:00,00:00,145,2 hr 25 min,Economy,6950.0,,,True,090d3f6456f2
SCR_GF_1788931427_095,2026-09-09 10:53:32,2026-09-10,1,google_flights,DEL,BOM,DEL-BOM,DEL,BOM,IndiGo,IndiGo,,00:00,00:00,135,2 hr 15 min,Economy,7055.0,,,True,c14ab2dac22c
SCR_GF_1788931427_096,2026-09-09 10:53:32,2026-09-10,1,google_flights,DEL,BOM,DEL-BOM,DEL,BOM,IndiGo,IndiGo,,00:00,00:00,140,2 hr 20 min,Economy,7055.0,,,True,c14ab2dac22c
SCR_GF_1788931427_097,2026-09-09 10:53:32,2026-09-10,1,google_flights,DEL,BOM,DEL-BOM,DEL,BOM,IndiGo,IndiGo,,00:00,00:00,135,2 hr 15 min,Economy,7055.0,,,True,c14ab2dac22c
SCR_GF_1788931427_098,2026-09-09 10:53:32,2026-09-10,1,google_flights,DEL,BOM,DEL-BOM,DEL,BOM,IndiGo,IndiGo,,00:00,00:00,145,2 hr 25 min,Economy,7123.0,,,True,52a9b124fbfa
SCR_GF_1788931427_099,2026-09-09 10:53:32,2026-09-10,1,google_flights,DEL,BOM,DEL-BOM,DEL,BOM,IndiGo,IndiGo,,00:00,00:00,135,2 hr 15 min,Economy,7212.0,,,True,75d9fbb21001
SCR_GF_1788931427_100,2026-09-09 10:53:32,2026-09-10,1,google_flights,DEL,BOM,DEL-BOM,DEL,BOM,IndiGo,IndiGo,,00:00,00:00,140,2 hr 20 min,Economy,7212.0,,,True,75d9fbb21001
SCR_GF_1788931427_101,2026-09-09 10:53:32,2026-09-10,1,google_flights,DEL,BOM,DEL-BOM,DEL,BOM,IndiGo,IndiGo,,00:00,00:00,140,2 hr 20 min,Economy,7212.0,,,True,75d9fbb21001
SCR_GF_1788931427_102,2026-09-09 10:53:32,2026-09-10,1,google_flights,DEL,BOM,DEL-BOM,DEL,BOM,IndiGo,IndiGo,,00:00,00:00,135,2 hr 15 min,Economy,7527.0,,,True,8630aeb25576
SCR_GF_1788931427_103,2026-09-09 10:53:32,2026-09-10,1,google_flights,DEL,BOM,DEL-BOM,DEL,BOM,IndiGo,IndiGo,,00:00,00:00,155,2 hr 35 min,Economy,7527.0,,,True,8630aeb25576
SCR_GF_1788931427_104,2026-09-09 10:53:32,2026-09-10,1,google_flights,DEL,BOM,DEL-BOM,DEL,BOM,IndiGo,IndiGo,,00:00,00:00,135,2 hr 15 min,Economy,7583.0,,,True,2215c8d3eebe
SCR_GF_1788931427_105,2026-09-09 10:53:32,2026-09-10,1,google_flights,DEL,BOM,DEL-BOM,DEL,BOM,IndiGo,IndiGo,,00:00,00:00,135,2 hr 15 min,Economy,7685.0,,,True,ea4f6b53dec3
SCR_GF_1788931427_106,2026-09-09 10:53:32,2026-09-10,1,google_flights,DEL,BOM,DEL-BOM,DEL,BOM,IndiGo,IndiGo,,00:00,00:00,130,2 hr 10 min,Economy,7685.0,,,True,ea4f6b53dec3
SCR_GF_1788931427_107,2026-09-09 10:53:32,2026-09-10,1,google_flights,DEL,BOM,DEL-BOM,DEL,BOM,IndiGo,IndiGo,,00:00,00:00,145,2 hr 25 min,Economy,7779.0,,,True,04d94dca56f0
SCR_GF_1788931427_108,2026-09-09 10:53:32,2026-09-10,1,google_flights,DEL,BOM,DEL-BOM,DEL,BOM,IndiGo,IndiGo,,00:00,00:00,140,2 hr 20 min,Economy,7842.0,,,True,65db256ae16c
SCR_GF_1788931427_109,2026-09-09 10:53:32,2026-09-10,1,google_flights,DEL,BOM,DEL-BOM,DEL,BOM,IndiGo,IndiGo,,00:00,00:00,140,2 hr 20 min,Economy,7851.0,,,True,0fdd06a42261
SCR_GF_1788931427_110,2026-09-09 10:53:32,2026-09-10,1,google_flights,DEL,BOM,DEL-BOM,DEL,BOM,IndiGo,IndiGo,,00:00,00:00,145,2 hr 25 min,Economy,9033.0,,,True,23d09ab4f9b6
SCR_GF_1788931427_111,2026-09-09 10:53:32,2026-09-10,1,google_flights,DEL,BOM,DEL-BOM,DEL,BOM,IndiGo,IndiGo,,00:00,00:00,140,2 hr 20 min,Economy,9968.0,,,True,2a07e60ac3e0
SCR_GF_1788931427_112,2026-09-09 10:53:32,2026-09-10,1,google_flights,DEL,BOM,DEL-BOM,DEL,BOM,IndiGo,IndiGo,,00:00,00:00,145,2 hr 25 min,Economy,9968.0,,,True,2a07e60ac3e0
SCR_GF_1788931427_113,2026-09-09 10:53:32,2026-09-10,1,google_flights,DEL,BOM,DEL-BOM,DEL,BOM,IndiGo,IndiGo,,00:00,00:00,145,2 hr 25 min,Economy,10152.0,,,True,3a41d95f9655
SCR_GF_1788931427_114,2026-09-09 10:53:32,2026-09-10,1,google_flights,DEL,BOM,DEL-BOM,DEL,BOM,IndiGo,IndiGo,,00:00,00:00,145,2 hr 25 min,Economy,10409.0,,,True,94ca8fe68878
SCR_GF_1788931427_115,2026-09-09 10:53:32,2026-09-10,1,google_flights,DEL,BOM,DEL-BOM,DEL,BOM,IndiGo,IndiGo,,00:00,00:00,145,2 hr 25 min,Economy,11203.0,,,True,3be2daac4b9b
SCR_GF_1788931427_116,2026-09-09 10:53:32,2026-09-10,1,google_flights,DEL,BOM,DEL-BOM,DEL,BOM,IndiGo,IndiGo,,00:00,00:00,155,2 hr 35 min,Economy,19603.0,,,True,ec347b845def
SCR_GF_1788931433_001,2026-09-09 10:53:47,2026-09-16,7,google_flights,DEL,BOM,DEL-BOM,DEL,BOM,Air India,Air India,,5:00 AM,7:20 AM,140,2 hr 20 min,Economy,6314.0,,,True,1de49b7b25d6
SCR_GF_1788931433_002,2026-09-09 10:53:47,2026-09-16,7,google_flights,DEL,BOM,DEL-BOM,DEL,BOM,IndiGo,IndiGo,,6:00 PM,8:15 PM,135,2 hr 15 min,Economy,6425.0,,,True,431b21b8d8b6
SCR_GF_1788931433_003,2026-09-09 10:53:47,2026-09-16,7,google_flights,DEL,BOM,DEL-BOM,DEL,BOM,Akasa Air,Akasa Air,,9:20 AM,11:40 AM,140,2 hr 20 min,Economy,6880.0,,,True,3e870cf9f84f
SCR_GF_1788931433_004,2026-09-09 10:53:47,2026-09-16,7,google_flights,DEL,BOM,DEL-BOM,DEL,BOM,IndiGo,IndiGo,,5:00 AM,7:15 AM,135,2 hr 15 min,Economy,6425.0,,,True,2e69900163d0
SCR_GF_1788931433_005,2026-09-09 10:53:47,2026-09-16,7,google_flights,DEL,BOM,DEL-BOM,DEL,BOM,IndiGo,IndiGo,,6:05 AM,8:20 AM,135,2 hr 15 min,Economy,6425.0,,,True,1a2f65ea99cc
SCR_GF_1788931433_006,2026-09-09 10:53:47,2026-09-16,7,google_flights,DEL,BOM,DEL-BOM,DEL,BOM,IndiGo,IndiGo,,8:45 AM,11:00 AM,135,2 hr 15 min,Economy,6425.0,,,True,c25211639989
SCR_GF_1788931433_007,2026-09-09 10:53:47,2026-09-16,7,google_flights,DEL,BOM,DEL-BOM,DEL,BOM,IndiGo,IndiGo,,9:30 AM,11:55 AM,145,2 hr 25 min,Economy,6425.0,,,True,1cf541113a58
SCR_GF_1788931433_008,2026-09-09 10:53:47,2026-09-16,7,google_flights,DEL,BOM,DEL-BOM,DEL,BOM,IndiGo,IndiGo,,10:15 AM,12:35 PM,140,2 hr 20 min,Economy,6425.0,,,True,e8448c2797ab
SCR_GF_1788931433_009,2026-09-09 10:53:47,2026-09-16,7,google_flights,DEL,BOM,DEL-BOM,DEL,BOM,IndiGo,IndiGo,,11:00 AM,1:15 PM,135,2 hr 15 min,Economy,6425.0,,,True,7d76f27da2f4
SCR_GF_1788931433_010,2026-09-09 10:53:47,2026-09-16,7,google_flights,DEL,BOM,DEL-BOM,DEL,BOM,IndiGo,IndiGo,,12:00 PM,2:15 PM,135,2 hr 15 min,Economy,6425.0,,,True,b654188b562f
SCR_GF_1788931433_011,2026-09-09 10:53:47,2026-09-16,7,google_flights,DEL,BOM,DEL-BOM,DEL,BOM,IndiGo,IndiGo,,1:00 PM,3:10 PM,130,2 hr 10 min,Economy,6425.0,,,True,f7013ebef7db
SCR_GF_1788931433_012,2026-09-09 10:53:47,2026-09-16,7,google_flights,DEL,BOM,DEL-BOM,DEL,BOM,IndiGo,IndiGo,,2:00 PM,4:25 PM,145,2 hr 25 min,Economy,6425.0,,,True,1ff6fe46f7ef
SCR_GF_1788931433_013,2026-09-09 10:53:47,2026-09-16,7,google_flights,DEL,BOM,DEL-BOM,DEL,BOM,IndiGo,IndiGo,,2:45 PM,5:00 PM,135,2 hr 15 min,Economy,6425.0,,,True,b3d28df642d8
SCR_GF_1788931433_014,2026-09-09 10:53:47,2026-09-16,7,google_flights,DEL,BOM,DEL-BOM,DEL,BOM,IndiGo,IndiGo,,3:30 PM,5:45 PM,135,2 hr 15 min,Economy,6425.0,,,True,72f975449e84
SCR_GF_1788931433_015,2026-09-09 10:53:47,2026-09-16,7,google_flights,DEL,BOM,DEL-BOM,DEL,BOM,IndiGo,IndiGo,,4:15 PM,6:35 PM,140,2 hr 20 min,Economy,6425.0,,,True,bccd49470a7c
SCR_GF_1788931433_016,2026-09-09 10:53:47,2026-09-16,7,google_flights,DEL,BOM,DEL-BOM,DEL,BOM,Air India,Air India,,9:30 AM,12:00 PM,150,2 hr 30 min,Economy,6582.0,,,True,1ba32178fec0
SCR_GF_1788931433_017,2026-09-09 10:53:47,2026-09-16,7,google_flights,DEL,BOM,DEL-BOM,DEL,BOM,Air India,Air India,,10:00 AM,12:25 PM,145,2 hr 25 min,Economy,6582.0,,,True,f0da62d1fab5
SCR_GF_1788931433_018,2026-09-09 10:53:47,2026-09-16,7,google_flights,DEL,BOM,DEL-BOM,DEL,BOM,Air India,Air India,,11:00 AM,1:25 PM,145,2 hr 25 min,Economy,6582.0,,,True,827d49b737c0
SCR_GF_1788931433_019,2026-09-09 10:53:47,2026-09-16,7,google_flights,DEL,BOM,DEL-BOM,DEL,BOM,Air India,Air India,,12:00 PM,2:25 PM,145,2 hr 25 min,Economy,6582.0,,,True,9699876e3d8d
SCR_GF_1788931433_020,2026-09-09 10:53:47,2026-09-16,7,google_flights,DEL,BOM,DEL-BOM,DEL,BOM,Air India,Air India,,3:30 PM,5:55 PM,145,2 hr 25 min,Economy,6582.0,,,True,c4558c8ca1cb
SCR_GF_1788931433_021,2026-09-09 10:53:47,2026-09-16,7,google_flights,DEL,BOM,DEL-BOM,DEL,BOM,Air India,Air India,,4:00 PM,6:25 PM,145,2 hr 25 min,Economy,6582.0,,,True,0fad8ec300ee
SCR_GF_1788931433_022,2026-09-09 10:53:47,2026-09-16,7,google_flights,DEL,BOM,DEL-BOM,DEL,BOM,IndiGo,IndiGo,,10:45 PM,1:05 AM,140,2 hr 20 min,Economy,6583.0,,,True,c094836b536a
SCR_GF_1788931433_023,2026-09-09 10:53:47,2026-09-16,7,google_flights,DEL,BOM,DEL-BOM,DEL,BOM,IndiGo,IndiGo,,11:30 PM,1:45 AM,135,2 hr 15 min,Economy,6583.0,,,True,4660d48df007
SCR_GF_1788931433_024,2026-09-09 10:53:47,2026-09-16,7,google_flights,DEL,BOM,DEL-BOM,DEL,BOM,SpiceJet,SpiceJet,,5:30 AM,7:50 AM,140,2 hr 20 min,Economy,6697.0,,,True,686b43f19639
SCR_GF_1788931433_025,2026-09-09 10:53:47,2026-09-16,7,google_flights,DEL,BOM,DEL-BOM,DEL,BOM,Air India,Air India,,6:30 AM,8:50 AM,140,2 hr 20 min,Economy,6740.0,,,True,a28c02a1d06d
SCR_GF_1788931433_026,2026-09-09 10:53:47,2026-09-16,7,google_flights,DEL,BOM,DEL-BOM,DEL,BOM,Air India,Air India,,8:30 AM,10:45 AM,135,2 hr 15 min,Economy,6740.0,,,True,a7c9a325181f
SCR_GF_1788931433_027,2026-09-09 10:53:47,2026-09-16,7,google_flights,DEL,BOM,DEL-BOM,DEL,BOM,Air India,Air India,,9:00 AM,11:15 AM,135,2 hr 15 min,Economy,6740.0,,,True,5455fe2a8203
SCR_GF_1788931433_028,2026-09-09 10:53:47,2026-09-16,7,google_flights,DEL,BOM,DEL-BOM,DEL,BOM,Air India,Air India,,4:30 PM,6:50 PM,140,2 hr 20 min,Economy,6740.0,,,True,8b0e04c8c530
SCR_GF_1788931433_029,2026-09-09 10:53:47,2026-09-16,7,google_flights,DEL,BOM,DEL-BOM,DEL,BOM,Air India,Air India,,11:00 PM,1:25 AM,145,2 hr 25 min,Economy,6740.0,,,True,12585705d07e
SCR_GF_1788931433_030,2026-09-09 10:53:47,2026-09-16,7,google_flights,DEL,BOM,DEL-BOM,DEL,BOM,IndiGo,IndiGo,,7:15 AM,9:30 AM,135,2 hr 15 min,Economy,6793.0,,,True,c6d08f6aec7a
SCR_GF_1788931433_031,2026-09-09 10:53:47,2026-09-16,7,google_flights,DEL,BOM,DEL-BOM,DEL,BOM,IndiGo,IndiGo,,8:00 AM,10:20 AM,140,2 hr 20 min,Economy,6793.0,,,True,3e3698aaa77e
SCR_GF_1788931433_032,2026-09-09 10:53:47,2026-09-16,7,google_flights,DEL,BOM,DEL-BOM,DEL,BOM,IndiGo,IndiGo,,7:00 PM,9:25 PM,145,2 hr 25 min,Economy,6793.0,,,True,b77da6c01a2b
SCR_GF_1788931433_033,2026-09-09 10:53:47,2026-09-16,7,google_flights,DEL,BOM,DEL-BOM,DEL,BOM,IndiGo,IndiGo,,8:00 PM,10:10 PM,130,2 hr 10 min,Economy,6793.0,,,True,836da3b6e5be
SCR_GF_1788931433_034,2026-09-09 10:53:47,2026-09-16,7,google_flights,DEL,BOM,DEL-BOM,DEL,BOM,IndiGo,IndiGo,,8:45 PM,11:00 PM,135,2 hr 15 min,Economy,6793.0,,,True,d9db5c28e2d7
SCR_GF_1788931433_035,2026-09-09 10:53:47,2026-09-16,7,google_flights,DEL,BOM,DEL-BOM,DEL,BOM,IndiGo,IndiGo,,9:45 PM,12:05 AM,140,2 hr 20 min,Economy,6793.0,,,True,3f7d84b8c2fe
SCR_GF_1788931433_036,2026-09-09 10:53:47,2026-09-16,7,google_flights,DEL,BOM,DEL-BOM,DEL,BOM,Akasa Air,Akasa Air,,6:50 AM,9:10 AM,140,2 hr 20 min,Economy,6880.0,,,True,46e2cdb5c90c
SCR_GF_1788931433_037,2026-09-09 10:53:47,2026-09-16,7,google_flights,DEL,BOM,DEL-BOM,DEL,BOM,Akasa Air,Akasa Air,,8:40 AM,10:55 AM,135,2 hr 15 min,Economy,6880.0,,,True,e15bc07efec1
SCR_GF_1788931433_038,2026-09-09 10:53:47,2026-09-16,7,google_flights,DEL,BOM,DEL-BOM,DEL,BOM,Akasa Air,Akasa Air,,10:30 AM,12:45 PM,135,2 hr 15 min,Economy,6880.0,,,True,49c1ac1ce684
SCR_GF_1788931433_039,2026-09-09 10:53:47,2026-09-16,7,google_flights,DEL,BOM,DEL-BOM,DEL,BOM,Akasa Air,Akasa Air,,12:30 PM,2:55 PM,145,2 hr 25 min,Economy,6880.0,,,True,3f88dff273f5
SCR_GF_1788931433_040,2026-09-09 10:53:47,2026-09-16,7,google_flights,DEL,BOM,DEL-BOM,DEL,BOM,Akasa Air,Akasa Air,,4:00 PM,6:20 PM,140,2 hr 20 min,Economy,6880.0,,,True,aebbe0eac2cd
SCR_GF_1788931433_041,2026-09-09 10:53:47,2026-09-16,7,google_flights,DEL,BOM,DEL-BOM,DEL,BOM,Akasa Air,Akasa Air,,5:30 PM,7:45 PM,135,2 hr 15 min,Economy,6880.0,,,True,1050c5c661f1
SCR_GF_1788931433_042,2026-09-09 10:53:47,2026-09-16,7,google_flights,DEL,BOM,DEL-BOM,DEL,BOM,Air India,Air India,,7:00 AM,9:25 AM,145,2 hr 25 min,Economy,6950.0,,,True,4de685c3fd8f
SCR_GF_1788931433_043,2026-09-09 10:53:47,2026-09-16,7,google_flights,DEL,BOM,DEL-BOM,DEL,BOM,Air India,Air India,,7:30 AM,9:55 AM,145,2 hr 25 min,Economy,6950.0,,,True,858dc9603eb9
SCR_GF_1788931433_044,2026-09-09 10:53:47,2026-09-16,7,google_flights,DEL,BOM,DEL-BOM,DEL,BOM,Air India,Air India,,5:00 PM,7:25 PM,145,2 hr 25 min,Economy,6950.0,,,True,c87dc31b878d
SCR_GF_1788931433_045,2026-09-09 10:53:47,2026-09-16,7,google_flights,DEL,BOM,DEL-BOM,DEL,BOM,Air India,Air India,,7:30 PM,9:55 PM,145,2 hr 25 min,Economy,6950.0,,,True,1690b91a7117
SCR_GF_1788931433_046,2026-09-09 10:53:47,2026-09-16,7,google_flights,DEL,BOM,DEL-BOM,DEL,BOM,Air India,Air India,,9:30 PM,11:55 PM,145,2 hr 25 min,Economy,6950.0,,,True,28548c070999
SCR_GF_1788931433_047,2026-09-09 10:53:47,2026-09-16,7,google_flights,DEL,BOM,DEL-BOM,DEL,BOM,IndiGo,IndiGo,,5:00 PM,7:15 PM,135,2 hr 15 min,Economy,7055.0,,,True,0529922048bd
SCR_GF_1788931433_048,2026-09-09 10:53:47,2026-09-16,7,google_flights,DEL,BOM,DEL-BOM,DEL,BOM,Akasa Air,Akasa Air,,7:55 PM,10:20 PM,145,2 hr 25 min,Economy,7079.0,,,True,5da5ad681b74
SCR_GF_1788931433_049,2026-09-09 10:53:47,2026-09-16,7,google_flights,DEL,BOM,DEL-BOM,DEL,BOM,Air India,Air India,,8:00 PM,10:25 PM,145,2 hr 25 min,Economy,7181.0,,,True,17b521e08463
SCR_GF_1788931433_050,2026-09-09 10:53:47,2026-09-16,7,google_flights,DEL,BOM,DEL-BOM,DEL,BOM,Air India,Air India,,1:30 PM,3:50 PM,140,2 hr 20 min,Economy,7212.0,,,True,f9e47a2915eb
SCR_GF_1788931433_051,2026-09-09 10:53:47,2026-09-16,7,google_flights,DEL,BOM,DEL-BOM,DEL,BOM,Air India,Air India,,8:30 PM,11:05 PM,155,2 hr 35 min,Economy,7212.0,,,True,494bc8565f12
SCR_GF_1788931433_052,2026-09-09 10:53:47,2026-09-16,7,google_flights,DEL,BOM,DEL-BOM,DEL,BOM,Air India,Air India,,9:00 PM,11:20 PM,140,2 hr 20 min,Economy,7212.0,,,True,ee0d0aca0a91
SCR_GF_1788931433_053,2026-09-09 10:53:47,2026-09-16,7,google_flights,DEL,BOM,DEL-BOM,DEL,BOM,Air India,Air India,,6:00 PM,8:25 PM,145,2 hr 25 min,Economy,7349.0,,,True,b898b9b2af8e
SCR_GF_1788931433_054,2026-09-09 10:53:47,2026-09-16,7,google_flights,DEL,BOM,DEL-BOM,DEL,BOM,Air India,Air India,,7:00 PM,9:25 PM,145,2 hr 25 min,Economy,7349.0,,,True,62d19f9c85b3
SCR_GF_1788931433_055,2026-09-09 10:53:47,2026-09-16,7,google_flights,DEL,BOM,DEL-BOM,DEL,BOM,Air India,Air India,,11:25 PM,1:50 AM,145,2 hr 25 min,Economy,8052.0,,,True,c64f4f576d11
SCR_GF_1788931433_056,2026-09-09 10:53:47,2026-09-16,7,google_flights,DEL,BOM,DEL-BOM,DEL,BOM,SpiceJet,SpiceJet,,7:55 PM,10:40 PM,165,2 hr 45 min,Economy,11558.0,,,True,a99d40acf87c
SCR_GF_1788931433_057,2026-09-09 10:53:47,2026-09-16,7,google_flights,DEL,BOM,DEL-BOM,DEL,BOM,IndiGo,IndiGo,,00:00,00:00,140,2 hr 20 min,Economy,6314.0,,,True,6e26b063a7a4
SCR_GF_1788931433_058,2026-09-09 10:53:47,2026-09-16,7,google_flights,DEL,BOM,DEL-BOM,DEL,BOM,IndiGo,IndiGo,,00:00,00:00,135,2 hr 15 min,Economy,6425.0,,,True,0f32677baf04
SCR_GF_1788931433_059,2026-09-09 10:53:47,2026-09-16,7,google_flights,DEL,BOM,DEL-BOM,DEL,BOM,IndiGo,IndiGo,,00:00,00:00,140,2 hr 20 min,Economy,6880.0,,,True,b7ab7994349d
SCR_GF_1788931433_060,2026-09-09 10:53:47,2026-09-16,7,google_flights,DEL,BOM,DEL-BOM,DEL,BOM,IndiGo,IndiGo,,00:00,00:00,135,2 hr 15 min,Economy,6425.0,,,True,0f32677baf04
SCR_GF_1788931433_061,2026-09-09 10:53:47,2026-09-16,7,google_flights,DEL,BOM,DEL-BOM,DEL,BOM,IndiGo,IndiGo,,00:00,00:00,135,2 hr 15 min,Economy,6425.0,,,True,0f32677baf04
SCR_GF_1788931433_062,2026-09-09 10:53:47,2026-09-16,7,google_flights,DEL,BOM,DEL-BOM,DEL,BOM,IndiGo,IndiGo,,00:00,00:00,135,2 hr 15 min,Economy,6425.0,,,True,0f32677baf04
SCR_GF_1788931433_063,2026-09-09 10:53:47,2026-09-16,7,google_flights,DEL,BOM,DEL-BOM,DEL,BOM,IndiGo,IndiGo,,00:00,00:00,145,2 hr 25 min,Economy,6425.0,,,True,0f32677baf04
SCR_GF_1788931433_064,2026-09-09 10:53:47,2026-09-16,7,google_flights,DEL,BOM,DEL-BOM,DEL,BOM,IndiGo,IndiGo,,00:00,00:00,140,2 hr 20 min,Economy,6425.0,,,True,0f32677baf04
SCR_GF_1788931433_065,2026-09-09 10:53:47,2026-09-16,7,google_flights,DEL,BOM,DEL-BOM,DEL,BOM,IndiGo,IndiGo,,00:00,00:00,135,2 hr 15 min,Economy,6425.0,,,True,0f32677baf04
SCR_GF_1788931433_066,2026-09-09 10:53:47,2026-09-16,7,google_flights,DEL,BOM,DEL-BOM,DEL,BOM,IndiGo,IndiGo,,00:00,00:00,135,2 hr 15 min,Economy,6425.0,,,True,0f32677baf04
SCR_GF_1788931433_067,2026-09-09 10:53:47,2026-09-16,7,google_flights,DEL,BOM,DEL-BOM,DEL,BOM,IndiGo,IndiGo,,00:00,00:00,130,2 hr 10 min,Economy,6425.0,,,True,0f32677baf04
SCR_GF_1788931433_068,2026-09-09 10:53:47,2026-09-16,7,google_flights,DEL,BOM,DEL-BOM,DEL,BOM,IndiGo,IndiGo,,00:00,00:00,145,2 hr 25 min,Economy,6425.0,,,True,0f32677baf04
SCR_GF_1788931433_069,2026-09-09 10:53:47,2026-09-16,7,google_flights,DEL,BOM,DEL-BOM,DEL,BOM,IndiGo,IndiGo,,00:00,00:00,135,2 hr 15 min,Economy,6425.0,,,True,0f32677baf04
SCR_GF_1788931433_070,2026-09-09 10:53:47,2026-09-16,7,google_flights,DEL,BOM,DEL-BOM,DEL,BOM,IndiGo,IndiGo,,00:00,00:00,135,2 hr 15 min,Economy,6425.0,,,True,0f32677baf04
SCR_GF_1788931433_071,2026-09-09 10:53:47,2026-09-16,7,google_flights,DEL,BOM,DEL-BOM,DEL,BOM,IndiGo,IndiGo,,00:00,00:00,140,2 hr 20 min,Economy,6425.0,,,True,0f32677baf04
SCR_GF_1788931433_072,2026-09-09 10:53:47,2026-09-16,7,google_flights,DEL,BOM,DEL-BOM,DEL,BOM,IndiGo,IndiGo,,00:00,00:00,150,2 hr 30 min,Economy,6582.0,,,True,f19071f5f010
SCR_GF_1788931433_073,2026-09-09 10:53:47,2026-09-16,7,google_flights,DEL,BOM,DEL-BOM,DEL,BOM,IndiGo,IndiGo,,00:00,00:00,145,2 hr 25 min,Economy,6582.0,,,True,f19071f5f010
SCR_GF_1788931433_074,2026-09-09 10:53:47,2026-09-16,7,google_flights,DEL,BOM,DEL-BOM,DEL,BOM,IndiGo,IndiGo,,00:00,00:00,145,2 hr 25 min,Economy,6582.0,,,True,f19071f5f010
SCR_GF_1788931433_075,2026-09-09 10:53:47,2026-09-16,7,google_flights,DEL,BOM,DEL-BOM,DEL,BOM,IndiGo,IndiGo,,00:00,00:00,145,2 hr 25 min,Economy,6582.0,,,True,f19071f5f010
SCR_GF_1788931433_076,2026-09-09 10:53:47,2026-09-16,7,google_flights,DEL,BOM,DEL-BOM,DEL,BOM,IndiGo,IndiGo,,00:00,00:00,145,2 hr 25 min,Economy,6582.0,,,True,f19071f5f010
SCR_GF_1788931433_077,2026-09-09 10:53:47,2026-09-16,7,google_flights,DEL,BOM,DEL-BOM,DEL,BOM,IndiGo,IndiGo,,00:00,00:00,145,2 hr 25 min,Economy,6582.0,,,True,f19071f5f010
SCR_GF_1788931433_078,2026-09-09 10:53:47,2026-09-16,7,google_flights,DEL,BOM,DEL-BOM,DEL,BOM,IndiGo,IndiGo,,00:00,00:00,140,2 hr 20 min,Economy,6583.0,,,True,57410092dbf3
SCR_GF_1788931433_079,2026-09-09 10:53:47,2026-09-16,7,google_flights,DEL,BOM,DEL-BOM,DEL,BOM,IndiGo,IndiGo,,00:00,00:00,135,2 hr 15 min,Economy,6583.0,,,True,57410092dbf3
SCR_GF_1788931433_080,2026-09-09 10:53:47,2026-09-16,7,google_flights,DEL,BOM,DEL-BOM,DEL,BOM,IndiGo,IndiGo,,00:00,00:00,140,2 hr 20 min,Economy,6697.0,,,True,3c59637222a4
SCR_GF_1788931433_081,2026-09-09 10:53:47,2026-09-16,7,google_flights,DEL,BOM,DEL-BOM,DEL,BOM,IndiGo,IndiGo,,00:00,00:00,140,2 hr 20 min,Economy,6740.0,,,True,159709cbd859
SCR_GF_1788931433_082,2026-09-09 10:53:47,2026-09-16,7,google_flights,DEL,BOM,DEL-BOM,DEL,BOM,IndiGo,IndiGo,,00:00,00:00,135,2 hr 15 min,Economy,6740.0,,,True,159709cbd859
SCR_GF_1788931433_083,2026-09-09 10:53:47,2026-09-16,7,google_flights,DEL,BOM,DEL-BOM,DEL,BOM,IndiGo,IndiGo,,00:00,00:00,135,2 hr 15 min,Economy,6740.0,,,True,159709cbd859
SCR_GF_1788931433_084,2026-09-09 10:53:47,2026-09-16,7,google_flights,DEL,BOM,DEL-BOM,DEL,BOM,IndiGo,IndiGo,,00:00,00:00,140,2 hr 20 min,Economy,6740.0,,,True,159709cbd859
SCR_GF_1788931433_085,2026-09-09 10:53:47,2026-09-16,7,google_flights,DEL,BOM,DEL-BOM,DEL,BOM,IndiGo,IndiGo,,00:00,00:00,145,2 hr 25 min,Economy,6740.0,,,True,159709cbd859
SCR_GF_1788931433_086,2026-09-09 10:53:47,2026-09-16,7,google_flights,DEL,BOM,DEL-BOM,DEL,BOM,IndiGo,IndiGo,,00:00,00:00,135,2 hr 15 min,Economy,6793.0,,,True,3255109a4ae8
SCR_GF_1788931433_087,2026-09-09 10:53:47,2026-09-16,7,google_flights,DEL,BOM,DEL-BOM,DEL,BOM,IndiGo,IndiGo,,00:00,00:00,140,2 hr 20 min,Economy,6793.0,,,True,3255109a4ae8
SCR_GF_1788931433_088,2026-09-09 10:53:47,2026-09-16,7,google_flights,DEL,BOM,DEL-BOM,DEL,BOM,IndiGo,IndiGo,,00:00,00:00,145,2 hr 25 min,Economy,6793.0,,,True,3255109a4ae8
SCR_GF_1788931433_089,2026-09-09 10:53:47,2026-09-16,7,google_flights,DEL,BOM,DEL-BOM,DEL,BOM,IndiGo,IndiGo,,00:00,00:00,130,2 hr 10 min,Economy,6793.0,,,True,3255109a4ae8
SCR_GF_1788931433_090,2026-09-09 10:53:47,2026-09-16,7,google_flights,DEL,BOM,DEL-BOM,DEL,BOM,IndiGo,IndiGo,,00:00,00:00,135,2 hr 15 min,Economy,6793.0,,,True,3255109a4ae8
SCR_GF_1788931433_091,2026-09-09 10:53:47,2026-09-16,7,google_flights,DEL,BOM,DEL-BOM,DEL,BOM,IndiGo,IndiGo,,00:00,00:00,140,2 hr 20 min,Economy,6793.0,,,True,3255109a4ae8
SCR_GF_1788931433_092,2026-09-09 10:53:47,2026-09-16,7,google_flights,DEL,BOM,DEL-BOM,DEL,BOM,IndiGo,IndiGo,,00:00,00:00,140,2 hr 20 min,Economy,6880.0,,,True,b7ab7994349d
SCR_GF_1788931433_093,2026-09-09 10:53:47,2026-09-16,7,google_flights,DEL,BOM,DEL-BOM,DEL,BOM,IndiGo,IndiGo,,00:00,00:00,135,2 hr 15 min,Economy,6880.0,,,True,b7ab7994349d
SCR_GF_1788931433_094,2026-09-09 10:53:47,2026-09-16,7,google_flights,DEL,BOM,DEL-BOM,DEL,BOM,IndiGo,IndiGo,,00:00,00:00,135,2 hr 15 min,Economy,6880.0,,,True,b7ab7994349d
SCR_GF_1788931433_095,2026-09-09 10:53:47,2026-09-16,7,google_flights,DEL,BOM,DEL-BOM,DEL,BOM,IndiGo,IndiGo,,00:00,00:00,145,2 hr 25 min,Economy,6880.0,,,True,b7ab7994349d
SCR_GF_1788931433_096,2026-09-09 10:53:47,2026-09-16,7,google_flights,DEL,BOM,DEL-BOM,DEL,BOM,IndiGo,IndiGo,,00:00,00:00,140,2 hr 20 min,Economy,6880.0,,,True,b7ab7994349d
SCR_GF_1788931434_097,2026-09-09 10:53:47,2026-09-16,7,google_flights,DEL,BOM,DEL-BOM,DEL,BOM,IndiGo,IndiGo,,00:00,00:00,135,2 hr 15 min,Economy,6880.0,,,True,b7ab7994349d
SCR_GF_1788931434_098,2026-09-09 10:53:47,2026-09-16,7,google_flights,DEL,BOM,DEL-BOM,DEL,BOM,IndiGo,IndiGo,,00:00,00:00,145,2 hr 25 min,Economy,6950.0,,,True,ec45c260cfed
SCR_GF_1788931434_099,2026-09-09 10:53:47,2026-09-16,7,google_flights,DEL,BOM,DEL-BOM,DEL,BOM,IndiGo,IndiGo,,00:00,00:00,145,2 hr 25 min,Economy,6950.0,,,True,ec45c260cfed
SCR_GF_1788931434_100,2026-09-09 10:53:47,2026-09-16,7,google_flights,DEL,BOM,DEL-BOM,DEL,BOM,IndiGo,IndiGo,,00:00,00:00,145,2 hr 25 min,Economy,6950.0,,,True,ec45c260cfed
SCR_GF_1788931434_101,2026-09-09 10:53:47,2026-09-16,7,google_flights,DEL,BOM,DEL-BOM,DEL,BOM,IndiGo,IndiGo,,00:00,00:00,145,2 hr 25 min,Economy,6950.0,,,True,ec45c260cfed
SCR_GF_1788931434_102,2026-09-09 10:53:47,2026-09-16,7,google_flights,DEL,BOM,DEL-BOM,DEL,BOM,IndiGo,IndiGo,,00:00,00:00,145,2 hr 25 min,Economy,6950.0,,,True,ec45c260cfed
SCR_GF_1788931434_103,2026-09-09 10:53:47,2026-09-16,7,google_flights,DEL,BOM,DEL-BOM,DEL,BOM,IndiGo,IndiGo,,00:00,00:00,135,2 hr 15 min,Economy,7055.0,,,True,e399fd18f68f
SCR_GF_1788931434_104,2026-09-09 10:53:47,2026-09-16,7,google_flights,DEL,BOM,DEL-BOM,DEL,BOM,IndiGo,IndiGo,,00:00,00:00,145,2 hr 25 min,Economy,7079.0,,,True,392a1626c254
SCR_GF_1788931434_105,2026-09-09 10:53:47,2026-09-16,7,google_flights,DEL,BOM,DEL-BOM,DEL,BOM,IndiGo,IndiGo,,00:00,00:00,145,2 hr 25 min,Economy,7181.0,,,True,ed16681036a9
SCR_GF_1788931434_106,2026-09-09 10:53:47,2026-09-16,7,google_flights,DEL,BOM,DEL-BOM,DEL,BOM,IndiGo,IndiGo,,00:00,00:00,140,2 hr 20 min,Economy,7212.0,,,True,8f845f36db69
SCR_GF_1788931434_107,2026-09-09 10:53:47,2026-09-16,7,google_flights,DEL,BOM,DEL-BOM,DEL,BOM,IndiGo,IndiGo,,00:00,00:00,155,2 hr 35 min,Economy,7212.0,,,True,8f845f36db69
SCR_GF_1788931434_108,2026-09-09 10:53:47,2026-09-16,7,google_flights,DEL,BOM,DEL-BOM,DEL,BOM,IndiGo,IndiGo,,00:00,00:00,140,2 hr 20 min,Economy,7212.0,,,True,8f845f36db69
SCR_GF_1788931434_109,2026-09-09 10:53:47,2026-09-16,7,google_flights,DEL,BOM,DEL-BOM,DEL,BOM,IndiGo,IndiGo,,00:00,00:00,145,2 hr 25 min,Economy,7349.0,,,True,431bdb1f23a3
SCR_GF_1788931434_110,2026-09-09 10:53:47,2026-09-16,7,google_flights,DEL,BOM,DEL-BOM,DEL,BOM,IndiGo,IndiGo,,00:00,00:00,145,2 hr 25 min,Economy,7349.0,,,True,431bdb1f23a3
SCR_GF_1788931434_111,2026-09-09 10:53:47,2026-09-16,7,google_flights,DEL,BOM,DEL-BOM,DEL,BOM,IndiGo,IndiGo,,00:00,00:00,145,2 hr 25 min,Economy,8052.0,,,True,3d5245c1dec7
SCR_GF_1788931434_112,2026-09-09 10:53:47,2026-09-16,7,google_flights,DEL,BOM,DEL-BOM,DEL,BOM,IndiGo,IndiGo,,00:00,00:00,165,2 hr 45 min,Economy,11558.0,,,True,67548c716263
SCR_GF_1788931439_001,2026-09-09 10:53:54,2026-09-24,15,google_flights,DEL,BOM,DEL-BOM,DEL,BOM,Air India,Air India,,11:00 PM,1:25 AM,145,2 hr 25 min,Economy,6314.0,,,True,a27dd6fe7d20
SCR_GF_1788931439_002,2026-09-09 10:53:54,2026-09-24,15,google_flights,DEL,BOM,DEL-BOM,DEL,BOM,IndiGo,IndiGo,,11:30 PM,1:45 AM,135,2 hr 15 min,Economy,6425.0,,,True,a2aa771bdd05
SCR_GF_1788931439_003,2026-09-09 10:53:54,2026-09-24,15,google_flights,DEL,BOM,DEL-BOM,DEL,BOM,Akasa Air,Akasa Air,,7:55 PM,10:20 PM,145,2 hr 25 min,Economy,6880.0,,,True,ef21df3d8964
SCR_GF_1788931439_004,2026-09-09 10:53:54,2026-09-24,15,google_flights,DEL,BOM,DEL-BOM,DEL,BOM,IndiGo,IndiGo,,12:15 AM,5:30 AM,315,5 hr 15 min,Economy,5985.0,,,False,2d2bbe0973d8
SCR_GF_1788931439_005,2026-09-09 10:53:54,2026-09-24,15,google_flights,DEL,BOM,DEL-BOM,DEL,BOM,IndiGo,IndiGo,,5:10 AM,9:35 AM,265,4 hr 25 min,Economy,5985.0,,,False,8b91bc20be4b
SCR_GF_1788931439_006,2026-09-09 10:53:54,2026-09-24,15,google_flights,DEL,BOM,DEL-BOM,DEL,BOM,IndiGo,IndiGo,,5:40 AM,10:25 AM,285,4 hr 45 min,Economy,5985.0,,,False,b781936bd0e7
SCR_GF_1788931439_007,2026-09-09 10:53:54,2026-09-24,15,google_flights,DEL,BOM,DEL-BOM,DEL,BOM,IndiGo,IndiGo,,7:30 AM,12:20 PM,290,4 hr 50 min,Economy,5985.0,,,False,facd2220411c
SCR_GF_1788931439_008,2026-09-09 10:53:54,2026-09-24,15,google_flights,DEL,BOM,DEL-BOM,DEL,BOM,IndiGo,IndiGo,,3:35 PM,8:50 PM,315,5 hr 15 min,Economy,5985.0,,,False,16c3762cb0ad
SCR_GF_1788931439_009,2026-09-09 10:53:54,2026-09-24,15,google_flights,DEL,BOM,DEL-BOM,DEL,BOM,IndiGo,IndiGo,,6:30 PM,10:25 PM,235,3 hr 55 min,Economy,5985.0,,,False,44085bbc7249
SCR_GF_1788931439_010,2026-09-09 10:53:54,2026-09-24,15,google_flights,DEL,BOM,DEL-BOM,DEL,BOM,IndiGo,IndiGo,,7:35 PM,12:30 AM,295,4 hr 55 min,Economy,5985.0,,,False,2d8ae52bb9c9
SCR_GF_1788931439_011,2026-09-09 10:53:54,2026-09-24,15,google_flights,DEL,BOM,DEL-BOM,DEL,BOM,IndiGo,IndiGo,,9:50 PM,2:55 AM,305,5 hr 5 min,Economy,5985.0,,,False,84d10ff3e50d
SCR_GF_1788931439_012,2026-09-09 10:53:54,2026-09-24,15,google_flights,DEL,BOM,DEL-BOM,DEL,BOM,Air India,Air India,,5:00 AM,7:20 AM,140,2 hr 20 min,Economy,6314.0,,,True,7d84853295bd
SCR_GF_1788931439_013,2026-09-09 10:53:54,2026-09-24,15,google_flights,DEL,BOM,DEL-BOM,DEL,BOM,IndiGo,IndiGo,,5:00 AM,7:15 AM,135,2 hr 15 min,Economy,6425.0,,,True,40df9ecf2d08
SCR_GF_1788931439_014,2026-09-09 10:53:54,2026-09-24,15,google_flights,DEL,BOM,DEL-BOM,DEL,BOM,IndiGo,IndiGo,,8:45 AM,11:00 AM,135,2 hr 15 min,Economy,6425.0,,,True,02d571a81cbb
SCR_GF_1788931439_015,2026-09-09 10:53:54,2026-09-24,15,google_flights,DEL,BOM,DEL-BOM,DEL,BOM,IndiGo,IndiGo,,9:30 AM,11:55 AM,145,2 hr 25 min,Economy,6425.0,,,True,31db518a6e44
SCR_GF_1788931439_016,2026-09-09 10:53:54,2026-09-24,15,google_flights,DEL,BOM,DEL-BOM,DEL,BOM,IndiGo,IndiGo,,10:15 AM,12:35 PM,140,2 hr 20 min,Economy,6425.0,,,True,06582ea22f08
SCR_GF_1788931439_017,2026-09-09 10:53:54,2026-09-24,15,google_flights,DEL,BOM,DEL-BOM,DEL,BOM,IndiGo,IndiGo,,11:00 AM,1:15 PM,135,2 hr 15 min,Economy,6425.0,,,True,25a03244a722
SCR_GF_1788931439_018,2026-09-09 10:53:54,2026-09-24,15,google_flights,DEL,BOM,DEL-BOM,DEL,BOM,IndiGo,IndiGo,,12:00 PM,2:15 PM,135,2 hr 15 min,Economy,6425.0,,,True,a907dbe6d018
SCR_GF_1788931439_019,2026-09-09 10:53:54,2026-09-24,15,google_flights,DEL,BOM,DEL-BOM,DEL,BOM,IndiGo,IndiGo,,1:00 PM,3:10 PM,130,2 hr 10 min,Economy,6425.0,,,True,fea58568c220
SCR_GF_1788931439_020,2026-09-09 10:53:54,2026-09-24,15,google_flights,DEL,BOM,DEL-BOM,DEL,BOM,IndiGo,IndiGo,,2:00 PM,4:25 PM,145,2 hr 25 min,Economy,6425.0,,,True,e7e1e852d427
SCR_GF_1788931439_021,2026-09-09 10:53:54,2026-09-24,15,google_flights,DEL,BOM,DEL-BOM,DEL,BOM,IndiGo,IndiGo,,2:45 PM,5:00 PM,135,2 hr 15 min,Economy,6425.0,,,True,2581dc11798c
SCR_GF_1788931439_022,2026-09-09 10:53:54,2026-09-24,15,google_flights,DEL,BOM,DEL-BOM,DEL,BOM,IndiGo,IndiGo,,3:30 PM,5:45 PM,135,2 hr 15 min,Economy,6425.0,,,True,d7de827dd57b
SCR_GF_1788931439_023,2026-09-09 10:53:54,2026-09-24,15,google_flights,DEL,BOM,DEL-BOM,DEL,BOM,IndiGo,IndiGo,,4:15 PM,6:35 PM,140,2 hr 20 min,Economy,6425.0,,,True,9418362565d3
SCR_GF_1788931439_024,2026-09-09 10:53:54,2026-09-24,15,google_flights,DEL,BOM,DEL-BOM,DEL,BOM,IndiGo,IndiGo,,5:00 PM,7:15 PM,135,2 hr 15 min,Economy,6425.0,,,True,0c4ba0c5e0a6
SCR_GF_1788931439_025,2026-09-09 10:53:54,2026-09-24,15,google_flights,DEL,BOM,DEL-BOM,DEL,BOM,IndiGo,IndiGo,,10:45 PM,1:05 AM,140,2 hr 20 min,Economy,6425.0,,,True,7081865c193f
SCR_GF_1788931439_026,2026-09-09 10:53:54,2026-09-24,15,google_flights,DEL,BOM,DEL-BOM,DEL,BOM,Air India,Air India,,8:30 AM,10:45 AM,135,2 hr 15 min,Economy,6582.0,,,True,fab818625673
SCR_GF_1788931439_027,2026-09-09 10:53:54,2026-09-24,15,google_flights,DEL,BOM,DEL-BOM,DEL,BOM,Air India,Air India,,9:00 AM,11:15 AM,135,2 hr 15 min,Economy,6582.0,,,True,cbaf4870e4f0
SCR_GF_1788931439_028,2026-09-09 10:53:54,2026-09-24,15,google_flights,DEL,BOM,DEL-BOM,DEL,BOM,Air India,Air India,,9:30 AM,12:00 PM,150,2 hr 30 min,Economy,6582.0,,,True,11069d81310e
SCR_GF_1788931439_029,2026-09-09 10:53:54,2026-09-24,15,google_flights,DEL,BOM,DEL-BOM,DEL,BOM,Air India,Air India,,10:00 AM,12:25 PM,145,2 hr 25 min,Economy,6582.0,,,True,983a6cd4ef0b
SCR_GF_1788931439_030,2026-09-09 10:53:54,2026-09-24,15,google_flights,DEL,BOM,DEL-BOM,DEL,BOM,Air India,Air India,,11:00 AM,1:25 PM,145,2 hr 25 min,Economy,6582.0,,,True,2c69f9c30da5
SCR_GF_1788931439_031,2026-09-09 10:53:54,2026-09-24,15,google_flights,DEL,BOM,DEL-BOM,DEL,BOM,Air India,Air India,,12:00 PM,2:25 PM,145,2 hr 25 min,Economy,6582.0,,,True,f9f898446de8
SCR_GF_1788931439_032,2026-09-09 10:53:54,2026-09-24,15,google_flights,DEL,BOM,DEL-BOM,DEL,BOM,Air India,Air India,,1:30 PM,3:50 PM,140,2 hr 20 min,Economy,6582.0,,,True,1c43759c1532
SCR_GF_1788931439_033,2026-09-09 10:53:54,2026-09-24,15,google_flights,DEL,BOM,DEL-BOM,DEL,BOM,Air India,Air India,,3:30 PM,5:55 PM,145,2 hr 25 min,Economy,6582.0,,,True,88224cefdff0
SCR_GF_1788931439_034,2026-09-09 10:53:54,2026-09-24,15,google_flights,DEL,BOM,DEL-BOM,DEL,BOM,Air India,Air India,,4:00 PM,6:25 PM,145,2 hr 25 min,Economy,6582.0,,,True,98e355c3b9d3
SCR_GF_1788931439_035,2026-09-09 10:53:54,2026-09-24,15,google_flights,DEL,BOM,DEL-BOM,DEL,BOM,Air India,Air India,,4:30 PM,6:50 PM,140,2 hr 20 min,Economy,6582.0,,,True,d86fad0a83ce
SCR_GF_1788931439_036,2026-09-09 10:53:54,2026-09-24,15,google_flights,DEL,BOM,DEL-BOM,DEL,BOM,Air India,Air India,,5:00 PM,7:25 PM,145,2 hr 25 min,Economy,6582.0,,,True,f79d4830fc57
SCR_GF_1788931439_037,2026-09-09 10:53:54,2026-09-24,15,google_flights,DEL,BOM,DEL-BOM,DEL,BOM,IndiGo,IndiGo,,6:05 AM,8:20 AM,135,2 hr 15 min,Economy,6583.0,,,True,18fdafbf2e0b
SCR_GF_1788931439_038,2026-09-09 10:53:54,2026-09-24,15,google_flights,DEL,BOM,DEL-BOM,DEL,BOM,Air India,Air India,,5:35 AM,8:05 AM,150,2 hr 30 min,Economy,6610.0,,,True,82f67c59a2cd
SCR_GF_1788931439_039,2026-09-09 10:53:54,2026-09-24,15,google_flights,DEL,BOM,DEL-BOM,DEL,BOM,Air India,Air India,,11:25 PM,1:50 AM,145,2 hr 25 min,Economy,6610.0,,,True,131b88e14c14
SCR_GF_1788931439_040,2026-09-09 10:53:54,2026-09-24,15,google_flights,DEL,BOM,DEL-BOM,DEL,BOM,Air India,Air India,,6:30 AM,8:50 AM,140,2 hr 20 min,Economy,6740.0,,,True,aad28f1a097b
SCR_GF_1788931439_041,2026-09-09 10:53:54,2026-09-24,15,google_flights,DEL,BOM,DEL-BOM,DEL,BOM,IndiGo,IndiGo,,7:15 AM,9:30 AM,135,2 hr 15 min,Economy,6793.0,,,True,abe7f8d959e5
SCR_GF_1788931439_042,2026-09-09 10:53:54,2026-09-24,15,google_flights,DEL,BOM,DEL-BOM,DEL,BOM,IndiGo,IndiGo,,8:00 AM,10:20 AM,140,2 hr 20 min,Economy,6793.0,,,True,81ad67119a34
SCR_GF_1788931439_043,2026-09-09 10:53:54,2026-09-24,15,google_flights,DEL,BOM,DEL-BOM,DEL,BOM,IndiGo,IndiGo,,6:00 PM,8:15 PM,135,2 hr 15 min,Economy,6793.0,,,True,a859253f2b9b
SCR_GF_1788931439_044,2026-09-09 10:53:54,2026-09-24,15,google_flights,DEL,BOM,DEL-BOM,DEL,BOM,IndiGo,IndiGo,,7:00 PM,9:25 PM,145,2 hr 25 min,Economy,6793.0,,,True,e09785dd0185
SCR_GF_1788931439_045,2026-09-09 10:53:54,2026-09-24,15,google_flights,DEL,BOM,DEL-BOM,DEL,BOM,IndiGo,IndiGo,,8:00 PM,10:10 PM,130,2 hr 10 min,Economy,6793.0,,,True,c6358ef1f26d
SCR_GF_1788931439_046,2026-09-09 10:53:54,2026-09-24,15,google_flights,DEL,BOM,DEL-BOM,DEL,BOM,IndiGo,IndiGo,,8:45 PM,11:00 PM,135,2 hr 15 min,Economy,6793.0,,,True,1096132f2034
SCR_GF_1788931439_047,2026-09-09 10:53:54,2026-09-24,15,google_flights,DEL,BOM,DEL-BOM,DEL,BOM,IndiGo,IndiGo,,9:45 PM,12:05 AM,140,2 hr 20 min,Economy,6793.0,,,True,fc3bf8e2015f
SCR_GF_1788931439_048,2026-09-09 10:53:54,2026-09-24,15,google_flights,DEL,BOM,DEL-BOM,DEL,BOM,Akasa Air,Akasa Air,,6:50 AM,9:10 AM,140,2 hr 20 min,Economy,6880.0,,,True,49bacae93d85
SCR_GF_1788931439_049,2026-09-09 10:53:54,2026-09-24,15,google_flights,DEL,BOM,DEL-BOM,DEL,BOM,Akasa Air,Akasa Air,,8:40 AM,10:55 AM,135,2 hr 15 min,Economy,6880.0,,,True,167bbc1b2ad1
SCR_GF_1788931439_050,2026-09-09 10:53:54,2026-09-24,15,google_flights,DEL,BOM,DEL-BOM,DEL,BOM,Akasa Air,Akasa Air,,9:20 AM,11:40 AM,140,2 hr 20 min,Economy,6880.0,,,True,d4bb83488396
SCR_GF_1788931439_051,2026-09-09 10:53:54,2026-09-24,15,google_flights,DEL,BOM,DEL-BOM,DEL,BOM,Akasa Air,Akasa Air,,10:30 AM,12:45 PM,135,2 hr 15 min,Economy,6880.0,,,True,a6de15a4a9e8
SCR_GF_1788931439_052,2026-09-09 10:53:54,2026-09-24,15,google_flights,DEL,BOM,DEL-BOM,DEL,BOM,Akasa Air,Akasa Air,,12:30 PM,2:55 PM,145,2 hr 25 min,Economy,6880.0,,,True,98231cad976a
SCR_GF_1788931439_053,2026-09-09 10:53:54,2026-09-24,15,google_flights,DEL,BOM,DEL-BOM,DEL,BOM,Akasa Air,Akasa Air,,4:00 PM,6:20 PM,140,2 hr 20 min,Economy,6880.0,,,True,f8b4db7aa279
SCR_GF_1788931439_054,2026-09-09 10:53:54,2026-09-24,15,google_flights,DEL,BOM,DEL-BOM,DEL,BOM,Akasa Air,Akasa Air,,5:30 PM,7:45 PM,135,2 hr 15 min,Economy,6880.0,,,True,fb1eac92bd69
SCR_GF_1788931439_055,2026-09-09 10:53:54,2026-09-24,15,google_flights,DEL,BOM,DEL-BOM,DEL,BOM,Air India,Air India,,7:00 AM,9:25 AM,145,2 hr 25 min,Economy,6950.0,,,True,cb6f0c8f8c92
SCR_GF_1788931439_056,2026-09-09 10:53:54,2026-09-24,15,google_flights,DEL,BOM,DEL-BOM,DEL,BOM,Air India,Air India,,7:30 AM,9:55 AM,145,2 hr 25 min,Economy,6950.0,,,True,3b8e28770ef5
SCR_GF_1788931439_057,2026-09-09 10:53:54,2026-09-24,15,google_flights,DEL,BOM,DEL-BOM,DEL,BOM,Air India,Air India,,7:30 PM,9:55 PM,145,2 hr 25 min,Economy,6950.0,,,True,71e7101a219e
SCR_GF_1788931439_058,2026-09-09 10:53:54,2026-09-24,15,google_flights,DEL,BOM,DEL-BOM,DEL,BOM,Air India,Air India,,8:30 PM,11:05 PM,155,2 hr 35 min,Economy,6950.0,,,True,4140e306b746
SCR_GF_1788931439_059,2026-09-09 10:53:54,2026-09-24,15,google_flights,DEL,BOM,DEL-BOM,DEL,BOM,Air India,Air India,,9:00 PM,11:20 PM,140,2 hr 20 min,Economy,6950.0,,,True,2385cab37a44
SCR_GF_1788931439_060,2026-09-09 10:53:54,2026-09-24,15,google_flights,DEL,BOM,DEL-BOM,DEL,BOM,Air India,Air India,,9:00 PM,11:20 PM,140,2 hr 20 min,Economy,6950.0,,,True,2385cab37a44
SCR_GF_1788931439_061,2026-09-09 10:53:54,2026-09-24,15,google_flights,DEL,BOM,DEL-BOM,DEL,BOM,Air India,Air India,,9:30 PM,11:55 PM,145,2 hr 25 min,Economy,7123.0,,,True,84689248eec4
SCR_GF_1788931439_062,2026-09-09 10:53:54,2026-09-24,15,google_flights,DEL,BOM,DEL-BOM,DEL,BOM,Air India,Air India,,8:00 PM,10:25 PM,145,2 hr 25 min,Economy,7181.0,,,True,0bc2d87cd4c5
SCR_GF_1788931439_063,2026-09-09 10:53:54,2026-09-24,15,google_flights,DEL,BOM,DEL-BOM,DEL,BOM,Air India,Air India,,7:00 PM,9:25 PM,145,2 hr 25 min,Economy,7238.0,,,True,7d2c1a95f59d
SCR_GF_1788931439_064,2026-09-09 10:53:54,2026-09-24,15,google_flights,DEL,BOM,DEL-BOM,DEL,BOM,Air India,Air India,,6:00 PM,8:25 PM,145,2 hr 25 min,Economy,7349.0,,,True,db1cb2325a0b
SCR_GF_1788931440_065,2026-09-09 10:53:54,2026-09-24,15,google_flights,DEL,BOM,DEL-BOM,DEL,BOM,SpiceJet,SpiceJet,,10:45 PM,1:25 AM,160,2 hr 40 min,Economy,19603.0,,,True,da5498e43ea7
SCR_GF_1788931440_066,2026-09-09 10:53:54,2026-09-24,15,google_flights,DEL,BOM,DEL-BOM,DEL,BOM,SpiceJet,SpiceJet,,7:55 PM,10:40 PM,165,2 hr 45 min,Economy,22551.0,,,True,8012fe80c948
SCR_GF_1788931440_067,2026-09-09 10:53:54,2026-09-24,15,google_flights,DEL,BOM,DEL-BOM,DEL,BOM,IndiGo,IndiGo,,00:00,00:00,145,2 hr 25 min,Economy,6314.0,,,True,0740e22565ca
SCR_GF_1788931440_068,2026-09-09 10:53:54,2026-09-24,15,google_flights,DEL,BOM,DEL-BOM,DEL,BOM,IndiGo,IndiGo,,00:00,00:00,135,2 hr 15 min,Economy,6425.0,,,True,ad1d068efbec
SCR_GF_1788931440_069,2026-09-09 10:53:54,2026-09-24,15,google_flights,DEL,BOM,DEL-BOM,DEL,BOM,IndiGo,IndiGo,,00:00,00:00,145,2 hr 25 min,Economy,6880.0,,,True,259b3eb23cfb
SCR_GF_1788931440_070,2026-09-09 10:53:54,2026-09-24,15,google_flights,DEL,BOM,DEL-BOM,DEL,BOM,IndiGo,IndiGo,,00:00,00:00,315,5 hr 15 min,Economy,5985.0,,,False,36f4d9c16e62
SCR_GF_1788931440_071,2026-09-09 10:53:54,2026-09-24,15,google_flights,DEL,BOM,DEL-BOM,DEL,BOM,IndiGo,IndiGo,,00:00,00:00,265,4 hr 25 min,Economy,5985.0,,,False,36f4d9c16e62
SCR_GF_1788931440_072,2026-09-09 10:53:54,2026-09-24,15,google_flights,DEL,BOM,DEL-BOM,DEL,BOM,IndiGo,IndiGo,,00:00,00:00,285,4 hr 45 min,Economy,5985.0,,,False,36f4d9c16e62
SCR_GF_1788931440_073,2026-09-09 10:53:54,2026-09-24,15,google_flights,DEL,BOM,DEL-BOM,DEL,BOM,IndiGo,IndiGo,,00:00,00:00,290,4 hr 50 min,Economy,5985.0,,,False,36f4d9c16e62
SCR_GF_1788931440_074,2026-09-09 10:53:54,2026-09-24,15,google_flights,DEL,BOM,DEL-BOM,DEL,BOM,IndiGo,IndiGo,,00:00,00:00,315,5 hr 15 min,Economy,5985.0,,,False,36f4d9c16e62
SCR_GF_1788931440_075,2026-09-09 10:53:54,2026-09-24,15,google_flights,DEL,BOM,DEL-BOM,DEL,BOM,IndiGo,IndiGo,,00:00,00:00,235,3 hr 55 min,Economy,5985.0,,,False,36f4d9c16e62
SCR_GF_1788931440_076,2026-09-09 10:53:54,2026-09-24,15,google_flights,DEL,BOM,DEL-BOM,DEL,BOM,IndiGo,IndiGo,,00:00,00:00,295,4 hr 55 min,Economy,5985.0,,,False,36f4d9c16e62
SCR_GF_1788931440_077,2026-09-09 10:53:54,2026-09-24,15,google_flights,DEL,BOM,DEL-BOM,DEL,BOM,IndiGo,IndiGo,,00:00,00:00,305,5 hr 5 min,Economy,5985.0,,,False,36f4d9c16e62
SCR_GF_1788931440_078,2026-09-09 10:53:54,2026-09-24,15,google_flights,DEL,BOM,DEL-BOM,DEL,BOM,IndiGo,IndiGo,,00:00,00:00,140,2 hr 20 min,Economy,6314.0,,,True,0740e22565ca
SCR_GF_1788931440_079,2026-09-09 10:53:54,2026-09-24,15,google_flights,DEL,BOM,DEL-BOM,DEL,BOM,IndiGo,IndiGo,,00:00,00:00,135,2 hr 15 min,Economy,6425.0,,,True,ad1d068efbec
SCR_GF_1788931440_080,2026-09-09 10:53:54,2026-09-24,15,google_flights,DEL,BOM,DEL-BOM,DEL,BOM,IndiGo,IndiGo,,00:00,00:00,135,2 hr 15 min,Economy,6425.0,,,True,ad1d068efbec
SCR_GF_1788931440_081,2026-09-09 10:53:54,2026-09-24,15,google_flights,DEL,BOM,DEL-BOM,DEL,BOM,IndiGo,IndiGo,,00:00,00:00,145,2 hr 25 min,Economy,6425.0,,,True,ad1d068efbec
SCR_GF_1788931440_082,2026-09-09 10:53:54,2026-09-24,15,google_flights,DEL,BOM,DEL-BOM,DEL,BOM,IndiGo,IndiGo,,00:00,00:00,140,2 hr 20 min,Economy,6425.0,,,True,ad1d068efbec
SCR_GF_1788931440_083,2026-09-09 10:53:54,2026-09-24,15,google_flights,DEL,BOM,DEL-BOM,DEL,BOM,IndiGo,IndiGo,,00:00,00:00,135,2 hr 15 min,Economy,6425.0,,,True,ad1d068efbec
SCR_GF_1788931440_084,2026-09-09 10:53:54,2026-09-24,15,google_flights,DEL,BOM,DEL-BOM,DEL,BOM,IndiGo,IndiGo,,00:00,00:00,135,2 hr 15 min,Economy,6425.0,,,True,ad1d068efbec
SCR_GF_1788931440_085,2026-09-09 10:53:54,2026-09-24,15,google_flights,DEL,BOM,DEL-BOM,DEL,BOM,IndiGo,IndiGo,,00:00,00:00,130,2 hr 10 min,Economy,6425.0,,,True,ad1d068efbec
SCR_GF_1788931440_086,2026-09-09 10:53:54,2026-09-24,15,google_flights,DEL,BOM,DEL-BOM,DEL,BOM,IndiGo,IndiGo,,00:00,00:00,145,2 hr 25 min,Economy,6425.0,,,True,ad1d068efbec
SCR_GF_1788931440_087,2026-09-09 10:53:54,2026-09-24,15,google_flights,DEL,BOM,DEL-BOM,DEL,BOM,IndiGo,IndiGo,,00:00,00:00,135,2 hr 15 min,Economy,6425.0,,,True,ad1d068efbec
SCR_GF_1788931440_088,2026-09-09 10:53:54,2026-09-24,15,google_flights,DEL,BOM,DEL-BOM,DEL,BOM,IndiGo,IndiGo,,00:00,00:00,135,2 hr 15 min,Economy,6425.0,,,True,ad1d068efbec
SCR_GF_1788931440_089,2026-09-09 10:53:54,2026-09-24,15,google_flights,DEL,BOM,DEL-BOM,DEL,BOM,IndiGo,IndiGo,,00:00,00:00,140,2 hr 20 min,Economy,6425.0,,,True,ad1d068efbec
SCR_GF_1788931440_090,2026-09-09 10:53:54,2026-09-24,15,google_flights,DEL,BOM,DEL-BOM,DEL,BOM,IndiGo,IndiGo,,00:00,00:00,135,2 hr 15 min,Economy,6425.0,,,True,ad1d068efbec
SCR_GF_1788931440_091,2026-09-09 10:53:54,2026-09-24,15,google_flights,DEL,BOM,DEL-BOM,DEL,BOM,IndiGo,IndiGo,,00:00,00:00,140,2 hr 20 min,Economy,6425.0,,,True,ad1d068efbec
SCR_GF_1788931440_092,2026-09-09 10:53:54,2026-09-24,15,google_flights,DEL,BOM,DEL-BOM,DEL,BOM,IndiGo,IndiGo,,00:00,00:00,135,2 hr 15 min,Economy,6582.0,,,True,c07766ebfb6a
SCR_GF_1788931440_093,2026-09-09 10:53:54,2026-09-24,15,google_flights,DEL,BOM,DEL-BOM,DEL,BOM,IndiGo,IndiGo,,00:00,00:00,135,2 hr 15 min,Economy,6582.0,,,True,c07766ebfb6a
SCR_GF_1788931440_094,2026-09-09 10:53:54,2026-09-24,15,google_flights,DEL,BOM,DEL-BOM,DEL,BOM,IndiGo,IndiGo,,00:00,00:00,150,2 hr 30 min,Economy,6582.0,,,True,c07766ebfb6a
SCR_GF_1788931440_095,2026-09-09 10:53:54,2026-09-24,15,google_flights,DEL,BOM,DEL-BOM,DEL,BOM,IndiGo,IndiGo,,00:00,00:00,145,2 hr 25 min,Economy,6582.0,,,True,c07766ebfb6a
SCR_GF_1788931440_096,2026-09-09 10:53:54,2026-09-24,15,google_flights,DEL,BOM,DEL-BOM,DEL,BOM,IndiGo,IndiGo,,00:00,00:00,145,2 hr 25 min,Economy,6582.0,,,True,c07766ebfb6a
SCR_GF_1788931440_097,2026-09-09 10:53:54,2026-09-24,15,google_flights,DEL,BOM,DEL-BOM,DEL,BOM,IndiGo,IndiGo,,00:00,00:00,145,2 hr 25 min,Economy,6582.0,,,True,c07766ebfb6a
SCR_GF_1788931440_098,2026-09-09 10:53:54,2026-09-24,15,google_flights,DEL,BOM,DEL-BOM,DEL,BOM,IndiGo,IndiGo,,00:00,00:00,140,2 hr 20 min,Economy,6582.0,,,True,c07766ebfb6a
SCR_GF_1788931440_099,2026-09-09 10:53:54,2026-09-24,15,google_flights,DEL,BOM,DEL-BOM,DEL,BOM,IndiGo,IndiGo,,00:00,00:00,145,2 hr 25 min,Economy,6582.0,,,True,c07766ebfb6a
SCR_GF_1788931440_100,2026-09-09 10:53:54,2026-09-24,15,google_flights,DEL,BOM,DEL-BOM,DEL,BOM,IndiGo,IndiGo,,00:00,00:00,145,2 hr 25 min,Economy,6582.0,,,True,c07766ebfb6a
SCR_GF_1788931440_101,2026-09-09 10:53:54,2026-09-24,15,google_flights,DEL,BOM,DEL-BOM,DEL,BOM,IndiGo,IndiGo,,00:00,00:00,140,2 hr 20 min,Economy,6582.0,,,True,c07766ebfb6a
SCR_GF_1788931440_102,2026-09-09 10:53:54,2026-09-24,15,google_flights,DEL,BOM,DEL-BOM,DEL,BOM,IndiGo,IndiGo,,00:00,00:00,145,2 hr 25 min,Economy,6582.0,,,True,c07766ebfb6a
SCR_GF_1788931440_103,2026-09-09 10:53:54,2026-09-24,15,google_flights,DEL,BOM,DEL-BOM,DEL,BOM,IndiGo,IndiGo,,00:00,00:00,135,2 hr 15 min,Economy,6583.0,,,True,6ab993b88f46
SCR_GF_1788931440_104,2026-09-09 10:53:54,2026-09-24,15,google_flights,DEL,BOM,DEL-BOM,DEL,BOM,IndiGo,IndiGo,,00:00,00:00,150,2 hr 30 min,Economy,6610.0,,,True,68611c7a8607
SCR_GF_1788931440_105,2026-09-09 10:53:54,2026-09-24,15,google_flights,DEL,BOM,DEL-BOM,DEL,BOM,IndiGo,IndiGo,,00:00,00:00,145,2 hr 25 min,Economy,6610.0,,,True,68611c7a8607
SCR_GF_1788931440_106,2026-09-09 10:53:54,2026-09-24,15,google_flights,DEL,BOM,DEL-BOM,DEL,BOM,IndiGo,IndiGo,,00:00,00:00,140,2 hr 20 min,Economy,6740.0,,,True,46edc0e97c7f
SCR_GF_1788931440_107,2026-09-09 10:53:54,2026-09-24,15,google_flights,DEL,BOM,DEL-BOM,DEL,BOM,IndiGo,IndiGo,,00:00,00:00,135,2 hr 15 min,Economy,6793.0,,,True,5cbe5fab7297
SCR_GF_1788931440_108,2026-09-09 10:53:54,2026-09-24,15,google_flights,DEL,BOM,DEL-BOM,DEL,BOM,IndiGo,IndiGo,,00:00,00:00,140,2 hr 20 min,Economy,6793.0,,,True,5cbe5fab7297
SCR_GF_1788931440_109,2026-09-09 10:53:54,2026-09-24,15,google_flights,DEL,BOM,DEL-BOM,DEL,BOM,IndiGo,IndiGo,,00:00,00:00,135,2 hr 15 min,Economy,6793.0,,,True,5cbe5fab7297
SCR_GF_1788931440_110,2026-09-09 10:53:54,2026-09-24,15,google_flights,DEL,BOM,DEL-BOM,DEL,BOM,IndiGo,IndiGo,,00:00,00:00,145,2 hr 25 min,Economy,6793.0,,,True,5cbe5fab7297
SCR_GF_1788931440_111,2026-09-09 10:53:54,2026-09-24,15,google_flights,DEL,BOM,DEL-BOM,DEL,BOM,IndiGo,IndiGo,,00:00,00:00,130,2 hr 10 min,Economy,6793.0,,,True,5cbe5fab7297
SCR_GF_1788931440_112,2026-09-09 10:53:54,2026-09-24,15,google_flights,DEL,BOM,DEL-BOM,DEL,BOM,IndiGo,IndiGo,,00:00,00:00,135,2 hr 15 min,Economy,6793.0,,,True,5cbe5fab7297
SCR_GF_1788931440_113,2026-09-09 10:53:54,2026-09-24,15,google_flights,DEL,BOM,DEL-BOM,DEL,BOM,IndiGo,IndiGo,,00:00,00:00,140,2 hr 20 min,Economy,6793.0,,,True,5cbe5fab7297
SCR_GF_1788931440_114,2026-09-09 10:53:54,2026-09-24,15,google_flights,DEL,BOM,DEL-BOM,DEL,BOM,IndiGo,IndiGo,,00:00,00:00,140,2 hr 20 min,Economy,6880.0,,,True,259b3eb23cfb
SCR_GF_1788931440_115,2026-09-09 10:53:54,2026-09-24,15,google_flights,DEL,BOM,DEL-BOM,DEL,BOM,IndiGo,IndiGo,,00:00,00:00,135,2 hr 15 min,Economy,6880.0,,,True,259b3eb23cfb
SCR_GF_1788931440_116,2026-09-09 10:53:54,2026-09-24,15,google_flights,DEL,BOM,DEL-BOM,DEL,BOM,IndiGo,IndiGo,,00:00,00:00,140,2 hr 20 min,Economy,6880.0,,,True,259b3eb23cfb
SCR_GF_1788931440_117,2026-09-09 10:53:54,2026-09-24,15,google_flights,DEL,BOM,DEL-BOM,DEL,BOM,IndiGo,IndiGo,,00:00,00:00,135,2 hr 15 min,Economy,6880.0,,,True,259b3eb23cfb
SCR_GF_1788931440_118,2026-09-09 10:53:54,2026-09-24,15,google_flights,DEL,BOM,DEL-BOM,DEL,BOM,IndiGo,IndiGo,,00:00,00:00,145,2 hr 25 min,Economy,6880.0,,,True,259b3eb23cfb
SCR_GF_1788931440_119,2026-09-09 10:53:54,2026-09-24,15,google_flights,DEL,BOM,DEL-BOM,DEL,BOM,IndiGo,IndiGo,,00:00,00:00,140,2 hr 20 min,Economy,6880.0,,,True,259b3eb23cfb
SCR_GF_1788931440_120,2026-09-09 10:53:54,2026-09-24,15,google_flights,DEL,BOM,DEL-BOM,DEL,BOM,IndiGo,IndiGo,,00:00,00:00,135,2 hr 15 min,Economy,6880.0,,,True,259b3eb23cfb
SCR_GF_1788931440_121,2026-09-09 10:53:54,2026-09-24,15,google_flights,DEL,BOM,DEL-BOM,DEL,BOM,IndiGo,IndiGo,,00:00,00:00,145,2 hr 25 min,Economy,6950.0,,,True,c0cb8860de3e
SCR_GF_1788931440_122,2026-09-09 10:53:54,2026-09-24,15,google_flights,DEL,BOM,DEL-BOM,DEL,BOM,IndiGo,IndiGo,,00:00,00:00,145,2 hr 25 min,Economy,6950.0,,,True,c0cb8860de3e
SCR_GF_1788931440_123,2026-09-09 10:53:54,2026-09-24,15,google_flights,DEL,BOM,DEL-BOM,DEL,BOM,IndiGo,IndiGo,,00:00,00:00,145,2 hr 25 min,Economy,6950.0,,,True,c0cb8860de3e
SCR_GF_1788931440_124,2026-09-09 10:53:54,2026-09-24,15,google_flights,DEL,BOM,DEL-BOM,DEL,BOM,IndiGo,IndiGo,,00:00,00:00,155,2 hr 35 min,Economy,6950.0,,,True,c0cb8860de3e
SCR_GF_1788931440_125,2026-09-09 10:53:54,2026-09-24,15,google_flights,DEL,BOM,DEL-BOM,DEL,BOM,IndiGo,IndiGo,,00:00,00:00,140,2 hr 20 min,Economy,6950.0,,,True,c0cb8860de3e
SCR_GF_1788931440_126,2026-09-09 10:53:54,2026-09-24,15,google_flights,DEL,BOM,DEL-BOM,DEL,BOM,IndiGo,IndiGo,,00:00,00:00,140,2 hr 20 min,Economy,6950.0,,,True,c0cb8860de3e
SCR_GF_1788931440_127,2026-09-09 10:53:54,2026-09-24,15,google_flights,DEL,BOM,DEL-BOM,DEL,BOM,IndiGo,IndiGo,,00:00,00:00,145,2 hr 25 min,Economy,7123.0,,,True,99975f1d71be
SCR_GF_1788931440_128,2026-09-09 10:53:54,2026-09-24,15,google_flights,DEL,BOM,DEL-BOM,DEL,BOM,IndiGo,IndiGo,,00:00,00:00,145,2 hr 25 min,Economy,7181.0,,,True,0c61bf24c8c9
SCR_GF_1788931440_129,2026-09-09 10:53:54,2026-09-24,15,google_flights,DEL,BOM,DEL-BOM,DEL,BOM,IndiGo,IndiGo,,00:00,00:00,145,2 hr 25 min,Economy,7238.0,,,True,5ba2f6e828e2
SCR_GF_1788931440_130,2026-09-09 10:53:54,2026-09-24,15,google_flights,DEL,BOM,DEL-BOM,DEL,BOM,IndiGo,IndiGo,,00:00,00:00,145,2 hr 25 min,Economy,7349.0,,,True,173a862f988d
SCR_GF_1788931440_131,2026-09-09 10:53:54,2026-09-24,15,google_flights,DEL,BOM,DEL-BOM,DEL,BOM,IndiGo,IndiGo,,00:00,00:00,160,2 hr 40 min,Economy,19603.0,,,True,a6e8fee8b662
SCR_GF_1788931440_132,2026-09-09 10:53:54,2026-09-24,15,google_flights,DEL,BOM,DEL-BOM,DEL,BOM,IndiGo,IndiGo,,00:00,00:00,165,2 hr 45 min,Economy,22551.0,,,True,7f9bf2783920
SCR_GF_1788931445_001,2026-09-09 10:54:00,2026-10-09,30,google_flights,DEL,BOM,DEL-BOM,DEL,BOM,Air India,Air India,,5:00 AM,7:25 AM,145,2 hr 25 min,Economy,6314.0,,,True,56cfbc0ccde7
SCR_GF_1788931445_002,2026-09-09 10:54:00,2026-10-09,30,google_flights,DEL,BOM,DEL-BOM,DEL,BOM,IndiGo,IndiGo,,8:45 AM,11:00 AM,135,2 hr 15 min,Economy,6425.0,,,True,8b4d7b1cb40b
SCR_GF_1788931445_003,2026-09-09 10:54:00,2026-10-09,30,google_flights,DEL,BOM,DEL-BOM,DEL,BOM,Akasa Air,Akasa Air,,8:40 AM,11:05 AM,145,2 hr 25 min,Economy,6880.0,,,True,d75677d1fcbf
SCR_GF_1788931445_004,2026-09-09 10:54:00,2026-10-09,30,google_flights,DEL,BOM,DEL-BOM,DEL,BOM,IndiGo,IndiGo,,3:00 AM,5:20 AM,140,2 hr 20 min,Economy,6425.0,,,True,7807bd151927
SCR_GF_1788931445_005,2026-09-09 10:54:00,2026-10-09,30,google_flights,DEL,BOM,DEL-BOM,DEL,BOM,IndiGo,IndiGo,,5:00 AM,7:15 AM,135,2 hr 15 min,Economy,6425.0,,,True,83ab3be2b20b
SCR_GF_1788931445_006,2026-09-09 10:54:00,2026-10-09,30,google_flights,DEL,BOM,DEL-BOM,DEL,BOM,IndiGo,IndiGo,,9:30 AM,11:55 AM,145,2 hr 25 min,Economy,6425.0,,,True,07853334ad0c
SCR_GF_1788931445_007,2026-09-09 10:54:00,2026-10-09,30,google_flights,DEL,BOM,DEL-BOM,DEL,BOM,IndiGo,IndiGo,,10:15 AM,12:35 PM,140,2 hr 20 min,Economy,6425.0,,,True,c83fe3463bdd
SCR_GF_1788931445_008,2026-09-09 10:54:00,2026-10-09,30,google_flights,DEL,BOM,DEL-BOM,DEL,BOM,IndiGo,IndiGo,,11:00 AM,1:15 PM,135,2 hr 15 min,Economy,6425.0,,,True,a15b0c18f45e
SCR_GF_1788931445_009,2026-09-09 10:54:00,2026-10-09,30,google_flights,DEL,BOM,DEL-BOM,DEL,BOM,IndiGo,IndiGo,,12:00 PM,2:15 PM,135,2 hr 15 min,Economy,6425.0,,,True,a70ec21c054d
SCR_GF_1788931445_010,2026-09-09 10:54:00,2026-10-09,30,google_flights,DEL,BOM,DEL-BOM,DEL,BOM,IndiGo,IndiGo,,1:00 PM,3:10 PM,130,2 hr 10 min,Economy,6425.0,,,True,881cd0bcbd06
SCR_GF_1788931445_011,2026-09-09 10:54:00,2026-10-09,30,google_flights,DEL,BOM,DEL-BOM,DEL,BOM,IndiGo,IndiGo,,2:00 PM,4:25 PM,145,2 hr 25 min,Economy,6425.0,,,True,d8e0808e887f
SCR_GF_1788931445_012,2026-09-09 10:54:00,2026-10-09,30,google_flights,DEL,BOM,DEL-BOM,DEL,BOM,IndiGo,IndiGo,,2:45 PM,5:00 PM,135,2 hr 15 min,Economy,6425.0,,,True,4f1997a52e31
SCR_GF_1788931445_013,2026-09-09 10:54:00,2026-10-09,30,google_flights,DEL,BOM,DEL-BOM,DEL,BOM,IndiGo,IndiGo,,3:30 PM,5:45 PM,135,2 hr 15 min,Economy,6425.0,,,True,d2028c49d974
SCR_GF_1788931445_014,2026-09-09 10:54:00,2026-10-09,30,google_flights,DEL,BOM,DEL-BOM,DEL,BOM,IndiGo,IndiGo,,11:30 PM,1:45 AM,135,2 hr 15 min,Economy,6425.0,,,True,692387b87813
SCR_GF_1788931445_015,2026-09-09 10:54:00,2026-10-09,30,google_flights,DEL,BOM,DEL-BOM,DEL,BOM,Air India,Air India,,8:30 AM,10:45 AM,135,2 hr 15 min,Economy,6582.0,,,True,25e8d4626679
SCR_GF_1788931445_016,2026-09-09 10:54:00,2026-10-09,30,google_flights,DEL,BOM,DEL-BOM,DEL,BOM,Air India,Air India,,9:30 AM,12:00 PM,150,2 hr 30 min,Economy,6582.0,,,True,1b1ef304c1fa
SCR_GF_1788931445_017,2026-09-09 10:54:00,2026-10-09,30,google_flights,DEL,BOM,DEL-BOM,DEL,BOM,Air India,Air India,,10:00 AM,12:25 PM,145,2 hr 25 min,Economy,6582.0,,,True,c92df35b3b1d
SCR_GF_1788931445_018,2026-09-09 10:54:00,2026-10-09,30,google_flights,DEL,BOM,DEL-BOM,DEL,BOM,Air India,Air India,,10:30 AM,12:50 PM,140,2 hr 20 min,Economy,6582.0,,,True,9f2d6209a728
SCR_GF_1788931445_019,2026-09-09 10:54:00,2026-10-09,30,google_flights,DEL,BOM,DEL-BOM,DEL,BOM,Air India,Air India,,11:00 AM,1:25 PM,145,2 hr 25 min,Economy,6582.0,,,True,1978b9d8ad6f
SCR_GF_1788931445_020,2026-09-09 10:54:00,2026-10-09,30,google_flights,DEL,BOM,DEL-BOM,DEL,BOM,Air India,Air India,,2:10 PM,4:35 PM,145,2 hr 25 min,Economy,6582.0,,,True,2f2ad455d988
SCR_GF_1788931445_021,2026-09-09 10:54:00,2026-10-09,30,google_flights,DEL,BOM,DEL-BOM,DEL,BOM,Air India,Air India,,3:30 PM,5:55 PM,145,2 hr 25 min,Economy,6582.0,,,True,1a2d1d198cb8
SCR_GF_1788931445_022,2026-09-09 10:54:00,2026-10-09,30,google_flights,DEL,BOM,DEL-BOM,DEL,BOM,IndiGo,IndiGo,,6:05 AM,8:20 AM,135,2 hr 15 min,Economy,6583.0,,,True,eaee91850084
SCR_GF_1788931445_023,2026-09-09 10:54:00,2026-10-09,30,google_flights,DEL,BOM,DEL-BOM,DEL,BOM,IndiGo,IndiGo,,4:15 PM,6:35 PM,140,2 hr 20 min,Economy,6583.0,,,True,2a69f139f165
SCR_GF_1788931445_024,2026-09-09 10:54:00,2026-10-09,30,google_flights,DEL,BOM,DEL-BOM,DEL,BOM,Air India,Air India,,11:25 PM,1:50 AM,145,2 hr 25 min,Economy,6610.0,,,True,4b4affae4bda
SCR_GF_1788931445_025,2026-09-09 10:54:00,2026-10-09,30,google_flights,DEL,BOM,DEL-BOM,DEL,BOM,Air India,Air India,,6:30 AM,8:50 AM,140,2 hr 20 min,Economy,6740.0,,,True,d8a053e0b358
SCR_GF_1788931445_026,2026-09-09 10:54:00,2026-10-09,30,google_flights,DEL,BOM,DEL-BOM,DEL,BOM,Air India,Air India,,1:30 PM,3:50 PM,140,2 hr 20 min,Economy,6740.0,,,True,0bfa41c3fa4c
SCR_GF_1788931445_027,2026-09-09 10:54:00,2026-10-09,30,google_flights,DEL,BOM,DEL-BOM,DEL,BOM,Air India,Air India,,11:00 PM,1:25 AM,145,2 hr 25 min,Economy,6740.0,,,True,a098e44ef5c3
SCR_GF_1788931445_028,2026-09-09 10:54:00,2026-10-09,30,google_flights,DEL,BOM,DEL-BOM,DEL,BOM,Air India,Air India,,12:00 PM,2:25 PM,145,2 hr 25 min,Economy,6745.0,,,True,6ee400c0488e
SCR_GF_1788931445_029,2026-09-09 10:54:00,2026-10-09,30,google_flights,DEL,BOM,DEL-BOM,DEL,BOM,Air India,Air India,,4:00 PM,6:25 PM,145,2 hr 25 min,Economy,6745.0,,,True,1471a2f1df9c
SCR_GF_1788931445_030,2026-09-09 10:54:00,2026-10-09,30,google_flights,DEL,BOM,DEL-BOM,DEL,BOM,SpiceJet,SpiceJet,,7:55 PM,10:30 PM,155,2 hr 35 min,Economy,6778.0,,,True,73a2b4a02087
SCR_GF_1788931445_031,2026-09-09 10:54:00,2026-10-09,30,google_flights,DEL,BOM,DEL-BOM,DEL,BOM,SpiceJet,SpiceJet,,10:30 PM,12:50 AM,140,2 hr 20 min,Economy,6778.0,,,True,315bec7b6ffc
SCR_GF_1788931445_032,2026-09-09 10:54:00,2026-10-09,30,google_flights,DEL,BOM,DEL-BOM,DEL,BOM,IndiGo,IndiGo,,7:15 AM,9:30 AM,135,2 hr 15 min,Economy,6793.0,,,True,a87a81ed5783
SCR_GF_1788931445_033,2026-09-09 10:54:00,2026-10-09,30,google_flights,DEL,BOM,DEL-BOM,DEL,BOM,IndiGo,IndiGo,,8:00 AM,10:20 AM,140,2 hr 20 min,Economy,6793.0,,,True,fbbf1020f2df
SCR_GF_1788931445_034,2026-09-09 10:54:00,2026-10-09,30,google_flights,DEL,BOM,DEL-BOM,DEL,BOM,IndiGo,IndiGo,,5:00 PM,7:15 PM,135,2 hr 15 min,Economy,6793.0,,,True,3c3d4169ab01
SCR_GF_1788931445_035,2026-09-09 10:54:00,2026-10-09,30,google_flights,DEL,BOM,DEL-BOM,DEL,BOM,IndiGo,IndiGo,,9:45 PM,12:05 AM,140,2 hr 20 min,Economy,6793.0,,,True,3f137a203b3e
SCR_GF_1788931445_036,2026-09-09 10:54:00,2026-10-09,30,google_flights,DEL,BOM,DEL-BOM,DEL,BOM,IndiGo,IndiGo,,10:45 PM,1:05 AM,140,2 hr 20 min,Economy,6793.0,,,True,d6e90dcddf24
SCR_GF_1788931445_037,2026-09-09 10:54:00,2026-10-09,30,google_flights,DEL,BOM,DEL-BOM,DEL,BOM,Akasa Air,Akasa Air,,6:50 AM,9:10 AM,140,2 hr 20 min,Economy,6880.0,,,True,4359b9cb16fd
SCR_GF_1788931445_038,2026-09-09 10:54:00,2026-10-09,30,google_flights,DEL,BOM,DEL-BOM,DEL,BOM,Akasa Air,Akasa Air,,10:00 AM,12:20 PM,140,2 hr 20 min,Economy,6880.0,,,True,5ba89c6e855c
SCR_GF_1788931445_039,2026-09-09 10:54:00,2026-10-09,30,google_flights,DEL,BOM,DEL-BOM,DEL,BOM,Akasa Air,Akasa Air,,4:00 PM,6:20 PM,140,2 hr 20 min,Economy,6880.0,,,True,5241231a0b62
SCR_GF_1788931445_040,2026-09-09 10:54:00,2026-10-09,30,google_flights,DEL,BOM,DEL-BOM,DEL,BOM,Akasa Air,Akasa Air,,5:30 PM,7:50 PM,140,2 hr 20 min,Economy,6880.0,,,True,0a674c0df675
SCR_GF_1788931445_041,2026-09-09 10:54:00,2026-10-09,30,google_flights,DEL,BOM,DEL-BOM,DEL,BOM,Akasa Air,Akasa Air,,7:55 PM,10:20 PM,145,2 hr 25 min,Economy,6880.0,,,True,bb4b643bff47
SCR_GF_1788931445_042,2026-09-09 10:54:00,2026-10-09,30,google_flights,DEL,BOM,DEL-BOM,DEL,BOM,Air India,Air India,,7:00 AM,9:25 AM,145,2 hr 25 min,Economy,6950.0,,,True,d64ac4c3e25f
SCR_GF_1788931445_043,2026-09-09 10:54:00,2026-10-09,30,google_flights,DEL,BOM,DEL-BOM,DEL,BOM,Air India,Air India,,7:30 AM,9:55 AM,145,2 hr 25 min,Economy,6950.0,,,True,7152e38d417c
SCR_GF_1788931446_044,2026-09-09 10:54:00,2026-10-09,30,google_flights,DEL,BOM,DEL-BOM,DEL,BOM,Air India,Air India,,5:00 PM,7:25 PM,145,2 hr 25 min,Economy,6950.0,,,True,9a2e4c740954
SCR_GF_1788931446_045,2026-09-09 10:54:00,2026-10-09,30,google_flights,DEL,BOM,DEL-BOM,DEL,BOM,Air India,Air India,,8:30 PM,11:00 PM,150,2 hr 30 min,Economy,6950.0,,,True,d230c48b93ca
SCR_GF_1788931446_046,2026-09-09 10:54:00,2026-10-09,30,google_flights,DEL,BOM,DEL-BOM,DEL,BOM,Air India,Air India,,9:00 PM,11:20 PM,140,2 hr 20 min,Economy,6950.0,,,True,61e2adfe80e7
SCR_GF_1788931446_047,2026-09-09 10:54:00,2026-10-09,30,google_flights,DEL,BOM,DEL-BOM,DEL,BOM,Air India,Air India,,9:30 PM,11:55 PM,145,2 hr 25 min,Economy,6950.0,,,True,69da6525e1dc
SCR_GF_1788931446_048,2026-09-09 10:54:00,2026-10-09,30,google_flights,DEL,BOM,DEL-BOM,DEL,BOM,Air India,Air India,,5:50 PM,8:10 PM,140,2 hr 20 min,Economy,6989.0,,,True,b2bd113d50a0
SCR_GF_1788931446_049,2026-09-09 10:54:00,2026-10-09,30,google_flights,DEL,BOM,DEL-BOM,DEL,BOM,IndiGo,IndiGo,,6:00 PM,8:15 PM,135,2 hr 15 min,Economy,7055.0,,,True,26347ba2c3cb
SCR_GF_1788931446_050,2026-09-09 10:54:00,2026-10-09,30,google_flights,DEL,BOM,DEL-BOM,DEL,BOM,IndiGo,IndiGo,,7:00 PM,9:25 PM,145,2 hr 25 min,Economy,7055.0,,,True,3ed303112c26
SCR_GF_1788931446_051,2026-09-09 10:54:00,2026-10-09,30,google_flights,DEL,BOM,DEL-BOM,DEL,BOM,IndiGo,IndiGo,,8:00 PM,10:10 PM,130,2 hr 10 min,Economy,7055.0,,,True,e4376fcb87c1
SCR_GF_1788931446_052,2026-09-09 10:54:00,2026-10-09,30,google_flights,DEL,BOM,DEL-BOM,DEL,BOM,IndiGo,IndiGo,,8:45 PM,11:00 PM,135,2 hr 15 min,Economy,7055.0,,,True,09b789355d7c
SCR_GF_1788931446_053,2026-09-09 10:54:00,2026-10-09,30,google_flights,DEL,BOM,DEL-BOM,DEL,BOM,Air India,Air India,,7:30 PM,9:55 PM,145,2 hr 25 min,Economy,7181.0,,,True,91ff261001e8
SCR_GF_1788931446_054,2026-09-09 10:54:00,2026-10-09,30,google_flights,DEL,BOM,DEL-BOM,DEL,BOM,Air India,Air India,,8:00 PM,10:25 PM,145,2 hr 25 min,Economy,7181.0,,,True,8226a59de40a
SCR_GF_1788931446_055,2026-09-09 10:54:00,2026-10-09,30,google_flights,DEL,BOM,DEL-BOM,DEL,BOM,Air India,Air India,,6:00 PM,8:25 PM,145,2 hr 25 min,Economy,7695.0,,,True,f8fa9476279f
SCR_GF_1788931446_056,2026-09-09 10:54:00,2026-10-09,30,google_flights,DEL,BOM,DEL-BOM,DEL,BOM,Air India,Air India,,7:00 PM,9:25 PM,145,2 hr 25 min,Economy,7695.0,,,True,78665ea756da
SCR_GF_1788931446_057,2026-09-09 10:54:00,2026-10-09,30,google_flights,DEL,BOM,DEL-BOM,DEL,BOM,IndiGo,IndiGo,,00:00,00:00,145,2 hr 25 min,Economy,6314.0,,,True,660b7f4ee6c1
SCR_GF_1788931446_058,2026-09-09 10:54:00,2026-10-09,30,google_flights,DEL,BOM,DEL-BOM,DEL,BOM,IndiGo,IndiGo,,00:00,00:00,135,2 hr 15 min,Economy,6425.0,,,True,233a8147af35
SCR_GF_1788931446_059,2026-09-09 10:54:00,2026-10-09,30,google_flights,DEL,BOM,DEL-BOM,DEL,BOM,IndiGo,IndiGo,,00:00,00:00,145,2 hr 25 min,Economy,6880.0,,,True,ac7d1cf65ea7
SCR_GF_1788931446_060,2026-09-09 10:54:00,2026-10-09,30,google_flights,DEL,BOM,DEL-BOM,DEL,BOM,IndiGo,IndiGo,,00:00,00:00,140,2 hr 20 min,Economy,6425.0,,,True,233a8147af35
SCR_GF_1788931446_061,2026-09-09 10:54:00,2026-10-09,30,google_flights,DEL,BOM,DEL-BOM,DEL,BOM,IndiGo,IndiGo,,00:00,00:00,135,2 hr 15 min,Economy,6425.0,,,True,233a8147af35
SCR_GF_1788931446_062,2026-09-09 10:54:00,2026-10-09,30,google_flights,DEL,BOM,DEL-BOM,DEL,BOM,IndiGo,IndiGo,,00:00,00:00,145,2 hr 25 min,Economy,6425.0,,,True,233a8147af35
SCR_GF_1788931446_063,2026-09-09 10:54:00,2026-10-09,30,google_flights,DEL,BOM,DEL-BOM,DEL,BOM,IndiGo,IndiGo,,00:00,00:00,140,2 hr 20 min,Economy,6425.0,,,True,233a8147af35
SCR_GF_1788931446_064,2026-09-09 10:54:00,2026-10-09,30,google_flights,DEL,BOM,DEL-BOM,DEL,BOM,IndiGo,IndiGo,,00:00,00:00,135,2 hr 15 min,Economy,6425.0,,,True,233a8147af35
SCR_GF_1788931446_065,2026-09-09 10:54:00,2026-10-09,30,google_flights,DEL,BOM,DEL-BOM,DEL,BOM,IndiGo,IndiGo,,00:00,00:00,135,2 hr 15 min,Economy,6425.0,,,True,233a8147af35
SCR_GF_1788931446_066,2026-09-09 10:54:00,2026-10-09,30,google_flights,DEL,BOM,DEL-BOM,DEL,BOM,IndiGo,IndiGo,,00:00,00:00,130,2 hr 10 min,Economy,6425.0,,,True,233a8147af35
SCR_GF_1788931446_067,2026-09-09 10:54:00,2026-10-09,30,google_flights,DEL,BOM,DEL-BOM,DEL,BOM,IndiGo,IndiGo,,00:00,00:00,145,2 hr 25 min,Economy,6425.0,,,True,233a8147af35
SCR_GF_1788931446_068,2026-09-09 10:54:00,2026-10-09,30,google_flights,DEL,BOM,DEL-BOM,DEL,BOM,IndiGo,IndiGo,,00:00,00:00,135,2 hr 15 min,Economy,6425.0,,,True,233a8147af35
SCR_GF_1788931446_069,2026-09-09 10:54:00,2026-10-09,30,google_flights,DEL,BOM,DEL-BOM,DEL,BOM,IndiGo,IndiGo,,00:00,00:00,135,2 hr 15 min,Economy,6425.0,,,True,233a8147af35
SCR_GF_1788931446_070,2026-09-09 10:54:00,2026-10-09,30,google_flights,DEL,BOM,DEL-BOM,DEL,BOM,IndiGo,IndiGo,,00:00,00:00,135,2 hr 15 min,Economy,6425.0,,,True,233a8147af35
SCR_GF_1788931446_071,2026-09-09 10:54:00,2026-10-09,30,google_flights,DEL,BOM,DEL-BOM,DEL,BOM,IndiGo,IndiGo,,00:00,00:00,135,2 hr 15 min,Economy,6582.0,,,True,c8775a764609
SCR_GF_1788931446_072,2026-09-09 10:54:00,2026-10-09,30,google_flights,DEL,BOM,DEL-BOM,DEL,BOM,IndiGo,IndiGo,,00:00,00:00,150,2 hr 30 min,Economy,6582.0,,,True,c8775a764609
SCR_GF_1788931446_073,2026-09-09 10:54:00,2026-10-09,30,google_flights,DEL,BOM,DEL-BOM,DEL,BOM,IndiGo,IndiGo,,00:00,00:00,145,2 hr 25 min,Economy,6582.0,,,True,c8775a764609
SCR_GF_1788931446_074,2026-09-09 10:54:00,2026-10-09,30,google_flights,DEL,BOM,DEL-BOM,DEL,BOM,IndiGo,IndiGo,,00:00,00:00,140,2 hr 20 min,Economy,6582.0,,,True,c8775a764609
SCR_GF_1788931446_075,2026-09-09 10:54:00,2026-10-09,30,google_flights,DEL,BOM,DEL-BOM,DEL,BOM,IndiGo,IndiGo,,00:00,00:00,145,2 hr 25 min,Economy,6582.0,,,True,c8775a764609
SCR_GF_1788931446_076,2026-09-09 10:54:00,2026-10-09,30,google_flights,DEL,BOM,DEL-BOM,DEL,BOM,IndiGo,IndiGo,,00:00,00:00,145,2 hr 25 min,Economy,6582.0,,,True,c8775a764609
SCR_GF_1788931446_077,2026-09-09 10:54:00,2026-10-09,30,google_flights,DEL,BOM,DEL-BOM,DEL,BOM,IndiGo,IndiGo,,00:00,00:00,145,2 hr 25 min,Economy,6582.0,,,True,c8775a764609
SCR_GF_1788931446_078,2026-09-09 10:54:00,2026-10-09,30,google_flights,DEL,BOM,DEL-BOM,DEL,BOM,IndiGo,IndiGo,,00:00,00:00,135,2 hr 15 min,Economy,6583.0,,,True,6ac997404f2a
SCR_GF_1788931446_079,2026-09-09 10:54:00,2026-10-09,30,google_flights,DEL,BOM,DEL-BOM,DEL,BOM,IndiGo,IndiGo,,00:00,00:00,140,2 hr 20 min,Economy,6583.0,,,True,6ac997404f2a
SCR_GF_1788931446_080,2026-09-09 10:54:00,2026-10-09,30,google_flights,DEL,BOM,DEL-BOM,DEL,BOM,IndiGo,IndiGo,,00:00,00:00,145,2 hr 25 min,Economy,6610.0,,,True,dc2208a40433
SCR_GF_1788931446_081,2026-09-09 10:54:00,2026-10-09,30,google_flights,DEL,BOM,DEL-BOM,DEL,BOM,IndiGo,IndiGo,,00:00,00:00,140,2 hr 20 min,Economy,6740.0,,,True,a7b617ce9e0a
SCR_GF_1788931446_082,2026-09-09 10:54:00,2026-10-09,30,google_flights,DEL,BOM,DEL-BOM,DEL,BOM,IndiGo,IndiGo,,00:00,00:00,140,2 hr 20 min,Economy,6740.0,,,True,a7b617ce9e0a
SCR_GF_1788931446_083,2026-09-09 10:54:00,2026-10-09,30,google_flights,DEL,BOM,DEL-BOM,DEL,BOM,IndiGo,IndiGo,,00:00,00:00,145,2 hr 25 min,Economy,6740.0,,,True,a7b617ce9e0a
SCR_GF_1788931446_084,2026-09-09 10:54:00,2026-10-09,30,google_flights,DEL,BOM,DEL-BOM,DEL,BOM,IndiGo,IndiGo,,00:00,00:00,145,2 hr 25 min,Economy,6745.0,,,True,12bc824c5b22
SCR_GF_1788931446_085,2026-09-09 10:54:00,2026-10-09,30,google_flights,DEL,BOM,DEL-BOM,DEL,BOM,IndiGo,IndiGo,,00:00,00:00,145,2 hr 25 min,Economy,6745.0,,,True,12bc824c5b22
SCR_GF_1788931446_086,2026-09-09 10:54:00,2026-10-09,30,google_flights,DEL,BOM,DEL-BOM,DEL,BOM,IndiGo,IndiGo,,00:00,00:00,155,2 hr 35 min,Economy,6778.0,,,True,89916f651b29
SCR_GF_1788931446_087,2026-09-09 10:54:00,2026-10-09,30,google_flights,DEL,BOM,DEL-BOM,DEL,BOM,IndiGo,IndiGo,,00:00,00:00,140,2 hr 20 min,Economy,6778.0,,,True,89916f651b29
SCR_GF_1788931446_088,2026-09-09 10:54:00,2026-10-09,30,google_flights,DEL,BOM,DEL-BOM,DEL,BOM,IndiGo,IndiGo,,00:00,00:00,135,2 hr 15 min,Economy,6793.0,,,True,0f1920acd3f0
SCR_GF_1788931446_089,2026-09-09 10:54:00,2026-10-09,30,google_flights,DEL,BOM,DEL-BOM,DEL,BOM,IndiGo,IndiGo,,00:00,00:00,140,2 hr 20 min,Economy,6793.0,,,True,0f1920acd3f0
SCR_GF_1788931446_090,2026-09-09 10:54:00,2026-10-09,30,google_flights,DEL,BOM,DEL-BOM,DEL,BOM,IndiGo,IndiGo,,00:00,00:00,135,2 hr 15 min,Economy,6793.0,,,True,0f1920acd3f0
SCR_GF_1788931446_091,2026-09-09 10:54:00,2026-10-09,30,google_flights,DEL,BOM,DEL-BOM,DEL,BOM,IndiGo,IndiGo,,00:00,00:00,140,2 hr 20 min,Economy,6793.0,,,True,0f1920acd3f0
SCR_GF_1788931446_092,2026-09-09 10:54:00,2026-10-09,30,google_flights,DEL,BOM,DEL-BOM,DEL,BOM,IndiGo,IndiGo,,00:00,00:00,140,2 hr 20 min,Economy,6793.0,,,True,0f1920acd3f0
SCR_GF_1788931446_093,2026-09-09 10:54:00,2026-10-09,30,google_flights,DEL,BOM,DEL-BOM,DEL,BOM,IndiGo,IndiGo,,00:00,00:00,140,2 hr 20 min,Economy,6880.0,,,True,ac7d1cf65ea7
SCR_GF_1788931446_094,2026-09-09 10:54:00,2026-10-09,30,google_flights,DEL,BOM,DEL-BOM,DEL,BOM,IndiGo,IndiGo,,00:00,00:00,140,2 hr 20 min,Economy,6880.0,,,True,ac7d1cf65ea7
SCR_GF_1788931446_095,2026-09-09 10:54:00,2026-10-09,30,google_flights,DEL,BOM,DEL-BOM,DEL,BOM,IndiGo,IndiGo,,00:00,00:00,140,2 hr 20 min,Economy,6880.0,,,True,ac7d1cf65ea7
SCR_GF_1788931446_096,2026-09-09 10:54:00,2026-10-09,30,google_flights,DEL,BOM,DEL-BOM,DEL,BOM,IndiGo,IndiGo,,00:00,00:00,140,2 hr 20 min,Economy,6880.0,,,True,ac7d1cf65ea7
SCR_GF_1788931446_097,2026-09-09 10:54:00,2026-10-09,30,google_flights,DEL,BOM,DEL-BOM,DEL,BOM,IndiGo,IndiGo,,00:00,00:00,145,2 hr 25 min,Economy,6880.0,,,True,ac7d1cf65ea7
SCR_GF_1788931446_098,2026-09-09 10:54:00,2026-10-09,30,google_flights,DEL,BOM,DEL-BOM,DEL,BOM,IndiGo,IndiGo,,00:00,00:00,145,2 hr 25 min,Economy,6950.0,,,True,e4371744cfe6
SCR_GF_1788931446_099,2026-09-09 10:54:00,2026-10-09,30,google_flights,DEL,BOM,DEL-BOM,DEL,BOM,IndiGo,IndiGo,,00:00,00:00,145,2 hr 25 min,Economy,6950.0,,,True,e4371744cfe6
SCR_GF_1788931446_100,2026-09-09 10:54:00,2026-10-09,30,google_flights,DEL,BOM,DEL-BOM,DEL,BOM,IndiGo,IndiGo,,00:00,00:00,145,2 hr 25 min,Economy,6950.0,,,True,e4371744cfe6
SCR_GF_1788931446_101,2026-09-09 10:54:00,2026-10-09,30,google_flights,DEL,BOM,DEL-BOM,DEL,BOM,IndiGo,IndiGo,,00:00,00:00,150,2 hr 30 min,Economy,6950.0,,,True,e4371744cfe6
SCR_GF_1788931446_102,2026-09-09 10:54:00,2026-10-09,30,google_flights,DEL,BOM,DEL-BOM,DEL,BOM,IndiGo,IndiGo,,00:00,00:00,140,2 hr 20 min,Economy,6950.0,,,True,e4371744cfe6
SCR_GF_1788931446_103,2026-09-09 10:54:00,2026-10-09,30,google_flights,DEL,BOM,DEL-BOM,DEL,BOM,IndiGo,IndiGo,,00:00,00:00,145,2 hr 25 min,Economy,6950.0,,,True,e4371744cfe6
SCR_GF_1788931446_104,2026-09-09 10:54:00,2026-10-09,30,google_flights,DEL,BOM,DEL-BOM,DEL,BOM,IndiGo,IndiGo,,00:00,00:00,140,2 hr 20 min,Economy,6989.0,,,True,9e2a4c9cfb35
SCR_GF_1788931446_105,2026-09-09 10:54:00,2026-10-09,30,google_flights,DEL,BOM,DEL-BOM,DEL,BOM,IndiGo,IndiGo,,00:00,00:00,135,2 hr 15 min,Economy,7055.0,,,True,0f2baaeed66f
SCR_GF_1788931446_106,2026-09-09 10:54:00,2026-10-09,30,google_flights,DEL,BOM,DEL-BOM,DEL,BOM,IndiGo,IndiGo,,00:00,00:00,145,2 hr 25 min,Economy,7055.0,,,True,0f2baaeed66f
SCR_GF_1788931446_107,2026-09-09 10:54:00,2026-10-09,30,google_flights,DEL,BOM,DEL-BOM,DEL,BOM,IndiGo,IndiGo,,00:00,00:00,130,2 hr 10 min,Economy,7055.0,,,True,0f2baaeed66f
SCR_GF_1788931446_108,2026-09-09 10:54:00,2026-10-09,30,google_flights,DEL,BOM,DEL-BOM,DEL,BOM,IndiGo,IndiGo,,00:00,00:00,135,2 hr 15 min,Economy,7055.0,,,True,0f2baaeed66f
SCR_GF_1788931446_109,2026-09-09 10:54:00,2026-10-09,30,google_flights,DEL,BOM,DEL-BOM,DEL,BOM,IndiGo,IndiGo,,00:00,00:00,145,2 hr 25 min,Economy,7181.0,,,True,2cce21d74d26
SCR_GF_1788931446_110,2026-09-09 10:54:00,2026-10-09,30,google_flights,DEL,BOM,DEL-BOM,DEL,BOM,IndiGo,IndiGo,,00:00,00:00,145,2 hr 25 min,Economy,7181.0,,,True,2cce21d74d26
SCR_GF_1788931446_111,2026-09-09 10:54:00,2026-10-09,30,google_flights,DEL,BOM,DEL-BOM,DEL,BOM,IndiGo,IndiGo,,00:00,00:00,145,2 hr 25 min,Economy,7695.0,,,True,ecf7ec751c3a
SCR_GF_1788931446_112,2026-09-09 10:54:00,2026-10-09,30,google_flights,DEL,BOM,DEL-BOM,DEL,BOM,IndiGo,IndiGo,,00:00,00:00,145,2 hr 25 min,Economy,7695.0,,,True,ecf7ec751c3a
SCR_GF_1788931451_001,2026-09-09 10:54:06,2026-10-24,45,google_flights,DEL,BOM,DEL-BOM,DEL,BOM,SpiceJet,SpiceJet,,9:30 AM,11:50 AM,140,2 hr 20 min,Economy,6778.0,,,True,60849b6188ca
SCR_GF_1788931451_002,2026-09-09 10:54:06,2026-10-24,45,google_flights,DEL,BOM,DEL-BOM,DEL,BOM,Akasa Air,Akasa Air,,6:50 AM,9:10 AM,140,2 hr 20 min,Economy,6880.0,,,True,dd14d99ba1dd
SCR_GF_1788931451_003,2026-09-09 10:54:06,2026-10-24,45,google_flights,DEL,BOM,DEL-BOM,DEL,BOM,IndiGo,IndiGo,,8:45 AM,11:00 AM,135,2 hr 15 min,Economy,6914.0,,,True,e3e27e0ccda0
SCR_GF_1788931451_004,2026-09-09 10:54:06,2026-10-24,45,google_flights,DEL,BOM,DEL-BOM,DEL,BOM,SpiceJet,SpiceJet,,9:55 AM,12:25 PM,150,2 hr 30 min,Economy,6778.0,,,True,5d71cabdd624
SCR_GF_1788931451_005,2026-09-09 10:54:06,2026-10-24,45,google_flights,DEL,BOM,DEL-BOM,DEL,BOM,IndiGo,IndiGo,,3:00 AM,5:20 AM,140,2 hr 20 min,Economy,6914.0,,,True,47e771c1a8d0
SCR_GF_1788931451_006,2026-09-09 10:54:06,2026-10-24,45,google_flights,DEL,BOM,DEL-BOM,DEL,BOM,IndiGo,IndiGo,,5:00 AM,7:15 AM,135,2 hr 15 min,Economy,6914.0,,,True,75efd9fd266a
SCR_GF_1788931451_007,2026-09-09 10:54:06,2026-10-24,45,google_flights,DEL,BOM,DEL-BOM,DEL,BOM,IndiGo,IndiGo,,6:05 AM,8:20 AM,135,2 hr 15 min,Economy,6914.0,,,True,6fa360eb6212
SCR_GF_1788931451_008,2026-09-09 10:54:06,2026-10-24,45,google_flights,DEL,BOM,DEL-BOM,DEL,BOM,IndiGo,IndiGo,,7:15 AM,9:30 AM,135,2 hr 15 min,Economy,6914.0,,,True,5c60c77bc7a1
SCR_GF_1788931451_009,2026-09-09 10:54:06,2026-10-24,45,google_flights,DEL,BOM,DEL-BOM,DEL,BOM,IndiGo,IndiGo,,8:00 AM,10:20 AM,140,2 hr 20 min,Economy,6914.0,,,True,c7a5affddce0
SCR_GF_1788931451_010,2026-09-09 10:54:06,2026-10-24,45,google_flights,DEL,BOM,DEL-BOM,DEL,BOM,IndiGo,IndiGo,,9:30 AM,11:55 AM,145,2 hr 25 min,Economy,6914.0,,,True,f3bdb343bb6e
SCR_GF_1788931451_011,2026-09-09 10:54:06,2026-10-24,45,google_flights,DEL,BOM,DEL-BOM,DEL,BOM,IndiGo,IndiGo,,10:15 AM,12:35 PM,140,2 hr 20 min,Economy,6914.0,,,True,ef8b99ab0a44
SCR_GF_1788931451_012,2026-09-09 10:54:06,2026-10-24,45,google_flights,DEL,BOM,DEL-BOM,DEL,BOM,IndiGo,IndiGo,,11:00 AM,1:15 PM,135,2 hr 15 min,Economy,6914.0,,,True,2036b8b25b40
SCR_GF_1788931451_013,2026-09-09 10:54:06,2026-10-24,45,google_flights,DEL,BOM,DEL-BOM,DEL,BOM,IndiGo,IndiGo,,12:00 PM,2:15 PM,135,2 hr 15 min,Economy,6914.0,,,True,a21659b93987
SCR_GF_1788931451_014,2026-09-09 10:54:06,2026-10-24,45,google_flights,DEL,BOM,DEL-BOM,DEL,BOM,IndiGo,IndiGo,,1:00 PM,3:10 PM,130,2 hr 10 min,Economy,6914.0,,,True,c1abc3c58864
SCR_GF_1788931451_015,2026-09-09 10:54:06,2026-10-24,45,google_flights,DEL,BOM,DEL-BOM,DEL,BOM,IndiGo,IndiGo,,2:00 PM,4:25 PM,145,2 hr 25 min,Economy,6914.0,,,True,00ff6b6daa04
SCR_GF_1788931451_016,2026-09-09 10:54:06,2026-10-24,45,google_flights,DEL,BOM,DEL-BOM,DEL,BOM,IndiGo,IndiGo,,2:45 PM,5:00 PM,135,2 hr 15 min,Economy,6914.0,,,True,424674772043
SCR_GF_1788931451_017,2026-09-09 10:54:06,2026-10-24,45,google_flights,DEL,BOM,DEL-BOM,DEL,BOM,IndiGo,IndiGo,,3:30 PM,5:45 PM,135,2 hr 15 min,Economy,6914.0,,,True,2de1d19f4700
SCR_GF_1788931451_018,2026-09-09 10:54:06,2026-10-24,45,google_flights,DEL,BOM,DEL-BOM,DEL,BOM,IndiGo,IndiGo,,4:15 PM,6:35 PM,140,2 hr 20 min,Economy,6914.0,,,True,9989a3302899
SCR_GF_1788931451_019,2026-09-09 10:54:06,2026-10-24,45,google_flights,DEL,BOM,DEL-BOM,DEL,BOM,IndiGo,IndiGo,,5:00 PM,7:15 PM,135,2 hr 15 min,Economy,6914.0,,,True,041babed92cc
SCR_GF_1788931451_020,2026-09-09 10:54:06,2026-10-24,45,google_flights,DEL,BOM,DEL-BOM,DEL,BOM,IndiGo,IndiGo,,6:00 PM,8:15 PM,135,2 hr 15 min,Economy,6914.0,,,True,bc5f9d4ffff3
SCR_GF_1788931451_021,2026-09-09 10:54:06,2026-10-24,45,google_flights,DEL,BOM,DEL-BOM,DEL,BOM,IndiGo,IndiGo,,8:45 PM,11:00 PM,135,2 hr 15 min,Economy,6914.0,,,True,3e64b1be4fb0
SCR_GF_1788931451_022,2026-09-09 10:54:06,2026-10-24,45,google_flights,DEL,BOM,DEL-BOM,DEL,BOM,IndiGo,IndiGo,,9:45 PM,12:05 AM,140,2 hr 20 min,Economy,6914.0,,,True,be6e52efdefc
SCR_GF_1788931451_023,2026-09-09 10:54:06,2026-10-24,45,google_flights,DEL,BOM,DEL-BOM,DEL,BOM,IndiGo,IndiGo,,10:45 PM,1:05 AM,140,2 hr 20 min,Economy,6914.0,,,True,9af2c01ffa78
SCR_GF_1788931451_024,2026-09-09 10:54:06,2026-10-24,45,google_flights,DEL,BOM,DEL-BOM,DEL,BOM,IndiGo,IndiGo,,11:30 PM,1:45 AM,135,2 hr 15 min,Economy,6914.0,,,True,be216250b6be
SCR_GF_1788931452_025,2026-09-09 10:54:06,2026-10-24,45,google_flights,DEL,BOM,DEL-BOM,DEL,BOM,IndiGo,IndiGo,,7:00 PM,9:25 PM,145,2 hr 25 min,Economy,7064.0,,,True,c0a2632599b1
SCR_GF_1788931452_026,2026-09-09 10:54:06,2026-10-24,45,google_flights,DEL,BOM,DEL-BOM,DEL,BOM,IndiGo,IndiGo,,8:00 PM,10:10 PM,130,2 hr 10 min,Economy,7064.0,,,True,30ba2dbf4c99
SCR_GF_1788931452_027,2026-09-09 10:54:06,2026-10-24,45,google_flights,DEL,BOM,DEL-BOM,DEL,BOM,Air India,Air India,,5:00 AM,7:25 AM,145,2 hr 25 min,Economy,7070.0,,,True,52e298d8c467
SCR_GF_1788931452_028,2026-09-09 10:54:06,2026-10-24,45,google_flights,DEL,BOM,DEL-BOM,DEL,BOM,Air India,Air India,,6:30 AM,8:50 AM,140,2 hr 20 min,Economy,7070.0,,,True,bbb9e91e6078
SCR_GF_1788931452_029,2026-09-09 10:54:06,2026-10-24,45,google_flights,DEL,BOM,DEL-BOM,DEL,BOM,Air India,Air India,,7:00 AM,9:25 AM,145,2 hr 25 min,Economy,7070.0,,,True,792d83c75308
SCR_GF_1788931452_030,2026-09-09 10:54:06,2026-10-24,45,google_flights,DEL,BOM,DEL-BOM,DEL,BOM,Air India,Air India,,8:30 AM,10:45 AM,135,2 hr 15 min,Economy,7070.0,,,True,ecd1b37b9c35
SCR_GF_1788931452_031,2026-09-09 10:54:06,2026-10-24,45,google_flights,DEL,BOM,DEL-BOM,DEL,BOM,Air India,Air India,,9:00 AM,11:15 AM,135,2 hr 15 min,Economy,7070.0,,,True,d3e95ddfc27a
SCR_GF_1788931452_032,2026-09-09 10:54:06,2026-10-24,45,google_flights,DEL,BOM,DEL-BOM,DEL,BOM,Air India,Air India,,9:30 AM,12:00 PM,150,2 hr 30 min,Economy,7070.0,,,True,03c1900abd56
SCR_GF_1788931452_033,2026-09-09 10:54:06,2026-10-24,45,google_flights,DEL,BOM,DEL-BOM,DEL,BOM,Air India,Air India,,10:00 AM,12:25 PM,145,2 hr 25 min,Economy,7070.0,,,True,f48f6c45e13d
SCR_GF_1788931452_034,2026-09-09 10:54:06,2026-10-24,45,google_flights,DEL,BOM,DEL-BOM,DEL,BOM,Air India,Air India,,10:30 AM,12:50 PM,140,2 hr 20 min,Economy,7070.0,,,True,0ef94d738968
SCR_GF_1788931452_035,2026-09-09 10:54:06,2026-10-24,45,google_flights,DEL,BOM,DEL-BOM,DEL,BOM,Air India,Air India,,11:00 AM,1:25 PM,145,2 hr 25 min,Economy,7070.0,,,True,b16fc7fcc7cb
SCR_GF_1788931452_036,2026-09-09 10:54:06,2026-10-24,45,google_flights,DEL,BOM,DEL-BOM,DEL,BOM,Air India,Air India,,1:30 PM,3:50 PM,140,2 hr 20 min,Economy,7070.0,,,True,4fe1a008a8f3
SCR_GF_1788931452_037,2026-09-09 10:54:06,2026-10-24,45,google_flights,DEL,BOM,DEL-BOM,DEL,BOM,Air India,Air India,,2:10 PM,4:35 PM,145,2 hr 25 min,Economy,7070.0,,,True,c36398062942
SCR_GF_1788931452_038,2026-09-09 10:54:06,2026-10-24,45,google_flights,DEL,BOM,DEL-BOM,DEL,BOM,Air India,Air India,,5:00 PM,7:25 PM,145,2 hr 25 min,Economy,7070.0,,,True,7f33fcb5bd7b
SCR_GF_1788931452_039,2026-09-09 10:54:06,2026-10-24,45,google_flights,DEL,BOM,DEL-BOM,DEL,BOM,Akasa Air,Akasa Air,,4:00 PM,6:20 PM,140,2 hr 20 min,Economy,7201.0,,,True,d22cb2a54c04
SCR_GF_1788931452_040,2026-09-09 10:54:06,2026-10-24,45,google_flights,DEL,BOM,DEL-BOM,DEL,BOM,Air India,Air India,,7:30 AM,9:55 AM,145,2 hr 25 min,Economy,7249.0,,,True,193be53ac511
SCR_GF_1788931452_041,2026-09-09 10:54:06,2026-10-24,45,google_flights,DEL,BOM,DEL-BOM,DEL,BOM,Air India,Air India,,12:00 PM,2:25 PM,145,2 hr 25 min,Economy,7249.0,,,True,aa060c1a2504
SCR_GF_1788931452_042,2026-09-09 10:54:06,2026-10-24,45,google_flights,DEL,BOM,DEL-BOM,DEL,BOM,Air India,Air India,,4:00 PM,6:25 PM,145,2 hr 25 min,Economy,7249.0,,,True,936ebc6042c9
SCR_GF_1788931452_043,2026-09-09 10:54:06,2026-10-24,45,google_flights,DEL,BOM,DEL-BOM,DEL,BOM,Air India,Air India,,9:30 PM,11:55 PM,145,2 hr 25 min,Economy,7249.0,,,True,05a49aea2f2a
SCR_GF_1788931452_044,2026-09-09 10:54:06,2026-10-24,45,google_flights,DEL,BOM,DEL-BOM,DEL,BOM,Air India,Air India,,6:10 PM,8:30 PM,140,2 hr 20 min,Economy,7261.0,,,True,134e22159fa4
SCR_GF_1788931452_045,2026-09-09 10:54:06,2026-10-24,45,google_flights,DEL,BOM,DEL-BOM,DEL,BOM,Akasa Air,Akasa Air,,8:40 AM,11:05 AM,145,2 hr 25 min,Economy,7327.0,,,True,cfa9b87a428f
SCR_GF_1788931452_046,2026-09-09 10:54:06,2026-10-24,45,google_flights,DEL,BOM,DEL-BOM,DEL,BOM,Air India,Air India,,6:00 PM,8:25 PM,145,2 hr 25 min,Economy,7422.0,,,True,588538f9f1f7
SCR_GF_1788931452_047,2026-09-09 10:54:06,2026-10-24,45,google_flights,DEL,BOM,DEL-BOM,DEL,BOM,Akasa Air,Akasa Air,,10:00 AM,12:20 PM,140,2 hr 20 min,Economy,7453.0,,,True,79fc8c858a3d
SCR_GF_1788931452_048,2026-09-09 10:54:06,2026-10-24,45,google_flights,DEL,BOM,DEL-BOM,DEL,BOM,Akasa Air,Akasa Air,,5:30 PM,7:50 PM,140,2 hr 20 min,Economy,7453.0,,,True,83a0c2bf52ad
SCR_GF_1788931452_049,2026-09-09 10:54:06,2026-10-24,45,google_flights,DEL,BOM,DEL-BOM,DEL,BOM,Air India,Air India,,3:30 PM,5:55 PM,145,2 hr 25 min,Economy,7522.0,,,True,06830cf1efae
SCR_GF_1788931452_050,2026-09-09 10:54:06,2026-10-24,45,google_flights,DEL,BOM,DEL-BOM,DEL,BOM,Air India,Air India,,8:30 PM,11:00 PM,150,2 hr 30 min,Economy,7522.0,,,True,a97550f3a54e
SCR_GF_1788931452_051,2026-09-09 10:54:06,2026-10-24,45,google_flights,DEL,BOM,DEL-BOM,DEL,BOM,Air India,Air India,,9:00 PM,11:20 PM,140,2 hr 20 min,Economy,7522.0,,,True,8a492a867dc7
SCR_GF_1788931452_052,2026-09-09 10:54:06,2026-10-24,45,google_flights,DEL,BOM,DEL-BOM,DEL,BOM,Air India,Air India,,7:30 PM,9:55 PM,145,2 hr 25 min,Economy,7711.0,,,True,a44bab5f64e6
SCR_GF_1788931452_053,2026-09-09 10:54:06,2026-10-24,45,google_flights,DEL,BOM,DEL-BOM,DEL,BOM,Air India,Air India,,11:00 PM,1:25 AM,145,2 hr 25 min,Economy,7837.0,,,True,7c43d59d716d
SCR_GF_1788931452_054,2026-09-09 10:54:06,2026-10-24,45,google_flights,DEL,BOM,DEL-BOM,DEL,BOM,Akasa Air,Akasa Air,,7:55 PM,10:20 PM,145,2 hr 25 min,Economy,7851.0,,,True,9d33ddf1719f
SCR_GF_1788931452_055,2026-09-09 10:54:06,2026-10-24,45,google_flights,DEL,BOM,DEL-BOM,DEL,BOM,Air India,Air India,,7:00 PM,9:25 PM,145,2 hr 25 min,Economy,7900.0,,,True,91c34c8753fa
SCR_GF_1788931452_056,2026-09-09 10:54:06,2026-10-24,45,google_flights,DEL,BOM,DEL-BOM,DEL,BOM,Air India,Air India,,11:25 PM,1:50 AM,145,2 hr 25 min,Economy,8052.0,,,True,61d73d8e10df
SCR_GF_1788931452_057,2026-09-09 10:54:06,2026-10-24,45,google_flights,DEL,BOM,DEL-BOM,DEL,BOM,IndiGo,IndiGo,,00:00,00:00,140,2 hr 20 min,Economy,6778.0,,,True,395016fa9f18
SCR_GF_1788931452_058,2026-09-09 10:54:06,2026-10-24,45,google_flights,DEL,BOM,DEL-BOM,DEL,BOM,IndiGo,IndiGo,,00:00,00:00,140,2 hr 20 min,Economy,6880.0,,,True,566a8b4d9846
SCR_GF_1788931452_059,2026-09-09 10:54:06,2026-10-24,45,google_flights,DEL,BOM,DEL-BOM,DEL,BOM,IndiGo,IndiGo,,00:00,00:00,135,2 hr 15 min,Economy,6914.0,,,True,7d3811af572a
SCR_GF_1788931452_060,2026-09-09 10:54:06,2026-10-24,45,google_flights,DEL,BOM,DEL-BOM,DEL,BOM,IndiGo,IndiGo,,00:00,00:00,150,2 hr 30 min,Economy,6778.0,,,True,395016fa9f18
SCR_GF_1788931452_061,2026-09-09 10:54:06,2026-10-24,45,google_flights,DEL,BOM,DEL-BOM,DEL,BOM,IndiGo,IndiGo,,00:00,00:00,140,2 hr 20 min,Economy,6914.0,,,True,7d3811af572a
SCR_GF_1788931452_062,2026-09-09 10:54:06,2026-10-24,45,google_flights,DEL,BOM,DEL-BOM,DEL,BOM,IndiGo,IndiGo,,00:00,00:00,135,2 hr 15 min,Economy,6914.0,,,True,7d3811af572a
SCR_GF_1788931452_063,2026-09-09 10:54:06,2026-10-24,45,google_flights,DEL,BOM,DEL-BOM,DEL,BOM,IndiGo,IndiGo,,00:00,00:00,135,2 hr 15 min,Economy,6914.0,,,True,7d3811af572a
SCR_GF_1788931452_064,2026-09-09 10:54:06,2026-10-24,45,google_flights,DEL,BOM,DEL-BOM,DEL,BOM,IndiGo,IndiGo,,00:00,00:00,135,2 hr 15 min,Economy,6914.0,,,True,7d3811af572a
SCR_GF_1788931452_065,2026-09-09 10:54:06,2026-10-24,45,google_flights,DEL,BOM,DEL-BOM,DEL,BOM,IndiGo,IndiGo,,00:00,00:00,140,2 hr 20 min,Economy,6914.0,,,True,7d3811af572a
SCR_GF_1788931452_066,2026-09-09 10:54:06,2026-10-24,45,google_flights,DEL,BOM,DEL-BOM,DEL,BOM,IndiGo,IndiGo,,00:00,00:00,145,2 hr 25 min,Economy,6914.0,,,True,7d3811af572a
SCR_GF_1788931452_067,2026-09-09 10:54:06,2026-10-24,45,google_flights,DEL,BOM,DEL-BOM,DEL,BOM,IndiGo,IndiGo,,00:00,00:00,140,2 hr 20 min,Economy,6914.0,,,True,7d3811af572a
SCR_GF_1788931452_068,2026-09-09 10:54:06,2026-10-24,45,google_flights,DEL,BOM,DEL-BOM,DEL,BOM,IndiGo,IndiGo,,00:00,00:00,135,2 hr 15 min,Economy,6914.0,,,True,7d3811af572a
SCR_GF_1788931452_069,2026-09-09 10:54:06,2026-10-24,45,google_flights,DEL,BOM,DEL-BOM,DEL,BOM,IndiGo,IndiGo,,00:00,00:00,135,2 hr 15 min,Economy,6914.0,,,True,7d3811af572a
SCR_GF_1788931452_070,2026-09-09 10:54:06,2026-10-24,45,google_flights,DEL,BOM,DEL-BOM,DEL,BOM,IndiGo,IndiGo,,00:00,00:00,130,2 hr 10 min,Economy,6914.0,,,True,7d3811af572a
SCR_GF_1788931452_071,2026-09-09 10:54:06,2026-10-24,45,google_flights,DEL,BOM,DEL-BOM,DEL,BOM,IndiGo,IndiGo,,00:00,00:00,145,2 hr 25 min,Economy,6914.0,,,True,7d3811af572a
SCR_GF_1788931452_072,2026-09-09 10:54:06,2026-10-24,45,google_flights,DEL,BOM,DEL-BOM,DEL,BOM,IndiGo,IndiGo,,00:00,00:00,135,2 hr 15 min,Economy,6914.0,,,True,7d3811af572a
SCR_GF_1788931452_073,2026-09-09 10:54:06,2026-10-24,45,google_flights,DEL,BOM,DEL-BOM,DEL,BOM,IndiGo,IndiGo,,00:00,00:00,135,2 hr 15 min,Economy,6914.0,,,True,7d3811af572a
SCR_GF_1788931452_074,2026-09-09 10:54:06,2026-10-24,45,google_flights,DEL,BOM,DEL-BOM,DEL,BOM,IndiGo,IndiGo,,00:00,00:00,140,2 hr 20 min,Economy,6914.0,,,True,7d3811af572a
SCR_GF_1788931452_075,2026-09-09 10:54:06,2026-10-24,45,google_flights,DEL,BOM,DEL-BOM,DEL,BOM,IndiGo,IndiGo,,00:00,00:00,135,2 hr 15 min,Economy,6914.0,,,True,7d3811af572a
SCR_GF_1788931452_076,2026-09-09 10:54:06,2026-10-24,45,google_flights,DEL,BOM,DEL-BOM,DEL,BOM,IndiGo,IndiGo,,00:00,00:00,135,2 hr 15 min,Economy,6914.0,,,True,7d3811af572a
SCR_GF_1788931452_077,2026-09-09 10:54:06,2026-10-24,45,google_flights,DEL,BOM,DEL-BOM,DEL,BOM,IndiGo,IndiGo,,00:00,00:00,135,2 hr 15 min,Economy,6914.0,,,True,7d3811af572a
SCR_GF_1788931452_078,2026-09-09 10:54:06,2026-10-24,45,google_flights,DEL,BOM,DEL-BOM,DEL,BOM,IndiGo,IndiGo,,00:00,00:00,140,2 hr 20 min,Economy,6914.0,,,True,7d3811af572a
SCR_GF_1788931452_079,2026-09-09 10:54:06,2026-10-24,45,google_flights,DEL,BOM,DEL-BOM,DEL,BOM,IndiGo,IndiGo,,00:00,00:00,140,2 hr 20 min,Economy,6914.0,,,True,7d3811af572a
SCR_GF_1788931452_080,2026-09-09 10:54:06,2026-10-24,45,google_flights,DEL,BOM,DEL-BOM,DEL,BOM,IndiGo,IndiGo,,00:00,00:00,135,2 hr 15 min,Economy,6914.0,,,True,7d3811af572a
SCR_GF_1788931452_081,2026-09-09 10:54:06,2026-10-24,45,google_flights,DEL,BOM,DEL-BOM,DEL,BOM,IndiGo,IndiGo,,00:00,00:00,145,2 hr 25 min,Economy,7064.0,,,True,35e73a187544
SCR_GF_1788931452_082,2026-09-09 10:54:06,2026-10-24,45,google_flights,DEL,BOM,DEL-BOM,DEL,BOM,IndiGo,IndiGo,,00:00,00:00,130,2 hr 10 min,Economy,7064.0,,,True,35e73a187544
SCR_GF_1788931452_083,2026-09-09 10:54:06,2026-10-24,45,google_flights,DEL,BOM,DEL-BOM,DEL,BOM,IndiGo,IndiGo,,00:00,00:00,145,2 hr 25 min,Economy,7070.0,,,True,82ec496c251a
SCR_GF_1788931452_084,2026-09-09 10:54:06,2026-10-24,45,google_flights,DEL,BOM,DEL-BOM,DEL,BOM,IndiGo,IndiGo,,00:00,00:00,140,2 hr 20 min,Economy,7070.0,,,True,82ec496c251a
SCR_GF_1788931452_085,2026-09-09 10:54:06,2026-10-24,45,google_flights,DEL,BOM,DEL-BOM,DEL,BOM,IndiGo,IndiGo,,00:00,00:00,145,2 hr 25 min,Economy,7070.0,,,True,82ec496c251a
SCR_GF_1788931452_086,2026-09-09 10:54:06,2026-10-24,45,google_flights,DEL,BOM,DEL-BOM,DEL,BOM,IndiGo,IndiGo,,00:00,00:00,135,2 hr 15 min,Economy,7070.0,,,True,82ec496c251a
SCR_GF_1788931452_087,2026-09-09 10:54:06,2026-10-24,45,google_flights,DEL,BOM,DEL-BOM,DEL,BOM,IndiGo,IndiGo,,00:00,00:00,135,2 hr 15 min,Economy,7070.0,,,True,82ec496c251a
SCR_GF_1788931452_088,2026-09-09 10:54:06,2026-10-24,45,google_flights,DEL,BOM,DEL-BOM,DEL,BOM,IndiGo,IndiGo,,00:00,00:00,150,2 hr 30 min,Economy,7070.0,,,True,82ec496c251a
SCR_GF_1788931452_089,2026-09-09 10:54:06,2026-10-24,45,google_flights,DEL,BOM,DEL-BOM,DEL,BOM,IndiGo,IndiGo,,00:00,00:00,145,2 hr 25 min,Economy,7070.0,,,True,82ec496c251a
SCR_GF_1788931452_090,2026-09-09 10:54:06,2026-10-24,45,google_flights,DEL,BOM,DEL-BOM,DEL,BOM,IndiGo,IndiGo,,00:00,00:00,140,2 hr 20 min,Economy,7070.0,,,True,82ec496c251a
SCR_GF_1788931452_091,2026-09-09 10:54:06,2026-10-24,45,google_flights,DEL,BOM,DEL-BOM,DEL,BOM,IndiGo,IndiGo,,00:00,00:00,145,2 hr 25 min,Economy,7070.0,,,True,82ec496c251a
SCR_GF_1788931452_092,2026-09-09 10:54:06,2026-10-24,45,google_flights,DEL,BOM,DEL-BOM,DEL,BOM,IndiGo,IndiGo,,00:00,00:00,140,2 hr 20 min,Economy,7070.0,,,True,82ec496c251a
SCR_GF_1788931452_093,2026-09-09 10:54:06,2026-10-24,45,google_flights,DEL,BOM,DEL-BOM,DEL,BOM,IndiGo,IndiGo,,00:00,00:00,145,2 hr 25 min,Economy,7070.0,,,True,82ec496c251a
SCR_GF_1788931452_094,2026-09-09 10:54:06,2026-10-24,45,google_flights,DEL,BOM,DEL-BOM,DEL,BOM,IndiGo,IndiGo,,00:00,00:00,145,2 hr 25 min,Economy,7070.0,,,True,82ec496c251a
SCR_GF_1788931452_095,2026-09-09 10:54:06,2026-10-24,45,google_flights,DEL,BOM,DEL-BOM,DEL,BOM,IndiGo,IndiGo,,00:00,00:00,140,2 hr 20 min,Economy,7201.0,,,True,5af1bf57187c
SCR_GF_1788931452_096,2026-09-09 10:54:06,2026-10-24,45,google_flights,DEL,BOM,DEL-BOM,DEL,BOM,IndiGo,IndiGo,,00:00,00:00,145,2 hr 25 min,Economy,7249.0,,,True,78df0aa92c06
SCR_GF_1788931452_097,2026-09-09 10:54:06,2026-10-24,45,google_flights,DEL,BOM,DEL-BOM,DEL,BOM,IndiGo,IndiGo,,00:00,00:00,145,2 hr 25 min,Economy,7249.0,,,True,78df0aa92c06
SCR_GF_1788931452_098,2026-09-09 10:54:06,2026-10-24,45,google_flights,DEL,BOM,DEL-BOM,DEL,BOM,IndiGo,IndiGo,,00:00,00:00,145,2 hr 25 min,Economy,7249.0,,,True,78df0aa92c06
SCR_GF_1788931452_099,2026-09-09 10:54:06,2026-10-24,45,google_flights,DEL,BOM,DEL-BOM,DEL,BOM,IndiGo,IndiGo,,00:00,00:00,145,2 hr 25 min,Economy,7249.0,,,True,78df0aa92c06
SCR_GF_1788931452_100,2026-09-09 10:54:06,2026-10-24,45,google_flights,DEL,BOM,DEL-BOM,DEL,BOM,IndiGo,IndiGo,,00:00,00:00,140,2 hr 20 min,Economy,7261.0,,,True,a14095799a10
SCR_GF_1788931452_101,2026-09-09 10:54:06,2026-10-24,45,google_flights,DEL,BOM,DEL-BOM,DEL,BOM,IndiGo,IndiGo,,00:00,00:00,145,2 hr 25 min,Economy,7327.0,,,True,b93ada0300c6
SCR_GF_1788931452_102,2026-09-09 10:54:06,2026-10-24,45,google_flights,DEL,BOM,DEL-BOM,DEL,BOM,IndiGo,IndiGo,,00:00,00:00,145,2 hr 25 min,Economy,7422.0,,,True,92f2b4ae656c
SCR_GF_1788931452_103,2026-09-09 10:54:06,2026-10-24,45,google_flights,DEL,BOM,DEL-BOM,DEL,BOM,IndiGo,IndiGo,,00:00,00:00,140,2 hr 20 min,Economy,7453.0,,,True,8e3a0d1c3aa4
SCR_GF_1788931452_104,2026-09-09 10:54:06,2026-10-24,45,google_flights,DEL,BOM,DEL-BOM,DEL,BOM,IndiGo,IndiGo,,00:00,00:00,140,2 hr 20 min,Economy,7453.0,,,True,8e3a0d1c3aa4
SCR_GF_1788931452_105,2026-09-09 10:54:06,2026-10-24,45,google_flights,DEL,BOM,DEL-BOM,DEL,BOM,IndiGo,IndiGo,,00:00,00:00,145,2 hr 25 min,Economy,7522.0,,,True,11fca7e4705f
SCR_GF_1788931452_106,2026-09-09 10:54:06,2026-10-24,45,google_flights,DEL,BOM,DEL-BOM,DEL,BOM,IndiGo,IndiGo,,00:00,00:00,150,2 hr 30 min,Economy,7522.0,,,True,11fca7e4705f
SCR_GF_1788931452_107,2026-09-09 10:54:06,2026-10-24,45,google_flights,DEL,BOM,DEL-BOM,DEL,BOM,IndiGo,IndiGo,,00:00,00:00,140,2 hr 20 min,Economy,7522.0,,,True,11fca7e4705f
SCR_GF_1788931452_108,2026-09-09 10:54:06,2026-10-24,45,google_flights,DEL,BOM,DEL-BOM,DEL,BOM,IndiGo,IndiGo,,00:00,00:00,145,2 hr 25 min,Economy,7711.0,,,True,11cf0eb539b7
SCR_GF_1788931452_109,2026-09-09 10:54:06,2026-10-24,45,google_flights,DEL,BOM,DEL-BOM,DEL,BOM,IndiGo,IndiGo,,00:00,00:00,145,2 hr 25 min,Economy,7837.0,,,True,90e7efb428a8
SCR_GF_1788931452_110,2026-09-09 10:54:06,2026-10-24,45,google_flights,DEL,BOM,DEL-BOM,DEL,BOM,IndiGo,IndiGo,,00:00,00:00,145,2 hr 25 min,Economy,7851.0,,,True,e5c886f0e233
SCR_GF_1788931452_111,2026-09-09 10:54:06,2026-10-24,45,google_flights,DEL,BOM,DEL-BOM,DEL,BOM,IndiGo,IndiGo,,00:00,00:00,145,2 hr 25 min,Economy,7900.0,,,True,f0fea2e7f67c
SCR_GF_1788931452_112,2026-09-09 10:54:06,2026-10-24,45,google_flights,DEL,BOM,DEL-BOM,DEL,BOM,IndiGo,IndiGo,,00:00,00:00,145,2 hr 25 min,Economy,8052.0,,,True,a6d073f66ae2
