record_id,search_timestamp,travel_date,lead_time_days,source_platform,origin_iata,dest_iata,route,origin_raw,dest_raw,airline_standardized,airline_raw,flight_number,departure_time,arrival_time,duration_minutes,duration_raw,cabin_class,total_fare_inr,base_fare_inr,fuel_surcharge_inr,udf_psf_inr,gst_inr,convenience_fee_inr,taxes_fees_inr,is_nonstop,stops_count,stop_info,raw_hash
SCR_GF_1789146142_001,2026-09-11 22:32:14,2026-09-12,1,google_flights,DEL,BOM,DEL-BOM,DEL,BOM,Air India,Air India,AI 310,4:30 PM,6:50 PM,140,2 hr 20 min,Economy,6425.0,3701.14,1741.72,710.0,272.14,0.0,2723.86,True,0,Non-Stop,ccb7bc06a9f4
SCR_GF_1789146142_002,2026-09-11 22:32:14,2026-09-12,1,google_flights,DEL,BOM,DEL-BOM,DEL,BOM,IndiGo,IndiGo,6E 337,6:00 PM,8:15 PM,135,2 hr 15 min,Economy,6425.0,3701.14,1741.72,710.0,272.14,0.0,2723.86,True,0,Non-Stop,5fd32ca49f2e
SCR_GF_1789146142_003,2026-09-11 22:32:14,2026-09-12,1,google_flights,DEL,BOM,DEL-BOM,DEL,BOM,Akasa Air,Akasa Air,QP 364,4:00 PM,6:20 PM,140,2 hr 20 min,Economy,6880.0,3995.81,1880.38,710.0,293.81,0.0,2884.19,True,0,Non-Stop,496b3f6142ed
SCR_GF_1789146142_004,2026-09-11 22:32:14,2026-09-12,1,google_flights,DEL,BOM,DEL-BOM,DEL,BOM,Air India,Air India,AI 391,11:00 PM,1:25 AM,145,2 hr 25 min,Economy,6314.0,3629.26,1707.88,710.0,266.86,0.0,2684.74,True,0,Non-Stop,a982fdd26790
SCR_GF_1789146142_005,2026-09-11 22:32:14,2026-09-12,1,google_flights,DEL,BOM,DEL-BOM,DEL,BOM,Air India,Air India,AI 418,6:30 AM,8:50 AM,140,2 hr 20 min,Economy,6425.0,3701.14,1741.72,710.0,272.14,0.0,2723.86,True,0,Non-Stop,cf2fbbe30ecf
SCR_GF_1789146142_006,2026-09-11 22:32:14,2026-09-12,1,google_flights,DEL,BOM,DEL-BOM,DEL,BOM,Air India,Air India,AI 445,7:00 AM,9:25 AM,145,2 hr 25 min,Economy,6425.0,3701.14,1741.72,710.0,272.14,0.0,2723.86,True,0,Non-Stop,4e47bcafc06a
SCR_GF_1789146142_007,2026-09-11 22:32:14,2026-09-12,1,google_flights,DEL,BOM,DEL-BOM,DEL,BOM,Air India,Air India,AI 472,7:30 AM,9:55 AM,145,2 hr 25 min,Economy,6425.0,3701.14,1741.72,710.0,272.14,0.0,2723.86,True,0,Non-Stop,4a1622b1f62c
SCR_GF_1789146142_008,2026-09-11 22:32:14,2026-09-12,1,google_flights,DEL,BOM,DEL-BOM,DEL,BOM,Air India,Air India,AI 499,8:55 AM,11:10 AM,135,2 hr 15 min,Economy,6425.0,3701.14,1741.72,710.0,272.14,0.0,2723.86,True,0,Non-Stop,8f158f753253
SCR_GF_1789146142_009,2026-09-11 22:32:14,2026-09-12,1,google_flights,DEL,BOM,DEL-BOM,DEL,BOM,Air India,Air India,AI 526,9:30 AM,12:00 PM,150,2 hr 30 min,Economy,6425.0,3701.14,1741.72,710.0,272.14,0.0,2723.86,True,0,Non-Stop,268846b8e963
SCR_GF_1789146142_010,2026-09-11 22:32:14,2026-09-12,1,google_flights,DEL,BOM,DEL-BOM,DEL,BOM,IndiGo,IndiGo,6E 553,2:00 PM,4:25 PM,145,2 hr 25 min,Economy,6425.0,3701.14,1741.72,710.0,272.14,0.0,2723.86,True,0,Non-Stop,ae643b29b28e
SCR_GF_1789146142_011,2026-09-11 22:32:14,2026-09-12,1,google_flights,DEL,BOM,DEL-BOM,DEL,BOM,IndiGo,IndiGo,6E 580,2:45 PM,5:00 PM,135,2 hr 15 min,Economy,6425.0,3701.14,1741.72,710.0,272.14,0.0,2723.86,True,0,Non-Stop,4880d7b44546
SCR_GF_1789146142_012,2026-09-11 22:32:14,2026-09-12,1,google_flights,DEL,BOM,DEL-BOM,DEL,BOM,IndiGo,IndiGo,6E 607,3:30 PM,5:45 PM,135,2 hr 15 min,Economy,6425.0,3701.14,1741.72,710.0,272.14,0.0,2723.86,True,0,Non-Stop,f2def2361127
SCR_GF_1789146142_013,2026-09-11 22:32:14,2026-09-12,1,google_flights,DEL,BOM,DEL-BOM,DEL,BOM,Air India,Air India,AI 634,3:30 PM,5:55 PM,145,2 hr 25 min,Economy,6425.0,3701.14,1741.72,710.0,272.14,0.0,2723.86,True,0,Non-Stop,73d2cffa1e3c
SCR_GF_1789146142_014,2026-09-11 22:32:14,2026-09-12,1,google_flights,DEL,BOM,DEL-BOM,DEL,BOM,Air India,Air India,AI 661,4:00 PM,6:25 PM,145,2 hr 25 min,Economy,6425.0,3701.14,1741.72,710.0,272.14,0.0,2723.86,True,0,Non-Stop,cb4aa564e352
SCR_GF_1789146142_015,2026-09-11 22:32:14,2026-09-12,1,google_flights,DEL,BOM,DEL-BOM,DEL,BOM,IndiGo,IndiGo,6E 688,4:15 PM,6:35 PM,140,2 hr 20 min,Economy,6425.0,3701.14,1741.72,710.0,272.14,0.0,2723.86,True,0,Non-Stop,02c1c0d6ee06
SCR_GF_1789146142_016,2026-09-11 22:32:14,2026-09-12,1,google_flights,DEL,BOM,DEL-BOM,DEL,BOM,Air India,Air India,AI 715,5:00 PM,7:25 PM,145,2 hr 25 min,Economy,6425.0,3701.14,1741.72,710.0,272.14,0.0,2723.86,True,0,Non-Stop,8d8d3b5156a7
SCR_GF_1789146142_017,2026-09-11 22:32:14,2026-09-12,1,google_flights,DEL,BOM,DEL-BOM,DEL,BOM,Air India,Air India,AI 742,6:00 PM,8:25 PM,145,2 hr 25 min,Economy,6425.0,3701.14,1741.72,710.0,272.14,0.0,2723.86,True,0,Non-Stop,fae17dc22302
SCR_GF_1789146142_018,2026-09-11 22:32:14,2026-09-12,1,google_flights,DEL,BOM,DEL-BOM,DEL,BOM,Air India,Air India,AI 769,7:00 PM,9:25 PM,145,2 hr 25 min,Economy,6425.0,3701.14,1741.72,710.0,272.14,0.0,2723.86,True,0,Non-Stop,0db3df60d5bf
SCR_GF_1789146142_019,2026-09-11 22:32:14,2026-09-12,1,google_flights,DEL,BOM,DEL-BOM,DEL,BOM,Air India,Air India,AI 796,7:30 PM,9:55 PM,145,2 hr 25 min,Economy,6425.0,3701.14,1741.72,710.0,272.14,0.0,2723.86,True,0,Non-Stop,f994762de635
SCR_GF_1789146142_020,2026-09-11 22:32:14,2026-09-12,1,google_flights,DEL,BOM,DEL-BOM,DEL,BOM,Air India,Air India,AI 823,9:30 PM,11:55 PM,145,2 hr 25 min,Economy,6425.0,3701.14,1741.72,710.0,272.14,0.0,2723.86,True,0,Non-Stop,2340a46ed2e1
SCR_GF_1789146142_021,2026-09-11 22:32:14,2026-09-12,1,google_flights,DEL,BOM,DEL-BOM,DEL,BOM,IndiGo,IndiGo,6E 850,9:45 PM,12:05 AM,140,2 hr 20 min,Economy,6425.0,3701.14,1741.72,710.0,272.14,0.0,2723.86,True,0,Non-Stop,4a114a7b5368
SCR_GF_1789146142_022,2026-09-11 22:32:14,2026-09-12,1,google_flights,DEL,BOM,DEL-BOM,DEL,BOM,IndiGo,IndiGo,6E 877,10:45 PM,1:05 AM,140,2 hr 20 min,Economy,6425.0,3701.14,1741.72,710.0,272.14,0.0,2723.86,True,0,Non-Stop,2caa70b812b5
SCR_GF_1789146142_023,2026-09-11 22:32:14,2026-09-12,1,google_flights,DEL,BOM,DEL-BOM,DEL,BOM,IndiGo,IndiGo,6E 904,11:30 PM,1:45 AM,135,2 hr 15 min,Economy,6425.0,3701.14,1741.72,710.0,272.14,0.0,2723.86,True,0,Non-Stop,65b6b4b108e0
SCR_GF_1789146142_024,2026-09-11 22:32:14,2026-09-12,1,google_flights,DEL,BOM,DEL-BOM,DEL,BOM,Air India,Air India,AI 931,9:00 AM,11:15 AM,135,2 hr 15 min,Economy,6582.0,3802.82,1789.56,710.0,279.62,0.0,2779.18,True,0,Non-Stop,c13f90896df0
SCR_GF_1789146142_025,2026-09-11 22:32:14,2026-09-12,1,google_flights,DEL,BOM,DEL-BOM,DEL,BOM,Air India,Air India,AI 958,10:00 AM,12:25 PM,145,2 hr 25 min,Economy,6582.0,3802.82,1789.56,710.0,279.62,0.0,2779.18,True,0,Non-Stop,15ddf1b991e7
SCR_GF_1789146142_026,2026-09-11 22:32:14,2026-09-12,1,google_flights,DEL,BOM,DEL-BOM,DEL,BOM,Air India,Air India,AI 985,8:30 PM,11:05 PM,155,2 hr 35 min,Economy,6582.0,3802.82,1789.56,710.0,279.62,0.0,2779.18,True,0,Non-Stop,dd31a431e449
SCR_GF_1789146142_027,2026-09-11 22:32:14,2026-09-12,1,google_flights,DEL,BOM,DEL-BOM,DEL,BOM,Air India,Air India,AI 332,9:00 PM,11:20 PM,140,2 hr 20 min,Economy,6582.0,3802.82,1789.56,710.0,279.62,0.0,2779.18,True,0,Non-Stop,ea86dc978a6f
SCR_GF_1789146142_028,2026-09-11 22:32:14,2026-09-12,1,google_flights,DEL,BOM,DEL-BOM,DEL,BOM,IndiGo,IndiGo,6E 359,7:15 AM,9:30 AM,135,2 hr 15 min,Economy,6583.0,3803.47,1789.86,710.0,279.67,0.0,2779.53,True,0,Non-Stop,3e0ca774fbd6
SCR_GF_1789146143_029,2026-09-11 22:32:14,2026-09-12,1,google_flights,DEL,BOM,DEL-BOM,DEL,BOM,IndiGo,IndiGo,6E 386,8:00 AM,10:20 AM,140,2 hr 20 min,Economy,6583.0,3803.47,1789.86,710.0,279.67,0.0,2779.53,True,0,Non-Stop,dbde69777842
SCR_GF_1789146143_030,2026-09-11 22:32:14,2026-09-12,1,google_flights,DEL,BOM,DEL-BOM,DEL,BOM,IndiGo,IndiGo,6E 413,8:45 AM,11:00 AM,135,2 hr 15 min,Economy,6583.0,3803.47,1789.86,710.0,279.67,0.0,2779.53,True,0,Non-Stop,0a46ca9b1403
SCR_GF_1789146143_031,2026-09-11 22:32:14,2026-09-12,1,google_flights,DEL,BOM,DEL-BOM,DEL,BOM,IndiGo,IndiGo,6E 440,1:00 PM,3:10 PM,130,2 hr 10 min,Economy,6583.0,3803.47,1789.86,710.0,279.67,0.0,2779.53,True,0,Non-Stop,b114b6879139
SCR_GF_1789146143_032,2026-09-11 22:32:14,2026-09-12,1,google_flights,DEL,BOM,DEL-BOM,DEL,BOM,IndiGo,IndiGo,6E 467,5:00 PM,7:15 PM,135,2 hr 15 min,Economy,6583.0,3803.47,1789.86,710.0,279.67,0.0,2779.53,True,0,Non-Stop,1f60c2dfcb36
SCR_GF_1789146143_033,2026-09-11 22:32:14,2026-09-12,1,google_flights,DEL,BOM,DEL-BOM,DEL,BOM,IndiGo,IndiGo,6E 494,7:00 PM,9:25 PM,145,2 hr 25 min,Economy,6583.0,3803.47,1789.86,710.0,279.67,0.0,2779.53,True,0,Non-Stop,23246f2f5571
SCR_GF_1789146143_034,2026-09-11 22:32:14,2026-09-12,1,google_flights,DEL,BOM,DEL-BOM,DEL,BOM,Air India Express,Air India Express,IX 521,11:25 PM,1:50 AM,145,2 hr 25 min,Economy,6610.0,3820.95,1798.1,710.0,280.95,0.0,2789.05,True,0,Non-Stop,452ad787a4c8
SCR_GF_1789146143_035,2026-09-11 22:32:14,2026-09-12,1,google_flights,DEL,BOM,DEL-BOM,DEL,BOM,Air India,Air India,AI 548,11:00 AM,1:25 PM,145,2 hr 25 min,Economy,6792.0,3938.82,1853.56,710.0,289.62,0.0,2853.18,True,0,Non-Stop,c65912974e45
SCR_GF_1789146143_036,2026-09-11 22:32:14,2026-09-12,1,google_flights,DEL,BOM,DEL-BOM,DEL,BOM,IndiGo,IndiGo,6E 575,6:05 AM,8:20 AM,135,2 hr 15 min,Economy,6793.0,3939.47,1853.86,710.0,289.67,0.0,2853.53,True,0,Non-Stop,34aa22fe3a95
SCR_GF_1789146143_037,2026-09-11 22:32:14,2026-09-12,1,google_flights,DEL,BOM,DEL-BOM,DEL,BOM,IndiGo,IndiGo,6E 602,9:30 AM,11:55 AM,145,2 hr 25 min,Economy,6793.0,3939.47,1853.86,710.0,289.67,0.0,2853.53,True,0,Non-Stop,6ae3ae64b2f2
SCR_GF_1789146143_038,2026-09-11 22:32:14,2026-09-12,1,google_flights,DEL,BOM,DEL-BOM,DEL,BOM,IndiGo,IndiGo,6E 629,10:15 AM,12:35 PM,140,2 hr 20 min,Economy,6793.0,3939.47,1853.86,710.0,289.67,0.0,2853.53,True,0,Non-Stop,d96300cb0d79
SCR_GF_1789146143_039,2026-09-11 22:32:14,2026-09-12,1,google_flights,DEL,BOM,DEL-BOM,DEL,BOM,IndiGo,IndiGo,6E 656,11:00 AM,1:15 PM,135,2 hr 15 min,Economy,6793.0,3939.47,1853.86,710.0,289.67,0.0,2853.53,True,0,Non-Stop,bc200e53cc6b
SCR_GF_1789146143_040,2026-09-11 22:32:14,2026-09-12,1,google_flights,DEL,BOM,DEL-BOM,DEL,BOM,IndiGo,IndiGo,6E 683,12:00 PM,2:15 PM,135,2 hr 15 min,Economy,6793.0,3939.47,1853.86,710.0,289.67,0.0,2853.53,True,0,Non-Stop,e479a5e7a563
SCR_GF_1789146143_041,2026-09-11 22:32:14,2026-09-12,1,google_flights,DEL,BOM,DEL-BOM,DEL,BOM,IndiGo,IndiGo,6E 710,8:00 PM,10:10 PM,130,2 hr 10 min,Economy,6793.0,3939.47,1853.86,710.0,289.67,0.0,2853.53,True,0,Non-Stop,afc49eb50a59
SCR_GF_1789146143_042,2026-09-11 22:32:14,2026-09-12,1,google_flights,DEL,BOM,DEL-BOM,DEL,BOM,Akasa Air,Akasa Air,QP 737,7:55 PM,10:20 PM,145,2 hr 25 min,Economy,6959.0,4046.97,1904.46,710.0,297.57,0.0,2912.03,True,0,Non-Stop,82126c64c3fc
SCR_GF_1789146143_043,2026-09-11 22:32:14,2026-09-12,1,google_flights,DEL,BOM,DEL-BOM,DEL,BOM,Air India,Air India,AI 764,8:30 AM,10:45 AM,135,2 hr 15 min,Economy,7055.0,4109.14,1933.72,710.0,302.14,0.0,2945.86,True,0,Non-Stop,d63983735fc1
SCR_GF_1789146143_044,2026-09-11 22:32:14,2026-09-12,1,google_flights,DEL,BOM,DEL-BOM,DEL,BOM,Air India,Air India,AI 791,12:00 PM,2:25 PM,145,2 hr 25 min,Economy,7055.0,4109.14,1933.72,710.0,302.14,0.0,2945.86,True,0,Non-Stop,4b230c79890c
SCR_GF_1789146143_045,2026-09-11 22:32:14,2026-09-12,1,google_flights,DEL,BOM,DEL-BOM,DEL,BOM,Akasa Air,Akasa Air,QP 818,5:30 PM,7:45 PM,135,2 hr 15 min,Economy,7079.0,4124.69,1941.02,710.0,303.29,0.0,2954.31,True,0,Non-Stop,2574e86704b1
SCR_GF_1789146143_046,2026-09-11 22:32:14,2026-09-12,1,google_flights,DEL,BOM,DEL-BOM,DEL,BOM,Akasa Air,Akasa Air,QP 845,6:50 AM,9:10 AM,140,2 hr 20 min,Economy,7327.0,4285.3,2016.6,710.0,315.1,0.0,3041.7,True,0,Non-Stop,204838b8f998
SCR_GF_1789146143_047,2026-09-11 22:32:14,2026-09-12,1,google_flights,DEL,BOM,DEL-BOM,DEL,BOM,Air India,Air India,AI 872,5:00 AM,7:20 AM,140,2 hr 20 min,Economy,7370.0,4313.14,2029.72,710.0,317.14,0.0,3056.86,True,0,Non-Stop,f165717d4c25
SCR_GF_1789146143_048,2026-09-11 22:32:14,2026-09-12,1,google_flights,DEL,BOM,DEL-BOM,DEL,BOM,Akasa Air,Akasa Air,QP 899,12:30 PM,2:55 PM,145,2 hr 25 min,Economy,7453.0,4366.9,2055.0,710.0,321.1,0.0,3086.1,True,0,Non-Stop,9c065aa5911b
SCR_GF_1789146143_049,2026-09-11 22:32:14,2026-09-12,1,google_flights,DEL,BOM,DEL-BOM,DEL,BOM,Air India,Air India,AI 926,1:30 PM,3:50 PM,140,2 hr 20 min,Economy,7553.0,4431.66,2085.48,710.0,325.86,0.0,3121.34,True,0,Non-Stop,367ffa4cf7df
SCR_GF_1789146143_050,2026-09-11 22:32:14,2026-09-12,1,google_flights,DEL,BOM,DEL-BOM,DEL,BOM,Akasa Air,Akasa Air,QP 953,8:40 AM,11:05 AM,145,2 hr 25 min,Economy,7583.0,4451.09,2094.62,710.0,327.29,0.0,3131.91,True,0,Non-Stop,510382b970e9
SCR_GF_1789146143_051,2026-09-11 22:32:14,2026-09-12,1,google_flights,DEL,BOM,DEL-BOM,DEL,BOM,Akasa Air,Akasa Air,QP 980,9:20 AM,11:40 AM,140,2 hr 20 min,Economy,7583.0,4451.09,2094.62,710.0,327.29,0.0,3131.91,True,0,Non-Stop,030d7c01b460
SCR_GF_1789146143_052,2026-09-11 22:32:14,2026-09-12,1,google_flights,DEL,BOM,DEL-BOM,DEL,BOM,Akasa Air,Akasa Air,QP 327,10:30 AM,12:45 PM,135,2 hr 15 min,Economy,7988.0,4713.37,2218.06,710.0,346.57,0.0,3274.63,True,0,Non-Stop,942a7c2228be
SCR_GF_1789146143_053,2026-09-11 22:32:14,2026-09-12,1,google_flights,DEL,BOM,DEL-BOM,DEL,BOM,Air India Express,Air India Express,IX 354,5:35 AM,8:05 AM,150,2 hr 30 min,Economy,8476.0,5029.41,2366.78,710.0,369.81,0.0,3446.59,True,0,Non-Stop,7df6672511e7
SCR_GF_1789146143_054,2026-09-11 22:32:14,2026-09-12,1,google_flights,DEL,BOM,DEL-BOM,DEL,BOM,Akasa Air,Akasa Air,QP 381,2:00 AM,4:15 AM,135,2 hr 15 min,Economy,11827.0,7199.58,3388.04,710.0,529.38,0.0,4627.42,True,0,Non-Stop,653f5beae1a8
SCR_GF_1789146143_055,2026-09-11 22:32:14,2026-09-12,1,google_flights,DEL,BOM,DEL-BOM,DEL,BOM,IndiGo,IndiGo,6E 408,4:30,6:50,140,2 hr 20 min,Economy,6425.0,3701.14,1741.72,710.0,272.14,0.0,2723.86,True,0,Non-Stop,2481876e97f7
SCR_GF_1789146143_056,2026-09-11 22:32:14,2026-09-12,1,google_flights,DEL,BOM,DEL-BOM,DEL,BOM,IndiGo,IndiGo,6E 435,6:00,8:15,135,2 hr 15 min,Economy,6425.0,3701.14,1741.72,710.0,272.14,0.0,2723.86,True,0,Non-Stop,94a132b0465f
SCR_GF_1789146143_057,2026-09-11 22:32:14,2026-09-12,1,google_flights,DEL,BOM,DEL-BOM,DEL,BOM,IndiGo,IndiGo,6E 462,4:00,6:20,140,2 hr 20 min,Economy,6880.0,3995.81,1880.38,710.0,293.81,0.0,2884.19,True,0,Non-Stop,1d812a67f144
SCR_GF_1789146143_058,2026-09-11 22:32:14,2026-09-12,1,google_flights,DEL,BOM,DEL-BOM,DEL,BOM,IndiGo,IndiGo,6E 489,11:00,1:25,145,2 hr 25 min,Economy,6314.0,3629.26,1707.88,710.0,266.86,0.0,2684.74,True,0,Non-Stop,6ae3352412e8
SCR_GF_1789146143_059,2026-09-11 22:32:14,2026-09-12,1,google_flights,DEL,BOM,DEL-BOM,DEL,BOM,IndiGo,IndiGo,6E 516,6:30,8:50,140,2 hr 20 min,Economy,6425.0,3701.14,1741.72,710.0,272.14,0.0,2723.86,True,0,Non-Stop,a23d6065096d
SCR_GF_1789146143_060,2026-09-11 22:32:14,2026-09-12,1,google_flights,DEL,BOM,DEL-BOM,DEL,BOM,IndiGo,IndiGo,6E 543,7:00,9:25,145,2 hr 25 min,Economy,6425.0,3701.14,1741.72,710.0,272.14,0.0,2723.86,True,0,Non-Stop,bbf93d2b2825
SCR_GF_1789146143_061,2026-09-11 22:32:14,2026-09-12,1,google_flights,DEL,BOM,DEL-BOM,DEL,BOM,IndiGo,IndiGo,6E 570,7:30,9:55,145,2 hr 25 min,Economy,6425.0,3701.14,1741.72,710.0,272.14,0.0,2723.86,True,0,Non-Stop,b8256b00ef68
SCR_GF_1789146143_062,2026-09-11 22:32:14,2026-09-12,1,google_flights,DEL,BOM,DEL-BOM,DEL,BOM,IndiGo,IndiGo,6E 597,8:55,11:10,135,2 hr 15 min,Economy,6425.0,3701.14,1741.72,710.0,272.14,0.0,2723.86,True,0,Non-Stop,c76a4e17e3b2
SCR_GF_1789146143_063,2026-09-11 22:32:14,2026-09-12,1,google_flights,DEL,BOM,DEL-BOM,DEL,BOM,IndiGo,IndiGo,6E 624,9:30,12:00,150,2 hr 30 min,Economy,6425.0,3701.14,1741.72,710.0,272.14,0.0,2723.86,True,0,Non-Stop,b8400fe1ec6b
SCR_GF_1789146143_064,2026-09-11 22:32:14,2026-09-12,1,google_flights,DEL,BOM,DEL-BOM,DEL,BOM,IndiGo,IndiGo,6E 651,2:00,4:25,145,2 hr 25 min,Economy,6425.0,3701.14,1741.72,710.0,272.14,0.0,2723.86,True,0,Non-Stop,0a1bf33c76d1
SCR_GF_1789146143_065,2026-09-11 22:32:14,2026-09-12,1,google_flights,DEL,BOM,DEL-BOM,DEL,BOM,IndiGo,IndiGo,6E 678,2:45,5:00,135,2 hr 15 min,Economy,6425.0,3701.14,1741.72,710.0,272.14,0.0,2723.86,True,0,Non-Stop,54a869d2f384
SCR_GF_1789146143_066,2026-09-11 22:32:14,2026-09-12,1,google_flights,DEL,BOM,DEL-BOM,DEL,BOM,IndiGo,IndiGo,6E 705,3:30,5:45,135,2 hr 15 min,Economy,6425.0,3701.14,1741.72,710.0,272.14,0.0,2723.86,True,0,Non-Stop,ddfc32d2d3cf
SCR_GF_1789146144_067,2026-09-11 22:32:14,2026-09-12,1,google_flights,DEL,BOM,DEL-BOM,DEL,BOM,IndiGo,IndiGo,6E 732,3:30,5:55,145,2 hr 25 min,Economy,6425.0,3701.14,1741.72,710.0,272.14,0.0,2723.86,True,0,Non-Stop,ddfc32d2d3cf
SCR_GF_1789146144_068,2026-09-11 22:32:14,2026-09-12,1,google_flights,DEL,BOM,DEL-BOM,DEL,BOM,IndiGo,IndiGo,6E 759,4:00,6:25,145,2 hr 25 min,Economy,6425.0,3701.14,1741.72,710.0,272.14,0.0,2723.86,True,0,Non-Stop,41188586a119
SCR_GF_1789146144_069,2026-09-11 22:32:14,2026-09-12,1,google_flights,DEL,BOM,DEL-BOM,DEL,BOM,IndiGo,IndiGo,6E 786,4:15,6:35,140,2 hr 20 min,Economy,6425.0,3701.14,1741.72,710.0,272.14,0.0,2723.86,True,0,Non-Stop,a873bee85659
SCR_GF_1789146144_070,2026-09-11 22:32:14,2026-09-12,1,google_flights,DEL,BOM,DEL-BOM,DEL,BOM,IndiGo,IndiGo,6E 813,5:00,7:25,145,2 hr 25 min,Economy,6425.0,3701.14,1741.72,710.0,272.14,0.0,2723.86,True,0,Non-Stop,095d58e6688e
SCR_GF_1789146144_071,2026-09-11 22:32:14,2026-09-12,1,google_flights,DEL,BOM,DEL-BOM,DEL,BOM,IndiGo,IndiGo,6E 840,6:00,8:25,145,2 hr 25 min,Economy,6425.0,3701.14,1741.72,710.0,272.14,0.0,2723.86,True,0,Non-Stop,94a132b0465f
SCR_GF_1789146144_072,2026-09-11 22:32:14,2026-09-12,1,google_flights,DEL,BOM,DEL-BOM,DEL,BOM,IndiGo,IndiGo,6E 867,7:00,9:25,145,2 hr 25 min,Economy,6425.0,3701.14,1741.72,710.0,272.14,0.0,2723.86,True,0,Non-Stop,bbf93d2b2825
SCR_GF_1789146144_073,2026-09-11 22:32:14,2026-09-12,1,google_flights,DEL,BOM,DEL-BOM,DEL,BOM,IndiGo,IndiGo,6E 894,7:30,9:55,145,2 hr 25 min,Economy,6425.0,3701.14,1741.72,710.0,272.14,0.0,2723.86,True,0,Non-Stop,b8256b00ef68
SCR_GF_1789146144_074,2026-09-11 22:32:14,2026-09-12,1,google_flights,DEL,BOM,DEL-BOM,DEL,BOM,IndiGo,IndiGo,6E 921,9:30,11:55,145,2 hr 25 min,Economy,6425.0,3701.14,1741.72,710.0,272.14,0.0,2723.86,True,0,Non-Stop,b8400fe1ec6b
SCR_GF_1789146144_075,2026-09-11 22:32:14,2026-09-12,1,google_flights,DEL,BOM,DEL-BOM,DEL,BOM,IndiGo,IndiGo,6E 948,9:45,12:05,140,2 hr 20 min,Economy,6425.0,3701.14,1741.72,710.0,272.14,0.0,2723.86,True,0,Non-Stop,e2fbdd6229d9
SCR_GF_1789146144_076,2026-09-11 22:32:14,2026-09-12,1,google_flights,DEL,BOM,DEL-BOM,DEL,BOM,IndiGo,IndiGo,6E 975,10:45,1:05,140,2 hr 20 min,Economy,6425.0,3701.14,1741.72,710.0,272.14,0.0,2723.86,True,0,Non-Stop,787ad38f34ef
SCR_GF_1789146144_077,2026-09-11 22:32:14,2026-09-12,1,google_flights,DEL,BOM,DEL-BOM,DEL,BOM,IndiGo,IndiGo,6E 322,11:30,1:45,135,2 hr 15 min,Economy,6425.0,3701.14,1741.72,710.0,272.14,0.0,2723.86,True,0,Non-Stop,ebaa0854c422
SCR_GF_1789146144_078,2026-09-11 22:32:14,2026-09-12,1,google_flights,DEL,BOM,DEL-BOM,DEL,BOM,IndiGo,IndiGo,6E 349,9:00,11:15,135,2 hr 15 min,Economy,6582.0,3802.82,1789.56,710.0,279.62,0.0,2779.18,True,0,Non-Stop,2f1781fb7737
SCR_GF_1789146144_079,2026-09-11 22:32:14,2026-09-12,1,google_flights,DEL,BOM,DEL-BOM,DEL,BOM,IndiGo,IndiGo,6E 376,10:00,12:25,145,2 hr 25 min,Economy,6582.0,3802.82,1789.56,710.0,279.62,0.0,2779.18,True,0,Non-Stop,c5c11c75c4a1
SCR_GF_1789146144_080,2026-09-11 22:32:14,2026-09-12,1,google_flights,DEL,BOM,DEL-BOM,DEL,BOM,IndiGo,IndiGo,6E 403,8:30,11:05,155,2 hr 35 min,Economy,6582.0,3802.82,1789.56,710.0,279.62,0.0,2779.18,True,0,Non-Stop,7cc92a432768
SCR_GF_1789146144_081,2026-09-11 22:32:14,2026-09-12,1,google_flights,DEL,BOM,DEL-BOM,DEL,BOM,IndiGo,IndiGo,6E 430,9:00,11:20,140,2 hr 20 min,Economy,6582.0,3802.82,1789.56,710.0,279.62,0.0,2779.18,True,0,Non-Stop,2f1781fb7737
SCR_GF_1789146144_082,2026-09-11 22:32:14,2026-09-12,1,google_flights,DEL,BOM,DEL-BOM,DEL,BOM,IndiGo,IndiGo,6E 457,7:15,9:30,135,2 hr 15 min,Economy,6583.0,3803.47,1789.86,710.0,279.67,0.0,2779.53,True,0,Non-Stop,683977d21b06
SCR_GF_1789146144_083,2026-09-11 22:32:14,2026-09-12,1,google_flights,DEL,BOM,DEL-BOM,DEL,BOM,IndiGo,IndiGo,6E 484,8:00,10:20,140,2 hr 20 min,Economy,6583.0,3803.47,1789.86,710.0,279.67,0.0,2779.53,True,0,Non-Stop,e3bee617319e
SCR_GF_1789146144_084,2026-09-11 22:32:14,2026-09-12,1,google_flights,DEL,BOM,DEL-BOM,DEL,BOM,IndiGo,IndiGo,6E 511,8:45,11:00,135,2 hr 15 min,Economy,6583.0,3803.47,1789.86,710.0,279.67,0.0,2779.53,True,0,Non-Stop,0f49d35e0a26
SCR_GF_1789146144_085,2026-09-11 22:32:14,2026-09-12,1,google_flights,DEL,BOM,DEL-BOM,DEL,BOM,IndiGo,IndiGo,6E 538,1:00,3:10,130,2 hr 10 min,Economy,6583.0,3803.47,1789.86,710.0,279.67,0.0,2779.53,True,0,Non-Stop,a89134ec0e0c
SCR_GF_1789146144_086,2026-09-11 22:32:14,2026-09-12,1,google_flights,DEL,BOM,DEL-BOM,DEL,BOM,IndiGo,IndiGo,6E 565,5:00,7:15,135,2 hr 15 min,Economy,6583.0,3803.47,1789.86,710.0,279.67,0.0,2779.53,True,0,Non-Stop,a8cb3b5b4b0d
SCR_GF_1789146144_087,2026-09-11 22:32:14,2026-09-12,1,google_flights,DEL,BOM,DEL-BOM,DEL,BOM,IndiGo,IndiGo,6E 592,7:00,9:25,145,2 hr 25 min,Economy,6583.0,3803.47,1789.86,710.0,279.67,0.0,2779.53,True,0,Non-Stop,376ecfe45ed7
SCR_GF_1789146144_088,2026-09-11 22:32:14,2026-09-12,1,google_flights,DEL,BOM,DEL-BOM,DEL,BOM,IndiGo,IndiGo,6E 619,11:25,1:50,145,2 hr 25 min,Economy,6610.0,3820.95,1798.1,710.0,280.95,0.0,2789.05,True,0,Non-Stop,e71469060ec2
SCR_GF_1789146144_089,2026-09-11 22:32:14,2026-09-12,1,google_flights,DEL,BOM,DEL-BOM,DEL,BOM,IndiGo,IndiGo,6E 646,11:00,1:25,145,2 hr 25 min,Economy,6792.0,3938.82,1853.56,710.0,289.62,0.0,2853.18,True,0,Non-Stop,38238aa26628
SCR_GF_1789146144_090,2026-09-11 22:32:14,2026-09-12,1,google_flights,DEL,BOM,DEL-BOM,DEL,BOM,IndiGo,IndiGo,6E 673,6:05,8:20,135,2 hr 15 min,Economy,6793.0,3939.47,1853.86,710.0,289.67,0.0,2853.53,True,0,Non-Stop,d416edf43894
SCR_GF_1789146144_091,2026-09-11 22:32:14,2026-09-12,1,google_flights,DEL,BOM,DEL-BOM,DEL,BOM,IndiGo,IndiGo,6E 700,9:30,11:55,145,2 hr 25 min,Economy,6793.0,3939.47,1853.86,710.0,289.67,0.0,2853.53,True,0,Non-Stop,9451f68fe971
SCR_GF_1789146144_092,2026-09-11 22:32:14,2026-09-12,1,google_flights,DEL,BOM,DEL-BOM,DEL,BOM,IndiGo,IndiGo,6E 727,10:15,12:35,140,2 hr 20 min,Economy,6793.0,3939.47,1853.86,710.0,289.67,0.0,2853.53,True,0,Non-Stop,4c6bf1be599d
SCR_GF_1789146144_093,2026-09-11 22:32:14,2026-09-12,1,google_flights,DEL,BOM,DEL-BOM,DEL,BOM,IndiGo,IndiGo,6E 754,11:00,1:15,135,2 hr 15 min,Economy,6793.0,3939.47,1853.86,710.0,289.67,0.0,2853.53,True,0,Non-Stop,a012fd7d34b9
SCR_GF_1789146144_094,2026-09-11 22:32:14,2026-09-12,1,google_flights,DEL,BOM,DEL-BOM,DEL,BOM,IndiGo,IndiGo,6E 781,12:00,2:15,135,2 hr 15 min,Economy,6793.0,3939.47,1853.86,710.0,289.67,0.0,2853.53,True,0,Non-Stop,975777f8443a
SCR_GF_1789146144_095,2026-09-11 22:32:14,2026-09-12,1,google_flights,DEL,BOM,DEL-BOM,DEL,BOM,IndiGo,IndiGo,6E 808,8:00,10:10,130,2 hr 10 min,Economy,6793.0,3939.47,1853.86,710.0,289.67,0.0,2853.53,True,0,Non-Stop,1e49ff17aace
SCR_GF_1789146144_096,2026-09-11 22:32:14,2026-09-12,1,google_flights,DEL,BOM,DEL-BOM,DEL,BOM,IndiGo,IndiGo,6E 835,7:55,10:20,145,2 hr 25 min,Economy,6959.0,4046.97,1904.46,710.0,297.57,0.0,2912.03,True,0,Non-Stop,8b2b7c384bb3
SCR_GF_1789146144_097,2026-09-11 22:32:14,2026-09-12,1,google_flights,DEL,BOM,DEL-BOM,DEL,BOM,IndiGo,IndiGo,6E 862,8:30,10:45,135,2 hr 15 min,Economy,7055.0,4109.14,1933.72,710.0,302.14,0.0,2945.86,True,0,Non-Stop,7d759c299c2a
SCR_GF_1789146144_098,2026-09-11 22:32:14,2026-09-12,1,google_flights,DEL,BOM,DEL-BOM,DEL,BOM,IndiGo,IndiGo,6E 889,12:00,2:25,145,2 hr 25 min,Economy,7055.0,4109.14,1933.72,710.0,302.14,0.0,2945.86,True,0,Non-Stop,325169dc3ef0
SCR_GF_1789146144_099,2026-09-11 22:32:14,2026-09-12,1,google_flights,DEL,BOM,DEL-BOM,DEL,BOM,IndiGo,IndiGo,6E 916,5:30,7:45,135,2 hr 15 min,Economy,7079.0,4124.69,1941.02,710.0,303.29,0.0,2954.31,True,0,Non-Stop,7c7b17c12a54
SCR_GF_1789146144_100,2026-09-11 22:32:14,2026-09-12,1,google_flights,DEL,BOM,DEL-BOM,DEL,BOM,IndiGo,IndiGo,6E 943,6:50,9:10,140,2 hr 20 min,Economy,7327.0,4285.3,2016.6,710.0,315.1,0.0,3041.7,True,0,Non-Stop,fdba6e92a239
SCR_GF_1789146144_101,2026-09-11 22:32:14,2026-09-12,1,google_flights,DEL,BOM,DEL-BOM,DEL,BOM,IndiGo,IndiGo,6E 970,5:00,7:20,140,2 hr 20 min,Economy,7370.0,4313.14,2029.72,710.0,317.14,0.0,3056.86,True,0,Non-Stop,0815c7aa1da1
SCR_GF_1789146144_102,2026-09-11 22:32:14,2026-09-12,1,google_flights,DEL,BOM,DEL-BOM,DEL,BOM,IndiGo,IndiGo,6E 317,12:30,2:55,145,2 hr 25 min,Economy,7453.0,4366.9,2055.0,710.0,321.1,0.0,3086.1,True,0,Non-Stop,98a06406f628
SCR_GF_1789146144_103,2026-09-11 22:32:14,2026-09-12,1,google_flights,DEL,BOM,DEL-BOM,DEL,BOM,IndiGo,IndiGo,6E 344,1:30,3:50,140,2 hr 20 min,Economy,7553.0,4431.66,2085.48,710.0,325.86,0.0,3121.34,True,0,Non-Stop,72815f0c1754
SCR_GF_1789146144_104,2026-09-11 22:32:14,2026-09-12,1,google_flights,DEL,BOM,DEL-BOM,DEL,BOM,IndiGo,IndiGo,6E 371,8:40,11:05,145,2 hr 25 min,Economy,7583.0,4451.09,2094.62,710.0,327.29,0.0,3131.91,True,0,Non-Stop,c641e2a08632
SCR_GF_1789146145_105,2026-09-11 22:32:14,2026-09-12,1,google_flights,DEL,BOM,DEL-BOM,DEL,BOM,IndiGo,IndiGo,6E 398,9:20,11:40,140,2 hr 20 min,Economy,7583.0,4451.09,2094.62,710.0,327.29,0.0,3131.91,True,0,Non-Stop,303e7829b52d
SCR_GF_1789146145_106,2026-09-11 22:32:14,2026-09-12,1,google_flights,DEL,BOM,DEL-BOM,DEL,BOM,IndiGo,IndiGo,6E 425,10:30,12:45,135,2 hr 15 min,Economy,7988.0,4713.37,2218.06,710.0,346.57,0.0,3274.63,True,0,Non-Stop,45cdf3e1cd96
SCR_GF_1789146145_107,2026-09-11 22:32:14,2026-09-12,1,google_flights,DEL,BOM,DEL-BOM,DEL,BOM,IndiGo,IndiGo,6E 452,5:35,8:05,150,2 hr 30 min,Economy,8476.0,5029.41,2366.78,710.0,369.81,0.0,3446.59,True,0,Non-Stop,57d74f2989f0
SCR_GF_1789146145_108,2026-09-11 22:32:14,2026-09-12,1,google_flights,DEL,BOM,DEL-BOM,DEL,BOM,IndiGo,IndiGo,6E 479,2:00,4:15,135,2 hr 15 min,Economy,11827.0,7199.58,3388.04,710.0,529.38,0.0,4627.42,True,0,Non-Stop,e5ce3995ba05
SCR_GF_1789146150_001,2026-09-11 22:32:25,2026-09-18,7,google_flights,DEL,BOM,DEL-BOM,DEL,BOM,IndiGo,IndiGo,6E 310,2:45 PM,5:00 PM,135,2 hr 15 min,Economy,6425.0,3701.14,1741.72,710.0,272.14,0.0,2723.86,True,0,Non-Stop,d172306e3d4d
SCR_GF_1789146150_002,2026-09-11 22:32:25,2026-09-18,7,google_flights,DEL,BOM,DEL-BOM,DEL,BOM,Air India,Air India,AI 337,4:00 PM,6:25 PM,145,2 hr 25 min,Economy,6425.0,3701.14,1741.72,710.0,272.14,0.0,2723.86,True,0,Non-Stop,de7bc8044622
SCR_GF_1789146150_003,2026-09-11 22:32:25,2026-09-18,7,google_flights,DEL,BOM,DEL-BOM,DEL,BOM,Akasa Air,Akasa Air,QP 364,4:00 PM,6:20 PM,140,2 hr 20 min,Economy,6880.0,3995.81,1880.38,710.0,293.81,0.0,2884.19,True,0,Non-Stop,7869d26a156c
SCR_GF_1789146150_004,2026-09-11 22:32:25,2026-09-18,7,google_flights,DEL,BOM,DEL-BOM,DEL,BOM,Air India,Air India,AI 391,5:00 AM,7:20 AM,140,2 hr 20 min,Economy,6314.0,3629.26,1707.88,710.0,266.86,0.0,2684.74,True,0,Non-Stop,8fe28663b352
SCR_GF_1789146150_005,2026-09-11 22:32:25,2026-09-18,7,google_flights,DEL,BOM,DEL-BOM,DEL,BOM,IndiGo,IndiGo,6E 418,5:00 AM,7:15 AM,135,2 hr 15 min,Economy,6425.0,3701.14,1741.72,710.0,272.14,0.0,2723.86,True,0,Non-Stop,caddf0bc3632
SCR_GF_1789146150_006,2026-09-11 22:32:25,2026-09-18,7,google_flights,DEL,BOM,DEL-BOM,DEL,BOM,Air India,Air India,AI 445,8:30 AM,10:45 AM,135,2 hr 15 min,Economy,6425.0,3701.14,1741.72,710.0,272.14,0.0,2723.86,True,0,Non-Stop,4c308373e14d
SCR_GF_1789146150_007,2026-09-11 22:32:25,2026-09-18,7,google_flights,DEL,BOM,DEL-BOM,DEL,BOM,IndiGo,IndiGo,6E 472,8:45 AM,11:00 AM,135,2 hr 15 min,Economy,6425.0,3701.14,1741.72,710.0,272.14,0.0,2723.86,True,0,Non-Stop,780a48b56e1d
SCR_GF_1789146150_008,2026-09-11 22:32:25,2026-09-18,7,google_flights,DEL,BOM,DEL-BOM,DEL,BOM,IndiGo,IndiGo,6E 499,9:30 AM,11:55 AM,145,2 hr 25 min,Economy,6425.0,3701.14,1741.72,710.0,272.14,0.0,2723.86,True,0,Non-Stop,3883e8e50c2b
SCR_GF_1789146150_009,2026-09-11 22:32:25,2026-09-18,7,google_flights,DEL,BOM,DEL-BOM,DEL,BOM,Air India,Air India,AI 526,9:30 AM,12:00 PM,150,2 hr 30 min,Economy,6425.0,3701.14,1741.72,710.0,272.14,0.0,2723.86,True,0,Non-Stop,6eff1b3e1e1f
SCR_GF_1789146150_010,2026-09-11 22:32:25,2026-09-18,7,google_flights,DEL,BOM,DEL-BOM,DEL,BOM,Air India,Air India,AI 553,10:00 AM,12:25 PM,145,2 hr 25 min,Economy,6425.0,3701.14,1741.72,710.0,272.14,0.0,2723.86,True,0,Non-Stop,8382ae02850a
SCR_GF_1789146150_011,2026-09-11 22:32:25,2026-09-18,7,google_flights,DEL,BOM,DEL-BOM,DEL,BOM,IndiGo,IndiGo,6E 580,10:15 AM,12:35 PM,140,2 hr 20 min,Economy,6425.0,3701.14,1741.72,710.0,272.14,0.0,2723.86,True,0,Non-Stop,6020599b615f
SCR_GF_1789146150_012,2026-09-11 22:32:25,2026-09-18,7,google_flights,DEL,BOM,DEL-BOM,DEL,BOM,Air India,Air India,AI 607,10:30 AM,12:50 PM,140,2 hr 20 min,Economy,6425.0,3701.14,1741.72,710.0,272.14,0.0,2723.86,True,0,Non-Stop,4f66ff0ad1ba
SCR_GF_1789146150_013,2026-09-11 22:32:25,2026-09-18,7,google_flights,DEL,BOM,DEL-BOM,DEL,BOM,IndiGo,IndiGo,6E 634,11:00 AM,1:15 PM,135,2 hr 15 min,Economy,6425.0,3701.14,1741.72,710.0,272.14,0.0,2723.86,True,0,Non-Stop,684c89e248e3
SCR_GF_1789146150_014,2026-09-11 22:32:25,2026-09-18,7,google_flights,DEL,BOM,DEL-BOM,DEL,BOM,Air India,Air India,AI 661,11:00 AM,1:25 PM,145,2 hr 25 min,Economy,6425.0,3701.14,1741.72,710.0,272.14,0.0,2723.86,True,0,Non-Stop,fffba7bdbe95
SCR_GF_1789146150_015,2026-09-11 22:32:25,2026-09-18,7,google_flights,DEL,BOM,DEL-BOM,DEL,BOM,IndiGo,IndiGo,6E 688,12:00 PM,2:15 PM,135,2 hr 15 min,Economy,6425.0,3701.14,1741.72,710.0,272.14,0.0,2723.86,True,0,Non-Stop,090f6f306206
SCR_GF_1789146150_016,2026-09-11 22:32:25,2026-09-18,7,google_flights,DEL,BOM,DEL-BOM,DEL,BOM,Air India,Air India,AI 715,12:00 PM,2:25 PM,145,2 hr 25 min,Economy,6425.0,3701.14,1741.72,710.0,272.14,0.0,2723.86,True,0,Non-Stop,934eec646e13
SCR_GF_1789146150_017,2026-09-11 22:32:25,2026-09-18,7,google_flights,DEL,BOM,DEL-BOM,DEL,BOM,IndiGo,IndiGo,6E 742,1:00 PM,3:10 PM,130,2 hr 10 min,Economy,6425.0,3701.14,1741.72,710.0,272.14,0.0,2723.86,True,0,Non-Stop,5772d0ebb6f5
SCR_GF_1789146150_018,2026-09-11 22:32:25,2026-09-18,7,google_flights,DEL,BOM,DEL-BOM,DEL,BOM,IndiGo,IndiGo,6E 769,2:00 PM,4:25 PM,145,2 hr 25 min,Economy,6425.0,3701.14,1741.72,710.0,272.14,0.0,2723.86,True,0,Non-Stop,757fd2253079
SCR_GF_1789146150_019,2026-09-11 22:32:25,2026-09-18,7,google_flights,DEL,BOM,DEL-BOM,DEL,BOM,Air India,Air India,AI 796,2:10 PM,4:30 PM,140,2 hr 20 min,Economy,6425.0,3701.14,1741.72,710.0,272.14,0.0,2723.86,True,0,Non-Stop,02c16b9666dd
SCR_GF_1789146150_020,2026-09-11 22:32:25,2026-09-18,7,google_flights,DEL,BOM,DEL-BOM,DEL,BOM,IndiGo,IndiGo,6E 823,3:30 PM,5:45 PM,135,2 hr 15 min,Economy,6425.0,3701.14,1741.72,710.0,272.14,0.0,2723.86,True,0,Non-Stop,b9a773e84455
SCR_GF_1789146150_021,2026-09-11 22:32:25,2026-09-18,7,google_flights,DEL,BOM,DEL-BOM,DEL,BOM,Air India,Air India,AI 850,3:30 PM,5:55 PM,145,2 hr 25 min,Economy,6425.0,3701.14,1741.72,710.0,272.14,0.0,2723.86,True,0,Non-Stop,445bb7599749
SCR_GF_1789146150_022,2026-09-11 22:32:25,2026-09-18,7,google_flights,DEL,BOM,DEL-BOM,DEL,BOM,Air India,Air India,AI 877,5:00 PM,7:25 PM,145,2 hr 25 min,Economy,6425.0,3701.14,1741.72,710.0,272.14,0.0,2723.86,True,0,Non-Stop,1bbb0ad86b03
SCR_GF_1789146150_023,2026-09-11 22:32:25,2026-09-18,7,google_flights,DEL,BOM,DEL-BOM,DEL,BOM,Air India,Air India,AI 904,6:30 AM,8:50 AM,140,2 hr 20 min,Economy,6582.0,3802.82,1789.56,710.0,279.62,0.0,2779.18,True,0,Non-Stop,d7e13c20c787
SCR_GF_1789146150_024,2026-09-11 22:32:25,2026-09-18,7,google_flights,DEL,BOM,DEL-BOM,DEL,BOM,Air India,Air India,AI 931,1:30 PM,3:50 PM,140,2 hr 20 min,Economy,6582.0,3802.82,1789.56,710.0,279.62,0.0,2779.18,True,0,Non-Stop,13697e7f068d
SCR_GF_1789146150_025,2026-09-11 22:32:25,2026-09-18,7,google_flights,DEL,BOM,DEL-BOM,DEL,BOM,Air India,Air India,AI 958,4:30 PM,6:50 PM,140,2 hr 20 min,Economy,6582.0,3802.82,1789.56,710.0,279.62,0.0,2779.18,True,0,Non-Stop,b6d7b3e6063e
SCR_GF_1789146150_026,2026-09-11 22:32:25,2026-09-18,7,google_flights,DEL,BOM,DEL-BOM,DEL,BOM,IndiGo,IndiGo,6E 985,6:05 AM,8:20 AM,135,2 hr 15 min,Economy,6583.0,3803.47,1789.86,710.0,279.67,0.0,2779.53,True,0,Non-Stop,cd86e0c194a8
SCR_GF_1789146150_027,2026-09-11 22:32:25,2026-09-18,7,google_flights,DEL,BOM,DEL-BOM,DEL,BOM,IndiGo,IndiGo,6E 332,4:15 PM,6:35 PM,140,2 hr 20 min,Economy,6583.0,3803.47,1789.86,710.0,279.67,0.0,2779.53,True,0,Non-Stop,70c4c4213193
SCR_GF_1789146150_028,2026-09-11 22:32:25,2026-09-18,7,google_flights,DEL,BOM,DEL-BOM,DEL,BOM,Air India Express,Air India Express,IX 359,5:35 AM,8:05 AM,150,2 hr 30 min,Economy,6610.0,3820.95,1798.1,710.0,280.95,0.0,2789.05,True,0,Non-Stop,e550cb10cf80
SCR_GF_1789146150_029,2026-09-11 22:32:25,2026-09-18,7,google_flights,DEL,BOM,DEL-BOM,DEL,BOM,Air India,Air India,AI 386,7:00 AM,9:25 AM,145,2 hr 25 min,Economy,6792.0,3938.82,1853.56,710.0,289.62,0.0,2853.18,True,0,Non-Stop,ca2ab3c12ddb
SCR_GF_1789146150_030,2026-09-11 22:32:25,2026-09-18,7,google_flights,DEL,BOM,DEL-BOM,DEL,BOM,Air India,Air India,AI 413,7:30 AM,9:55 AM,145,2 hr 25 min,Economy,6792.0,3938.82,1853.56,710.0,289.62,0.0,2853.18,True,0,Non-Stop,472b116abc2f
SCR_GF_1789146150_031,2026-09-11 22:32:25,2026-09-18,7,google_flights,DEL,BOM,DEL-BOM,DEL,BOM,IndiGo,IndiGo,6E 440,7:15 AM,9:30 AM,135,2 hr 15 min,Economy,6793.0,3939.47,1853.86,710.0,289.67,0.0,2853.53,True,0,Non-Stop,e3ce78997037
SCR_GF_1789146150_032,2026-09-11 22:32:25,2026-09-18,7,google_flights,DEL,BOM,DEL-BOM,DEL,BOM,IndiGo,IndiGo,6E 467,8:00 AM,10:20 AM,140,2 hr 20 min,Economy,6793.0,3939.47,1853.86,710.0,289.67,0.0,2853.53,True,0,Non-Stop,67cb4c699a79
SCR_GF_1789146150_033,2026-09-11 22:32:25,2026-09-18,7,google_flights,DEL,BOM,DEL-BOM,DEL,BOM,Akasa Air,Akasa Air,QP 494,6:50 AM,9:10 AM,140,2 hr 20 min,Economy,6880.0,3995.81,1880.38,710.0,293.81,0.0,2884.19,True,0,Non-Stop,25bfbdf024cc
SCR_GF_1789146150_034,2026-09-11 22:32:25,2026-09-18,7,google_flights,DEL,BOM,DEL-BOM,DEL,BOM,Akasa Air,Akasa Air,QP 521,8:40 AM,11:05 AM,145,2 hr 25 min,Economy,6880.0,3995.81,1880.38,710.0,293.81,0.0,2884.19,True,0,Non-Stop,39f22a741456
SCR_GF_1789146150_035,2026-09-11 22:32:25,2026-09-18,7,google_flights,DEL,BOM,DEL-BOM,DEL,BOM,Akasa Air,Akasa Air,QP 548,9:20 AM,11:40 AM,140,2 hr 20 min,Economy,6880.0,3995.81,1880.38,710.0,293.81,0.0,2884.19,True,0,Non-Stop,c78ae4493fd6
SCR_GF_1789146150_036,2026-09-11 22:32:25,2026-09-18,7,google_flights,DEL,BOM,DEL-BOM,DEL,BOM,Akasa Air,Akasa Air,QP 575,10:30 AM,12:45 PM,135,2 hr 15 min,Economy,6880.0,3995.81,1880.38,710.0,293.81,0.0,2884.19,True,0,Non-Stop,ec6ffa571bd9
SCR_GF_1789146151_037,2026-09-11 22:32:25,2026-09-18,7,google_flights,DEL,BOM,DEL-BOM,DEL,BOM,Akasa Air,Akasa Air,QP 602,12:30 PM,2:55 PM,145,2 hr 25 min,Economy,6880.0,3995.81,1880.38,710.0,293.81,0.0,2884.19,True,0,Non-Stop,932a67057305
SCR_GF_1789146151_038,2026-09-11 22:32:25,2026-09-18,7,google_flights,DEL,BOM,DEL-BOM,DEL,BOM,Air India,Air India,AI 629,11:00 PM,1:25 AM,145,2 hr 25 min,Economy,7055.0,4109.14,1933.72,710.0,302.14,0.0,2945.86,True,0,Non-Stop,5251a11d4d74
SCR_GF_1789146151_039,2026-09-11 22:32:25,2026-09-18,7,google_flights,DEL,BOM,DEL-BOM,DEL,BOM,IndiGo,IndiGo,6E 656,10:45 PM,1:05 AM,140,2 hr 20 min,Economy,7370.0,4313.14,2029.72,710.0,317.14,0.0,3056.86,True,0,Non-Stop,1e1a057911da
SCR_GF_1789146151_040,2026-09-11 22:32:25,2026-09-18,7,google_flights,DEL,BOM,DEL-BOM,DEL,BOM,IndiGo,IndiGo,6E 683,11:30 PM,1:45 AM,135,2 hr 15 min,Economy,7370.0,4313.14,2029.72,710.0,317.14,0.0,3056.86,True,0,Non-Stop,7804fb2cf48c
SCR_GF_1789146151_041,2026-09-11 22:32:25,2026-09-18,7,google_flights,DEL,BOM,DEL-BOM,DEL,BOM,Air India Express,Air India Express,IX 710,11:25 PM,1:50 AM,145,2 hr 25 min,Economy,7604.0,4464.69,2101.02,710.0,328.29,0.0,3139.31,True,0,Non-Stop,876384d11989
SCR_GF_1789146151_042,2026-09-11 22:32:25,2026-09-18,7,google_flights,DEL,BOM,DEL-BOM,DEL,BOM,IndiGo,IndiGo,6E 737,5:00 PM,7:15 PM,135,2 hr 15 min,Economy,7685.0,4517.14,2125.72,710.0,332.14,0.0,3167.86,True,0,Non-Stop,8a627e7fab00
SCR_GF_1789146151_043,2026-09-11 22:32:25,2026-09-18,7,google_flights,DEL,BOM,DEL-BOM,DEL,BOM,Akasa Air,Akasa Air,QP 764,5:30 PM,7:45 PM,135,2 hr 15 min,Economy,9360.0,5601.9,2636.2,710.0,411.9,0.0,3758.1,True,0,Non-Stop,4d3dbad661ce
SCR_GF_1789146151_044,2026-09-11 22:32:25,2026-09-18,7,google_flights,DEL,BOM,DEL-BOM,DEL,BOM,IndiGo,IndiGo,6E 791,9:45 PM,12:05 AM,140,2 hr 20 min,Economy,9628.0,5775.47,2717.86,710.0,424.67,0.0,3852.53,True,0,Non-Stop,e4cbc585446d
SCR_GF_1789146151_045,2026-09-11 22:32:25,2026-09-18,7,google_flights,DEL,BOM,DEL-BOM,DEL,BOM,IndiGo,IndiGo,6E 818,8:45 PM,11:00 PM,135,2 hr 15 min,Economy,10363.0,6251.47,2941.86,710.0,459.67,0.0,4111.53,True,0,Non-Stop,f76c0693b481
SCR_GF_1789146151_046,2026-09-11 22:32:25,2026-09-18,7,google_flights,DEL,BOM,DEL-BOM,DEL,BOM,IndiGo,IndiGo,6E 845,6:00 PM,8:15 PM,135,2 hr 15 min,Economy,12253.0,7475.47,3517.86,710.0,549.67,0.0,4777.53,True,0,Non-Stop,dea2ec3494a1
SCR_GF_1789146151_047,2026-09-11 22:32:25,2026-09-18,7,google_flights,DEL,BOM,DEL-BOM,DEL,BOM,IndiGo,IndiGo,6E 872,8:00 PM,10:10 PM,130,2 hr 10 min,Economy,12253.0,7475.47,3517.86,710.0,549.67,0.0,4777.53,True,0,Non-Stop,cea72c73c5c7
SCR_GF_1789146151_048,2026-09-11 22:32:25,2026-09-18,7,google_flights,DEL,BOM,DEL-BOM,DEL,BOM,Air India,Air India,AI 899,8:30 PM,11:05 PM,155,2 hr 35 min,Economy,12887.0,7886.06,3711.08,710.0,579.86,0.0,5000.94,True,0,Non-Stop,ae8d578f78d2
SCR_GF_1789146151_049,2026-09-11 22:32:25,2026-09-18,7,google_flights,DEL,BOM,DEL-BOM,DEL,BOM,Air India,Air India,AI 926,9:00 PM,11:20 PM,140,2 hr 20 min,Economy,12887.0,7886.06,3711.08,710.0,579.86,0.0,5000.94,True,0,Non-Stop,d1d3c45dd4f0
SCR_GF_1789146151_050,2026-09-11 22:32:25,2026-09-18,7,google_flights,DEL,BOM,DEL-BOM,DEL,BOM,Air India,Air India,AI 953,9:30 PM,11:55 PM,145,2 hr 25 min,Economy,12887.0,7886.06,3711.08,710.0,579.86,0.0,5000.94,True,0,Non-Stop,417146678139
SCR_GF_1789146151_051,2026-09-11 22:32:25,2026-09-18,7,google_flights,DEL,BOM,DEL-BOM,DEL,BOM,IndiGo,IndiGo,6E 980,7:00 PM,9:25 PM,145,2 hr 25 min,Economy,13513.0,8291.47,3901.86,710.0,609.67,0.0,5221.53,True,0,Non-Stop,fe34787afa60
SCR_GF_1789146151_052,2026-09-11 22:32:25,2026-09-18,7,google_flights,DEL,BOM,DEL-BOM,DEL,BOM,Air India,Air India,AI 327,6:00 PM,8:25 PM,145,2 hr 25 min,Economy,13822.0,8491.58,3996.04,710.0,624.38,0.0,5330.42,True,0,Non-Stop,57102f841965
SCR_GF_1789146151_053,2026-09-11 22:32:25,2026-09-18,7,google_flights,DEL,BOM,DEL-BOM,DEL,BOM,Akasa Air,Akasa Air,QP 354,7:55 PM,10:20 PM,145,2 hr 25 min,Economy,16154.0,10001.83,4706.74,710.0,735.43,0.0,6152.17,True,0,Non-Stop,f9a4dc7f89cf
SCR_GF_1789146151_054,2026-09-11 22:32:25,2026-09-18,7,google_flights,DEL,BOM,DEL-BOM,DEL,BOM,Air India,Air India,AI 381,7:30 PM,9:55 PM,145,2 hr 25 min,Economy,17198.0,10677.94,5024.92,710.0,785.14,0.0,6520.06,True,0,Non-Stop,c9d2134d53d0
SCR_GF_1789146151_055,2026-09-11 22:32:25,2026-09-18,7,google_flights,DEL,BOM,DEL-BOM,DEL,BOM,Air India,Air India,AI 408,7:00 PM,9:25 PM,145,2 hr 25 min,Economy,17350.0,10776.38,5071.24,710.0,792.38,0.0,6573.62,True,0,Non-Stop,a1c2b3c0627d
SCR_GF_1789146151_056,2026-09-11 22:32:25,2026-09-18,7,google_flights,DEL,BOM,DEL-BOM,DEL,BOM,IndiGo,IndiGo,6E 435,2:45,5:00,135,2 hr 15 min,Economy,6425.0,3701.14,1741.72,710.0,272.14,0.0,2723.86,True,0,Non-Stop,ee5c9cf2dbce
SCR_GF_1789146151_057,2026-09-11 22:32:25,2026-09-18,7,google_flights,DEL,BOM,DEL-BOM,DEL,BOM,IndiGo,IndiGo,6E 462,4:00,6:25,145,2 hr 25 min,Economy,6425.0,3701.14,1741.72,710.0,272.14,0.0,2723.86,True,0,Non-Stop,1427bc40af37
SCR_GF_1789146151_058,2026-09-11 22:32:25,2026-09-18,7,google_flights,DEL,BOM,DEL-BOM,DEL,BOM,IndiGo,IndiGo,6E 489,4:00,6:20,140,2 hr 20 min,Economy,6880.0,3995.81,1880.38,710.0,293.81,0.0,2884.19,True,0,Non-Stop,c1558f98d814
SCR_GF_1789146151_059,2026-09-11 22:32:25,2026-09-18,7,google_flights,DEL,BOM,DEL-BOM,DEL,BOM,IndiGo,IndiGo,6E 516,5:00,7:20,140,2 hr 20 min,Economy,6314.0,3629.26,1707.88,710.0,266.86,0.0,2684.74,True,0,Non-Stop,4f20ca42c583
SCR_GF_1789146151_060,2026-09-11 22:32:25,2026-09-18,7,google_flights,DEL,BOM,DEL-BOM,DEL,BOM,IndiGo,IndiGo,6E 543,5:00,7:15,135,2 hr 15 min,Economy,6425.0,3701.14,1741.72,710.0,272.14,0.0,2723.86,True,0,Non-Stop,f1b7d3d012d8
SCR_GF_1789146151_061,2026-09-11 22:32:25,2026-09-18,7,google_flights,DEL,BOM,DEL-BOM,DEL,BOM,IndiGo,IndiGo,6E 570,8:30,10:45,135,2 hr 15 min,Economy,6425.0,3701.14,1741.72,710.0,272.14,0.0,2723.86,True,0,Non-Stop,eb878c5e509b
SCR_GF_1789146151_062,2026-09-11 22:32:25,2026-09-18,7,google_flights,DEL,BOM,DEL-BOM,DEL,BOM,IndiGo,IndiGo,6E 597,8:45,11:00,135,2 hr 15 min,Economy,6425.0,3701.14,1741.72,710.0,272.14,0.0,2723.86,True,0,Non-Stop,1c52c9fc94fe
SCR_GF_1789146151_063,2026-09-11 22:32:25,2026-09-18,7,google_flights,DEL,BOM,DEL-BOM,DEL,BOM,IndiGo,IndiGo,6E 624,9:30,11:55,145,2 hr 25 min,Economy,6425.0,3701.14,1741.72,710.0,272.14,0.0,2723.86,True,0,Non-Stop,6f051c6ebb2b
SCR_GF_1789146151_064,2026-09-11 22:32:25,2026-09-18,7,google_flights,DEL,BOM,DEL-BOM,DEL,BOM,IndiGo,IndiGo,6E 651,9:30,12:00,150,2 hr 30 min,Economy,6425.0,3701.14,1741.72,710.0,272.14,0.0,2723.86,True,0,Non-Stop,6f051c6ebb2b
SCR_GF_1789146151_065,2026-09-11 22:32:25,2026-09-18,7,google_flights,DEL,BOM,DEL-BOM,DEL,BOM,IndiGo,IndiGo,6E 678,10:00,12:25,145,2 hr 25 min,Economy,6425.0,3701.14,1741.72,710.0,272.14,0.0,2723.86,True,0,Non-Stop,47eafef93ab2
SCR_GF_1789146151_066,2026-09-11 22:32:25,2026-09-18,7,google_flights,DEL,BOM,DEL-BOM,DEL,BOM,IndiGo,IndiGo,6E 705,10:15,12:35,140,2 hr 20 min,Economy,6425.0,3701.14,1741.72,710.0,272.14,0.0,2723.86,True,0,Non-Stop,bbbf84bfb4a3
SCR_GF_1789146151_067,2026-09-11 22:32:25,2026-09-18,7,google_flights,DEL,BOM,DEL-BOM,DEL,BOM,IndiGo,IndiGo,6E 732,10:30,12:50,140,2 hr 20 min,Economy,6425.0,3701.14,1741.72,710.0,272.14,0.0,2723.86,True,0,Non-Stop,6a8b7228a5a8
SCR_GF_1789146151_068,2026-09-11 22:32:25,2026-09-18,7,google_flights,DEL,BOM,DEL-BOM,DEL,BOM,IndiGo,IndiGo,6E 759,11:00,1:15,135,2 hr 15 min,Economy,6425.0,3701.14,1741.72,710.0,272.14,0.0,2723.86,True,0,Non-Stop,025f3647b97d
SCR_GF_1789146151_069,2026-09-11 22:32:25,2026-09-18,7,google_flights,DEL,BOM,DEL-BOM,DEL,BOM,IndiGo,IndiGo,6E 786,11:00,1:25,145,2 hr 25 min,Economy,6425.0,3701.14,1741.72,710.0,272.14,0.0,2723.86,True,0,Non-Stop,025f3647b97d
SCR_GF_1789146151_070,2026-09-11 22:32:25,2026-09-18,7,google_flights,DEL,BOM,DEL-BOM,DEL,BOM,IndiGo,IndiGo,6E 813,12:00,2:15,135,2 hr 15 min,Economy,6425.0,3701.14,1741.72,710.0,272.14,0.0,2723.86,True,0,Non-Stop,dcdbaf5e565d
SCR_GF_1789146151_071,2026-09-11 22:32:25,2026-09-18,7,google_flights,DEL,BOM,DEL-BOM,DEL,BOM,IndiGo,IndiGo,6E 840,12:00,2:25,145,2 hr 25 min,Economy,6425.0,3701.14,1741.72,710.0,272.14,0.0,2723.86,True,0,Non-Stop,dcdbaf5e565d
SCR_GF_1789146151_072,2026-09-11 22:32:25,2026-09-18,7,google_flights,DEL,BOM,DEL-BOM,DEL,BOM,IndiGo,IndiGo,6E 867,1:00,3:10,130,2 hr 10 min,Economy,6425.0,3701.14,1741.72,710.0,272.14,0.0,2723.86,True,0,Non-Stop,0dd783d95f74
SCR_GF_1789146151_073,2026-09-11 22:32:25,2026-09-18,7,google_flights,DEL,BOM,DEL-BOM,DEL,BOM,IndiGo,IndiGo,6E 894,2:00,4:25,145,2 hr 25 min,Economy,6425.0,3701.14,1741.72,710.0,272.14,0.0,2723.86,True,0,Non-Stop,e153b2a8ac4e
SCR_GF_1789146151_074,2026-09-11 22:32:25,2026-09-18,7,google_flights,DEL,BOM,DEL-BOM,DEL,BOM,IndiGo,IndiGo,6E 921,2:10,4:30,140,2 hr 20 min,Economy,6425.0,3701.14,1741.72,710.0,272.14,0.0,2723.86,True,0,Non-Stop,72c6f65ce897
SCR_GF_1789146151_075,2026-09-11 22:32:25,2026-09-18,7,google_flights,DEL,BOM,DEL-BOM,DEL,BOM,IndiGo,IndiGo,6E 948,3:30,5:45,135,2 hr 15 min,Economy,6425.0,3701.14,1741.72,710.0,272.14,0.0,2723.86,True,0,Non-Stop,6f714b299134
SCR_GF_1789146151_076,2026-09-11 22:32:25,2026-09-18,7,google_flights,DEL,BOM,DEL-BOM,DEL,BOM,IndiGo,IndiGo,6E 975,3:30,5:55,145,2 hr 25 min,Economy,6425.0,3701.14,1741.72,710.0,272.14,0.0,2723.86,True,0,Non-Stop,6f714b299134
SCR_GF_1789146151_077,2026-09-11 22:32:25,2026-09-18,7,google_flights,DEL,BOM,DEL-BOM,DEL,BOM,IndiGo,IndiGo,6E 322,5:00,7:25,145,2 hr 25 min,Economy,6425.0,3701.14,1741.72,710.0,272.14,0.0,2723.86,True,0,Non-Stop,f1b7d3d012d8
SCR_GF_1789146151_078,2026-09-11 22:32:25,2026-09-18,7,google_flights,DEL,BOM,DEL-BOM,DEL,BOM,IndiGo,IndiGo,6E 349,6:30,8:50,140,2 hr 20 min,Economy,6582.0,3802.82,1789.56,710.0,279.62,0.0,2779.18,True,0,Non-Stop,0cec2ffec76b
SCR_GF_1789146151_079,2026-09-11 22:32:25,2026-09-18,7,google_flights,DEL,BOM,DEL-BOM,DEL,BOM,IndiGo,IndiGo,6E 376,1:30,3:50,140,2 hr 20 min,Economy,6582.0,3802.82,1789.56,710.0,279.62,0.0,2779.18,True,0,Non-Stop,1bf70e81d581
SCR_GF_1789146151_080,2026-09-11 22:32:25,2026-09-18,7,google_flights,DEL,BOM,DEL-BOM,DEL,BOM,IndiGo,IndiGo,6E 403,4:30,6:50,140,2 hr 20 min,Economy,6582.0,3802.82,1789.56,710.0,279.62,0.0,2779.18,True,0,Non-Stop,e7309b633d13
SCR_GF_1789146151_081,2026-09-11 22:32:25,2026-09-18,7,google_flights,DEL,BOM,DEL-BOM,DEL,BOM,IndiGo,IndiGo,6E 430,6:05,8:20,135,2 hr 15 min,Economy,6583.0,3803.47,1789.86,710.0,279.67,0.0,2779.53,True,0,Non-Stop,118a4f7a5c8a
SCR_GF_1789146151_082,2026-09-11 22:32:25,2026-09-18,7,google_flights,DEL,BOM,DEL-BOM,DEL,BOM,IndiGo,IndiGo,6E 457,4:15,6:35,140,2 hr 20 min,Economy,6583.0,3803.47,1789.86,710.0,279.67,0.0,2779.53,True,0,Non-Stop,7d9258059d6b
SCR_GF_1789146151_083,2026-09-11 22:32:25,2026-09-18,7,google_flights,DEL,BOM,DEL-BOM,DEL,BOM,IndiGo,IndiGo,6E 484,5:35,8:05,150,2 hr 30 min,Economy,6610.0,3820.95,1798.1,710.0,280.95,0.0,2789.05,True,0,Non-Stop,31133aced90a
SCR_GF_1789146151_084,2026-09-11 22:32:25,2026-09-18,7,google_flights,DEL,BOM,DEL-BOM,DEL,BOM,IndiGo,IndiGo,6E 511,7:00,9:25,145,2 hr 25 min,Economy,6792.0,3938.82,1853.56,710.0,289.62,0.0,2853.18,True,0,Non-Stop,2a9ede95b575
SCR_GF_1789146151_085,2026-09-11 22:32:25,2026-09-18,7,google_flights,DEL,BOM,DEL-BOM,DEL,BOM,IndiGo,IndiGo,6E 538,7:30,9:55,145,2 hr 25 min,Economy,6792.0,3938.82,1853.56,710.0,289.62,0.0,2853.18,True,0,Non-Stop,3f97ffb58d03
SCR_GF_1789146151_086,2026-09-11 22:32:25,2026-09-18,7,google_flights,DEL,BOM,DEL-BOM,DEL,BOM,IndiGo,IndiGo,6E 565,7:15,9:30,135,2 hr 15 min,Economy,6793.0,3939.47,1853.86,710.0,289.67,0.0,2853.53,True,0,Non-Stop,c1a363db9a81
SCR_GF_1789146152_087,2026-09-11 22:32:25,2026-09-18,7,google_flights,DEL,BOM,DEL-BOM,DEL,BOM,IndiGo,IndiGo,6E 592,8:00,10:20,140,2 hr 20 min,Economy,6793.0,3939.47,1853.86,710.0,289.67,0.0,2853.53,True,0,Non-Stop,d8815013ec41
SCR_GF_1789146152_088,2026-09-11 22:32:25,2026-09-18,7,google_flights,DEL,BOM,DEL-BOM,DEL,BOM,IndiGo,IndiGo,6E 619,6:50,9:10,140,2 hr 20 min,Economy,6880.0,3995.81,1880.38,710.0,293.81,0.0,2884.19,True,0,Non-Stop,9827f8372944
SCR_GF_1789146152_089,2026-09-11 22:32:25,2026-09-18,7,google_flights,DEL,BOM,DEL-BOM,DEL,BOM,IndiGo,IndiGo,6E 646,8:40,11:05,145,2 hr 25 min,Economy,6880.0,3995.81,1880.38,710.0,293.81,0.0,2884.19,True,0,Non-Stop,fe7c2c099ed3
SCR_GF_1789146152_090,2026-09-11 22:32:25,2026-09-18,7,google_flights,DEL,BOM,DEL-BOM,DEL,BOM,IndiGo,IndiGo,6E 673,9:20,11:40,140,2 hr 20 min,Economy,6880.0,3995.81,1880.38,710.0,293.81,0.0,2884.19,True,0,Non-Stop,1e9252d17491
SCR_GF_1789146152_091,2026-09-11 22:32:25,2026-09-18,7,google_flights,DEL,BOM,DEL-BOM,DEL,BOM,IndiGo,IndiGo,6E 700,10:30,12:45,135,2 hr 15 min,Economy,6880.0,3995.81,1880.38,710.0,293.81,0.0,2884.19,True,0,Non-Stop,c44fbef2fe82
SCR_GF_1789146152_092,2026-09-11 22:32:25,2026-09-18,7,google_flights,DEL,BOM,DEL-BOM,DEL,BOM,IndiGo,IndiGo,6E 727,12:30,2:55,145,2 hr 25 min,Economy,6880.0,3995.81,1880.38,710.0,293.81,0.0,2884.19,True,0,Non-Stop,7dd1a2ff769b
SCR_GF_1789146152_093,2026-09-11 22:32:25,2026-09-18,7,google_flights,DEL,BOM,DEL-BOM,DEL,BOM,IndiGo,IndiGo,6E 754,11:00,1:25,145,2 hr 25 min,Economy,7055.0,4109.14,1933.72,710.0,302.14,0.0,2945.86,True,0,Non-Stop,c2a096a92c27
SCR_GF_1789146152_094,2026-09-11 22:32:25,2026-09-18,7,google_flights,DEL,BOM,DEL-BOM,DEL,BOM,IndiGo,IndiGo,6E 781,10:45,1:05,140,2 hr 20 min,Economy,7370.0,4313.14,2029.72,710.0,317.14,0.0,3056.86,True,0,Non-Stop,dc0ddb72f3c0
SCR_GF_1789146152_095,2026-09-11 22:32:25,2026-09-18,7,google_flights,DEL,BOM,DEL-BOM,DEL,BOM,IndiGo,IndiGo,6E 808,11:30,1:45,135,2 hr 15 min,Economy,7370.0,4313.14,2029.72,710.0,317.14,0.0,3056.86,True,0,Non-Stop,c23b1398ca49
SCR_GF_1789146152_096,2026-09-11 22:32:25,2026-09-18,7,google_flights,DEL,BOM,DEL-BOM,DEL,BOM,IndiGo,IndiGo,6E 835,11:25,1:50,145,2 hr 25 min,Economy,7604.0,4464.69,2101.02,710.0,328.29,0.0,3139.31,True,0,Non-Stop,f57850782fc9
SCR_GF_1789146152_097,2026-09-11 22:32:25,2026-09-18,7,google_flights,DEL,BOM,DEL-BOM,DEL,BOM,IndiGo,IndiGo,6E 862,5:00,7:15,135,2 hr 15 min,Economy,7685.0,4517.14,2125.72,710.0,332.14,0.0,3167.86,True,0,Non-Stop,56e1ce676e0b
SCR_GF_1789146152_098,2026-09-11 22:32:25,2026-09-18,7,google_flights,DEL,BOM,DEL-BOM,DEL,BOM,IndiGo,IndiGo,6E 889,5:30,7:45,135,2 hr 15 min,Economy,9360.0,5601.9,2636.2,710.0,411.9,0.0,3758.1,True,0,Non-Stop,12c47165c54a
SCR_GF_1789146152_099,2026-09-11 22:32:25,2026-09-18,7,google_flights,DEL,BOM,DEL-BOM,DEL,BOM,IndiGo,IndiGo,6E 916,9:45,12:05,140,2 hr 20 min,Economy,9628.0,5775.47,2717.86,710.0,424.67,0.0,3852.53,True,0,Non-Stop,3e201d04295b
SCR_GF_1789146152_100,2026-09-11 22:32:25,2026-09-18,7,google_flights,DEL,BOM,DEL-BOM,DEL,BOM,IndiGo,IndiGo,6E 943,8:45,11:00,135,2 hr 15 min,Economy,10363.0,6251.47,2941.86,710.0,459.67,0.0,4111.53,True,0,Non-Stop,498ccd82abbe
SCR_GF_1789146152_101,2026-09-11 22:32:25,2026-09-18,7,google_flights,DEL,BOM,DEL-BOM,DEL,BOM,IndiGo,IndiGo,6E 970,6:00,8:15,135,2 hr 15 min,Economy,12253.0,7475.47,3517.86,710.0,549.67,0.0,4777.53,True,0,Non-Stop,4cdd03cc7cbb
SCR_GF_1789146152_102,2026-09-11 22:32:25,2026-09-18,7,google_flights,DEL,BOM,DEL-BOM,DEL,BOM,IndiGo,IndiGo,6E 317,8:00,10:10,130,2 hr 10 min,Economy,12253.0,7475.47,3517.86,710.0,549.67,0.0,4777.53,True,0,Non-Stop,7b08cc082b6e
SCR_GF_1789146152_103,2026-09-11 22:32:25,2026-09-18,7,google_flights,DEL,BOM,DEL-BOM,DEL,BOM,IndiGo,IndiGo,6E 344,8:30,11:05,155,2 hr 35 min,Economy,12887.0,7886.06,3711.08,710.0,579.86,0.0,5000.94,True,0,Non-Stop,5f44f7e817f8
SCR_GF_1789146152_104,2026-09-11 22:32:25,2026-09-18,7,google_flights,DEL,BOM,DEL-BOM,DEL,BOM,IndiGo,IndiGo,6E 371,9:00,11:20,140,2 hr 20 min,Economy,12887.0,7886.06,3711.08,710.0,579.86,0.0,5000.94,True,0,Non-Stop,435f98a5d22b
SCR_GF_1789146152_105,2026-09-11 22:32:25,2026-09-18,7,google_flights,DEL,BOM,DEL-BOM,DEL,BOM,IndiGo,IndiGo,6E 398,9:30,11:55,145,2 hr 25 min,Economy,12887.0,7886.06,3711.08,710.0,579.86,0.0,5000.94,True,0,Non-Stop,c0d0f5f8475e
SCR_GF_1789146152_106,2026-09-11 22:32:25,2026-09-18,7,google_flights,DEL,BOM,DEL-BOM,DEL,BOM,IndiGo,IndiGo,6E 425,7:00,9:25,145,2 hr 25 min,Economy,13513.0,8291.47,3901.86,710.0,609.67,0.0,5221.53,True,0,Non-Stop,a6166118c47f
SCR_GF_1789146152_107,2026-09-11 22:32:25,2026-09-18,7,google_flights,DEL,BOM,DEL-BOM,DEL,BOM,IndiGo,IndiGo,6E 452,6:00,8:25,145,2 hr 25 min,Economy,13822.0,8491.58,3996.04,710.0,624.38,0.0,5330.42,True,0,Non-Stop,32cf05f9039f
SCR_GF_1789146152_108,2026-09-11 22:32:25,2026-09-18,7,google_flights,DEL,BOM,DEL-BOM,DEL,BOM,IndiGo,IndiGo,6E 479,7:55,10:20,145,2 hr 25 min,Economy,16154.0,10001.83,4706.74,710.0,735.43,0.0,6152.17,True,0,Non-Stop,bb749b2f6cd1
SCR_GF_1789146152_109,2026-09-11 22:32:25,2026-09-18,7,google_flights,DEL,BOM,DEL-BOM,DEL,BOM,IndiGo,IndiGo,6E 506,7:30,9:55,145,2 hr 25 min,Economy,17198.0,10677.94,5024.92,710.0,785.14,0.0,6520.06,True,0,Non-Stop,c236d6f7ae4e
SCR_GF_1789146152_110,2026-09-11 22:32:25,2026-09-18,7,google_flights,DEL,BOM,DEL-BOM,DEL,BOM,IndiGo,IndiGo,6E 533,7:00,9:25,145,2 hr 25 min,Economy,17350.0,10776.38,5071.24,710.0,792.38,0.0,6573.62,True,0,Non-Stop,ac9c8e37f101
SCR_GF_1789146156_001,2026-09-11 22:32:32,2026-10-11,30,google_flights,DEL,BOM,DEL-BOM,DEL,BOM,IndiGo,IndiGo,6E 310,11:00 AM,1:15 PM,135,2 hr 15 min,Economy,6425.0,3701.14,1741.72,710.0,272.14,0.0,2723.86,True,0,Non-Stop,87d89afa3d0c
SCR_GF_1789146156_002,2026-09-11 22:32:32,2026-10-11,30,google_flights,DEL,BOM,DEL-BOM,DEL,BOM,Air India,Air India,AI 337,1:30 PM,3:50 PM,140,2 hr 20 min,Economy,6582.0,3802.82,1789.56,710.0,279.62,0.0,2779.18,True,0,Non-Stop,0098d5e9574c
SCR_GF_1789146156_003,2026-09-11 22:32:32,2026-10-11,30,google_flights,DEL,BOM,DEL-BOM,DEL,BOM,IndiGo,IndiGo,6E 364,1:00 PM,3:10 PM,130,2 hr 10 min,Economy,6583.0,3803.47,1789.86,710.0,279.67,0.0,2779.53,True,0,Non-Stop,4cc920ba58c9
SCR_GF_1789146156_004,2026-09-11 22:32:32,2026-10-11,30,google_flights,DEL,BOM,DEL-BOM,DEL,BOM,Akasa Air,Akasa Air,QP 391,4:00 PM,6:20 PM,140,2 hr 20 min,Economy,6959.0,4046.97,1904.46,710.0,297.57,0.0,2912.03,True,0,Non-Stop,61a513e650e6
SCR_GF_1789146156_005,2026-09-11 22:32:32,2026-10-11,30,google_flights,DEL,BOM,DEL-BOM,DEL,BOM,Air India,Air India,AI 418,5:00 AM,7:25 AM,145,2 hr 25 min,Economy,6314.0,3629.26,1707.88,710.0,266.86,0.0,2684.74,True,0,Non-Stop,5d08730ceea1
SCR_GF_1789146156_006,2026-09-11 22:32:32,2026-10-11,30,google_flights,DEL,BOM,DEL-BOM,DEL,BOM,IndiGo,IndiGo,6E 445,3:00 AM,5:20 AM,140,2 hr 20 min,Economy,6425.0,3701.14,1741.72,710.0,272.14,0.0,2723.86,True,0,Non-Stop,6ec512fbe97f
SCR_GF_1789146156_007,2026-09-11 22:32:32,2026-10-11,30,google_flights,DEL,BOM,DEL-BOM,DEL,BOM,IndiGo,IndiGo,6E 472,5:00 AM,7:15 AM,135,2 hr 15 min,Economy,6425.0,3701.14,1741.72,710.0,272.14,0.0,2723.86,True,0,Non-Stop,4c48ba28e278
SCR_GF_1789146156_008,2026-09-11 22:32:32,2026-10-11,30,google_flights,DEL,BOM,DEL-BOM,DEL,BOM,IndiGo,IndiGo,6E 499,6:05 AM,8:20 AM,135,2 hr 15 min,Economy,6425.0,3701.14,1741.72,710.0,272.14,0.0,2723.86,True,0,Non-Stop,e80d593cdfb5
SCR_GF_1789146156_009,2026-09-11 22:32:32,2026-10-11,30,google_flights,DEL,BOM,DEL-BOM,DEL,BOM,Air India,Air India,AI 526,6:30 AM,8:50 AM,140,2 hr 20 min,Economy,6425.0,3701.14,1741.72,710.0,272.14,0.0,2723.86,True,0,Non-Stop,e81c4fd0ec53
SCR_GF_1789146156_010,2026-09-11 22:32:32,2026-10-11,30,google_flights,DEL,BOM,DEL-BOM,DEL,BOM,Air India,Air India,AI 553,7:00 AM,9:25 AM,145,2 hr 25 min,Economy,6425.0,3701.14,1741.72,710.0,272.14,0.0,2723.86,True,0,Non-Stop,ec6d442db8e6
SCR_GF_1789146156_011,2026-09-11 22:32:32,2026-10-11,30,google_flights,DEL,BOM,DEL-BOM,DEL,BOM,IndiGo,IndiGo,6E 580,7:15 AM,9:30 AM,135,2 hr 15 min,Economy,6425.0,3701.14,1741.72,710.0,272.14,0.0,2723.86,True,0,Non-Stop,6f1067bc5bcb
SCR_GF_1789146156_012,2026-09-11 22:32:32,2026-10-11,30,google_flights,DEL,BOM,DEL-BOM,DEL,BOM,IndiGo,IndiGo,6E 607,8:00 AM,10:20 AM,140,2 hr 20 min,Economy,6425.0,3701.14,1741.72,710.0,272.14,0.0,2723.86,True,0,Non-Stop,9c861926332a
SCR_GF_1789146156_013,2026-09-11 22:32:32,2026-10-11,30,google_flights,DEL,BOM,DEL-BOM,DEL,BOM,Air India,Air India,AI 634,8:30 AM,10:45 AM,135,2 hr 15 min,Economy,6425.0,3701.14,1741.72,710.0,272.14,0.0,2723.86,True,0,Non-Stop,67a17fbdaee4
SCR_GF_1789146156_014,2026-09-11 22:32:32,2026-10-11,30,google_flights,DEL,BOM,DEL-BOM,DEL,BOM,IndiGo,IndiGo,6E 661,8:45 AM,11:00 AM,135,2 hr 15 min,Economy,6425.0,3701.14,1741.72,710.0,272.14,0.0,2723.86,True,0,Non-Stop,6b1e5ecf40d6
SCR_GF_1789146156_015,2026-09-11 22:32:32,2026-10-11,30,google_flights,DEL,BOM,DEL-BOM,DEL,BOM,Air India,Air India,AI 688,9:00 AM,11:15 AM,135,2 hr 15 min,Economy,6425.0,3701.14,1741.72,710.0,272.14,0.0,2723.86,True,0,Non-Stop,d3d3c3f0baa5
SCR_GF_1789146156_016,2026-09-11 22:32:32,2026-10-11,30,google_flights,DEL,BOM,DEL-BOM,DEL,BOM,IndiGo,IndiGo,6E 715,9:30 AM,11:55 AM,145,2 hr 25 min,Economy,6425.0,3701.14,1741.72,710.0,272.14,0.0,2723.86,True,0,Non-Stop,3821f37e93b4
SCR_GF_1789146156_017,2026-09-11 22:32:32,2026-10-11,30,google_flights,DEL,BOM,DEL-BOM,DEL,BOM,Air India,Air India,AI 742,9:30 AM,12:00 PM,150,2 hr 30 min,Economy,6425.0,3701.14,1741.72,710.0,272.14,0.0,2723.86,True,0,Non-Stop,9696651525e2
SCR_GF_1789146156_018,2026-09-11 22:32:32,2026-10-11,30,google_flights,DEL,BOM,DEL-BOM,DEL,BOM,Air India,Air India,AI 769,10:00 AM,12:25 PM,145,2 hr 25 min,Economy,6425.0,3701.14,1741.72,710.0,272.14,0.0,2723.86,True,0,Non-Stop,5e5a8f2f8e9f
SCR_GF_1789146156_019,2026-09-11 22:32:32,2026-10-11,30,google_flights,DEL,BOM,DEL-BOM,DEL,BOM,IndiGo,IndiGo,6E 796,10:15 AM,12:35 PM,140,2 hr 20 min,Economy,6425.0,3701.14,1741.72,710.0,272.14,0.0,2723.86,True,0,Non-Stop,8c3120325d61
SCR_GF_1789146156_020,2026-09-11 22:32:32,2026-10-11,30,google_flights,DEL,BOM,DEL-BOM,DEL,BOM,Air India,Air India,AI 823,10:30 AM,12:50 PM,140,2 hr 20 min,Economy,6425.0,3701.14,1741.72,710.0,272.14,0.0,2723.86,True,0,Non-Stop,a08dc63694d1
SCR_GF_1789146156_021,2026-09-11 22:32:32,2026-10-11,30,google_flights,DEL,BOM,DEL-BOM,DEL,BOM,Air India,Air India,AI 850,11:00 AM,1:25 PM,145,2 hr 25 min,Economy,6425.0,3701.14,1741.72,710.0,272.14,0.0,2723.86,True,0,Non-Stop,cab942a0fc5b
SCR_GF_1789146156_022,2026-09-11 22:32:32,2026-10-11,30,google_flights,DEL,BOM,DEL-BOM,DEL,BOM,IndiGo,IndiGo,6E 877,9:45 PM,12:05 AM,140,2 hr 20 min,Economy,6425.0,3701.14,1741.72,710.0,272.14,0.0,2723.86,True,0,Non-Stop,5997720d5cdd
SCR_GF_1789146157_023,2026-09-11 22:32:32,2026-10-11,30,google_flights,DEL,BOM,DEL-BOM,DEL,BOM,IndiGo,IndiGo,6E 904,10:45 PM,1:05 AM,140,2 hr 20 min,Economy,6425.0,3701.14,1741.72,710.0,272.14,0.0,2723.86,True,0,Non-Stop,f513f9eb20e5
SCR_GF_1789146157_024,2026-09-11 22:32:32,2026-10-11,30,google_flights,DEL,BOM,DEL-BOM,DEL,BOM,IndiGo,IndiGo,6E 931,11:30 PM,1:45 AM,135,2 hr 15 min,Economy,6425.0,3701.14,1741.72,710.0,272.14,0.0,2723.86,True,0,Non-Stop,ffb2c7988d62
SCR_GF_1789146157_025,2026-09-11 22:32:32,2026-10-11,30,google_flights,DEL,BOM,DEL-BOM,DEL,BOM,Air India,Air India,AI 958,11:00 PM,1:25 AM,145,2 hr 25 min,Economy,6566.0,3792.46,1784.68,710.0,278.86,0.0,2773.54,True,0,Non-Stop,98706e04c399
SCR_GF_1789146157_026,2026-09-11 22:32:32,2026-10-11,30,google_flights,DEL,BOM,DEL-BOM,DEL,BOM,Air India,Air India,AI 985,7:30 AM,9:55 AM,145,2 hr 25 min,Economy,6582.0,3802.82,1789.56,710.0,279.62,0.0,2779.18,True,0,Non-Stop,04de730f34c3
SCR_GF_1789146157_027,2026-09-11 22:32:32,2026-10-11,30,google_flights,DEL,BOM,DEL-BOM,DEL,BOM,Air India,Air India,AI 332,8:30 PM,11:00 PM,150,2 hr 30 min,Economy,6582.0,3802.82,1789.56,710.0,279.62,0.0,2779.18,True,0,Non-Stop,63e560f80942
SCR_GF_1789146157_028,2026-09-11 22:32:32,2026-10-11,30,google_flights,DEL,BOM,DEL-BOM,DEL,BOM,Air India,Air India,AI 359,9:00 PM,11:20 PM,140,2 hr 20 min,Economy,6582.0,3802.82,1789.56,710.0,279.62,0.0,2779.18,True,0,Non-Stop,6cb57250b904
SCR_GF_1789146157_029,2026-09-11 22:32:32,2026-10-11,30,google_flights,DEL,BOM,DEL-BOM,DEL,BOM,Air India,Air India,AI 386,9:30 PM,11:55 PM,145,2 hr 25 min,Economy,6582.0,3802.82,1789.56,710.0,279.62,0.0,2779.18,True,0,Non-Stop,42bdbe8cdcc3
SCR_GF_1789146157_030,2026-09-11 22:32:32,2026-10-11,30,google_flights,DEL,BOM,DEL-BOM,DEL,BOM,IndiGo,IndiGo,6E 413,12:00 PM,2:15 PM,135,2 hr 15 min,Economy,6583.0,3803.47,1789.86,710.0,279.67,0.0,2779.53,True,0,Non-Stop,38e4a8bae7eb
SCR_GF_1789146157_031,2026-09-11 22:32:32,2026-10-11,30,google_flights,DEL,BOM,DEL-BOM,DEL,BOM,IndiGo,IndiGo,6E 440,8:45 PM,11:00 PM,135,2 hr 15 min,Economy,6583.0,3803.47,1789.86,710.0,279.67,0.0,2779.53,True,0,Non-Stop,24940f122a32
SCR_GF_1789146157_032,2026-09-11 22:32:32,2026-10-11,30,google_flights,DEL,BOM,DEL-BOM,DEL,BOM,Air India Express,Air India Express,IX 467,11:25 PM,1:50 AM,145,2 hr 25 min,Economy,6610.0,3820.95,1798.1,710.0,280.95,0.0,2789.05,True,0,Non-Stop,587f1eb98670
SCR_GF_1789146157_033,2026-09-11 22:32:32,2026-10-11,30,google_flights,DEL,BOM,DEL-BOM,DEL,BOM,Air India,Air India,AI 494,12:00 PM,2:25 PM,145,2 hr 25 min,Economy,6745.0,3908.38,1839.24,710.0,287.38,0.0,2836.62,True,0,Non-Stop,b7c8ce606505
SCR_GF_1789146157_034,2026-09-11 22:32:32,2026-10-11,30,google_flights,DEL,BOM,DEL-BOM,DEL,BOM,Air India,Air India,AI 521,4:00 PM,6:25 PM,145,2 hr 25 min,Economy,6745.0,3908.38,1839.24,710.0,287.38,0.0,2836.62,True,0,Non-Stop,c55398e48109
SCR_GF_1789146157_035,2026-09-11 22:32:32,2026-10-11,30,google_flights,DEL,BOM,DEL-BOM,DEL,BOM,SpiceJet,SpiceJet,SG 548,7:55 PM,10:40 PM,165,2 hr 45 min,Economy,6778.0,3929.75,1849.3,710.0,288.95,0.0,2848.25,True,0,Non-Stop,6699008eddfd
SCR_GF_1789146157_036,2026-09-11 22:32:32,2026-10-11,30,google_flights,DEL,BOM,DEL-BOM,DEL,BOM,SpiceJet,SpiceJet,SG 575,10:30 PM,12:50 AM,140,2 hr 20 min,Economy,6778.0,3929.75,1849.3,710.0,288.95,0.0,2848.25,True,0,Non-Stop,cc42a0925bbb
SCR_GF_1789146157_037,2026-09-11 22:32:32,2026-10-11,30,google_flights,DEL,BOM,DEL-BOM,DEL,BOM,Air India,Air India,AI 602,2:10 PM,4:35 PM,145,2 hr 25 min,Economy,6792.0,3938.82,1853.56,710.0,289.62,0.0,2853.18,True,0,Non-Stop,56b9a3597f08
SCR_GF_1789146157_038,2026-09-11 22:32:32,2026-10-11,30,google_flights,DEL,BOM,DEL-BOM,DEL,BOM,Air India,Air India,AI 629,5:00 PM,7:25 PM,145,2 hr 25 min,Economy,6792.0,3938.82,1853.56,710.0,289.62,0.0,2853.18,True,0,Non-Stop,55683545122d
SCR_GF_1789146157_039,2026-09-11 22:32:32,2026-10-11,30,google_flights,DEL,BOM,DEL-BOM,DEL,BOM,Air India,Air India,AI 656,7:30 PM,9:55 PM,145,2 hr 25 min,Economy,6792.0,3938.82,1853.56,710.0,289.62,0.0,2853.18,True,0,Non-Stop,2ede6c5674d1
SCR_GF_1789146157_040,2026-09-11 22:32:32,2026-10-11,30,google_flights,DEL,BOM,DEL-BOM,DEL,BOM,Air India,Air India,AI 683,8:00 PM,10:25 PM,145,2 hr 25 min,Economy,6792.0,3938.82,1853.56,710.0,289.62,0.0,2853.18,True,0,Non-Stop,57122c67e96d
SCR_GF_1789146157_041,2026-09-11 22:32:32,2026-10-11,30,google_flights,DEL,BOM,DEL-BOM,DEL,BOM,IndiGo,IndiGo,6E 710,2:00 PM,4:25 PM,145,2 hr 25 min,Economy,6793.0,3939.47,1853.86,710.0,289.67,0.0,2853.53,True,0,Non-Stop,da6fcc6915e8
SCR_GF_1789146157_042,2026-09-11 22:32:32,2026-10-11,30,google_flights,DEL,BOM,DEL-BOM,DEL,BOM,IndiGo,IndiGo,6E 737,2:45 PM,5:00 PM,135,2 hr 15 min,Economy,6793.0,3939.47,1853.86,710.0,289.67,0.0,2853.53,True,0,Non-Stop,5111d1a515fe
SCR_GF_1789146157_043,2026-09-11 22:32:32,2026-10-11,30,google_flights,DEL,BOM,DEL-BOM,DEL,BOM,IndiGo,IndiGo,6E 764,3:30 PM,5:45 PM,135,2 hr 15 min,Economy,6793.0,3939.47,1853.86,710.0,289.67,0.0,2853.53,True,0,Non-Stop,e7183826a843
SCR_GF_1789146157_044,2026-09-11 22:32:32,2026-10-11,30,google_flights,DEL,BOM,DEL-BOM,DEL,BOM,IndiGo,IndiGo,6E 791,4:15 PM,6:35 PM,140,2 hr 20 min,Economy,6793.0,3939.47,1853.86,710.0,289.67,0.0,2853.53,True,0,Non-Stop,fcf45c48fb40
SCR_GF_1789146157_045,2026-09-11 22:32:32,2026-10-11,30,google_flights,DEL,BOM,DEL-BOM,DEL,BOM,IndiGo,IndiGo,6E 818,6:00 PM,8:15 PM,135,2 hr 15 min,Economy,6793.0,3939.47,1853.86,710.0,289.67,0.0,2853.53,True,0,Non-Stop,a362d123b606
SCR_GF_1789146157_046,2026-09-11 22:32:32,2026-10-11,30,google_flights,DEL,BOM,DEL-BOM,DEL,BOM,IndiGo,IndiGo,6E 845,7:00 PM,9:25 PM,145,2 hr 25 min,Economy,6793.0,3939.47,1853.86,710.0,289.67,0.0,2853.53,True,0,Non-Stop,bbfe94fcc515
SCR_GF_1789146157_047,2026-09-11 22:32:32,2026-10-11,30,google_flights,DEL,BOM,DEL-BOM,DEL,BOM,IndiGo,IndiGo,6E 872,8:00 PM,10:10 PM,130,2 hr 10 min,Economy,6793.0,3939.47,1853.86,710.0,289.67,0.0,2853.53,True,0,Non-Stop,bdfade50e433
SCR_GF_1789146157_048,2026-09-11 22:32:32,2026-10-11,30,google_flights,DEL,BOM,DEL-BOM,DEL,BOM,Akasa Air,Akasa Air,QP 899,6:50 AM,9:10 AM,140,2 hr 20 min,Economy,6880.0,3995.81,1880.38,710.0,293.81,0.0,2884.19,True,0,Non-Stop,9e8287441916
SCR_GF_1789146157_049,2026-09-11 22:32:32,2026-10-11,30,google_flights,DEL,BOM,DEL-BOM,DEL,BOM,Akasa Air,Akasa Air,QP 926,8:40 AM,11:05 AM,145,2 hr 25 min,Economy,6880.0,3995.81,1880.38,710.0,293.81,0.0,2884.19,True,0,Non-Stop,1d49ae55cb97
SCR_GF_1789146157_050,2026-09-11 22:32:32,2026-10-11,30,google_flights,DEL,BOM,DEL-BOM,DEL,BOM,Akasa Air,Akasa Air,QP 953,10:00 AM,12:20 PM,140,2 hr 20 min,Economy,6880.0,3995.81,1880.38,710.0,293.81,0.0,2884.19,True,0,Non-Stop,a1ff6658cc8f
SCR_GF_1789146157_051,2026-09-11 22:32:32,2026-10-11,30,google_flights,DEL,BOM,DEL-BOM,DEL,BOM,Akasa Air,Akasa Air,QP 980,5:30 PM,7:50 PM,140,2 hr 20 min,Economy,7079.0,4124.69,1941.02,710.0,303.29,0.0,2954.31,True,0,Non-Stop,34676cdc437c
SCR_GF_1789146157_052,2026-09-11 22:32:32,2026-10-11,30,google_flights,DEL,BOM,DEL-BOM,DEL,BOM,Akasa Air,Akasa Air,QP 327,7:55 PM,10:20 PM,145,2 hr 25 min,Economy,7201.0,4203.7,1978.2,710.0,309.1,0.0,2997.3,True,0,Non-Stop,bb0ca06146ca
SCR_GF_1789146157_053,2026-09-11 22:32:32,2026-10-11,30,google_flights,DEL,BOM,DEL-BOM,DEL,BOM,Air India Express,Air India Express,IX 354,5:50 PM,8:10 PM,140,2 hr 20 min,Economy,7261.0,4242.55,1996.5,710.0,311.95,0.0,3018.45,True,0,Non-Stop,62db0b265676
SCR_GF_1789146157_054,2026-09-11 22:32:32,2026-10-11,30,google_flights,DEL,BOM,DEL-BOM,DEL,BOM,Air India,Air India,AI 381,6:00 PM,8:25 PM,145,2 hr 25 min,Economy,7459.0,4370.78,2056.84,710.0,321.38,0.0,3088.22,True,0,Non-Stop,077ebab0c91a
SCR_GF_1789146157_055,2026-09-11 22:32:32,2026-10-11,30,google_flights,DEL,BOM,DEL-BOM,DEL,BOM,Air India,Air India,AI 408,3:30 PM,5:55 PM,145,2 hr 25 min,Economy,7879.0,4642.78,2184.84,710.0,341.38,0.0,3236.22,True,0,Non-Stop,deb7a4a50761
SCR_GF_1789146157_056,2026-09-11 22:32:32,2026-10-11,30,google_flights,DEL,BOM,DEL-BOM,DEL,BOM,IndiGo,IndiGo,6E 435,5:00 PM,7:15 PM,135,2 hr 15 min,Economy,8053.0,4755.47,2237.86,710.0,349.67,0.0,3297.53,True,0,Non-Stop,81dd1125399a
SCR_GF_1789146157_057,2026-09-11 22:32:32,2026-10-11,30,google_flights,DEL,BOM,DEL-BOM,DEL,BOM,IndiGo,IndiGo,6E 462,11:00,1:15,135,2 hr 15 min,Economy,6425.0,3701.14,1741.72,710.0,272.14,0.0,2723.86,True,0,Non-Stop,d253902c28f9
SCR_GF_1789146157_058,2026-09-11 22:32:32,2026-10-11,30,google_flights,DEL,BOM,DEL-BOM,DEL,BOM,IndiGo,IndiGo,6E 489,1:30,3:50,140,2 hr 20 min,Economy,6582.0,3802.82,1789.56,710.0,279.62,0.0,2779.18,True,0,Non-Stop,af50a60569b0
SCR_GF_1789146157_059,2026-09-11 22:32:32,2026-10-11,30,google_flights,DEL,BOM,DEL-BOM,DEL,BOM,IndiGo,IndiGo,6E 516,1:00,3:10,130,2 hr 10 min,Economy,6583.0,3803.47,1789.86,710.0,279.67,0.0,2779.53,True,0,Non-Stop,a0a91de2f71d
SCR_GF_1789146157_060,2026-09-11 22:32:32,2026-10-11,30,google_flights,DEL,BOM,DEL-BOM,DEL,BOM,IndiGo,IndiGo,6E 543,4:00,6:20,140,2 hr 20 min,Economy,6959.0,4046.97,1904.46,710.0,297.57,0.0,2912.03,True,0,Non-Stop,fff5719ac527
SCR_GF_1789146157_061,2026-09-11 22:32:32,2026-10-11,30,google_flights,DEL,BOM,DEL-BOM,DEL,BOM,IndiGo,IndiGo,6E 570,5:00,7:25,145,2 hr 25 min,Economy,6314.0,3629.26,1707.88,710.0,266.86,0.0,2684.74,True,0,Non-Stop,33252cd24c12
SCR_GF_1789146157_062,2026-09-11 22:32:32,2026-10-11,30,google_flights,DEL,BOM,DEL-BOM,DEL,BOM,IndiGo,IndiGo,6E 597,3:00,5:20,140,2 hr 20 min,Economy,6425.0,3701.14,1741.72,710.0,272.14,0.0,2723.86,True,0,Non-Stop,44468da000f1
SCR_GF_1789146157_063,2026-09-11 22:32:32,2026-10-11,30,google_flights,DEL,BOM,DEL-BOM,DEL,BOM,IndiGo,IndiGo,6E 624,5:00,7:15,135,2 hr 15 min,Economy,6425.0,3701.14,1741.72,710.0,272.14,0.0,2723.86,True,0,Non-Stop,5e4b732807bf
SCR_GF_1789146157_064,2026-09-11 22:32:32,2026-10-11,30,google_flights,DEL,BOM,DEL-BOM,DEL,BOM,IndiGo,IndiGo,6E 651,6:05,8:20,135,2 hr 15 min,Economy,6425.0,3701.14,1741.72,710.0,272.14,0.0,2723.86,True,0,Non-Stop,4141aeb576cc
SCR_GF_1789146157_065,2026-09-11 22:32:32,2026-10-11,30,google_flights,DEL,BOM,DEL-BOM,DEL,BOM,IndiGo,IndiGo,6E 678,6:30,8:50,140,2 hr 20 min,Economy,6425.0,3701.14,1741.72,710.0,272.14,0.0,2723.86,True,0,Non-Stop,2a9c81ca80c7
SCR_GF_1789146157_066,2026-09-11 22:32:32,2026-10-11,30,google_flights,DEL,BOM,DEL-BOM,DEL,BOM,IndiGo,IndiGo,6E 705,7:00,9:25,145,2 hr 25 min,Economy,6425.0,3701.14,1741.72,710.0,272.14,0.0,2723.86,True,0,Non-Stop,bb46846a6e87
SCR_GF_1789146157_067,2026-09-11 22:32:32,2026-10-11,30,google_flights,DEL,BOM,DEL-BOM,DEL,BOM,IndiGo,IndiGo,6E 732,7:15,9:30,135,2 hr 15 min,Economy,6425.0,3701.14,1741.72,710.0,272.14,0.0,2723.86,True,0,Non-Stop,923f19a63f87
SCR_GF_1789146157_068,2026-09-11 22:32:32,2026-10-11,30,google_flights,DEL,BOM,DEL-BOM,DEL,BOM,IndiGo,IndiGo,6E 759,8:00,10:20,140,2 hr 20 min,Economy,6425.0,3701.14,1741.72,710.0,272.14,0.0,2723.86,True,0,Non-Stop,f3793bf3dc43
SCR_GF_1789146157_069,2026-09-11 22:32:32,2026-10-11,30,google_flights,DEL,BOM,DEL-BOM,DEL,BOM,IndiGo,IndiGo,6E 786,8:30,10:45,135,2 hr 15 min,Economy,6425.0,3701.14,1741.72,710.0,272.14,0.0,2723.86,True,0,Non-Stop,ca3f6f428ee1
SCR_GF_1789146157_070,2026-09-11 22:32:32,2026-10-11,30,google_flights,DEL,BOM,DEL-BOM,DEL,BOM,IndiGo,IndiGo,6E 813,8:45,11:00,135,2 hr 15 min,Economy,6425.0,3701.14,1741.72,710.0,272.14,0.0,2723.86,True,0,Non-Stop,97e1e655d293
SCR_GF_1789146157_071,2026-09-11 22:32:32,2026-10-11,30,google_flights,DEL,BOM,DEL-BOM,DEL,BOM,IndiGo,IndiGo,6E 840,9:00,11:15,135,2 hr 15 min,Economy,6425.0,3701.14,1741.72,710.0,272.14,0.0,2723.86,True,0,Non-Stop,d9ea04e9df07
SCR_GF_1789146158_072,2026-09-11 22:32:32,2026-10-11,30,google_flights,DEL,BOM,DEL-BOM,DEL,BOM,IndiGo,IndiGo,6E 867,9:30,11:55,145,2 hr 25 min,Economy,6425.0,3701.14,1741.72,710.0,272.14,0.0,2723.86,True,0,Non-Stop,eb2272942cdb
SCR_GF_1789146158_073,2026-09-11 22:32:32,2026-10-11,30,google_flights,DEL,BOM,DEL-BOM,DEL,BOM,IndiGo,IndiGo,6E 894,9:30,12:00,150,2 hr 30 min,Economy,6425.0,3701.14,1741.72,710.0,272.14,0.0,2723.86,True,0,Non-Stop,eb2272942cdb
SCR_GF_1789146158_074,2026-09-11 22:32:32,2026-10-11,30,google_flights,DEL,BOM,DEL-BOM,DEL,BOM,IndiGo,IndiGo,6E 921,10:00,12:25,145,2 hr 25 min,Economy,6425.0,3701.14,1741.72,710.0,272.14,0.0,2723.86,True,0,Non-Stop,0c0a6db8a271
SCR_GF_1789146158_075,2026-09-11 22:32:32,2026-10-11,30,google_flights,DEL,BOM,DEL-BOM,DEL,BOM,IndiGo,IndiGo,6E 948,10:15,12:35,140,2 hr 20 min,Economy,6425.0,3701.14,1741.72,710.0,272.14,0.0,2723.86,True,0,Non-Stop,f3b0f17abbef
SCR_GF_1789146158_076,2026-09-11 22:32:32,2026-10-11,30,google_flights,DEL,BOM,DEL-BOM,DEL,BOM,IndiGo,IndiGo,6E 975,10:30,12:50,140,2 hr 20 min,Economy,6425.0,3701.14,1741.72,710.0,272.14,0.0,2723.86,True,0,Non-Stop,4c89921e5bec
SCR_GF_1789146158_077,2026-09-11 22:32:32,2026-10-11,30,google_flights,DEL,BOM,DEL-BOM,DEL,BOM,IndiGo,IndiGo,6E 322,11:00,1:25,145,2 hr 25 min,Economy,6425.0,3701.14,1741.72,710.0,272.14,0.0,2723.86,True,0,Non-Stop,d253902c28f9
SCR_GF_1789146158_078,2026-09-11 22:32:32,2026-10-11,30,google_flights,DEL,BOM,DEL-BOM,DEL,BOM,IndiGo,IndiGo,6E 349,9:45,12:05,140,2 hr 20 min,Economy,6425.0,3701.14,1741.72,710.0,272.14,0.0,2723.86,True,0,Non-Stop,5148b348d4b4
SCR_GF_1789146158_079,2026-09-11 22:32:32,2026-10-11,30,google_flights,DEL,BOM,DEL-BOM,DEL,BOM,IndiGo,IndiGo,6E 376,10:45,1:05,140,2 hr 20 min,Economy,6425.0,3701.14,1741.72,710.0,272.14,0.0,2723.86,True,0,Non-Stop,b8d79a6b70c2
SCR_GF_1789146158_080,2026-09-11 22:32:32,2026-10-11,30,google_flights,DEL,BOM,DEL-BOM,DEL,BOM,IndiGo,IndiGo,6E 403,11:30,1:45,135,2 hr 15 min,Economy,6425.0,3701.14,1741.72,710.0,272.14,0.0,2723.86,True,0,Non-Stop,6ad8599054ec
SCR_GF_1789146158_081,2026-09-11 22:32:32,2026-10-11,30,google_flights,DEL,BOM,DEL-BOM,DEL,BOM,IndiGo,IndiGo,6E 430,11:00,1:25,145,2 hr 25 min,Economy,6566.0,3792.46,1784.68,710.0,278.86,0.0,2773.54,True,0,Non-Stop,4fd230b3e5d5
SCR_GF_1789146158_082,2026-09-11 22:32:32,2026-10-11,30,google_flights,DEL,BOM,DEL-BOM,DEL,BOM,IndiGo,IndiGo,6E 457,7:30,9:55,145,2 hr 25 min,Economy,6582.0,3802.82,1789.56,710.0,279.62,0.0,2779.18,True,0,Non-Stop,1307e25ce6d3
SCR_GF_1789146158_083,2026-09-11 22:32:32,2026-10-11,30,google_flights,DEL,BOM,DEL-BOM,DEL,BOM,IndiGo,IndiGo,6E 484,8:30,11:00,150,2 hr 30 min,Economy,6582.0,3802.82,1789.56,710.0,279.62,0.0,2779.18,True,0,Non-Stop,d82f1bba1c12
SCR_GF_1789146158_084,2026-09-11 22:32:32,2026-10-11,30,google_flights,DEL,BOM,DEL-BOM,DEL,BOM,IndiGo,IndiGo,6E 511,9:00,11:20,140,2 hr 20 min,Economy,6582.0,3802.82,1789.56,710.0,279.62,0.0,2779.18,True,0,Non-Stop,f5d663e9c174
SCR_GF_1789146158_085,2026-09-11 22:32:32,2026-10-11,30,google_flights,DEL,BOM,DEL-BOM,DEL,BOM,IndiGo,IndiGo,6E 538,9:30,11:55,145,2 hr 25 min,Economy,6582.0,3802.82,1789.56,710.0,279.62,0.0,2779.18,True,0,Non-Stop,cc72a4129ed9
SCR_GF_1789146158_086,2026-09-11 22:32:32,2026-10-11,30,google_flights,DEL,BOM,DEL-BOM,DEL,BOM,IndiGo,IndiGo,6E 565,12:00,2:15,135,2 hr 15 min,Economy,6583.0,3803.47,1789.86,710.0,279.67,0.0,2779.53,True,0,Non-Stop,c8585eafc4ad
SCR_GF_1789146158_087,2026-09-11 22:32:32,2026-10-11,30,google_flights,DEL,BOM,DEL-BOM,DEL,BOM,IndiGo,IndiGo,6E 592,8:45,11:00,135,2 hr 15 min,Economy,6583.0,3803.47,1789.86,710.0,279.67,0.0,2779.53,True,0,Non-Stop,60f3b474415e
SCR_GF_1789146158_088,2026-09-11 22:32:32,2026-10-11,30,google_flights,DEL,BOM,DEL-BOM,DEL,BOM,IndiGo,IndiGo,6E 619,11:25,1:50,145,2 hr 25 min,Economy,6610.0,3820.95,1798.1,710.0,280.95,0.0,2789.05,True,0,Non-Stop,8d4b96500e63
SCR_GF_1789146158_089,2026-09-11 22:32:32,2026-10-11,30,google_flights,DEL,BOM,DEL-BOM,DEL,BOM,IndiGo,IndiGo,6E 646,12:00,2:25,145,2 hr 25 min,Economy,6745.0,3908.38,1839.24,710.0,287.38,0.0,2836.62,True,0,Non-Stop,91a6c3266367
SCR_GF_1789146158_090,2026-09-11 22:32:32,2026-10-11,30,google_flights,DEL,BOM,DEL-BOM,DEL,BOM,IndiGo,IndiGo,6E 673,4:00,6:25,145,2 hr 25 min,Economy,6745.0,3908.38,1839.24,710.0,287.38,0.0,2836.62,True,0,Non-Stop,7b1fd6ef03e2
SCR_GF_1789146158_091,2026-09-11 22:32:32,2026-10-11,30,google_flights,DEL,BOM,DEL-BOM,DEL,BOM,IndiGo,IndiGo,6E 700,7:55,10:40,165,2 hr 45 min,Economy,6778.0,3929.75,1849.3,710.0,288.95,0.0,2848.25,True,0,Non-Stop,68ede8f713c1
SCR_GF_1789146158_092,2026-09-11 22:32:32,2026-10-11,30,google_flights,DEL,BOM,DEL-BOM,DEL,BOM,IndiGo,IndiGo,6E 727,10:30,12:50,140,2 hr 20 min,Economy,6778.0,3929.75,1849.3,710.0,288.95,0.0,2848.25,True,0,Non-Stop,b9d2102cd4c9
SCR_GF_1789146158_093,2026-09-11 22:32:32,2026-10-11,30,google_flights,DEL,BOM,DEL-BOM,DEL,BOM,IndiGo,IndiGo,6E 754,2:10,4:35,145,2 hr 25 min,Economy,6792.0,3938.82,1853.56,710.0,289.62,0.0,2853.18,True,0,Non-Stop,fc123deb09e2
SCR_GF_1789146158_094,2026-09-11 22:32:32,2026-10-11,30,google_flights,DEL,BOM,DEL-BOM,DEL,BOM,IndiGo,IndiGo,6E 781,5:00,7:25,145,2 hr 25 min,Economy,6792.0,3938.82,1853.56,710.0,289.62,0.0,2853.18,True,0,Non-Stop,1da5fa907470
SCR_GF_1789146158_095,2026-09-11 22:32:32,2026-10-11,30,google_flights,DEL,BOM,DEL-BOM,DEL,BOM,IndiGo,IndiGo,6E 808,7:30,9:55,145,2 hr 25 min,Economy,6792.0,3938.82,1853.56,710.0,289.62,0.0,2853.18,True,0,Non-Stop,3d03a2dd9876
SCR_GF_1789146158_096,2026-09-11 22:32:32,2026-10-11,30,google_flights,DEL,BOM,DEL-BOM,DEL,BOM,IndiGo,IndiGo,6E 835,8:00,10:25,145,2 hr 25 min,Economy,6792.0,3938.82,1853.56,710.0,289.62,0.0,2853.18,True,0,Non-Stop,3017514adf31
SCR_GF_1789146158_097,2026-09-11 22:32:32,2026-10-11,30,google_flights,DEL,BOM,DEL-BOM,DEL,BOM,IndiGo,IndiGo,6E 862,2:00,4:25,145,2 hr 25 min,Economy,6793.0,3939.47,1853.86,710.0,289.67,0.0,2853.53,True,0,Non-Stop,be8962138950
SCR_GF_1789146158_098,2026-09-11 22:32:32,2026-10-11,30,google_flights,DEL,BOM,DEL-BOM,DEL,BOM,IndiGo,IndiGo,6E 889,2:45,5:00,135,2 hr 15 min,Economy,6793.0,3939.47,1853.86,710.0,289.67,0.0,2853.53,True,0,Non-Stop,a8f13c6b1d0e
SCR_GF_1789146158_099,2026-09-11 22:32:32,2026-10-11,30,google_flights,DEL,BOM,DEL-BOM,DEL,BOM,IndiGo,IndiGo,6E 916,3:30,5:45,135,2 hr 15 min,Economy,6793.0,3939.47,1853.86,710.0,289.67,0.0,2853.53,True,0,Non-Stop,d8236f1997cb
SCR_GF_1789146158_100,2026-09-11 22:32:32,2026-10-11,30,google_flights,DEL,BOM,DEL-BOM,DEL,BOM,IndiGo,IndiGo,6E 943,4:15,6:35,140,2 hr 20 min,Economy,6793.0,3939.47,1853.86,710.0,289.67,0.0,2853.53,True,0,Non-Stop,81175c58bb00
SCR_GF_1789146158_101,2026-09-11 22:32:32,2026-10-11,30,google_flights,DEL,BOM,DEL-BOM,DEL,BOM,IndiGo,IndiGo,6E 970,6:00,8:15,135,2 hr 15 min,Economy,6793.0,3939.47,1853.86,710.0,289.67,0.0,2853.53,True,0,Non-Stop,5cd986f00b46
SCR_GF_1789146158_102,2026-09-11 22:32:32,2026-10-11,30,google_flights,DEL,BOM,DEL-BOM,DEL,BOM,IndiGo,IndiGo,6E 317,7:00,9:25,145,2 hr 25 min,Economy,6793.0,3939.47,1853.86,710.0,289.67,0.0,2853.53,True,0,Non-Stop,a0d65090367e
SCR_GF_1789146158_103,2026-09-11 22:32:32,2026-10-11,30,google_flights,DEL,BOM,DEL-BOM,DEL,BOM,IndiGo,IndiGo,6E 344,8:00,10:10,130,2 hr 10 min,Economy,6793.0,3939.47,1853.86,710.0,289.67,0.0,2853.53,True,0,Non-Stop,5a3b152b6623
SCR_GF_1789146158_104,2026-09-11 22:32:32,2026-10-11,30,google_flights,DEL,BOM,DEL-BOM,DEL,BOM,IndiGo,IndiGo,6E 371,6:50,9:10,140,2 hr 20 min,Economy,6880.0,3995.81,1880.38,710.0,293.81,0.0,2884.19,True,0,Non-Stop,5814a0828fa2
SCR_GF_1789146158_105,2026-09-11 22:32:32,2026-10-11,30,google_flights,DEL,BOM,DEL-BOM,DEL,BOM,IndiGo,IndiGo,6E 398,8:40,11:05,145,2 hr 25 min,Economy,6880.0,3995.81,1880.38,710.0,293.81,0.0,2884.19,True,0,Non-Stop,c489cb91cb3f
SCR_GF_1789146158_106,2026-09-11 22:32:32,2026-10-11,30,google_flights,DEL,BOM,DEL-BOM,DEL,BOM,IndiGo,IndiGo,6E 425,10:00,12:20,140,2 hr 20 min,Economy,6880.0,3995.81,1880.38,710.0,293.81,0.0,2884.19,True,0,Non-Stop,098fa77e4230
SCR_GF_1789146158_107,2026-09-11 22:32:32,2026-10-11,30,google_flights,DEL,BOM,DEL-BOM,DEL,BOM,IndiGo,IndiGo,6E 452,5:30,7:50,140,2 hr 20 min,Economy,7079.0,4124.69,1941.02,710.0,303.29,0.0,2954.31,True,0,Non-Stop,bb3f9ce46988
SCR_GF_1789146158_108,2026-09-11 22:32:32,2026-10-11,30,google_flights,DEL,BOM,DEL-BOM,DEL,BOM,IndiGo,IndiGo,6E 479,7:55,10:20,145,2 hr 25 min,Economy,7201.0,4203.7,1978.2,710.0,309.1,0.0,2997.3,True,0,Non-Stop,9babf7d3019a
SCR_GF_1789146158_109,2026-09-11 22:32:32,2026-10-11,30,google_flights,DEL,BOM,DEL-BOM,DEL,BOM,IndiGo,IndiGo,6E 506,5:50,8:10,140,2 hr 20 min,Economy,7261.0,4242.55,1996.5,710.0,311.95,0.0,3018.45,True,0,Non-Stop,77e1d71e37f1
SCR_GF_1789146158_110,2026-09-11 22:32:32,2026-10-11,30,google_flights,DEL,BOM,DEL-BOM,DEL,BOM,IndiGo,IndiGo,6E 533,6:00,8:25,145,2 hr 25 min,Economy,7459.0,4370.78,2056.84,710.0,321.38,0.0,3088.22,True,0,Non-Stop,a2d864cf02b1
SCR_GF_1789146158_111,2026-09-11 22:32:32,2026-10-11,30,google_flights,DEL,BOM,DEL-BOM,DEL,BOM,IndiGo,IndiGo,6E 560,3:30,5:55,145,2 hr 25 min,Economy,7879.0,4642.78,2184.84,710.0,341.38,0.0,3236.22,True,0,Non-Stop,5ad1913294af
SCR_GF_1789146158_112,2026-09-11 22:32:32,2026-10-11,30,google_flights,DEL,BOM,DEL-BOM,DEL,BOM,IndiGo,IndiGo,6E 587,5:00,7:15,135,2 hr 15 min,Economy,8053.0,4755.47,2237.86,710.0,349.67,0.0,3297.53,True,0,Non-Stop,d8dd406e02ee
SCR_GF_1789146162_001,2026-09-11 22:32:38,2026-09-12,1,google_flights,DEL,BLR,DEL-BLR,DEL,BLR,IndiGo,IndiGo,6E 310,8:45 PM,11:40 PM,175,2 hr 55 min,Economy,8724.0,5190.02,2442.36,710.0,381.62,0.0,3533.98,True,0,Non-Stop,03ea6187114f
SCR_GF_1789146162_002,2026-09-11 22:32:38,2026-09-12,1,google_flights,DEL,BLR,DEL-BLR,DEL,BLR,Air India,Air India,AI 337,4:30 PM,7:15 PM,165,2 hr 45 min,Economy,8883.0,5292.99,2490.82,710.0,389.19,0.0,3590.01,True,0,Non-Stop,b53909fb2896
SCR_GF_1789146163_003,2026-09-11 22:32:38,2026-09-12,1,google_flights,DEL,BLR,DEL-BLR,DEL,BLR,Air India Express,Air India Express,IX 364,6:20 PM,9:15 PM,175,2 hr 55 min,Economy,8909.0,5309.83,2498.74,710.0,390.43,0.0,3599.17,True,0,Non-Stop,1f662fb6012c
SCR_GF_1789146163_004,2026-09-11 22:32:38,2026-09-12,1,google_flights,DEL,BLR,DEL-BLR,DEL,BLR,Akasa Air,Akasa Air,QP 391,10:55 PM,1:45 AM,170,2 hr 50 min,Economy,9179.0,5484.69,2581.02,710.0,403.29,0.0,3694.31,True,0,Non-Stop,f2c3c890ac67
SCR_GF_1789146163_005,2026-09-11 22:32:38,2026-09-12,1,google_flights,DEL,BLR,DEL-BLR,DEL,BLR,IndiGo,IndiGo,6E 418,7:30 PM,10:25 PM,175,2 hr 55 min,Economy,8724.0,5190.02,2442.36,710.0,381.62,0.0,3533.98,True,0,Non-Stop,26150061fc54
SCR_GF_1789146163_006,2026-09-11 22:32:38,2026-09-12,1,google_flights,DEL,BLR,DEL-BLR,DEL,BLR,IndiGo,IndiGo,6E 445,10:00 PM,12:55 AM,175,2 hr 55 min,Economy,8724.0,5190.02,2442.36,710.0,381.62,0.0,3533.98,True,0,Non-Stop,f9bf3007b76d
SCR_GF_1789146163_007,2026-09-11 22:32:38,2026-09-12,1,google_flights,DEL,BLR,DEL-BLR,DEL,BLR,Air India,Air India,AI 472,6:00 AM,8:55 AM,175,2 hr 55 min,Economy,8883.0,5292.99,2490.82,710.0,389.19,0.0,3590.01,True,0,Non-Stop,145255f53a3c
SCR_GF_1789146163_008,2026-09-11 22:32:38,2026-09-12,1,google_flights,DEL,BLR,DEL-BLR,DEL,BLR,Air India,Air India,AI 499,6:30 AM,9:25 AM,175,2 hr 55 min,Economy,8883.0,5292.99,2490.82,710.0,389.19,0.0,3590.01,True,0,Non-Stop,c2aacd36bbca
SCR_GF_1789146163_009,2026-09-11 22:32:38,2026-09-12,1,google_flights,DEL,BLR,DEL-BLR,DEL,BLR,Air India,Air India,AI 526,7:00 AM,9:55 AM,175,2 hr 55 min,Economy,8883.0,5292.99,2490.82,710.0,389.19,0.0,3590.01,True,0,Non-Stop,fe742805af7c
SCR_GF_1789146163_010,2026-09-11 22:32:38,2026-09-12,1,google_flights,DEL,BLR,DEL-BLR,DEL,BLR,Air India,Air India,AI 553,8:30 AM,11:20 AM,170,2 hr 50 min,Economy,8883.0,5292.99,2490.82,710.0,389.19,0.0,3590.01,True,0,Non-Stop,19ac60224b4c
SCR_GF_1789146163_011,2026-09-11 22:32:38,2026-09-12,1,google_flights,DEL,BLR,DEL-BLR,DEL,BLR,Air India,Air India,AI 580,9:30 AM,12:25 PM,175,2 hr 55 min,Economy,8883.0,5292.99,2490.82,710.0,389.19,0.0,3590.01,True,0,Non-Stop,16b24791a82d
SCR_GF_1789146163_012,2026-09-11 22:32:38,2026-09-12,1,google_flights,DEL,BLR,DEL-BLR,DEL,BLR,Air India,Air India,AI 607,3:00 PM,5:55 PM,175,2 hr 55 min,Economy,8883.0,5292.99,2490.82,710.0,389.19,0.0,3590.01,True,0,Non-Stop,9fdfbcd372a2
SCR_GF_1789146163_013,2026-09-11 22:32:38,2026-09-12,1,google_flights,DEL,BLR,DEL-BLR,DEL,BLR,Air India,Air India,AI 634,3:50 PM,6:45 PM,175,2 hr 55 min,Economy,8883.0,5292.99,2490.82,710.0,389.19,0.0,3590.01,True,0,Non-Stop,b32dc585d192
SCR_GF_1789146163_014,2026-09-11 22:32:38,2026-09-12,1,google_flights,DEL,BLR,DEL-BLR,DEL,BLR,Air India,Air India,AI 661,6:30 PM,9:25 PM,175,2 hr 55 min,Economy,8883.0,5292.99,2490.82,710.0,389.19,0.0,3590.01,True,0,Non-Stop,c2980f843c89
SCR_GF_1789146163_015,2026-09-11 22:32:38,2026-09-12,1,google_flights,DEL,BLR,DEL-BLR,DEL,BLR,Air India,Air India,AI 688,7:00 PM,9:55 PM,175,2 hr 55 min,Economy,8883.0,5292.99,2490.82,710.0,389.19,0.0,3590.01,True,0,Non-Stop,dc3a90ba00d0
SCR_GF_1789146163_016,2026-09-11 22:32:38,2026-09-12,1,google_flights,DEL,BLR,DEL-BLR,DEL,BLR,Air India,Air India,AI 715,7:30 PM,10:20 PM,170,2 hr 50 min,Economy,8883.0,5292.99,2490.82,710.0,389.19,0.0,3590.01,True,0,Non-Stop,73315fdf11a4
SCR_GF_1789146163_017,2026-09-11 22:32:38,2026-09-12,1,google_flights,DEL,BLR,DEL-BLR,DEL,BLR,Air India,Air India,AI 742,9:30 PM,12:25 AM,175,2 hr 55 min,Economy,8883.0,5292.99,2490.82,710.0,389.19,0.0,3590.01,True,0,Non-Stop,bc255e887bd7
SCR_GF_1789146163_018,2026-09-11 22:32:38,2026-09-12,1,google_flights,DEL,BLR,DEL-BLR,DEL,BLR,Akasa Air,Akasa Air,QP 769,8:10 PM,11:10 PM,180,3 hr,Economy,9179.0,5484.69,2581.02,710.0,403.29,0.0,3694.31,True,0,Non-Stop,5e127ca7fdad
SCR_GF_1789146163_019,2026-09-11 22:32:38,2026-09-12,1,google_flights,DEL,BLR,DEL-BLR,DEL,BLR,Akasa Air,Akasa Air,QP 796,8:55 PM,11:50 PM,175,2 hr 55 min,Economy,9179.0,5484.69,2581.02,710.0,403.29,0.0,3694.31,True,0,Non-Stop,c6a379158286
SCR_GF_1789146163_020,2026-09-11 22:32:38,2026-09-12,1,google_flights,DEL,BLR,DEL-BLR,DEL,BLR,Akasa Air,Akasa Air,QP 823,9:55 PM,12:50 AM,175,2 hr 55 min,Economy,9179.0,5484.69,2581.02,710.0,403.29,0.0,3694.31,True,0,Non-Stop,d69109798b24
SCR_GF_1789146163_021,2026-09-11 22:32:38,2026-09-12,1,google_flights,DEL,BLR,DEL-BLR,DEL,BLR,IndiGo,IndiGo,6E 850,7:05 AM,10:00 AM,175,2 hr 55 min,Economy,9181.0,5485.98,2581.64,710.0,403.38,0.0,3695.02,True,0,Non-Stop,1ec8268e87e7
SCR_GF_1789146163_022,2026-09-11 22:32:38,2026-09-12,1,google_flights,DEL,BLR,DEL-BLR,DEL,BLR,IndiGo,IndiGo,6E 877,5:00 PM,7:55 PM,175,2 hr 55 min,Economy,9181.0,5485.98,2581.64,710.0,403.38,0.0,3695.02,True,0,Non-Stop,1789e4715ea3
SCR_GF_1789146163_023,2026-09-11 22:32:38,2026-09-12,1,google_flights,DEL,BLR,DEL-BLR,DEL,BLR,IndiGo,IndiGo,6E 904,6:20 PM,9:10 PM,170,2 hr 50 min,Economy,9181.0,5485.98,2581.64,710.0,403.38,0.0,3695.02,True,0,Non-Stop,83c9a5dd2f10
SCR_GF_1789146163_024,2026-09-11 22:32:38,2026-09-12,1,google_flights,DEL,BLR,DEL-BLR,DEL,BLR,Air India,Air India,AI 931,4:30 AM,7:20 AM,170,2 hr 50 min,Economy,9340.0,5588.95,2630.1,710.0,410.95,0.0,3751.05,True,0,Non-Stop,b9f1d48566ef
SCR_GF_1789146163_025,2026-09-11 22:32:38,2026-09-12,1,google_flights,DEL,BLR,DEL-BLR,DEL,BLR,Air India,Air India,AI 958,10:30 AM,1:20 PM,170,2 hr 50 min,Economy,9649.0,5789.07,2724.26,710.0,425.67,0.0,3859.93,True,0,Non-Stop,6d8f3ccf7f61
SCR_GF_1789146163_026,2026-09-11 22:32:38,2026-09-12,1,google_flights,DEL,BLR,DEL-BLR,DEL,BLR,IndiGo,IndiGo,6E 985,5:45 AM,8:40 AM,175,2 hr 55 min,Economy,9666.0,5800.08,2729.44,710.0,426.48,0.0,3865.92,True,0,Non-Stop,b394da72ab10
SCR_GF_1789146163_027,2026-09-11 22:32:38,2026-09-12,1,google_flights,DEL,BLR,DEL-BLR,DEL,BLR,IndiGo,IndiGo,6E 332,8:20 AM,11:10 AM,170,2 hr 50 min,Economy,9666.0,5800.08,2729.44,710.0,426.48,0.0,3865.92,True,0,Non-Stop,9c671273c1a0
SCR_GF_1789146163_028,2026-09-11 22:32:38,2026-09-12,1,google_flights,DEL,BLR,DEL-BLR,DEL,BLR,IndiGo,IndiGo,6E 359,9:30 AM,12:25 PM,175,2 hr 55 min,Economy,9666.0,5800.08,2729.44,710.0,426.48,0.0,3865.92,True,0,Non-Stop,c21c905feb52
SCR_GF_1789146163_029,2026-09-11 22:32:38,2026-09-12,1,google_flights,DEL,BLR,DEL-BLR,DEL,BLR,IndiGo,IndiGo,6E 386,10:45 AM,1:40 PM,175,2 hr 55 min,Economy,9666.0,5800.08,2729.44,710.0,426.48,0.0,3865.92,True,0,Non-Stop,fe71f4914451
SCR_GF_1789146163_030,2026-09-11 22:32:38,2026-09-12,1,google_flights,DEL,BLR,DEL-BLR,DEL,BLR,IndiGo,IndiGo,6E 413,12:20 PM,3:20 PM,180,3 hr,Economy,9666.0,5800.08,2729.44,710.0,426.48,0.0,3865.92,True,0,Non-Stop,0e71793d76ee
SCR_GF_1789146163_031,2026-09-11 22:32:38,2026-09-12,1,google_flights,DEL,BLR,DEL-BLR,DEL,BLR,IndiGo,IndiGo,6E 440,1:15 PM,4:10 PM,175,2 hr 55 min,Economy,9666.0,5800.08,2729.44,710.0,426.48,0.0,3865.92,True,0,Non-Stop,83f7a27ec986
SCR_GF_1789146163_032,2026-09-11 22:32:38,2026-09-12,1,google_flights,DEL,BLR,DEL-BLR,DEL,BLR,IndiGo,IndiGo,6E 467,2:30 PM,5:25 PM,175,2 hr 55 min,Economy,9666.0,5800.08,2729.44,710.0,426.48,0.0,3865.92,True,0,Non-Stop,15258829b198
SCR_GF_1789146163_033,2026-09-11 22:32:38,2026-09-12,1,google_flights,DEL,BLR,DEL-BLR,DEL,BLR,IndiGo,IndiGo,6E 494,3:45 PM,6:40 PM,175,2 hr 55 min,Economy,9666.0,5800.08,2729.44,710.0,426.48,0.0,3865.92,True,0,Non-Stop,2210d8089272
SCR_GF_1789146163_034,2026-09-11 22:32:38,2026-09-12,1,google_flights,DEL,BLR,DEL-BLR,DEL,BLR,Akasa Air,Akasa Air,QP 521,4:40 PM,7:40 PM,180,3 hr,Economy,9678.0,5807.85,2733.1,710.0,427.05,0.0,3870.15,True,0,Non-Stop,7f612d29f1ec
SCR_GF_1789146163_035,2026-09-11 22:32:38,2026-09-12,1,google_flights,DEL,BLR,DEL-BLR,DEL,BLR,IndiGo,IndiGo,6E 548,3:00 AM,5:55 AM,175,2 hr 55 min,Economy,12582.0,7688.53,3618.14,710.0,565.33,0.0,4893.47,True,0,Non-Stop,f7221664435e
SCR_GF_1789146163_036,2026-09-11 22:32:38,2026-09-12,1,google_flights,DEL,BLR,DEL-BLR,DEL,BLR,Air India,Air India,AI 575,1:00 PM,3:55 PM,175,2 hr 55 min,Economy,13828.0,8495.47,3997.86,710.0,624.67,0.0,5332.53,True,0,Non-Stop,fd108acb1ad4
SCR_GF_1789146163_037,2026-09-11 22:32:38,2026-09-12,1,google_flights,DEL,BLR,DEL-BLR,DEL,BLR,IndiGo,IndiGo,6E 602,8:45,11:40,175,2 hr 55 min,Economy,8724.0,5190.02,2442.36,710.0,381.62,0.0,3533.98,True,0,Non-Stop,461853cf3e9f
SCR_GF_1789146163_038,2026-09-11 22:32:38,2026-09-12,1,google_flights,DEL,BLR,DEL-BLR,DEL,BLR,IndiGo,IndiGo,6E 629,4:30,7:15,165,2 hr 45 min,Economy,8883.0,5292.99,2490.82,710.0,389.19,0.0,3590.01,True,0,Non-Stop,2be8ce5c4c06
SCR_GF_1789146163_039,2026-09-11 22:32:38,2026-09-12,1,google_flights,DEL,BLR,DEL-BLR,DEL,BLR,IndiGo,IndiGo,6E 656,6:20,9:15,175,2 hr 55 min,Economy,8909.0,5309.83,2498.74,710.0,390.43,0.0,3599.17,True,0,Non-Stop,afbc4f35f2c6
SCR_GF_1789146163_040,2026-09-11 22:32:38,2026-09-12,1,google_flights,DEL,BLR,DEL-BLR,DEL,BLR,IndiGo,IndiGo,6E 683,10:55,1:45,170,2 hr 50 min,Economy,9179.0,5484.69,2581.02,710.0,403.29,0.0,3694.31,True,0,Non-Stop,4f0aa0a20120
SCR_GF_1789146163_041,2026-09-11 22:32:38,2026-09-12,1,google_flights,DEL,BLR,DEL-BLR,DEL,BLR,IndiGo,IndiGo,6E 710,7:30,10:25,175,2 hr 55 min,Economy,8724.0,5190.02,2442.36,710.0,381.62,0.0,3533.98,True,0,Non-Stop,85c1df0ce2e1
SCR_GF_1789146163_042,2026-09-11 22:32:38,2026-09-12,1,google_flights,DEL,BLR,DEL-BLR,DEL,BLR,IndiGo,IndiGo,6E 737,10:00,12:55,175,2 hr 55 min,Economy,8724.0,5190.02,2442.36,710.0,381.62,0.0,3533.98,True,0,Non-Stop,af72b73d3a3b
SCR_GF_1789146163_043,2026-09-11 22:32:38,2026-09-12,1,google_flights,DEL,BLR,DEL-BLR,DEL,BLR,IndiGo,IndiGo,6E 764,6:00,8:55,175,2 hr 55 min,Economy,8883.0,5292.99,2490.82,710.0,389.19,0.0,3590.01,True,0,Non-Stop,331e0e48682a
SCR_GF_1789146163_044,2026-09-11 22:32:38,2026-09-12,1,google_flights,DEL,BLR,DEL-BLR,DEL,BLR,IndiGo,IndiGo,6E 791,6:30,9:25,175,2 hr 55 min,Economy,8883.0,5292.99,2490.82,710.0,389.19,0.0,3590.01,True,0,Non-Stop,c514b457c47c
SCR_GF_1789146163_045,2026-09-11 22:32:38,2026-09-12,1,google_flights,DEL,BLR,DEL-BLR,DEL,BLR,IndiGo,IndiGo,6E 818,7:00,9:55,175,2 hr 55 min,Economy,8883.0,5292.99,2490.82,710.0,389.19,0.0,3590.01,True,0,Non-Stop,2764011a56c3
SCR_GF_1789146163_046,2026-09-11 22:32:38,2026-09-12,1,google_flights,DEL,BLR,DEL-BLR,DEL,BLR,IndiGo,IndiGo,6E 845,8:30,11:20,170,2 hr 50 min,Economy,8883.0,5292.99,2490.82,710.0,389.19,0.0,3590.01,True,0,Non-Stop,499bbfec5056
SCR_GF_1789146163_047,2026-09-11 22:32:38,2026-09-12,1,google_flights,DEL,BLR,DEL-BLR,DEL,BLR,IndiGo,IndiGo,6E 872,9:30,12:25,175,2 hr 55 min,Economy,8883.0,5292.99,2490.82,710.0,389.19,0.0,3590.01,True,0,Non-Stop,5e1f1086b24c
SCR_GF_1789146163_048,2026-09-11 22:32:38,2026-09-12,1,google_flights,DEL,BLR,DEL-BLR,DEL,BLR,IndiGo,IndiGo,6E 899,3:00,5:55,175,2 hr 55 min,Economy,8883.0,5292.99,2490.82,710.0,389.19,0.0,3590.01,True,0,Non-Stop,e94055f76748
SCR_GF_1789146163_049,2026-09-11 22:32:38,2026-09-12,1,google_flights,DEL,BLR,DEL-BLR,DEL,BLR,IndiGo,IndiGo,6E 926,3:50,6:45,175,2 hr 55 min,Economy,8883.0,5292.99,2490.82,710.0,389.19,0.0,3590.01,True,0,Non-Stop,3b748f16694a
SCR_GF_1789146163_050,2026-09-11 22:32:38,2026-09-12,1,google_flights,DEL,BLR,DEL-BLR,DEL,BLR,IndiGo,IndiGo,6E 953,6:30,9:25,175,2 hr 55 min,Economy,8883.0,5292.99,2490.82,710.0,389.19,0.0,3590.01,True,0,Non-Stop,c514b457c47c
SCR_GF_1789146163_051,2026-09-11 22:32:38,2026-09-12,1,google_flights,DEL,BLR,DEL-BLR,DEL,BLR,IndiGo,IndiGo,6E 980,7:00,9:55,175,2 hr 55 min,Economy,8883.0,5292.99,2490.82,710.0,389.19,0.0,3590.01,True,0,Non-Stop,2764011a56c3
SCR_GF_1789146163_052,2026-09-11 22:32:38,2026-09-12,1,google_flights,DEL,BLR,DEL-BLR,DEL,BLR,IndiGo,IndiGo,6E 327,7:30,10:20,170,2 hr 50 min,Economy,8883.0,5292.99,2490.82,710.0,389.19,0.0,3590.01,True,0,Non-Stop,b82c9f458541
SCR_GF_1789146163_053,2026-09-11 22:32:38,2026-09-12,1,google_flights,DEL,BLR,DEL-BLR,DEL,BLR,IndiGo,IndiGo,6E 354,9:30,12:25,175,2 hr 55 min,Economy,8883.0,5292.99,2490.82,710.0,389.19,0.0,3590.01,True,0,Non-Stop,5e1f1086b24c
SCR_GF_1789146163_054,2026-09-11 22:32:38,2026-09-12,1,google_flights,DEL,BLR,DEL-BLR,DEL,BLR,IndiGo,IndiGo,6E 381,8:10,11:10,180,3 hr,Economy,9179.0,5484.69,2581.02,710.0,403.29,0.0,3694.31,True,0,Non-Stop,eff51644ffa4
SCR_GF_1789146163_055,2026-09-11 22:32:38,2026-09-12,1,google_flights,DEL,BLR,DEL-BLR,DEL,BLR,IndiGo,IndiGo,6E 408,8:55,11:50,175,2 hr 55 min,Economy,9179.0,5484.69,2581.02,710.0,403.29,0.0,3694.31,True,0,Non-Stop,e8e2b1c757e2
SCR_GF_1789146163_056,2026-09-11 22:32:38,2026-09-12,1,google_flights,DEL,BLR,DEL-BLR,DEL,BLR,IndiGo,IndiGo,6E 435,9:55,12:50,175,2 hr 55 min,Economy,9179.0,5484.69,2581.02,710.0,403.29,0.0,3694.31,True,0,Non-Stop,dee2927c2021
SCR_GF_1789146163_057,2026-09-11 22:32:38,2026-09-12,1,google_flights,DEL,BLR,DEL-BLR,DEL,BLR,IndiGo,IndiGo,6E 462,7:05,10:00,175,2 hr 55 min,Economy,9181.0,5485.98,2581.64,710.0,403.38,0.0,3695.02,True,0,Non-Stop,53fb5ea708f9
SCR_GF_1789146164_058,2026-09-11 22:32:38,2026-09-12,1,google_flights,DEL,BLR,DEL-BLR,DEL,BLR,IndiGo,IndiGo,6E 489,5:00,7:55,175,2 hr 55 min,Economy,9181.0,5485.98,2581.64,710.0,403.38,0.0,3695.02,True,0,Non-Stop,9510219b4303
SCR_GF_1789146164_059,2026-09-11 22:32:38,2026-09-12,1,google_flights,DEL,BLR,DEL-BLR,DEL,BLR,IndiGo,IndiGo,6E 516,6:20,9:10,170,2 hr 50 min,Economy,9181.0,5485.98,2581.64,710.0,403.38,0.0,3695.02,True,0,Non-Stop,88b5ec092272
SCR_GF_1789146164_060,2026-09-11 22:32:38,2026-09-12,1,google_flights,DEL,BLR,DEL-BLR,DEL,BLR,IndiGo,IndiGo,6E 543,4:30,7:20,170,2 hr 50 min,Economy,9340.0,5588.95,2630.1,710.0,410.95,0.0,3751.05,True,0,Non-Stop,7ba655fead7c
SCR_GF_1789146164_061,2026-09-11 22:32:38,2026-09-12,1,google_flights,DEL,BLR,DEL-BLR,DEL,BLR,IndiGo,IndiGo,6E 570,10:30,1:20,170,2 hr 50 min,Economy,9649.0,5789.07,2724.26,710.0,425.67,0.0,3859.93,True,0,Non-Stop,d813771df218
SCR_GF_1789146164_062,2026-09-11 22:32:38,2026-09-12,1,google_flights,DEL,BLR,DEL-BLR,DEL,BLR,IndiGo,IndiGo,6E 597,5:45,8:40,175,2 hr 55 min,Economy,9666.0,5800.08,2729.44,710.0,426.48,0.0,3865.92,True,0,Non-Stop,0c1310accb8e
SCR_GF_1789146164_063,2026-09-11 22:32:38,2026-09-12,1,google_flights,DEL,BLR,DEL-BLR,DEL,BLR,IndiGo,IndiGo,6E 624,8:20,11:10,170,2 hr 50 min,Economy,9666.0,5800.08,2729.44,710.0,426.48,0.0,3865.92,True,0,Non-Stop,e2552af74619
SCR_GF_1789146164_064,2026-09-11 22:32:38,2026-09-12,1,google_flights,DEL,BLR,DEL-BLR,DEL,BLR,IndiGo,IndiGo,6E 651,9:30,12:25,175,2 hr 55 min,Economy,9666.0,5800.08,2729.44,710.0,426.48,0.0,3865.92,True,0,Non-Stop,e7ce761ea5ed
SCR_GF_1789146164_065,2026-09-11 22:32:38,2026-09-12,1,google_flights,DEL,BLR,DEL-BLR,DEL,BLR,IndiGo,IndiGo,6E 678,10:45,1:40,175,2 hr 55 min,Economy,9666.0,5800.08,2729.44,710.0,426.48,0.0,3865.92,True,0,Non-Stop,5c1ddbee2d1d
SCR_GF_1789146164_066,2026-09-11 22:32:38,2026-09-12,1,google_flights,DEL,BLR,DEL-BLR,DEL,BLR,IndiGo,IndiGo,6E 705,12:20,3:20,180,3 hr,Economy,9666.0,5800.08,2729.44,710.0,426.48,0.0,3865.92,True,0,Non-Stop,1efe6bd62c29
SCR_GF_1789146164_067,2026-09-11 22:32:38,2026-09-12,1,google_flights,DEL,BLR,DEL-BLR,DEL,BLR,IndiGo,IndiGo,6E 732,1:15,4:10,175,2 hr 55 min,Economy,9666.0,5800.08,2729.44,710.0,426.48,0.0,3865.92,True,0,Non-Stop,cc9ee2d486f1
SCR_GF_1789146164_068,2026-09-11 22:32:38,2026-09-12,1,google_flights,DEL,BLR,DEL-BLR,DEL,BLR,IndiGo,IndiGo,6E 759,2:30,5:25,175,2 hr 55 min,Economy,9666.0,5800.08,2729.44,710.0,426.48,0.0,3865.92,True,0,Non-Stop,b73ea7db7190
SCR_GF_1789146164_069,2026-09-11 22:32:38,2026-09-12,1,google_flights,DEL,BLR,DEL-BLR,DEL,BLR,IndiGo,IndiGo,6E 786,3:45,6:40,175,2 hr 55 min,Economy,9666.0,5800.08,2729.44,710.0,426.48,0.0,3865.92,True,0,Non-Stop,cab43dcda772
SCR_GF_1789146164_070,2026-09-11 22:32:38,2026-09-12,1,google_flights,DEL,BLR,DEL-BLR,DEL,BLR,IndiGo,IndiGo,6E 813,4:40,7:40,180,3 hr,Economy,9678.0,5807.85,2733.1,710.0,427.05,0.0,3870.15,True,0,Non-Stop,d06c0b14183f
SCR_GF_1789146164_071,2026-09-11 22:32:38,2026-09-12,1,google_flights,DEL,BLR,DEL-BLR,DEL,BLR,IndiGo,IndiGo,6E 840,3:00,5:55,175,2 hr 55 min,Economy,12582.0,7688.53,3618.14,710.0,565.33,0.0,4893.47,True,0,Non-Stop,135974a3e13d
SCR_GF_1789146164_072,2026-09-11 22:32:38,2026-09-12,1,google_flights,DEL,BLR,DEL-BLR,DEL,BLR,IndiGo,IndiGo,6E 867,1:00,3:55,175,2 hr 55 min,Economy,13828.0,8495.47,3997.86,710.0,624.67,0.0,5332.53,True,0,Non-Stop,b49c4cf43c58
SCR_GF_1789146168_001,2026-09-11 22:32:44,2026-09-18,7,google_flights,DEL,BLR,DEL-BLR,DEL,BLR,IndiGo,IndiGo,6E 310,12:20 PM,3:20 PM,180,3 hr,Economy,8724.0,5190.02,2442.36,710.0,381.62,0.0,3533.98,True,0,Non-Stop,7610526af129
SCR_GF_1789146168_002,2026-09-11 22:32:44,2026-09-18,7,google_flights,DEL,BLR,DEL-BLR,DEL,BLR,Air India,Air India,AI 337,8:30 AM,11:20 AM,170,2 hr 50 min,Economy,8883.0,5292.99,2490.82,710.0,389.19,0.0,3590.01,True,0,Non-Stop,95ef3ea94d6c
SCR_GF_1789146168_003,2026-09-11 22:32:44,2026-09-18,7,google_flights,DEL,BLR,DEL-BLR,DEL,BLR,Akasa Air,Akasa Air,QP 364,10:55 PM,1:45 AM,170,2 hr 50 min,Economy,9179.0,5484.69,2581.02,710.0,403.29,0.0,3694.31,True,0,Non-Stop,d333fea72f7b
SCR_GF_1789146168_004,2026-09-11 22:32:44,2026-09-18,7,google_flights,DEL,BLR,DEL-BLR,DEL,BLR,IndiGo,IndiGo,6E 391,3:00 AM,5:55 AM,175,2 hr 55 min,Economy,8724.0,5190.02,2442.36,710.0,381.62,0.0,3533.98,True,0,Non-Stop,d49d1961c35a
SCR_GF_1789146168_005,2026-09-11 22:32:44,2026-09-18,7,google_flights,DEL,BLR,DEL-BLR,DEL,BLR,IndiGo,IndiGo,6E 418,5:45 AM,8:40 AM,175,2 hr 55 min,Economy,8724.0,5190.02,2442.36,710.0,381.62,0.0,3533.98,True,0,Non-Stop,aa2b0406c15a
SCR_GF_1789146168_006,2026-09-11 22:32:44,2026-09-18,7,google_flights,DEL,BLR,DEL-BLR,DEL,BLR,IndiGo,IndiGo,6E 445,7:05 AM,10:00 AM,175,2 hr 55 min,Economy,8724.0,5190.02,2442.36,710.0,381.62,0.0,3533.98,True,0,Non-Stop,d6643858be7d
SCR_GF_1789146168_007,2026-09-11 22:32:44,2026-09-18,7,google_flights,DEL,BLR,DEL-BLR,DEL,BLR,IndiGo,IndiGo,6E 472,9:30 AM,12:25 PM,175,2 hr 55 min,Economy,8724.0,5190.02,2442.36,710.0,381.62,0.0,3533.98,True,0,Non-Stop,e084f9f78683
SCR_GF_1789146168_008,2026-09-11 22:32:44,2026-09-18,7,google_flights,DEL,BLR,DEL-BLR,DEL,BLR,IndiGo,IndiGo,6E 499,10:45 AM,1:40 PM,175,2 hr 55 min,Economy,8724.0,5190.02,2442.36,710.0,381.62,0.0,3533.98,True,0,Non-Stop,8afd01db9dcc
SCR_GF_1789146168_009,2026-09-11 22:32:44,2026-09-18,7,google_flights,DEL,BLR,DEL-BLR,DEL,BLR,IndiGo,IndiGo,6E 526,10:00 PM,12:55 AM,175,2 hr 55 min,Economy,8724.0,5190.02,2442.36,710.0,381.62,0.0,3533.98,True,0,Non-Stop,af88e3b9e1f7
SCR_GF_1789146168_010,2026-09-11 22:32:44,2026-09-18,7,google_flights,DEL,BLR,DEL-BLR,DEL,BLR,IndiGo,IndiGo,6E 553,11:30 PM,2:25 AM,175,2 hr 55 min,Economy,8724.0,5190.02,2442.36,710.0,381.62,0.0,3533.98,True,0,Non-Stop,77bdddd981c2
SCR_GF_1789146168_011,2026-09-11 22:32:44,2026-09-18,7,google_flights,DEL,BLR,DEL-BLR,DEL,BLR,Air India,Air India,AI 580,12:15 AM,3:10 AM,175,2 hr 55 min,Economy,8731.0,5194.55,2444.5,710.0,381.95,0.0,3536.45,True,0,Non-Stop,f7a20ce67b6a
SCR_GF_1789146168_012,2026-09-11 22:32:44,2026-09-18,7,google_flights,DEL,BLR,DEL-BLR,DEL,BLR,Air India,Air India,AI 607,4:30 AM,7:20 AM,170,2 hr 50 min,Economy,8883.0,5292.99,2490.82,710.0,389.19,0.0,3590.01,True,0,Non-Stop,ce6858e5ac5d
SCR_GF_1789146168_013,2026-09-11 22:32:44,2026-09-18,7,google_flights,DEL,BLR,DEL-BLR,DEL,BLR,Air India,Air India,AI 634,6:00 AM,8:55 AM,175,2 hr 55 min,Economy,8883.0,5292.99,2490.82,710.0,389.19,0.0,3590.01,True,0,Non-Stop,83a5a95eba5b
SCR_GF_1789146168_014,2026-09-11 22:32:44,2026-09-18,7,google_flights,DEL,BLR,DEL-BLR,DEL,BLR,Air India,Air India,AI 661,6:30 AM,9:25 AM,175,2 hr 55 min,Economy,8883.0,5292.99,2490.82,710.0,389.19,0.0,3590.01,True,0,Non-Stop,f176daf6905a
SCR_GF_1789146168_015,2026-09-11 22:32:44,2026-09-18,7,google_flights,DEL,BLR,DEL-BLR,DEL,BLR,Air India,Air India,AI 688,7:00 AM,9:55 AM,175,2 hr 55 min,Economy,8883.0,5292.99,2490.82,710.0,389.19,0.0,3590.01,True,0,Non-Stop,b0c8d7f63523
SCR_GF_1789146168_016,2026-09-11 22:32:44,2026-09-18,7,google_flights,DEL,BLR,DEL-BLR,DEL,BLR,Air India,Air India,AI 715,9:30 AM,12:25 PM,175,2 hr 55 min,Economy,8883.0,5292.99,2490.82,710.0,389.19,0.0,3590.01,True,0,Non-Stop,ac5a165d575e
SCR_GF_1789146168_017,2026-09-11 22:32:44,2026-09-18,7,google_flights,DEL,BLR,DEL-BLR,DEL,BLR,Akasa Air,Akasa Air,QP 742,9:55 PM,12:50 AM,175,2 hr 55 min,Economy,9179.0,5484.69,2581.02,710.0,403.29,0.0,3694.31,True,0,Non-Stop,339059ed4123
SCR_GF_1789146168_018,2026-09-11 22:32:44,2026-09-18,7,google_flights,DEL,BLR,DEL-BLR,DEL,BLR,IndiGo,IndiGo,6E 769,8:20 AM,11:10 AM,170,2 hr 50 min,Economy,9181.0,5485.98,2581.64,710.0,403.38,0.0,3695.02,True,0,Non-Stop,371e0c9162f2
SCR_GF_1789146168_019,2026-09-11 22:32:44,2026-09-18,7,google_flights,DEL,BLR,DEL-BLR,DEL,BLR,IndiGo,IndiGo,6E 796,1:15 PM,4:10 PM,175,2 hr 55 min,Economy,9181.0,5485.98,2581.64,710.0,403.38,0.0,3695.02,True,0,Non-Stop,94b2d30351fd
SCR_GF_1789146168_020,2026-09-11 22:32:44,2026-09-18,7,google_flights,DEL,BLR,DEL-BLR,DEL,BLR,IndiGo,IndiGo,6E 823,2:30 PM,5:25 PM,175,2 hr 55 min,Economy,9181.0,5485.98,2581.64,710.0,403.38,0.0,3695.02,True,0,Non-Stop,e573a93f4ff2
SCR_GF_1789146168_021,2026-09-11 22:32:44,2026-09-18,7,google_flights,DEL,BLR,DEL-BLR,DEL,BLR,IndiGo,IndiGo,6E 850,3:45 PM,6:40 PM,175,2 hr 55 min,Economy,9181.0,5485.98,2581.64,710.0,403.38,0.0,3695.02,True,0,Non-Stop,968a15d6d592
SCR_GF_1789146168_022,2026-09-11 22:32:44,2026-09-18,7,google_flights,DEL,BLR,DEL-BLR,DEL,BLR,IndiGo,IndiGo,6E 877,5:00 PM,7:55 PM,175,2 hr 55 min,Economy,9181.0,5485.98,2581.64,710.0,403.38,0.0,3695.02,True,0,Non-Stop,07db31e7300e
SCR_GF_1789146168_023,2026-09-11 22:32:44,2026-09-18,7,google_flights,DEL,BLR,DEL-BLR,DEL,BLR,IndiGo,IndiGo,6E 904,8:45 PM,11:40 PM,175,2 hr 55 min,Economy,9181.0,5485.98,2581.64,710.0,403.38,0.0,3695.02,True,0,Non-Stop,3a7d8edecefc
SCR_GF_1789146168_024,2026-09-11 22:32:44,2026-09-18,7,google_flights,DEL,BLR,DEL-BLR,DEL,BLR,Air India,Air India,AI 931,10:30 AM,1:20 PM,170,2 hr 50 min,Economy,9340.0,5588.95,2630.1,710.0,410.95,0.0,3751.05,True,0,Non-Stop,a68dd90b0d76
SCR_GF_1789146168_025,2026-09-11 22:32:44,2026-09-18,7,google_flights,DEL,BLR,DEL-BLR,DEL,BLR,Air India,Air India,AI 958,3:50 PM,6:45 PM,175,2 hr 55 min,Economy,9340.0,5588.95,2630.1,710.0,410.95,0.0,3751.05,True,0,Non-Stop,8f86544cb3b6
SCR_GF_1789146168_026,2026-09-11 22:32:44,2026-09-18,7,google_flights,DEL,BLR,DEL-BLR,DEL,BLR,Akasa Air,Akasa Air,QP 985,8:55 PM,11:50 PM,175,2 hr 55 min,Economy,9342.0,5590.25,2630.7,710.0,411.05,0.0,3751.75,True,0,Non-Stop,da20537f1f18
SCR_GF_1789146168_027,2026-09-11 22:32:44,2026-09-18,7,google_flights,DEL,BLR,DEL-BLR,DEL,BLR,Air India Express,Air India Express,IX 332,9:00 PM,11:55 PM,175,2 hr 55 min,Economy,9430.0,5647.24,2657.52,710.0,415.24,0.0,3782.76,True,0,Non-Stop,d94a8d93f0b9
SCR_GF_1789146168_028,2026-09-11 22:32:44,2026-09-18,7,google_flights,DEL,BLR,DEL-BLR,DEL,BLR,Air India,Air India,AI 359,3:00 PM,5:55 PM,175,2 hr 55 min,Economy,9497.0,5690.63,2677.94,710.0,418.43,0.0,3806.37,True,0,Non-Stop,9ab2b079e30e
SCR_GF_1789146168_029,2026-09-11 22:32:44,2026-09-18,7,google_flights,DEL,BLR,DEL-BLR,DEL,BLR,Akasa Air,Akasa Air,QP 386,4:40 PM,7:40 PM,180,3 hr,Economy,9851.0,5919.89,2785.82,710.0,435.29,0.0,3931.11,True,0,Non-Stop,b7add3b2bdcc
SCR_GF_1789146168_030,2026-09-11 22:32:44,2026-09-18,7,google_flights,DEL,BLR,DEL-BLR,DEL,BLR,Air India,Air India,AI 413,9:30 PM,12:25 AM,175,2 hr 55 min,Economy,10075.0,6064.95,2854.1,710.0,445.95,0.0,4010.05,True,0,Non-Stop,a094ae1ef427
SCR_GF_1789146168_031,2026-09-11 22:32:44,2026-09-18,7,google_flights,DEL,BLR,DEL-BLR,DEL,BLR,Air India Express,Air India Express,IX 440,6:20 PM,9:15 PM,175,2 hr 55 min,Economy,10079.0,6067.54,2855.32,710.0,446.14,0.0,4011.46,True,0,Non-Stop,c84034916846
SCR_GF_1789146168_032,2026-09-11 22:32:44,2026-09-18,7,google_flights,DEL,BLR,DEL-BLR,DEL,BLR,IndiGo,IndiGo,6E 467,6:20 PM,9:10 PM,170,2 hr 50 min,Economy,10180.0,6132.95,2886.1,710.0,450.95,0.0,4047.05,True,0,Non-Stop,7b14a6639408
SCR_GF_1789146168_033,2026-09-11 22:32:44,2026-09-18,7,google_flights,DEL,BLR,DEL-BLR,DEL,BLR,Air India,Air India,AI 494,4:30 PM,7:15 PM,165,2 hr 45 min,Economy,10337.0,6234.63,2933.94,710.0,458.43,0.0,4102.37,True,0,Non-Stop,7caf063fac0b
SCR_GF_1789146168_034,2026-09-11 22:32:44,2026-09-18,7,google_flights,DEL,BLR,DEL-BLR,DEL,BLR,Air India,Air India,AI 521,7:30 PM,10:20 PM,170,2 hr 50 min,Economy,10516.0,6350.55,2988.5,710.0,466.95,0.0,4165.45,True,0,Non-Stop,fce1e0236433
SCR_GF_1789146168_035,2026-09-11 22:32:44,2026-09-18,7,google_flights,DEL,BLR,DEL-BLR,DEL,BLR,IndiGo,IndiGo,6E 548,7:30 PM,10:25 PM,175,2 hr 55 min,Economy,10727.0,6487.2,3052.8,710.0,477.0,0.0,4239.8,True,0,Non-Stop,413d5eb7938a
SCR_GF_1789146168_036,2026-09-11 22:32:44,2026-09-18,7,google_flights,DEL,BLR,DEL-BLR,DEL,BLR,Air India,Air India,AI 575,1:00 PM,3:55 PM,175,2 hr 55 min,Economy,11072.0,6710.63,3157.94,710.0,493.43,0.0,4361.37,True,0,Non-Stop,9bc64587a30c
SCR_GF_1789146168_037,2026-09-11 22:32:44,2026-09-18,7,google_flights,DEL,BLR,DEL-BLR,DEL,BLR,Akasa Air,Akasa Air,QP 602,8:10 PM,11:10 PM,180,3 hr,Economy,11368.0,6902.32,3248.16,710.0,507.52,0.0,4465.68,True,0,Non-Stop,10580e62649c
SCR_GF_1789146168_038,2026-09-11 22:32:44,2026-09-18,7,google_flights,DEL,BLR,DEL-BLR,DEL,BLR,Air India,Air India,AI 629,7:00 PM,9:55 PM,175,2 hr 55 min,Economy,12080.0,7363.43,3465.14,710.0,541.43,0.0,4716.57,True,0,Non-Stop,72d189ba51f9
SCR_GF_1789146168_039,2026-09-11 22:32:44,2026-09-18,7,google_flights,DEL,BLR,DEL-BLR,DEL,BLR,Air India,Air India,AI 656,6:30 PM,9:25 PM,175,2 hr 55 min,Economy,13240.0,8114.67,3818.66,710.0,596.67,0.0,5125.33,True,0,Non-Stop,2c6776a26883
SCR_GF_1789146168_040,2026-09-11 22:32:44,2026-09-18,7,google_flights,DEL,BLR,DEL-BLR,DEL,BLR,IndiGo,IndiGo,6E 683,12:20,3:20,180,3 hr,Economy,8724.0,5190.02,2442.36,710.0,381.62,0.0,3533.98,True,0,Non-Stop,109833390e22
SCR_GF_1789146168_041,2026-09-11 22:32:44,2026-09-18,7,google_flights,DEL,BLR,DEL-BLR,DEL,BLR,IndiGo,IndiGo,6E 710,8:30,11:20,170,2 hr 50 min,Economy,8883.0,5292.99,2490.82,710.0,389.19,0.0,3590.01,True,0,Non-Stop,3e2f11deb4b1
SCR_GF_1789146168_042,2026-09-11 22:32:44,2026-09-18,7,google_flights,DEL,BLR,DEL-BLR,DEL,BLR,IndiGo,IndiGo,6E 737,10:55,1:45,170,2 hr 50 min,Economy,9179.0,5484.69,2581.02,710.0,403.29,0.0,3694.31,True,0,Non-Stop,2fc191a55ef3
SCR_GF_1789146169_043,2026-09-11 22:32:44,2026-09-18,7,google_flights,DEL,BLR,DEL-BLR,DEL,BLR,IndiGo,IndiGo,6E 764,3:00,5:55,175,2 hr 55 min,Economy,8724.0,5190.02,2442.36,710.0,381.62,0.0,3533.98,True,0,Non-Stop,520063202dda
SCR_GF_1789146169_044,2026-09-11 22:32:44,2026-09-18,7,google_flights,DEL,BLR,DEL-BLR,DEL,BLR,IndiGo,IndiGo,6E 791,5:45,8:40,175,2 hr 55 min,Economy,8724.0,5190.02,2442.36,710.0,381.62,0.0,3533.98,True,0,Non-Stop,1b482923d013
SCR_GF_1789146169_045,2026-09-11 22:32:44,2026-09-18,7,google_flights,DEL,BLR,DEL-BLR,DEL,BLR,IndiGo,IndiGo,6E 818,7:05,10:00,175,2 hr 55 min,Economy,8724.0,5190.02,2442.36,710.0,381.62,0.0,3533.98,True,0,Non-Stop,81b8f7471566
SCR_GF_1789146169_046,2026-09-11 22:32:44,2026-09-18,7,google_flights,DEL,BLR,DEL-BLR,DEL,BLR,IndiGo,IndiGo,6E 845,9:30,12:25,175,2 hr 55 min,Economy,8724.0,5190.02,2442.36,710.0,381.62,0.0,3533.98,True,0,Non-Stop,3c0d02788f95
SCR_GF_1789146169_047,2026-09-11 22:32:44,2026-09-18,7,google_flights,DEL,BLR,DEL-BLR,DEL,BLR,IndiGo,IndiGo,6E 872,10:45,1:40,175,2 hr 55 min,Economy,8724.0,5190.02,2442.36,710.0,381.62,0.0,3533.98,True,0,Non-Stop,6d2c19d2d70c
SCR_GF_1789146169_048,2026-09-11 22:32:44,2026-09-18,7,google_flights,DEL,BLR,DEL-BLR,DEL,BLR,IndiGo,IndiGo,6E 899,10:00,12:55,175,2 hr 55 min,Economy,8724.0,5190.02,2442.36,710.0,381.62,0.0,3533.98,True,0,Non-Stop,9e8882d6b3d6
SCR_GF_1789146169_049,2026-09-11 22:32:44,2026-09-18,7,google_flights,DEL,BLR,DEL-BLR,DEL,BLR,IndiGo,IndiGo,6E 926,11:30,2:25,175,2 hr 55 min,Economy,8724.0,5190.02,2442.36,710.0,381.62,0.0,3533.98,True,0,Non-Stop,9605a8b35ac8
SCR_GF_1789146169_050,2026-09-11 22:32:44,2026-09-18,7,google_flights,DEL,BLR,DEL-BLR,DEL,BLR,IndiGo,IndiGo,6E 953,12:15,3:10,175,2 hr 55 min,Economy,8731.0,5194.55,2444.5,710.0,381.95,0.0,3536.45,True,0,Non-Stop,63e630432e70
SCR_GF_1789146169_051,2026-09-11 22:32:44,2026-09-18,7,google_flights,DEL,BLR,DEL-BLR,DEL,BLR,IndiGo,IndiGo,6E 980,4:30,7:20,170,2 hr 50 min,Economy,8883.0,5292.99,2490.82,710.0,389.19,0.0,3590.01,True,0,Non-Stop,e57d4474a7c4
SCR_GF_1789146169_052,2026-09-11 22:32:44,2026-09-18,7,google_flights,DEL,BLR,DEL-BLR,DEL,BLR,IndiGo,IndiGo,6E 327,6:00,8:55,175,2 hr 55 min,Economy,8883.0,5292.99,2490.82,710.0,389.19,0.0,3590.01,True,0,Non-Stop,3b49c0999ae2
SCR_GF_1789146169_053,2026-09-11 22:32:44,2026-09-18,7,google_flights,DEL,BLR,DEL-BLR,DEL,BLR,IndiGo,IndiGo,6E 354,6:30,9:25,175,2 hr 55 min,Economy,8883.0,5292.99,2490.82,710.0,389.19,0.0,3590.01,True,0,Non-Stop,26d0864faef7
SCR_GF_1789146169_054,2026-09-11 22:32:44,2026-09-18,7,google_flights,DEL,BLR,DEL-BLR,DEL,BLR,IndiGo,IndiGo,6E 381,7:00,9:55,175,2 hr 55 min,Economy,8883.0,5292.99,2490.82,710.0,389.19,0.0,3590.01,True,0,Non-Stop,cf5ed7b1c813
SCR_GF_1789146169_055,2026-09-11 22:32:44,2026-09-18,7,google_flights,DEL,BLR,DEL-BLR,DEL,BLR,IndiGo,IndiGo,6E 408,9:30,12:25,175,2 hr 55 min,Economy,8883.0,5292.99,2490.82,710.0,389.19,0.0,3590.01,True,0,Non-Stop,235d3d56eb3f
SCR_GF_1789146169_056,2026-09-11 22:32:44,2026-09-18,7,google_flights,DEL,BLR,DEL-BLR,DEL,BLR,IndiGo,IndiGo,6E 435,9:55,12:50,175,2 hr 55 min,Economy,9179.0,5484.69,2581.02,710.0,403.29,0.0,3694.31,True,0,Non-Stop,0375e8475500
SCR_GF_1789146169_057,2026-09-11 22:32:44,2026-09-18,7,google_flights,DEL,BLR,DEL-BLR,DEL,BLR,IndiGo,IndiGo,6E 462,8:20,11:10,170,2 hr 50 min,Economy,9181.0,5485.98,2581.64,710.0,403.38,0.0,3695.02,True,0,Non-Stop,16556914729b
SCR_GF_1789146169_058,2026-09-11 22:32:44,2026-09-18,7,google_flights,DEL,BLR,DEL-BLR,DEL,BLR,IndiGo,IndiGo,6E 489,1:15,4:10,175,2 hr 55 min,Economy,9181.0,5485.98,2581.64,710.0,403.38,0.0,3695.02,True,0,Non-Stop,6938bf4fe570
SCR_GF_1789146169_059,2026-09-11 22:32:44,2026-09-18,7,google_flights,DEL,BLR,DEL-BLR,DEL,BLR,IndiGo,IndiGo,6E 516,2:30,5:25,175,2 hr 55 min,Economy,9181.0,5485.98,2581.64,710.0,403.38,0.0,3695.02,True,0,Non-Stop,6b1418aea73c
SCR_GF_1789146169_060,2026-09-11 22:32:44,2026-09-18,7,google_flights,DEL,BLR,DEL-BLR,DEL,BLR,IndiGo,IndiGo,6E 543,3:45,6:40,175,2 hr 55 min,Economy,9181.0,5485.98,2581.64,710.0,403.38,0.0,3695.02,True,0,Non-Stop,61d7d90eaa03
SCR_GF_1789146169_061,2026-09-11 22:32:44,2026-09-18,7,google_flights,DEL,BLR,DEL-BLR,DEL,BLR,IndiGo,IndiGo,6E 570,5:00,7:55,175,2 hr 55 min,Economy,9181.0,5485.98,2581.64,710.0,403.38,0.0,3695.02,True,0,Non-Stop,54a4855edb68
SCR_GF_1789146169_062,2026-09-11 22:32:44,2026-09-18,7,google_flights,DEL,BLR,DEL-BLR,DEL,BLR,IndiGo,IndiGo,6E 597,8:45,11:40,175,2 hr 55 min,Economy,9181.0,5485.98,2581.64,710.0,403.38,0.0,3695.02,True,0,Non-Stop,27f4545070c0
SCR_GF_1789146169_063,2026-09-11 22:32:44,2026-09-18,7,google_flights,DEL,BLR,DEL-BLR,DEL,BLR,IndiGo,IndiGo,6E 624,10:30,1:20,170,2 hr 50 min,Economy,9340.0,5588.95,2630.1,710.0,410.95,0.0,3751.05,True,0,Non-Stop,31a0df3f639b
SCR_GF_1789146169_064,2026-09-11 22:32:44,2026-09-18,7,google_flights,DEL,BLR,DEL-BLR,DEL,BLR,IndiGo,IndiGo,6E 651,3:50,6:45,175,2 hr 55 min,Economy,9340.0,5588.95,2630.1,710.0,410.95,0.0,3751.05,True,0,Non-Stop,7e33e188e5f6
SCR_GF_1789146169_065,2026-09-11 22:32:44,2026-09-18,7,google_flights,DEL,BLR,DEL-BLR,DEL,BLR,IndiGo,IndiGo,6E 678,8:55,11:50,175,2 hr 55 min,Economy,9342.0,5590.25,2630.7,710.0,411.05,0.0,3751.75,True,0,Non-Stop,395bdf59017d
SCR_GF_1789146169_066,2026-09-11 22:32:44,2026-09-18,7,google_flights,DEL,BLR,DEL-BLR,DEL,BLR,IndiGo,IndiGo,6E 705,9:00,11:55,175,2 hr 55 min,Economy,9430.0,5647.24,2657.52,710.0,415.24,0.0,3782.76,True,0,Non-Stop,983f80162010
SCR_GF_1789146169_067,2026-09-11 22:32:44,2026-09-18,7,google_flights,DEL,BLR,DEL-BLR,DEL,BLR,IndiGo,IndiGo,6E 732,3:00,5:55,175,2 hr 55 min,Economy,9497.0,5690.63,2677.94,710.0,418.43,0.0,3806.37,True,0,Non-Stop,f6265ed1c4fe
SCR_GF_1789146169_068,2026-09-11 22:32:44,2026-09-18,7,google_flights,DEL,BLR,DEL-BLR,DEL,BLR,IndiGo,IndiGo,6E 759,4:40,7:40,180,3 hr,Economy,9851.0,5919.89,2785.82,710.0,435.29,0.0,3931.11,True,0,Non-Stop,6cd9eeca474b
SCR_GF_1789146169_069,2026-09-11 22:32:44,2026-09-18,7,google_flights,DEL,BLR,DEL-BLR,DEL,BLR,IndiGo,IndiGo,6E 786,9:30,12:25,175,2 hr 55 min,Economy,10075.0,6064.95,2854.1,710.0,445.95,0.0,4010.05,True,0,Non-Stop,b78ca0511142
SCR_GF_1789146169_070,2026-09-11 22:32:44,2026-09-18,7,google_flights,DEL,BLR,DEL-BLR,DEL,BLR,IndiGo,IndiGo,6E 813,6:20,9:15,175,2 hr 55 min,Economy,10079.0,6067.54,2855.32,710.0,446.14,0.0,4011.46,True,0,Non-Stop,7700480a7619
SCR_GF_1789146169_071,2026-09-11 22:32:44,2026-09-18,7,google_flights,DEL,BLR,DEL-BLR,DEL,BLR,IndiGo,IndiGo,6E 840,6:20,9:10,170,2 hr 50 min,Economy,10180.0,6132.95,2886.1,710.0,450.95,0.0,4047.05,True,0,Non-Stop,b680fab59640
SCR_GF_1789146169_072,2026-09-11 22:32:44,2026-09-18,7,google_flights,DEL,BLR,DEL-BLR,DEL,BLR,IndiGo,IndiGo,6E 867,4:30,7:15,165,2 hr 45 min,Economy,10337.0,6234.63,2933.94,710.0,458.43,0.0,4102.37,True,0,Non-Stop,e73602913fef
SCR_GF_1789146169_073,2026-09-11 22:32:44,2026-09-18,7,google_flights,DEL,BLR,DEL-BLR,DEL,BLR,IndiGo,IndiGo,6E 894,7:30,10:20,170,2 hr 50 min,Economy,10516.0,6350.55,2988.5,710.0,466.95,0.0,4165.45,True,0,Non-Stop,947480ce5f77
SCR_GF_1789146169_074,2026-09-11 22:32:44,2026-09-18,7,google_flights,DEL,BLR,DEL-BLR,DEL,BLR,IndiGo,IndiGo,6E 921,7:30,10:25,175,2 hr 55 min,Economy,10727.0,6487.2,3052.8,710.0,477.0,0.0,4239.8,True,0,Non-Stop,6d209a506656
SCR_GF_1789146169_075,2026-09-11 22:32:44,2026-09-18,7,google_flights,DEL,BLR,DEL-BLR,DEL,BLR,IndiGo,IndiGo,6E 948,1:00,3:55,175,2 hr 55 min,Economy,11072.0,6710.63,3157.94,710.0,493.43,0.0,4361.37,True,0,Non-Stop,d01dd062584d
SCR_GF_1789146169_076,2026-09-11 22:32:44,2026-09-18,7,google_flights,DEL,BLR,DEL-BLR,DEL,BLR,IndiGo,IndiGo,6E 975,8:10,11:10,180,3 hr,Economy,11368.0,6902.32,3248.16,710.0,507.52,0.0,4465.68,True,0,Non-Stop,ce6ac0f1dc61
SCR_GF_1789146169_077,2026-09-11 22:32:44,2026-09-18,7,google_flights,DEL,BLR,DEL-BLR,DEL,BLR,IndiGo,IndiGo,6E 322,7:00,9:55,175,2 hr 55 min,Economy,12080.0,7363.43,3465.14,710.0,541.43,0.0,4716.57,True,0,Non-Stop,1a0b91627846
SCR_GF_1789146169_078,2026-09-11 22:32:44,2026-09-18,7,google_flights,DEL,BLR,DEL-BLR,DEL,BLR,IndiGo,IndiGo,6E 349,6:30,9:25,175,2 hr 55 min,Economy,13240.0,8114.67,3818.66,710.0,596.67,0.0,5125.33,True,0,Non-Stop,3be7eafb58c0
SCR_GF_1789146173_001,2026-09-11 22:32:49,2026-10-11,30,google_flights,DEL,BLR,DEL-BLR,DEL,BLR,Akasa Air,Akasa Air,QP 310,8:50 PM,11:50 PM,180,3 hr,Economy,9508.0,5697.75,2681.3,710.0,418.95,0.0,3810.25,True,0,Non-Stop,fcd7c965119b
SCR_GF_1789146173_002,2026-09-11 22:32:49,2026-10-11,30,google_flights,DEL,BLR,DEL-BLR,DEL,BLR,Air India Express,Air India Express,IX 337,10:25 AM,1:20 PM,175,2 hr 55 min,Economy,9730.0,5841.52,2748.96,710.0,429.52,0.0,3888.48,True,0,Non-Stop,8ca68127041a
SCR_GF_1789146173_003,2026-09-11 22:32:49,2026-10-11,30,google_flights,DEL,BLR,DEL-BLR,DEL,BLR,IndiGo,IndiGo,6E 364,7:30 PM,10:25 PM,175,2 hr 55 min,Economy,9943.0,5979.47,2813.86,710.0,439.67,0.0,3963.53,True,0,Non-Stop,e17934d2c096
SCR_GF_1789146173_004,2026-09-11 22:32:49,2026-10-11,30,google_flights,DEL,BLR,DEL-BLR,DEL,BLR,Akasa Air,Akasa Air,QP 391,10:55 PM,2:05 AM,190,3 hr 10 min,Economy,9179.0,5484.69,2581.02,710.0,403.29,0.0,3694.31,True,0,Non-Stop,10082f472eff
SCR_GF_1789146173_005,2026-09-11 22:32:49,2026-10-11,30,google_flights,DEL,BLR,DEL-BLR,DEL,BLR,Air India Express,Air India Express,IX 418,5:35 PM,8:00 AM,865,14 hr 25 min,Economy,9264.0,5539.73,2606.94,710.0,407.33,0.0,3724.27,False,1,1 Stop,19db657f54a2
SCR_GF_1789146173_006,2026-09-11 22:32:49,2026-10-11,30,google_flights,DEL,BLR,DEL-BLR,DEL,BLR,Akasa Air,Akasa Air,QP 445,9:55 PM,12:45 AM,170,2 hr 50 min,Economy,9342.0,5590.25,2630.7,710.0,411.05,0.0,3751.75,True,0,Non-Stop,2382bb4e6c35
SCR_GF_1789146173_007,2026-09-11 22:32:49,2026-10-11,30,google_flights,DEL,BLR,DEL-BLR,DEL,BLR,Air India Express,Air India Express,IX 472,10:00 PM,12:55 AM,175,2 hr 55 min,Economy,9730.0,5841.52,2748.96,710.0,429.52,0.0,3888.48,True,0,Non-Stop,b1dda4ee41a1
SCR_GF_1789146173_008,2026-09-11 22:32:49,2026-10-11,30,google_flights,DEL,BLR,DEL-BLR,DEL,BLR,IndiGo,IndiGo,6E 499,4:30 PM,9:20 PM,290,4 hr 50 min,Economy,9762.0,5862.25,2758.7,710.0,431.05,0.0,3899.75,False,1,1 Stop (NAG),ee2dcdfa5493
SCR_GF_1789146173_009,2026-09-11 22:32:49,2026-10-11,30,google_flights,DEL,BLR,DEL-BLR,DEL,BLR,IndiGo,IndiGo,6E 526,1:05 AM,4:00 AM,175,2 hr 55 min,Economy,9943.0,5979.47,2813.86,710.0,439.67,0.0,3963.53,True,0,Non-Stop,7ba9fd392bf4
SCR_GF_1789146173_010,2026-09-11 22:32:49,2026-10-11,30,google_flights,DEL,BLR,DEL-BLR,DEL,BLR,IndiGo,IndiGo,6E 553,3:00 AM,5:55 AM,175,2 hr 55 min,Economy,9943.0,5979.47,2813.86,710.0,439.67,0.0,3963.53,True,0,Non-Stop,e2a0b2b13fa3
SCR_GF_1789146173_011,2026-09-11 22:32:49,2026-10-11,30,google_flights,DEL,BLR,DEL-BLR,DEL,BLR,IndiGo,IndiGo,6E 580,5:45 AM,8:40 AM,175,2 hr 55 min,Economy,9943.0,5979.47,2813.86,710.0,439.67,0.0,3963.53,True,0,Non-Stop,d3fd95e4d958
SCR_GF_1789146173_012,2026-09-11 22:32:49,2026-10-11,30,google_flights,DEL,BLR,DEL-BLR,DEL,BLR,Air India,Air India,AI 607,6:00 AM,8:55 AM,175,2 hr 55 min,Economy,9943.0,5979.47,2813.86,710.0,439.67,0.0,3963.53,True,0,Non-Stop,ccad7e974f15
SCR_GF_1789146173_013,2026-09-11 22:32:49,2026-10-11,30,google_flights,DEL,BLR,DEL-BLR,DEL,BLR,IndiGo,IndiGo,6E 634,7:05 AM,10:00 AM,175,2 hr 55 min,Economy,9943.0,5979.47,2813.86,710.0,439.67,0.0,3963.53,True,0,Non-Stop,90241677447a
SCR_GF_1789146173_014,2026-09-11 22:32:49,2026-10-11,30,google_flights,DEL,BLR,DEL-BLR,DEL,BLR,IndiGo,IndiGo,6E 661,8:20 AM,11:10 AM,170,2 hr 50 min,Economy,9943.0,5979.47,2813.86,710.0,439.67,0.0,3963.53,True,0,Non-Stop,784ff577ecec
SCR_GF_1789146173_015,2026-09-11 22:32:49,2026-10-11,30,google_flights,DEL,BLR,DEL-BLR,DEL,BLR,IndiGo,IndiGo,6E 688,10:45 AM,1:40 PM,175,2 hr 55 min,Economy,9943.0,5979.47,2813.86,710.0,439.67,0.0,3963.53,True,0,Non-Stop,6e7aa9ee42ea
SCR_GF_1789146173_016,2026-09-11 22:32:49,2026-10-11,30,google_flights,DEL,BLR,DEL-BLR,DEL,BLR,Air India,Air India,AI 715,12:15 AM,3:10 AM,175,2 hr 55 min,Economy,10027.0,6033.87,2839.46,710.0,443.67,0.0,3993.13,True,0,Non-Stop,255c8248cf32
SCR_GF_1789146173_017,2026-09-11 22:32:49,2026-10-11,30,google_flights,DEL,BLR,DEL-BLR,DEL,BLR,Air India,Air India,AI 742,6:30 AM,9:25 AM,175,2 hr 55 min,Economy,10027.0,6033.87,2839.46,710.0,443.67,0.0,3993.13,True,0,Non-Stop,ed4c438dc593
SCR_GF_1789146174_018,2026-09-11 22:32:49,2026-10-11,30,google_flights,DEL,BLR,DEL-BLR,DEL,BLR,Air India,Air India,AI 769,7:00 AM,9:55 AM,175,2 hr 55 min,Economy,10027.0,6033.87,2839.46,710.0,443.67,0.0,3993.13,True,0,Non-Stop,3391c6d529b2
SCR_GF_1789146174_019,2026-09-11 22:32:49,2026-10-11,30,google_flights,DEL,BLR,DEL-BLR,DEL,BLR,Air India Express,Air India Express,IX 796,9:00 PM,12:05 AM,185,3 hr 5 min,Economy,10079.0,6067.54,2855.32,710.0,446.14,0.0,4011.46,True,0,Non-Stop,e49d19e95720
SCR_GF_1789146174_020,2026-09-11 22:32:49,2026-10-11,30,google_flights,DEL,BLR,DEL-BLR,DEL,BLR,Air India,Air India,AI 823,8:30 AM,11:20 AM,170,2 hr 50 min,Economy,10111.0,6088.27,2865.06,710.0,447.67,0.0,4022.73,True,0,Non-Stop,2f43bebf050d
SCR_GF_1789146174_021,2026-09-11 22:32:49,2026-10-11,30,google_flights,DEL,BLR,DEL-BLR,DEL,BLR,IndiGo,IndiGo,6E 850,8:45 PM,11:40 PM,175,2 hr 55 min,Economy,10244.0,6174.4,2905.6,710.0,454.0,0.0,4069.6,True,0,Non-Stop,87d09428c8b9
SCR_GF_1789146174_022,2026-09-11 22:32:49,2026-10-11,30,google_flights,DEL,BLR,DEL-BLR,DEL,BLR,Air India,Air India,AI 877,7:30 PM,10:20 PM,170,2 hr 50 min,Economy,10505.0,6343.43,2985.14,710.0,466.43,0.0,4161.57,True,0,Non-Stop,e6ff4515800d
SCR_GF_1789146174_023,2026-09-11 22:32:49,2026-10-11,30,google_flights,DEL,BLR,DEL-BLR,DEL,BLR,Air India,Air India,AI 904,4:30 AM,7:20 AM,170,2 hr 50 min,Economy,10678.0,6455.47,3037.86,710.0,474.67,0.0,4222.53,True,0,Non-Stop,d4ee84302ae1
SCR_GF_1789146174_024,2026-09-11 22:32:49,2026-10-11,30,google_flights,DEL,BLR,DEL-BLR,DEL,BLR,IndiGo,IndiGo,6E 931,9:30 AM,12:25 PM,175,2 hr 55 min,Economy,10721.0,6483.31,3050.98,710.0,476.71,0.0,4237.69,True,0,Non-Stop,9482bff978f2
SCR_GF_1789146174_025,2026-09-11 22:32:49,2026-10-11,30,google_flights,DEL,BLR,DEL-BLR,DEL,BLR,IndiGo,IndiGo,6E 958,3:45 PM,6:40 PM,175,2 hr 55 min,Economy,10721.0,6483.31,3050.98,710.0,476.71,0.0,4237.69,True,0,Non-Stop,38a73c549d67
SCR_GF_1789146174_026,2026-09-11 22:32:49,2026-10-11,30,google_flights,DEL,BLR,DEL-BLR,DEL,BLR,IndiGo,IndiGo,6E 985,10:00 PM,12:55 AM,175,2 hr 55 min,Economy,10721.0,6483.31,3050.98,710.0,476.71,0.0,4237.69,True,0,Non-Stop,623b6a76559a
SCR_GF_1789146174_027,2026-09-11 22:32:49,2026-10-11,30,google_flights,DEL,BLR,DEL-BLR,DEL,BLR,IndiGo,IndiGo,6E 332,11:30 PM,2:25 AM,175,2 hr 55 min,Economy,10721.0,6483.31,3050.98,710.0,476.71,0.0,4237.69,True,0,Non-Stop,b98bc3844210
SCR_GF_1789146174_028,2026-09-11 22:32:49,2026-10-11,30,google_flights,DEL,BLR,DEL-BLR,DEL,BLR,Air India,Air India,AI 359,9:30 AM,12:25 PM,175,2 hr 55 min,Economy,11182.0,6781.87,3191.46,710.0,498.67,0.0,4400.13,True,0,Non-Stop,2af95c86ab5f
SCR_GF_1789146174_029,2026-09-11 22:32:49,2026-10-11,30,google_flights,DEL,BLR,DEL-BLR,DEL,BLR,Air India,Air India,AI 386,3:50 PM,6:45 PM,175,2 hr 55 min,Economy,11182.0,6781.87,3191.46,710.0,498.67,0.0,4400.13,True,0,Non-Stop,0f00d1e81891
SCR_GF_1789146174_030,2026-09-11 22:32:49,2026-10-11,30,google_flights,DEL,BLR,DEL-BLR,DEL,BLR,Air India,Air India,AI 413,6:30 PM,9:25 PM,175,2 hr 55 min,Economy,11182.0,6781.87,3191.46,710.0,498.67,0.0,4400.13,True,0,Non-Stop,e6ebd1256784
SCR_GF_1789146174_031,2026-09-11 22:32:49,2026-10-11,30,google_flights,DEL,BLR,DEL-BLR,DEL,BLR,Air India,Air India,AI 440,7:00 PM,9:55 PM,175,2 hr 55 min,Economy,11182.0,6781.87,3191.46,710.0,498.67,0.0,4400.13,True,0,Non-Stop,9ee96f4da56c
SCR_GF_1789146174_032,2026-09-11 22:32:49,2026-10-11,30,google_flights,DEL,BLR,DEL-BLR,DEL,BLR,IndiGo,IndiGo,6E 467,12:15 PM,3:20 PM,185,3 hr 5 min,Economy,11223.0,6808.42,3203.96,710.0,500.62,0.0,4414.58,True,0,Non-Stop,31fcd479fa8f
SCR_GF_1789146174_033,2026-09-11 22:32:49,2026-10-11,30,google_flights,DEL,BLR,DEL-BLR,DEL,BLR,IndiGo,IndiGo,6E 494,1:15 PM,4:10 PM,175,2 hr 55 min,Economy,11223.0,6808.42,3203.96,710.0,500.62,0.0,4414.58,True,0,Non-Stop,5c92b088cdeb
SCR_GF_1789146174_034,2026-09-11 22:32:49,2026-10-11,30,google_flights,DEL,BLR,DEL-BLR,DEL,BLR,IndiGo,IndiGo,6E 521,2:30 PM,5:25 PM,175,2 hr 55 min,Economy,11223.0,6808.42,3203.96,710.0,500.62,0.0,4414.58,True,0,Non-Stop,4757db8ec1c3
SCR_GF_1789146174_035,2026-09-11 22:32:49,2026-10-11,30,google_flights,DEL,BLR,DEL-BLR,DEL,BLR,IndiGo,IndiGo,6E 548,5:00 PM,7:55 PM,175,2 hr 55 min,Economy,11223.0,6808.42,3203.96,710.0,500.62,0.0,4414.58,True,0,Non-Stop,4bcb64096ffe
SCR_GF_1789146174_036,2026-09-11 22:32:49,2026-10-11,30,google_flights,DEL,BLR,DEL-BLR,DEL,BLR,Akasa Air,Akasa Air,QP 575,4:40 PM,7:40 PM,180,3 hr,Economy,11575.0,7036.38,3311.24,710.0,517.38,0.0,4538.62,True,0,Non-Stop,7f1bda075c39
SCR_GF_1789146174_037,2026-09-11 22:32:49,2026-10-11,30,google_flights,DEL,BLR,DEL-BLR,DEL,BLR,Air India,Air India,AI 602,10:30 AM,1:20 PM,170,2 hr 50 min,Economy,11707.0,7121.87,3351.46,710.0,523.67,0.0,4585.13,True,0,Non-Stop,08c12eccbc51
SCR_GF_1789146174_038,2026-09-11 22:32:49,2026-10-11,30,google_flights,DEL,BLR,DEL-BLR,DEL,BLR,Air India,Air India,AI 629,6:00 PM,8:55 PM,175,2 hr 55 min,Economy,11707.0,7121.87,3351.46,710.0,523.67,0.0,4585.13,True,0,Non-Stop,b88e7a68e97d
SCR_GF_1789146174_039,2026-09-11 22:32:49,2026-10-11,30,google_flights,DEL,BLR,DEL-BLR,DEL,BLR,Air India,Air India,AI 656,9:30 PM,12:25 AM,175,2 hr 55 min,Economy,11707.0,7121.87,3351.46,710.0,523.67,0.0,4585.13,True,0,Non-Stop,2b5209e1f0b7
SCR_GF_1789146174_040,2026-09-11 22:32:49,2026-10-11,30,google_flights,DEL,BLR,DEL-BLR,DEL,BLR,Air India,Air India,AI 683,4:30 PM,7:15 PM,165,2 hr 45 min,Economy,12264.0,7482.59,3521.22,710.0,550.19,0.0,4781.41,True,0,Non-Stop,60bd4d5e0041
SCR_GF_1789146174_041,2026-09-11 22:32:49,2026-10-11,30,google_flights,DEL,BLR,DEL-BLR,DEL,BLR,IndiGo,IndiGo,6E 710,6:20 PM,9:10 PM,170,2 hr 50 min,Economy,12308.0,7511.09,3534.62,710.0,552.29,0.0,4796.91,True,0,Non-Stop,7f7d2d3716f8
SCR_GF_1789146174_042,2026-09-11 22:32:49,2026-10-11,30,google_flights,DEL,BLR,DEL-BLR,DEL,BLR,Air India,Air India,AI 737,3:00 PM,5:55 PM,175,2 hr 55 min,Economy,12469.0,7615.35,3583.7,710.0,559.95,0.0,4853.65,True,0,Non-Stop,3c39fc9d7423
SCR_GF_1789146174_043,2026-09-11 22:32:49,2026-10-11,30,google_flights,DEL,BLR,DEL-BLR,DEL,BLR,Air India,Air India,AI 764,1:00 PM,3:55 PM,175,2 hr 55 min,Economy,13067.0,8002.63,3765.94,710.0,588.43,0.0,5064.37,True,0,Non-Stop,530431dca9e7
SCR_GF_1789146174_044,2026-09-11 22:32:49,2026-10-11,30,google_flights,DEL,BLR,DEL-BLR,DEL,BLR,IndiGo,IndiGo,6E 791,8:50,11:50,180,3 hr,Economy,9508.0,5697.75,2681.3,710.0,418.95,0.0,3810.25,True,0,Non-Stop,f4f55e93bc38
SCR_GF_1789146174_045,2026-09-11 22:32:49,2026-10-11,30,google_flights,DEL,BLR,DEL-BLR,DEL,BLR,IndiGo,IndiGo,6E 818,10:25,1:20,175,2 hr 55 min,Economy,9730.0,5841.52,2748.96,710.0,429.52,0.0,3888.48,True,0,Non-Stop,c15cf730405d
SCR_GF_1789146174_046,2026-09-11 22:32:49,2026-10-11,30,google_flights,DEL,BLR,DEL-BLR,DEL,BLR,IndiGo,IndiGo,6E 845,7:30,10:25,175,2 hr 55 min,Economy,9943.0,5979.47,2813.86,710.0,439.67,0.0,3963.53,True,0,Non-Stop,1673119e7fab
SCR_GF_1789146174_047,2026-09-11 22:32:49,2026-10-11,30,google_flights,DEL,BLR,DEL-BLR,DEL,BLR,IndiGo,IndiGo,6E 872,10:55,2:05,190,3 hr 10 min,Economy,9179.0,5484.69,2581.02,710.0,403.29,0.0,3694.31,True,0,Non-Stop,4b35eef6f298
SCR_GF_1789146174_048,2026-09-11 22:32:49,2026-10-11,30,google_flights,DEL,BLR,DEL-BLR,DEL,BLR,IndiGo,IndiGo,6E 899,5:35,8:00,865,14 hr 25 min,Economy,9264.0,5539.73,2606.94,710.0,407.33,0.0,3724.27,False,1,1 Stop,8221c2e0071d
SCR_GF_1789146174_049,2026-09-11 22:32:49,2026-10-11,30,google_flights,DEL,BLR,DEL-BLR,DEL,BLR,IndiGo,IndiGo,6E 926,9:55,12:45,170,2 hr 50 min,Economy,9342.0,5590.25,2630.7,710.0,411.05,0.0,3751.75,True,0,Non-Stop,5056ed5e7455
SCR_GF_1789146174_050,2026-09-11 22:32:49,2026-10-11,30,google_flights,DEL,BLR,DEL-BLR,DEL,BLR,IndiGo,IndiGo,6E 953,10:00,12:55,175,2 hr 55 min,Economy,9730.0,5841.52,2748.96,710.0,429.52,0.0,3888.48,True,0,Non-Stop,e2d6e6a5f02d
SCR_GF_1789146174_051,2026-09-11 22:32:49,2026-10-11,30,google_flights,DEL,BLR,DEL-BLR,DEL,BLR,IndiGo,IndiGo,6E 980,4:30,9:20,290,4 hr 50 min,Economy,9762.0,5862.25,2758.7,710.0,431.05,0.0,3899.75,False,1,1 Stop,f5105db70b51
SCR_GF_1789146174_052,2026-09-11 22:32:49,2026-10-11,30,google_flights,DEL,BLR,DEL-BLR,DEL,BLR,IndiGo,IndiGo,6E 327,1:05,4:00,175,2 hr 55 min,Economy,9943.0,5979.47,2813.86,710.0,439.67,0.0,3963.53,True,0,Non-Stop,dc181201ef9a
SCR_GF_1789146174_053,2026-09-11 22:32:49,2026-10-11,30,google_flights,DEL,BLR,DEL-BLR,DEL,BLR,IndiGo,IndiGo,6E 354,3:00,5:55,175,2 hr 55 min,Economy,9943.0,5979.47,2813.86,710.0,439.67,0.0,3963.53,True,0,Non-Stop,46135096f5f8
SCR_GF_1789146174_054,2026-09-11 22:32:49,2026-10-11,30,google_flights,DEL,BLR,DEL-BLR,DEL,BLR,IndiGo,IndiGo,6E 381,5:45,8:40,175,2 hr 55 min,Economy,9943.0,5979.47,2813.86,710.0,439.67,0.0,3963.53,True,0,Non-Stop,476390c50d75
SCR_GF_1789146174_055,2026-09-11 22:32:49,2026-10-11,30,google_flights,DEL,BLR,DEL-BLR,DEL,BLR,IndiGo,IndiGo,6E 408,6:00,8:55,175,2 hr 55 min,Economy,9943.0,5979.47,2813.86,710.0,439.67,0.0,3963.53,True,0,Non-Stop,11944d69cd07
SCR_GF_1789146174_056,2026-09-11 22:32:49,2026-10-11,30,google_flights,DEL,BLR,DEL-BLR,DEL,BLR,IndiGo,IndiGo,6E 435,7:05,10:00,175,2 hr 55 min,Economy,9943.0,5979.47,2813.86,710.0,439.67,0.0,3963.53,True,0,Non-Stop,2e0b316468ce
SCR_GF_1789146174_057,2026-09-11 22:32:49,2026-10-11,30,google_flights,DEL,BLR,DEL-BLR,DEL,BLR,IndiGo,IndiGo,6E 462,8:20,11:10,170,2 hr 50 min,Economy,9943.0,5979.47,2813.86,710.0,439.67,0.0,3963.53,True,0,Non-Stop,f733b8aa297a
SCR_GF_1789146174_058,2026-09-11 22:32:49,2026-10-11,30,google_flights,DEL,BLR,DEL-BLR,DEL,BLR,IndiGo,IndiGo,6E 489,10:45,1:40,175,2 hr 55 min,Economy,9943.0,5979.47,2813.86,710.0,439.67,0.0,3963.53,True,0,Non-Stop,920efe61acdb
SCR_GF_1789146174_059,2026-09-11 22:32:49,2026-10-11,30,google_flights,DEL,BLR,DEL-BLR,DEL,BLR,IndiGo,IndiGo,6E 516,12:15,3:10,175,2 hr 55 min,Economy,10027.0,6033.87,2839.46,710.0,443.67,0.0,3993.13,True,0,Non-Stop,c0d0321adc78
SCR_GF_1789146174_060,2026-09-11 22:32:49,2026-10-11,30,google_flights,DEL,BLR,DEL-BLR,DEL,BLR,IndiGo,IndiGo,6E 543,6:30,9:25,175,2 hr 55 min,Economy,10027.0,6033.87,2839.46,710.0,443.67,0.0,3993.13,True,0,Non-Stop,5ff687dfc8fb
SCR_GF_1789146174_061,2026-09-11 22:32:49,2026-10-11,30,google_flights,DEL,BLR,DEL-BLR,DEL,BLR,IndiGo,IndiGo,6E 570,7:00,9:55,175,2 hr 55 min,Economy,10027.0,6033.87,2839.46,710.0,443.67,0.0,3993.13,True,0,Non-Stop,415e77c477f8
SCR_GF_1789146174_062,2026-09-11 22:32:49,2026-10-11,30,google_flights,DEL,BLR,DEL-BLR,DEL,BLR,IndiGo,IndiGo,6E 597,9:00,12:05,185,3 hr 5 min,Economy,10079.0,6067.54,2855.32,710.0,446.14,0.0,4011.46,True,0,Non-Stop,9e4720cb785e
SCR_GF_1789146174_063,2026-09-11 22:32:49,2026-10-11,30,google_flights,DEL,BLR,DEL-BLR,DEL,BLR,IndiGo,IndiGo,6E 624,8:30,11:20,170,2 hr 50 min,Economy,10111.0,6088.27,2865.06,710.0,447.67,0.0,4022.73,True,0,Non-Stop,dcb6425c9b3c
SCR_GF_1789146174_064,2026-09-11 22:32:49,2026-10-11,30,google_flights,DEL,BLR,DEL-BLR,DEL,BLR,IndiGo,IndiGo,6E 651,8:45,11:40,175,2 hr 55 min,Economy,10244.0,6174.4,2905.6,710.0,454.0,0.0,4069.6,True,0,Non-Stop,f5397ba4dd94
SCR_GF_1789146174_065,2026-09-11 22:32:49,2026-10-11,30,google_flights,DEL,BLR,DEL-BLR,DEL,BLR,IndiGo,IndiGo,6E 678,7:30,10:20,170,2 hr 50 min,Economy,10505.0,6343.43,2985.14,710.0,466.43,0.0,4161.57,True,0,Non-Stop,e7d6d430def2
SCR_GF_1789146174_066,2026-09-11 22:32:49,2026-10-11,30,google_flights,DEL,BLR,DEL-BLR,DEL,BLR,IndiGo,IndiGo,6E 705,4:30,7:20,170,2 hr 50 min,Economy,10678.0,6455.47,3037.86,710.0,474.67,0.0,4222.53,True,0,Non-Stop,70ecdf673614
SCR_GF_1789146174_067,2026-09-11 22:32:49,2026-10-11,30,google_flights,DEL,BLR,DEL-BLR,DEL,BLR,IndiGo,IndiGo,6E 732,9:30,12:25,175,2 hr 55 min,Economy,10721.0,6483.31,3050.98,710.0,476.71,0.0,4237.69,True,0,Non-Stop,638651b341c1
SCR_GF_1789146174_068,2026-09-11 22:32:49,2026-10-11,30,google_flights,DEL,BLR,DEL-BLR,DEL,BLR,IndiGo,IndiGo,6E 759,3:45,6:40,175,2 hr 55 min,Economy,10721.0,6483.31,3050.98,710.0,476.71,0.0,4237.69,True,0,Non-Stop,213f05182c93
SCR_GF_1789146175_069,2026-09-11 22:32:49,2026-10-11,30,google_flights,DEL,BLR,DEL-BLR,DEL,BLR,IndiGo,IndiGo,6E 786,10:00,12:55,175,2 hr 55 min,Economy,10721.0,6483.31,3050.98,710.0,476.71,0.0,4237.69,True,0,Non-Stop,36ff7d0d44a0
SCR_GF_1789146175_070,2026-09-11 22:32:49,2026-10-11,30,google_flights,DEL,BLR,DEL-BLR,DEL,BLR,IndiGo,IndiGo,6E 813,11:30,2:25,175,2 hr 55 min,Economy,10721.0,6483.31,3050.98,710.0,476.71,0.0,4237.69,True,0,Non-Stop,7f6fe5c7d84e
SCR_GF_1789146175_071,2026-09-11 22:32:49,2026-10-11,30,google_flights,DEL,BLR,DEL-BLR,DEL,BLR,IndiGo,IndiGo,6E 840,9:30,12:25,175,2 hr 55 min,Economy,11182.0,6781.87,3191.46,710.0,498.67,0.0,4400.13,True,0,Non-Stop,1f9ede4f2417
SCR_GF_1789146175_072,2026-09-11 22:32:49,2026-10-11,30,google_flights,DEL,BLR,DEL-BLR,DEL,BLR,IndiGo,IndiGo,6E 867,3:50,6:45,175,2 hr 55 min,Economy,11182.0,6781.87,3191.46,710.0,498.67,0.0,4400.13,True,0,Non-Stop,d9e344fc668c
SCR_GF_1789146175_073,2026-09-11 22:32:49,2026-10-11,30,google_flights,DEL,BLR,DEL-BLR,DEL,BLR,IndiGo,IndiGo,6E 894,6:30,9:25,175,2 hr 55 min,Economy,11182.0,6781.87,3191.46,710.0,498.67,0.0,4400.13,True,0,Non-Stop,1ebd8eb0dcfe
SCR_GF_1789146175_074,2026-09-11 22:32:49,2026-10-11,30,google_flights,DEL,BLR,DEL-BLR,DEL,BLR,IndiGo,IndiGo,6E 921,7:00,9:55,175,2 hr 55 min,Economy,11182.0,6781.87,3191.46,710.0,498.67,0.0,4400.13,True,0,Non-Stop,687729c5e276
SCR_GF_1789146175_075,2026-09-11 22:32:49,2026-10-11,30,google_flights,DEL,BLR,DEL-BLR,DEL,BLR,IndiGo,IndiGo,6E 948,12:15,3:20,185,3 hr 5 min,Economy,11223.0,6808.42,3203.96,710.0,500.62,0.0,4414.58,True,0,Non-Stop,6542df86b5b5
SCR_GF_1789146175_076,2026-09-11 22:32:49,2026-10-11,30,google_flights,DEL,BLR,DEL-BLR,DEL,BLR,IndiGo,IndiGo,6E 975,1:15,4:10,175,2 hr 55 min,Economy,11223.0,6808.42,3203.96,710.0,500.62,0.0,4414.58,True,0,Non-Stop,975a0018de85
SCR_GF_1789146175_077,2026-09-11 22:32:49,2026-10-11,30,google_flights,DEL,BLR,DEL-BLR,DEL,BLR,IndiGo,IndiGo,6E 322,2:30,5:25,175,2 hr 55 min,Economy,11223.0,6808.42,3203.96,710.0,500.62,0.0,4414.58,True,0,Non-Stop,6251b41cfb12
SCR_GF_1789146175_078,2026-09-11 22:32:49,2026-10-11,30,google_flights,DEL,BLR,DEL-BLR,DEL,BLR,IndiGo,IndiGo,6E 349,5:00,7:55,175,2 hr 55 min,Economy,11223.0,6808.42,3203.96,710.0,500.62,0.0,4414.58,True,0,Non-Stop,cc999c91663a
SCR_GF_1789146175_079,2026-09-11 22:32:49,2026-10-11,30,google_flights,DEL,BLR,DEL-BLR,DEL,BLR,IndiGo,IndiGo,6E 376,4:40,7:40,180,3 hr,Economy,11575.0,7036.38,3311.24,710.0,517.38,0.0,4538.62,True,0,Non-Stop,95a0d0be7028
SCR_GF_1789146175_080,2026-09-11 22:32:49,2026-10-11,30,google_flights,DEL,BLR,DEL-BLR,DEL,BLR,IndiGo,IndiGo,6E 403,10:30,1:20,170,2 hr 50 min,Economy,11707.0,7121.87,3351.46,710.0,523.67,0.0,4585.13,True,0,Non-Stop,5f16b8ee44a5
SCR_GF_1789146175_081,2026-09-11 22:32:49,2026-10-11,30,google_flights,DEL,BLR,DEL-BLR,DEL,BLR,IndiGo,IndiGo,6E 430,6:00,8:55,175,2 hr 55 min,Economy,11707.0,7121.87,3351.46,710.0,523.67,0.0,4585.13,True,0,Non-Stop,d1fb985e951e
SCR_GF_1789146175_082,2026-09-11 22:32:49,2026-10-11,30,google_flights,DEL,BLR,DEL-BLR,DEL,BLR,IndiGo,IndiGo,6E 457,9:30,12:25,175,2 hr 55 min,Economy,11707.0,7121.87,3351.46,710.0,523.67,0.0,4585.13,True,0,Non-Stop,e93f0a49cfd4
SCR_GF_1789146175_083,2026-09-11 22:32:49,2026-10-11,30,google_flights,DEL,BLR,DEL-BLR,DEL,BLR,IndiGo,IndiGo,6E 484,4:30,7:15,165,2 hr 45 min,Economy,12264.0,7482.59,3521.22,710.0,550.19,0.0,4781.41,True,0,Non-Stop,92890cadb660
SCR_GF_1789146175_084,2026-09-11 22:32:49,2026-10-11,30,google_flights,DEL,BLR,DEL-BLR,DEL,BLR,IndiGo,IndiGo,6E 511,6:20,9:10,170,2 hr 50 min,Economy,12308.0,7511.09,3534.62,710.0,552.29,0.0,4796.91,True,0,Non-Stop,bd0c56d8c190
SCR_GF_1789146175_085,2026-09-11 22:32:49,2026-10-11,30,google_flights,DEL,BLR,DEL-BLR,DEL,BLR,IndiGo,IndiGo,6E 538,3:00,5:55,175,2 hr 55 min,Economy,12469.0,7615.35,3583.7,710.0,559.95,0.0,4853.65,True,0,Non-Stop,f94aa2e8344b
SCR_GF_1789146175_086,2026-09-11 22:32:49,2026-10-11,30,google_flights,DEL,BLR,DEL-BLR,DEL,BLR,IndiGo,IndiGo,6E 565,1:00,3:55,175,2 hr 55 min,Economy,13067.0,8002.63,3765.94,710.0,588.43,0.0,5064.37,True,0,Non-Stop,2cbe92ae15ee
SCR_GF_1789146179_001,2026-09-11 22:32:55,2026-09-12,1,google_flights,BOM,BLR,BOM-BLR,BOM,BLR,Air India,Air India,AI 310,6:30 PM,8:35 PM,125,2 hr 5 min,Economy,8881.0,5330.55,2508.5,650.0,391.95,0.0,3550.45,True,0,Non-Stop,aecd60a610f9
SCR_GF_1789146179_002,2026-09-11 22:32:55,2026-09-12,1,google_flights,BOM,BLR,BOM-BLR,BOM,BLR,Akasa Air,Akasa Air,QP 337,6:25 PM,8:20 PM,115,1 hr 55 min,Economy,9175.0,5520.95,2598.1,650.0,405.95,0.0,3654.05,True,0,Non-Stop,c600dc27b7cf
SCR_GF_1789146179_003,2026-09-11 22:32:55,2026-09-12,1,google_flights,BOM,BLR,BOM-BLR,BOM,BLR,IndiGo,IndiGo,6E 364,6:30 PM,8:25 PM,115,1 hr 55 min,Economy,9477.0,5716.53,2690.14,650.0,420.33,0.0,3760.47,True,0,Non-Stop,e3505ab83998
SCR_GF_1789146179_004,2026-09-11 22:32:55,2026-09-12,1,google_flights,BOM,BLR,BOM-BLR,BOM,BLR,IndiGo,IndiGo,6E 391,12:05 PM,6:10 PM,365,6 hr 5 min,Economy,7479.0,4422.59,2081.22,650.0,325.19,0.0,3056.41,False,1,1 Stop,de680ab17f07
SCR_GF_1789146179_005,2026-09-11 22:32:55,2026-09-12,1,google_flights,BOM,BLR,BOM-BLR,BOM,BLR,IndiGo,IndiGo,6E 418,1:45 PM,8:10 PM,385,6 hr 25 min,Economy,7479.0,4422.59,2081.22,650.0,325.19,0.0,3056.41,False,1,1 Stop (MAA),cae81096caa5
SCR_GF_1789146179_006,2026-09-11 22:32:55,2026-09-12,1,google_flights,BOM,BLR,BOM-BLR,BOM,BLR,IndiGo,IndiGo,6E 445,5:10 PM,10:50 PM,340,5 hr 40 min,Economy,7479.0,4422.59,2081.22,650.0,325.19,0.0,3056.41,False,1,1 Stop (COK),aa08d425c4fa
SCR_GF_1789146179_007,2026-09-11 22:32:55,2026-09-12,1,google_flights,BOM,BLR,BOM-BLR,BOM,BLR,IndiGo,IndiGo,6E 472,9:30 PM,11:25 PM,115,1 hr 55 min,Economy,8952.0,5376.53,2530.14,650.0,395.33,0.0,3575.47,True,0,Non-Stop,9e35d6974047
SCR_GF_1789146179_008,2026-09-11 22:32:55,2026-09-12,1,google_flights,BOM,BLR,BOM-BLR,BOM,BLR,IndiGo,IndiGo,6E 499,10:20 PM,12:20 AM,120,2 hr,Economy,8952.0,5376.53,2530.14,650.0,395.33,0.0,3575.47,True,0,Non-Stop,c698d6b58011
SCR_GF_1789146179_009,2026-09-11 22:32:55,2026-09-12,1,google_flights,BOM,BLR,BOM-BLR,BOM,BLR,Akasa Air,Akasa Air,QP 526,9:45 PM,11:45 PM,120,2 hr,Economy,9934.0,6012.5,2829.4,650.0,442.1,0.0,3921.5,True,0,Non-Stop,bf3d477e73b6
SCR_GF_1789146179_010,2026-09-11 22:32:55,2026-09-12,1,google_flights,BOM,BLR,BOM-BLR,BOM,BLR,Air India,Air India,AI 553,7:45 PM,9:50 PM,125,2 hr 5 min,Economy,10429.0,6333.07,2980.26,650.0,465.67,0.0,4095.93,True,0,Non-Stop,f0e91d1a54f6
SCR_GF_1789146179_011,2026-09-11 22:32:55,2026-09-12,1,google_flights,BOM,BLR,BOM-BLR,BOM,BLR,Air India,Air India,AI 580,8:45 PM,10:45 PM,120,2 hr,Economy,10429.0,6333.07,2980.26,650.0,465.67,0.0,4095.93,True,0,Non-Stop,15ddc72c2046
SCR_GF_1789146179_012,2026-09-11 22:32:55,2026-09-12,1,google_flights,BOM,BLR,BOM-BLR,BOM,BLR,Air India,Air India,AI 607,11:30 PM,1:35 AM,125,2 hr 5 min,Economy,10429.0,6333.07,2980.26,650.0,465.67,0.0,4095.93,True,0,Non-Stop,c93f41d939ac
SCR_GF_1789146179_013,2026-09-11 22:32:55,2026-09-12,1,google_flights,BOM,BLR,BOM-BLR,BOM,BLR,Air India,Air India,AI 634,3:25 PM,5:35 PM,130,2 hr 10 min,Economy,10618.0,6455.47,3037.86,650.0,474.67,0.0,4162.53,True,0,Non-Stop,5f8443a851a0
SCR_GF_1789146179_014,2026-09-11 22:32:55,2026-09-12,1,google_flights,BOM,BLR,BOM-BLR,BOM,BLR,IndiGo,IndiGo,6E 661,5:00 PM,6:55 PM,115,1 hr 55 min,Economy,10632.0,6464.53,3042.14,650.0,475.33,0.0,4167.47,True,0,Non-Stop,11910f791d9f
SCR_GF_1789146179_015,2026-09-11 22:32:55,2026-09-12,1,google_flights,BOM,BLR,BOM-BLR,BOM,BLR,Air India,Air India,AI 688,5:30 PM,7:35 PM,125,2 hr 5 min,Economy,10802.0,6574.63,3093.94,650.0,483.43,0.0,4227.37,True,0,Non-Stop,0f2b263f2c11
SCR_GF_1789146179_016,2026-09-11 22:32:55,2026-09-12,1,google_flights,BOM,BLR,BOM-BLR,BOM,BLR,IndiGo,IndiGo,6E 715,2:30 PM,4:25 PM,115,1 hr 55 min,Economy,11997.0,7348.53,3458.14,650.0,540.33,0.0,4648.47,True,0,Non-Stop,3cb5d3e3ba9d
SCR_GF_1789146179_017,2026-09-11 22:32:55,2026-09-12,1,google_flights,BOM,BLR,BOM-BLR,BOM,BLR,IndiGo,IndiGo,6E 742,3:35 PM,5:25 PM,110,1 hr 50 min,Economy,12732.0,7824.53,3682.14,650.0,575.33,0.0,4907.47,True,0,Non-Stop,c6e120e0bd7b
SCR_GF_1789146179_018,2026-09-11 22:32:55,2026-09-12,1,google_flights,BOM,BLR,BOM-BLR,BOM,BLR,IndiGo,IndiGo,6E 769,12:30 PM,2:25 PM,115,1 hr 55 min,Economy,13572.0,8368.53,3938.14,650.0,615.33,0.0,5203.47,True,0,Non-Stop,350ae6343a69
SCR_GF_1789146179_019,2026-09-11 22:32:55,2026-09-12,1,google_flights,BOM,BLR,BOM-BLR,BOM,BLR,Air India,Air India,AI 796,6:35 AM,8:35 AM,120,2 hr,Economy,14209.0,8781.07,4132.26,650.0,645.67,0.0,5427.93,True,0,Non-Stop,8a13e30988f7
SCR_GF_1789146179_020,2026-09-11 22:32:55,2026-09-12,1,google_flights,BOM,BLR,BOM-BLR,BOM,BLR,Akasa Air,Akasa Air,QP 823,7:35 AM,9:35 AM,120,2 hr,Economy,14334.0,8862.02,4170.36,650.0,651.62,0.0,5471.98,True,0,Non-Stop,e6060b5c97a6
SCR_GF_1789146179_021,2026-09-11 22:32:55,2026-09-12,1,google_flights,BOM,BLR,BOM-BLR,BOM,BLR,Akasa Air,Akasa Air,QP 850,7:40 PM,9:45 PM,125,2 hr 5 min,Economy,14334.0,8862.02,4170.36,650.0,651.62,0.0,5471.98,True,0,Non-Stop,7bf4eea59b09
SCR_GF_1789146179_022,2026-09-11 22:32:55,2026-09-12,1,google_flights,BOM,BLR,BOM-BLR,BOM,BLR,IndiGo,IndiGo,6E 877,4:30 AM,6:25 AM,115,1 hr 55 min,Economy,15339.0,9512.88,4476.64,650.0,699.48,0.0,5826.12,True,0,Non-Stop,6f66f850fc73
SCR_GF_1789146179_023,2026-09-11 22:32:55,2026-09-12,1,google_flights,BOM,BLR,BOM-BLR,BOM,BLR,IndiGo,IndiGo,6E 904,8:05 AM,9:55 AM,110,1 hr 50 min,Economy,15462.0,9592.53,4514.14,650.0,705.33,0.0,5869.47,True,0,Non-Stop,44da61216fc8
SCR_GF_1789146179_024,2026-09-11 22:32:55,2026-09-12,1,google_flights,BOM,BLR,BOM-BLR,BOM,BLR,IndiGo,IndiGo,6E 931,9:50 AM,11:55 AM,125,2 hr 5 min,Economy,15462.0,9592.53,4514.14,650.0,705.33,0.0,5869.47,True,0,Non-Stop,e636ee753a9a
SCR_GF_1789146179_025,2026-09-11 22:32:55,2026-09-12,1,google_flights,BOM,BLR,BOM-BLR,BOM,BLR,IndiGo,IndiGo,6E 958,11:00 AM,12:55 PM,115,1 hr 55 min,Economy,15462.0,9592.53,4514.14,650.0,705.33,0.0,5869.47,True,0,Non-Stop,0bf3693c17c1
SCR_GF_1789146179_026,2026-09-11 22:32:55,2026-09-12,1,google_flights,BOM,BLR,BOM-BLR,BOM,BLR,IndiGo,IndiGo,6E 985,6:30 AM,8:25 AM,115,1 hr 55 min,Economy,16722.0,10408.53,4898.14,650.0,765.33,0.0,6313.47,True,0,Non-Stop,94f7a42b2f11
SCR_GF_1789146179_027,2026-09-11 22:32:55,2026-09-12,1,google_flights,BOM,BLR,BOM-BLR,BOM,BLR,Air India,Air India,AI 332,10:00 AM,12:05 PM,125,2 hr 5 min,Economy,17291.0,10777.03,5071.54,650.0,792.43,0.0,6513.97,True,0,Non-Stop,5445692ac3e6
SCR_GF_1789146179_028,2026-09-11 22:32:55,2026-09-12,1,google_flights,BOM,BLR,BOM-BLR,BOM,BLR,Akasa Air,Akasa Air,QP 359,12:35 AM,2:25 AM,110,1 hr 50 min,Economy,17662.0,11017.3,5184.6,650.0,810.1,0.0,6644.7,True,0,Non-Stop,95c99b7fbcd7
SCR_GF_1789146179_029,2026-09-11 22:32:55,2026-09-12,1,google_flights,BOM,BLR,BOM-BLR,BOM,BLR,Air India,Air India,AI 386,2:05 AM,4:10 AM,125,2 hr 5 min,Economy,19076.0,11933.03,5615.54,650.0,877.43,0.0,7142.97,True,0,Non-Stop,6e951738fa56
SCR_GF_1789146179_030,2026-09-11 22:32:55,2026-09-12,1,google_flights,BOM,BLR,BOM-BLR,BOM,BLR,Air India,Air India,AI 413,5:30 AM,7:35 AM,125,2 hr 5 min,Economy,19076.0,11933.03,5615.54,650.0,877.43,0.0,7142.97,True,0,Non-Stop,c0b762433942
SCR_GF_1789146179_031,2026-09-11 22:32:55,2026-09-12,1,google_flights,BOM,BLR,BOM-BLR,BOM,BLR,Air India,Air India,AI 440,12:00 PM,2:05 PM,125,2 hr 5 min,Economy,19433.0,12164.23,5724.34,650.0,894.43,0.0,7268.77,True,0,Non-Stop,82a6f5c22139
SCR_GF_1789146179_032,2026-09-11 22:32:55,2026-09-12,1,google_flights,BOM,BLR,BOM-BLR,BOM,BLR,Air India,Air India,AI 467,7:55 AM,10:05 AM,130,2 hr 10 min,Economy,26746.0,16900.27,7953.06,650.0,1242.67,0.0,9845.73,True,0,Non-Stop,9aaf67fe6b50
SCR_GF_1789146180_033,2026-09-11 22:32:55,2026-09-12,1,google_flights,BOM,BLR,BOM-BLR,BOM,BLR,IndiGo,IndiGo,6E 494,6:30,8:35,125,2 hr 5 min,Economy,8881.0,5330.55,2508.5,650.0,391.95,0.0,3550.45,True,0,Non-Stop,4b7541eb3dd4
SCR_GF_1789146180_034,2026-09-11 22:32:55,2026-09-12,1,google_flights,BOM,BLR,BOM-BLR,BOM,BLR,IndiGo,IndiGo,6E 521,6:25,8:20,115,1 hr 55 min,Economy,9175.0,5520.95,2598.1,650.0,405.95,0.0,3654.05,True,0,Non-Stop,5604697ab3e2
SCR_GF_1789146180_035,2026-09-11 22:32:55,2026-09-12,1,google_flights,BOM,BLR,BOM-BLR,BOM,BLR,IndiGo,IndiGo,6E 548,6:30,8:25,115,1 hr 55 min,Economy,9477.0,5716.53,2690.14,650.0,420.33,0.0,3760.47,True,0,Non-Stop,e79b307300f6
SCR_GF_1789146180_036,2026-09-11 22:32:55,2026-09-12,1,google_flights,BOM,BLR,BOM-BLR,BOM,BLR,IndiGo,IndiGo,6E 575,12:05,6:10,365,6 hr 5 min,Economy,7479.0,4422.59,2081.22,650.0,325.19,0.0,3056.41,False,1,1 Stop,2c1de9e448e9
SCR_GF_1789146180_037,2026-09-11 22:32:55,2026-09-12,1,google_flights,BOM,BLR,BOM-BLR,BOM,BLR,IndiGo,IndiGo,6E 602,1:45,8:10,385,6 hr 25 min,Economy,7479.0,4422.59,2081.22,650.0,325.19,0.0,3056.41,False,1,1 Stop,f809bcb33b50
SCR_GF_1789146180_038,2026-09-11 22:32:55,2026-09-12,1,google_flights,BOM,BLR,BOM-BLR,BOM,BLR,IndiGo,IndiGo,6E 629,5:10,10:50,340,5 hr 40 min,Economy,7479.0,4422.59,2081.22,650.0,325.19,0.0,3056.41,False,1,1 Stop,728d496a8a05
SCR_GF_1789146180_039,2026-09-11 22:32:55,2026-09-12,1,google_flights,BOM,BLR,BOM-BLR,BOM,BLR,IndiGo,IndiGo,6E 656,9:30,11:25,115,1 hr 55 min,Economy,8952.0,5376.53,2530.14,650.0,395.33,0.0,3575.47,True,0,Non-Stop,d194731a28cf
SCR_GF_1789146180_040,2026-09-11 22:32:55,2026-09-12,1,google_flights,BOM,BLR,BOM-BLR,BOM,BLR,IndiGo,IndiGo,6E 683,10:20,12:20,120,2 hr,Economy,8952.0,5376.53,2530.14,650.0,395.33,0.0,3575.47,True,0,Non-Stop,431051a8e393
SCR_GF_1789146180_041,2026-09-11 22:32:55,2026-09-12,1,google_flights,BOM,BLR,BOM-BLR,BOM,BLR,IndiGo,IndiGo,6E 710,9:45,11:45,120,2 hr,Economy,9934.0,6012.5,2829.4,650.0,442.1,0.0,3921.5,True,0,Non-Stop,9e4218eaadc7
SCR_GF_1789146180_042,2026-09-11 22:32:55,2026-09-12,1,google_flights,BOM,BLR,BOM-BLR,BOM,BLR,IndiGo,IndiGo,6E 737,7:45,9:50,125,2 hr 5 min,Economy,10429.0,6333.07,2980.26,650.0,465.67,0.0,4095.93,True,0,Non-Stop,3cdd4fe5621e
SCR_GF_1789146180_043,2026-09-11 22:32:55,2026-09-12,1,google_flights,BOM,BLR,BOM-BLR,BOM,BLR,IndiGo,IndiGo,6E 764,8:45,10:45,120,2 hr,Economy,10429.0,6333.07,2980.26,650.0,465.67,0.0,4095.93,True,0,Non-Stop,c940a6050347
SCR_GF_1789146180_044,2026-09-11 22:32:55,2026-09-12,1,google_flights,BOM,BLR,BOM-BLR,BOM,BLR,IndiGo,IndiGo,6E 791,11:30,1:35,125,2 hr 5 min,Economy,10429.0,6333.07,2980.26,650.0,465.67,0.0,4095.93,True,0,Non-Stop,0d46be6fe92d
SCR_GF_1789146180_045,2026-09-11 22:32:55,2026-09-12,1,google_flights,BOM,BLR,BOM-BLR,BOM,BLR,IndiGo,IndiGo,6E 818,3:25,5:35,130,2 hr 10 min,Economy,10618.0,6455.47,3037.86,650.0,474.67,0.0,4162.53,True,0,Non-Stop,30e645938efc
SCR_GF_1789146180_046,2026-09-11 22:32:55,2026-09-12,1,google_flights,BOM,BLR,BOM-BLR,BOM,BLR,IndiGo,IndiGo,6E 845,5:00,6:55,115,1 hr 55 min,Economy,10632.0,6464.53,3042.14,650.0,475.33,0.0,4167.47,True,0,Non-Stop,949425d5fd72
SCR_GF_1789146180_047,2026-09-11 22:32:55,2026-09-12,1,google_flights,BOM,BLR,BOM-BLR,BOM,BLR,IndiGo,IndiGo,6E 872,5:30,7:35,125,2 hr 5 min,Economy,10802.0,6574.63,3093.94,650.0,483.43,0.0,4227.37,True,0,Non-Stop,dd31253994a8
SCR_GF_1789146180_048,2026-09-11 22:32:55,2026-09-12,1,google_flights,BOM,BLR,BOM-BLR,BOM,BLR,IndiGo,IndiGo,6E 899,2:30,4:25,115,1 hr 55 min,Economy,11997.0,7348.53,3458.14,650.0,540.33,0.0,4648.47,True,0,Non-Stop,9f6c4ed1b70e
SCR_GF_1789146180_049,2026-09-11 22:32:55,2026-09-12,1,google_flights,BOM,BLR,BOM-BLR,BOM,BLR,IndiGo,IndiGo,6E 926,3:35,5:25,110,1 hr 50 min,Economy,12732.0,7824.53,3682.14,650.0,575.33,0.0,4907.47,True,0,Non-Stop,68c32ba23bfb
SCR_GF_1789146180_050,2026-09-11 22:32:55,2026-09-12,1,google_flights,BOM,BLR,BOM-BLR,BOM,BLR,IndiGo,IndiGo,6E 953,12:30,2:25,115,1 hr 55 min,Economy,13572.0,8368.53,3938.14,650.0,615.33,0.0,5203.47,True,0,Non-Stop,7b626e48a3cd
SCR_GF_1789146180_051,2026-09-11 22:32:55,2026-09-12,1,google_flights,BOM,BLR,BOM-BLR,BOM,BLR,IndiGo,IndiGo,6E 980,6:35,8:35,120,2 hr,Economy,14209.0,8781.07,4132.26,650.0,645.67,0.0,5427.93,True,0,Non-Stop,fbba8f408592
SCR_GF_1789146180_052,2026-09-11 22:32:55,2026-09-12,1,google_flights,BOM,BLR,BOM-BLR,BOM,BLR,IndiGo,IndiGo,6E 327,7:35,9:35,120,2 hr,Economy,14334.0,8862.02,4170.36,650.0,651.62,0.0,5471.98,True,0,Non-Stop,dc266f93cb76
SCR_GF_1789146180_053,2026-09-11 22:32:55,2026-09-12,1,google_flights,BOM,BLR,BOM-BLR,BOM,BLR,IndiGo,IndiGo,6E 354,7:40,9:45,125,2 hr 5 min,Economy,14334.0,8862.02,4170.36,650.0,651.62,0.0,5471.98,True,0,Non-Stop,97901ac31bb0
SCR_GF_1789146180_054,2026-09-11 22:32:55,2026-09-12,1,google_flights,BOM,BLR,BOM-BLR,BOM,BLR,IndiGo,IndiGo,6E 381,4:30,6:25,115,1 hr 55 min,Economy,15339.0,9512.88,4476.64,650.0,699.48,0.0,5826.12,True,0,Non-Stop,fb1ff87fc6c8
SCR_GF_1789146180_055,2026-09-11 22:32:55,2026-09-12,1,google_flights,BOM,BLR,BOM-BLR,BOM,BLR,IndiGo,IndiGo,6E 408,8:05,9:55,110,1 hr 50 min,Economy,15462.0,9592.53,4514.14,650.0,705.33,0.0,5869.47,True,0,Non-Stop,6ab553a99955
SCR_GF_1789146180_056,2026-09-11 22:32:55,2026-09-12,1,google_flights,BOM,BLR,BOM-BLR,BOM,BLR,IndiGo,IndiGo,6E 435,9:50,11:55,125,2 hr 5 min,Economy,15462.0,9592.53,4514.14,650.0,705.33,0.0,5869.47,True,0,Non-Stop,ae7410848a9d
SCR_GF_1789146180_057,2026-09-11 22:32:55,2026-09-12,1,google_flights,BOM,BLR,BOM-BLR,BOM,BLR,IndiGo,IndiGo,6E 462,11:00,12:55,115,1 hr 55 min,Economy,15462.0,9592.53,4514.14,650.0,705.33,0.0,5869.47,True,0,Non-Stop,c5ea1c1571e1
SCR_GF_1789146180_058,2026-09-11 22:32:55,2026-09-12,1,google_flights,BOM,BLR,BOM-BLR,BOM,BLR,IndiGo,IndiGo,6E 489,6:30,8:25,115,1 hr 55 min,Economy,16722.0,10408.53,4898.14,650.0,765.33,0.0,6313.47,True,0,Non-Stop,9e89464932e7
SCR_GF_1789146180_059,2026-09-11 22:32:55,2026-09-12,1,google_flights,BOM,BLR,BOM-BLR,BOM,BLR,IndiGo,IndiGo,6E 516,10:00,12:05,125,2 hr 5 min,Economy,17291.0,10777.03,5071.54,650.0,792.43,0.0,6513.97,True,0,Non-Stop,0683aa260ccb
SCR_GF_1789146180_060,2026-09-11 22:32:55,2026-09-12,1,google_flights,BOM,BLR,BOM-BLR,BOM,BLR,IndiGo,IndiGo,6E 543,12:35,2:25,110,1 hr 50 min,Economy,17662.0,11017.3,5184.6,650.0,810.1,0.0,6644.7,True,0,Non-Stop,0f9b36daa8c5
SCR_GF_1789146180_061,2026-09-11 22:32:55,2026-09-12,1,google_flights,BOM,BLR,BOM-BLR,BOM,BLR,IndiGo,IndiGo,6E 570,2:05,4:10,125,2 hr 5 min,Economy,19076.0,11933.03,5615.54,650.0,877.43,0.0,7142.97,True,0,Non-Stop,384fe6d5dfb3
SCR_GF_1789146180_062,2026-09-11 22:32:55,2026-09-12,1,google_flights,BOM,BLR,BOM-BLR,BOM,BLR,IndiGo,IndiGo,6E 597,5:30,7:35,125,2 hr 5 min,Economy,19076.0,11933.03,5615.54,650.0,877.43,0.0,7142.97,True,0,Non-Stop,38f60cb069fe
SCR_GF_1789146180_063,2026-09-11 22:32:55,2026-09-12,1,google_flights,BOM,BLR,BOM-BLR,BOM,BLR,IndiGo,IndiGo,6E 624,12:00,2:05,125,2 hr 5 min,Economy,19433.0,12164.23,5724.34,650.0,894.43,0.0,7268.77,True,0,Non-Stop,5a83e591ac83
SCR_GF_1789146180_064,2026-09-11 22:32:55,2026-09-12,1,google_flights,BOM,BLR,BOM-BLR,BOM,BLR,IndiGo,IndiGo,6E 651,7:55,10:05,130,2 hr 10 min,Economy,26746.0,16900.27,7953.06,650.0,1242.67,0.0,9845.73,True,0,Non-Stop,a0d664c70605
SCR_GF_1789146185_001,2026-09-11 22:33:00,2026-09-18,7,google_flights,BOM,BLR,BOM-BLR,BOM,BLR,IndiGo,IndiGo,6E 310,1:10 AM,3:05 AM,115,1 hr 55 min,Economy,4945.0,2781.52,1308.96,650.0,204.52,0.0,2163.48,True,0,Non-Stop,e75f1b089ceb
SCR_GF_1789146185_002,2026-09-11 22:33:00,2026-09-18,7,google_flights,BOM,BLR,BOM-BLR,BOM,BLR,IndiGo,IndiGo,6E 337,4:30 AM,6:25 AM,115,1 hr 55 min,Economy,4945.0,2781.52,1308.96,650.0,204.52,0.0,2163.48,True,0,Non-Stop,dca66fdb7b35
SCR_GF_1789146185_003,2026-09-11 22:33:00,2026-09-18,7,google_flights,BOM,BLR,BOM-BLR,BOM,BLR,Air India,Air India,AI 364,2:05 AM,4:10 AM,125,2 hr 5 min,Economy,4948.0,2783.47,1309.86,650.0,204.67,0.0,2164.53,True,0,Non-Stop,ddbbd12b4892
SCR_GF_1789146185_004,2026-09-11 22:33:00,2026-09-18,7,google_flights,BOM,BLR,BOM-BLR,BOM,BLR,Akasa Air,Akasa Air,QP 391,12:35 AM,2:25 AM,110,1 hr 50 min,Economy,5806.0,3339.12,1571.36,650.0,245.52,0.0,2466.88,True,0,Non-Stop,6ebf0ab5eb20
SCR_GF_1789146185_005,2026-09-11 22:33:00,2026-09-18,7,google_flights,BOM,BLR,BOM-BLR,BOM,BLR,Air India,Air India,AI 418,11:40 PM,1:40 AM,120,2 hr,Economy,6193.0,3589.75,1689.3,650.0,263.95,0.0,2603.25,True,0,Non-Stop,54ac41c29715
SCR_GF_1789146185_006,2026-09-11 22:33:00,2026-09-18,7,google_flights,BOM,BLR,BOM-BLR,BOM,BLR,Air India,Air India,AI 445,11:30 PM,1:35 AM,125,2 hr 5 min,Economy,6728.0,3936.23,1852.34,650.0,289.43,0.0,2791.77,True,0,Non-Stop,8df928e7f5d4
SCR_GF_1789146185_007,2026-09-11 22:33:00,2026-09-18,7,google_flights,BOM,BLR,BOM-BLR,BOM,BLR,IndiGo,IndiGo,6E 472,6:30 AM,8:25 AM,115,1 hr 55 min,Economy,6957.0,4084.53,1922.14,650.0,300.33,0.0,2872.47,True,0,Non-Stop,93dccdf2c9cb
SCR_GF_1789146185_008,2026-09-11 22:33:00,2026-09-18,7,google_flights,BOM,BLR,BOM-BLR,BOM,BLR,IndiGo,IndiGo,6E 499,11:00 AM,12:55 PM,115,1 hr 55 min,Economy,6957.0,4084.53,1922.14,650.0,300.33,0.0,2872.47,True,0,Non-Stop,1355eccad4d5
SCR_GF_1789146185_009,2026-09-11 22:33:00,2026-09-18,7,google_flights,BOM,BLR,BOM-BLR,BOM,BLR,IndiGo,IndiGo,6E 526,12:30 PM,2:25 PM,115,1 hr 55 min,Economy,6957.0,4084.53,1922.14,650.0,300.33,0.0,2872.47,True,0,Non-Stop,766cce7d9449
SCR_GF_1789146185_010,2026-09-11 22:33:00,2026-09-18,7,google_flights,BOM,BLR,BOM-BLR,BOM,BLR,IndiGo,IndiGo,6E 553,10:20 PM,12:20 AM,120,2 hr,Economy,6957.0,4084.53,1922.14,650.0,300.33,0.0,2872.47,True,0,Non-Stop,09fb7ce78cfe
SCR_GF_1789146185_011,2026-09-11 22:33:00,2026-09-18,7,google_flights,BOM,BLR,BOM-BLR,BOM,BLR,Air India,Air India,AI 580,6:35 AM,8:35 AM,120,2 hr,Economy,7117.0,4188.15,1970.9,650.0,307.95,0.0,2928.85,True,0,Non-Stop,8b68605b8f4f
SCR_GF_1789146185_012,2026-09-11 22:33:00,2026-09-18,7,google_flights,BOM,BLR,BOM-BLR,BOM,BLR,Air India,Air India,AI 607,3:25 PM,5:35 PM,130,2 hr 10 min,Economy,7117.0,4188.15,1970.9,650.0,307.95,0.0,2928.85,True,0,Non-Stop,526129614a57
SCR_GF_1789146185_013,2026-09-11 22:33:00,2026-09-18,7,google_flights,BOM,BLR,BOM-BLR,BOM,BLR,Akasa Air,Akasa Air,QP 634,11:10 PM,1:05 AM,115,1 hr 55 min,Economy,7264.0,4283.35,2015.7,650.0,314.95,0.0,2980.65,True,0,Non-Stop,d8a6869dae84
SCR_GF_1789146185_014,2026-09-11 22:33:00,2026-09-18,7,google_flights,BOM,BLR,BOM-BLR,BOM,BLR,IndiGo,IndiGo,6E 661,8:05 AM,9:55 AM,110,1 hr 50 min,Economy,7272.0,4288.53,2018.14,650.0,315.33,0.0,2983.47,True,0,Non-Stop,fa20720d38b1
SCR_GF_1789146185_015,2026-09-11 22:33:00,2026-09-18,7,google_flights,BOM,BLR,BOM-BLR,BOM,BLR,IndiGo,IndiGo,6E 688,9:50 AM,11:55 AM,125,2 hr 5 min,Economy,7272.0,4288.53,2018.14,650.0,315.33,0.0,2983.47,True,0,Non-Stop,b28ace542c2e
SCR_GF_1789146185_016,2026-09-11 22:33:00,2026-09-18,7,google_flights,BOM,BLR,BOM-BLR,BOM,BLR,IndiGo,IndiGo,6E 715,2:30 PM,4:25 PM,115,1 hr 55 min,Economy,7272.0,4288.53,2018.14,650.0,315.33,0.0,2983.47,True,0,Non-Stop,6496ae17cf56
SCR_GF_1789146185_017,2026-09-11 22:33:00,2026-09-18,7,google_flights,BOM,BLR,BOM-BLR,BOM,BLR,IndiGo,IndiGo,6E 742,3:35 PM,5:25 PM,110,1 hr 50 min,Economy,7272.0,4288.53,2018.14,650.0,315.33,0.0,2983.47,True,0,Non-Stop,d27db9bb5fe1
SCR_GF_1789146185_018,2026-09-11 22:33:00,2026-09-18,7,google_flights,BOM,BLR,BOM-BLR,BOM,BLR,Air India,Air India,AI 769,10:00 AM,12:05 PM,125,2 hr 5 min,Economy,7353.0,4340.99,2042.82,650.0,319.19,0.0,3012.01,True,0,Non-Stop,91118620fc20
SCR_GF_1789146185_019,2026-09-11 22:33:00,2026-09-18,7,google_flights,BOM,BLR,BOM-BLR,BOM,BLR,Air India,Air India,AI 796,12:00 PM,2:05 PM,125,2 hr 5 min,Economy,7432.0,4392.15,2066.9,650.0,322.95,0.0,3039.85,True,0,Non-Stop,8158f2befd45
SCR_GF_1789146185_020,2026-09-11 22:33:00,2026-09-18,7,google_flights,BOM,BLR,BOM-BLR,BOM,BLR,Air India,Air India,AI 823,7:55 AM,10:05 AM,130,2 hr 10 min,Economy,7468.0,4415.47,2077.86,650.0,324.67,0.0,3052.53,True,0,Non-Stop,6296bd92686d
SCR_GF_1789146185_021,2026-09-11 22:33:00,2026-09-18,7,google_flights,BOM,BLR,BOM-BLR,BOM,BLR,IndiGo,IndiGo,6E 850,9:30 PM,11:25 PM,115,1 hr 55 min,Economy,7587.0,4492.53,2114.14,650.0,330.33,0.0,3094.47,True,0,Non-Stop,1b7eab19b2ec
SCR_GF_1789146185_022,2026-09-11 22:33:00,2026-09-18,7,google_flights,BOM,BLR,BOM-BLR,BOM,BLR,Air India,Air India,AI 877,5:30 PM,7:35 PM,125,2 hr 5 min,Economy,7678.0,4551.47,2141.86,650.0,334.67,0.0,3126.53,True,0,Non-Stop,bc8b17d00df5
SCR_GF_1789146185_023,2026-09-11 22:33:00,2026-09-18,7,google_flights,BOM,BLR,BOM-BLR,BOM,BLR,Akasa Air,Akasa Air,QP 904,9:45 PM,11:45 PM,120,2 hr,Economy,7845.0,4659.62,2192.76,650.0,342.62,0.0,3185.38,True,0,Non-Stop,a12aa4fa1738
SCR_GF_1789146185_024,2026-09-11 22:33:00,2026-09-18,7,google_flights,BOM,BLR,BOM-BLR,BOM,BLR,IndiGo,IndiGo,6E 931,5:00 PM,6:55 PM,115,1 hr 55 min,Economy,8007.0,4764.53,2242.14,650.0,350.33,0.0,3242.47,True,0,Non-Stop,6d6723c06f19
SCR_GF_1789146185_025,2026-09-11 22:33:00,2026-09-18,7,google_flights,BOM,BLR,BOM-BLR,BOM,BLR,Akasa Air,Akasa Air,QP 958,7:35 AM,9:35 AM,120,2 hr,Economy,8819.0,5290.4,2489.6,650.0,389.0,0.0,3528.6,True,0,Non-Stop,d1c596c65c47
SCR_GF_1789146185_026,2026-09-11 22:33:00,2026-09-18,7,google_flights,BOM,BLR,BOM-BLR,BOM,BLR,Air India,Air India,AI 985,7:45 PM,9:50 PM,125,2 hr 5 min,Economy,8954.0,5377.83,2530.74,650.0,395.43,0.0,3576.17,True,0,Non-Stop,1faacbefb7a2
SCR_GF_1789146185_027,2026-09-11 22:33:00,2026-09-18,7,google_flights,BOM,BLR,BOM-BLR,BOM,BLR,Air India,Air India,AI 332,8:45 PM,10:45 PM,120,2 hr,Economy,8954.0,5377.83,2530.74,650.0,395.43,0.0,3576.17,True,0,Non-Stop,71a9a7ce6ace
SCR_GF_1789146185_028,2026-09-11 22:33:00,2026-09-18,7,google_flights,BOM,BLR,BOM-BLR,BOM,BLR,IndiGo,IndiGo,6E 359,6:30 PM,8:25 PM,115,1 hr 55 min,Economy,9477.0,5716.53,2690.14,650.0,420.33,0.0,3760.47,True,0,Non-Stop,85d8bb141f64
SCR_GF_1789146185_029,2026-09-11 22:33:00,2026-09-18,7,google_flights,BOM,BLR,BOM-BLR,BOM,BLR,IndiGo,IndiGo,6E 386,7:55 PM,9:45 PM,110,1 hr 50 min,Economy,9477.0,5716.53,2690.14,650.0,420.33,0.0,3760.47,True,0,Non-Stop,750da97d1b79
SCR_GF_1789146185_030,2026-09-11 22:33:00,2026-09-18,7,google_flights,BOM,BLR,BOM-BLR,BOM,BLR,Akasa Air,Akasa Air,QP 413,6:25 PM,8:20 PM,115,1 hr 55 min,Economy,10341.0,6276.08,2953.44,650.0,461.48,0.0,4064.92,True,0,Non-Stop,c8be25bb8cef
SCR_GF_1789146185_031,2026-09-11 22:33:00,2026-09-18,7,google_flights,BOM,BLR,BOM-BLR,BOM,BLR,Akasa Air,Akasa Air,QP 440,7:40 PM,9:45 PM,125,2 hr 5 min,Economy,10765.0,6550.67,3082.66,650.0,481.67,0.0,4214.33,True,0,Non-Stop,70f9092e3fc3
SCR_GF_1789146185_032,2026-09-11 22:33:00,2026-09-18,7,google_flights,BOM,BLR,BOM-BLR,BOM,BLR,Air India,Air India,AI 467,6:30 PM,8:35 PM,125,2 hr 5 min,Economy,10986.0,6693.79,3150.02,650.0,492.19,0.0,4292.21,True,0,Non-Stop,450b1d0e9664
SCR_GF_1789146185_033,2026-09-11 22:33:00,2026-09-18,7,google_flights,BOM,BLR,BOM-BLR,BOM,BLR,IndiGo,IndiGo,6E 494,1:10,3:05,115,1 hr 55 min,Economy,4945.0,2781.52,1308.96,650.0,204.52,0.0,2163.48,True,0,Non-Stop,74cbfe7e2c65
SCR_GF_1789146185_034,2026-09-11 22:33:00,2026-09-18,7,google_flights,BOM,BLR,BOM-BLR,BOM,BLR,IndiGo,IndiGo,6E 521,4:30,6:25,115,1 hr 55 min,Economy,4945.0,2781.52,1308.96,650.0,204.52,0.0,2163.48,True,0,Non-Stop,b7a5c1367656
SCR_GF_1789146185_035,2026-09-11 22:33:00,2026-09-18,7,google_flights,BOM,BLR,BOM-BLR,BOM,BLR,IndiGo,IndiGo,6E 548,2:05,4:10,125,2 hr 5 min,Economy,4948.0,2783.47,1309.86,650.0,204.67,0.0,2164.53,True,0,Non-Stop,e5a70043157f
SCR_GF_1789146185_036,2026-09-11 22:33:00,2026-09-18,7,google_flights,BOM,BLR,BOM-BLR,BOM,BLR,IndiGo,IndiGo,6E 575,12:35,2:25,110,1 hr 50 min,Economy,5806.0,3339.12,1571.36,650.0,245.52,0.0,2466.88,True,0,Non-Stop,ed61bb5f2483
SCR_GF_1789146185_037,2026-09-11 22:33:00,2026-09-18,7,google_flights,BOM,BLR,BOM-BLR,BOM,BLR,IndiGo,IndiGo,6E 602,11:40,1:40,120,2 hr,Economy,6193.0,3589.75,1689.3,650.0,263.95,0.0,2603.25,True,0,Non-Stop,643ef93ba217
SCR_GF_1789146185_038,2026-09-11 22:33:00,2026-09-18,7,google_flights,BOM,BLR,BOM-BLR,BOM,BLR,IndiGo,IndiGo,6E 629,11:30,1:35,125,2 hr 5 min,Economy,6728.0,3936.23,1852.34,650.0,289.43,0.0,2791.77,True,0,Non-Stop,750f6408974b
SCR_GF_1789146185_039,2026-09-11 22:33:00,2026-09-18,7,google_flights,BOM,BLR,BOM-BLR,BOM,BLR,IndiGo,IndiGo,6E 656,6:30,8:25,115,1 hr 55 min,Economy,6957.0,4084.53,1922.14,650.0,300.33,0.0,2872.47,True,0,Non-Stop,fc809737e070
SCR_GF_1789146185_040,2026-09-11 22:33:00,2026-09-18,7,google_flights,BOM,BLR,BOM-BLR,BOM,BLR,IndiGo,IndiGo,6E 683,11:00,12:55,115,1 hr 55 min,Economy,6957.0,4084.53,1922.14,650.0,300.33,0.0,2872.47,True,0,Non-Stop,a48aedc81440
SCR_GF_1789146185_041,2026-09-11 22:33:00,2026-09-18,7,google_flights,BOM,BLR,BOM-BLR,BOM,BLR,IndiGo,IndiGo,6E 710,12:30,2:25,115,1 hr 55 min,Economy,6957.0,4084.53,1922.14,650.0,300.33,0.0,2872.47,True,0,Non-Stop,6318e69a6aa2
SCR_GF_1789146185_042,2026-09-11 22:33:00,2026-09-18,7,google_flights,BOM,BLR,BOM-BLR,BOM,BLR,IndiGo,IndiGo,6E 737,10:20,12:20,120,2 hr,Economy,6957.0,4084.53,1922.14,650.0,300.33,0.0,2872.47,True,0,Non-Stop,9cea4dc91e07
SCR_GF_1789146185_043,2026-09-11 22:33:00,2026-09-18,7,google_flights,BOM,BLR,BOM-BLR,BOM,BLR,IndiGo,IndiGo,6E 764,6:35,8:35,120,2 hr,Economy,7117.0,4188.15,1970.9,650.0,307.95,0.0,2928.85,True,0,Non-Stop,47d77ed0f42d
SCR_GF_1789146185_044,2026-09-11 22:33:00,2026-09-18,7,google_flights,BOM,BLR,BOM-BLR,BOM,BLR,IndiGo,IndiGo,6E 791,3:25,5:35,130,2 hr 10 min,Economy,7117.0,4188.15,1970.9,650.0,307.95,0.0,2928.85,True,0,Non-Stop,5e3336e92cb9
SCR_GF_1789146185_045,2026-09-11 22:33:00,2026-09-18,7,google_flights,BOM,BLR,BOM-BLR,BOM,BLR,IndiGo,IndiGo,6E 818,11:10,1:05,115,1 hr 55 min,Economy,7264.0,4283.35,2015.7,650.0,314.95,0.0,2980.65,True,0,Non-Stop,05a2484441ba
SCR_GF_1789146185_046,2026-09-11 22:33:00,2026-09-18,7,google_flights,BOM,BLR,BOM-BLR,BOM,BLR,IndiGo,IndiGo,6E 845,8:05,9:55,110,1 hr 50 min,Economy,7272.0,4288.53,2018.14,650.0,315.33,0.0,2983.47,True,0,Non-Stop,3a5d96e428a8
SCR_GF_1789146185_047,2026-09-11 22:33:00,2026-09-18,7,google_flights,BOM,BLR,BOM-BLR,BOM,BLR,IndiGo,IndiGo,6E 872,9:50,11:55,125,2 hr 5 min,Economy,7272.0,4288.53,2018.14,650.0,315.33,0.0,2983.47,True,0,Non-Stop,93c56fe050de
SCR_GF_1789146185_048,2026-09-11 22:33:00,2026-09-18,7,google_flights,BOM,BLR,BOM-BLR,BOM,BLR,IndiGo,IndiGo,6E 899,2:30,4:25,115,1 hr 55 min,Economy,7272.0,4288.53,2018.14,650.0,315.33,0.0,2983.47,True,0,Non-Stop,0f435439e0de
SCR_GF_1789146185_049,2026-09-11 22:33:00,2026-09-18,7,google_flights,BOM,BLR,BOM-BLR,BOM,BLR,IndiGo,IndiGo,6E 926,3:35,5:25,110,1 hr 50 min,Economy,7272.0,4288.53,2018.14,650.0,315.33,0.0,2983.47,True,0,Non-Stop,ffe1fae45001
SCR_GF_1789146185_050,2026-09-11 22:33:00,2026-09-18,7,google_flights,BOM,BLR,BOM-BLR,BOM,BLR,IndiGo,IndiGo,6E 953,10:00,12:05,125,2 hr 5 min,Economy,7353.0,4340.99,2042.82,650.0,319.19,0.0,3012.01,True,0,Non-Stop,3336969209ac
SCR_GF_1789146185_051,2026-09-11 22:33:00,2026-09-18,7,google_flights,BOM,BLR,BOM-BLR,BOM,BLR,IndiGo,IndiGo,6E 980,12:00,2:05,125,2 hr 5 min,Economy,7432.0,4392.15,2066.9,650.0,322.95,0.0,3039.85,True,0,Non-Stop,c013ba61d7f1
SCR_GF_1789146186_052,2026-09-11 22:33:00,2026-09-18,7,google_flights,BOM,BLR,BOM-BLR,BOM,BLR,IndiGo,IndiGo,6E 327,7:55,10:05,130,2 hr 10 min,Economy,7468.0,4415.47,2077.86,650.0,324.67,0.0,3052.53,True,0,Non-Stop,3d100213e347
SCR_GF_1789146186_053,2026-09-11 22:33:00,2026-09-18,7,google_flights,BOM,BLR,BOM-BLR,BOM,BLR,IndiGo,IndiGo,6E 354,9:30,11:25,115,1 hr 55 min,Economy,7587.0,4492.53,2114.14,650.0,330.33,0.0,3094.47,True,0,Non-Stop,732b19c4bd70
SCR_GF_1789146186_054,2026-09-11 22:33:00,2026-09-18,7,google_flights,BOM,BLR,BOM-BLR,BOM,BLR,IndiGo,IndiGo,6E 381,5:30,7:35,125,2 hr 5 min,Economy,7678.0,4551.47,2141.86,650.0,334.67,0.0,3126.53,True,0,Non-Stop,2a59d44f9033
SCR_GF_1789146186_055,2026-09-11 22:33:00,2026-09-18,7,google_flights,BOM,BLR,BOM-BLR,BOM,BLR,IndiGo,IndiGo,6E 408,9:45,11:45,120,2 hr,Economy,7845.0,4659.62,2192.76,650.0,342.62,0.0,3185.38,True,0,Non-Stop,dc45784e4ddd
SCR_GF_1789146186_056,2026-09-11 22:33:00,2026-09-18,7,google_flights,BOM,BLR,BOM-BLR,BOM,BLR,IndiGo,IndiGo,6E 435,5:00,6:55,115,1 hr 55 min,Economy,8007.0,4764.53,2242.14,650.0,350.33,0.0,3242.47,True,0,Non-Stop,d36f6d1d934b
SCR_GF_1789146186_057,2026-09-11 22:33:00,2026-09-18,7,google_flights,BOM,BLR,BOM-BLR,BOM,BLR,IndiGo,IndiGo,6E 462,7:35,9:35,120,2 hr,Economy,8819.0,5290.4,2489.6,650.0,389.0,0.0,3528.6,True,0,Non-Stop,4c178fe7ed8b
SCR_GF_1789146186_058,2026-09-11 22:33:00,2026-09-18,7,google_flights,BOM,BLR,BOM-BLR,BOM,BLR,IndiGo,IndiGo,6E 489,7:45,9:50,125,2 hr 5 min,Economy,8954.0,5377.83,2530.74,650.0,395.43,0.0,3576.17,True,0,Non-Stop,1a2dc982630d
SCR_GF_1789146186_059,2026-09-11 22:33:00,2026-09-18,7,google_flights,BOM,BLR,BOM-BLR,BOM,BLR,IndiGo,IndiGo,6E 516,8:45,10:45,120,2 hr,Economy,8954.0,5377.83,2530.74,650.0,395.43,0.0,3576.17,True,0,Non-Stop,b6e6154f3a95
SCR_GF_1789146186_060,2026-09-11 22:33:00,2026-09-18,7,google_flights,BOM,BLR,BOM-BLR,BOM,BLR,IndiGo,IndiGo,6E 543,6:30,8:25,115,1 hr 55 min,Economy,9477.0,5716.53,2690.14,650.0,420.33,0.0,3760.47,True,0,Non-Stop,cde97b70b0a7
SCR_GF_1789146186_061,2026-09-11 22:33:00,2026-09-18,7,google_flights,BOM,BLR,BOM-BLR,BOM,BLR,IndiGo,IndiGo,6E 570,7:55,9:45,110,1 hr 50 min,Economy,9477.0,5716.53,2690.14,650.0,420.33,0.0,3760.47,True,0,Non-Stop,1b680db601de
SCR_GF_1789146186_062,2026-09-11 22:33:00,2026-09-18,7,google_flights,BOM,BLR,BOM-BLR,BOM,BLR,IndiGo,IndiGo,6E 597,6:25,8:20,115,1 hr 55 min,Economy,10341.0,6276.08,2953.44,650.0,461.48,0.0,4064.92,True,0,Non-Stop,4a19ffefd6aa
SCR_GF_1789146186_063,2026-09-11 22:33:00,2026-09-18,7,google_flights,BOM,BLR,BOM-BLR,BOM,BLR,IndiGo,IndiGo,6E 624,7:40,9:45,125,2 hr 5 min,Economy,10765.0,6550.67,3082.66,650.0,481.67,0.0,4214.33,True,0,Non-Stop,dcbf9ce30d41
SCR_GF_1789146186_064,2026-09-11 22:33:00,2026-09-18,7,google_flights,BOM,BLR,BOM-BLR,BOM,BLR,IndiGo,IndiGo,6E 651,6:30,8:35,125,2 hr 5 min,Economy,10986.0,6693.79,3150.02,650.0,492.19,0.0,4292.21,True,0,Non-Stop,7e462bcfadad
SCR_GF_1789146190_001,2026-09-11 22:33:06,2026-10-11,30,google_flights,BOM,BLR,BOM-BLR,BOM,BLR,IndiGo,IndiGo,6E 310,1:10 AM,3:05 AM,115,1 hr 55 min,Economy,4945.0,2781.52,1308.96,650.0,204.52,0.0,2163.48,True,0,Non-Stop,954282f2f2d6
SCR_GF_1789146190_002,2026-09-11 22:33:06,2026-10-11,30,google_flights,BOM,BLR,BOM-BLR,BOM,BLR,IndiGo,IndiGo,6E 337,4:30 AM,6:25 AM,115,1 hr 55 min,Economy,4945.0,2781.52,1308.96,650.0,204.52,0.0,2163.48,True,0,Non-Stop,618513995583
SCR_GF_1789146190_003,2026-09-11 22:33:06,2026-10-11,30,google_flights,BOM,BLR,BOM-BLR,BOM,BLR,Air India,Air India,AI 364,2:05 AM,4:10 AM,125,2 hr 5 min,Economy,5101.0,2882.55,1356.5,650.0,211.95,0.0,2218.45,True,0,Non-Stop,1adffaff040a
SCR_GF_1789146190_004,2026-09-11 22:33:06,2026-10-11,30,google_flights,BOM,BLR,BOM-BLR,BOM,BLR,Air India,Air India,AI 391,11:30 PM,1:35 AM,125,2 hr 5 min,Economy,5484.0,3130.59,1473.22,650.0,230.19,0.0,2353.41,True,0,Non-Stop,ce279f81958b
SCR_GF_1789146190_005,2026-09-11 22:33:06,2026-10-11,30,google_flights,BOM,BLR,BOM-BLR,BOM,BLR,Akasa Air,Akasa Air,QP 418,9:45 PM,11:35 PM,110,1 hr 50 min,Economy,5806.0,3339.12,1571.36,650.0,245.52,0.0,2466.88,True,0,Non-Stop,cec19bfc302a
SCR_GF_1789146190_006,2026-09-11 22:33:06,2026-10-11,30,google_flights,BOM,BLR,BOM-BLR,BOM,BLR,Akasa Air,Akasa Air,QP 445,12:40 AM,2:35 AM,115,1 hr 55 min,Economy,5806.0,3339.12,1571.36,650.0,245.52,0.0,2466.88,True,0,Non-Stop,d9a0c20e3071
SCR_GF_1789146190_007,2026-09-11 22:33:06,2026-10-11,30,google_flights,BOM,BLR,BOM-BLR,BOM,BLR,IndiGo,IndiGo,6E 472,6:15 AM,8:00 AM,105,1 hr 45 min,Economy,6957.0,4084.53,1922.14,650.0,300.33,0.0,2872.47,True,0,Non-Stop,91c591c3f8d6
SCR_GF_1789146190_008,2026-09-11 22:33:06,2026-10-11,30,google_flights,BOM,BLR,BOM-BLR,BOM,BLR,IndiGo,IndiGo,6E 499,7:45 AM,9:45 AM,120,2 hr,Economy,6957.0,4084.53,1922.14,650.0,300.33,0.0,2872.47,True,0,Non-Stop,084af5df79c9
SCR_GF_1789146190_009,2026-09-11 22:33:06,2026-10-11,30,google_flights,BOM,BLR,BOM-BLR,BOM,BLR,IndiGo,IndiGo,6E 526,10:20 PM,12:20 AM,120,2 hr,Economy,6957.0,4084.53,1922.14,650.0,300.33,0.0,2872.47,True,0,Non-Stop,0b1565504a96
SCR_GF_1789146190_010,2026-09-11 22:33:06,2026-10-11,30,google_flights,BOM,BLR,BOM-BLR,BOM,BLR,Akasa Air,Akasa Air,QP 553,8:05 PM,9:45 PM,100,1 hr 40 min,Economy,6994.0,4108.5,1933.4,650.0,302.1,0.0,2885.5,True,0,Non-Stop,4e8a988d8400
SCR_GF_1789146190_011,2026-09-11 22:33:06,2026-10-11,30,google_flights,BOM,BLR,BOM-BLR,BOM,BLR,Air India,Air India,AI 580,6:35 AM,8:35 AM,120,2 hr,Economy,7132.0,4197.87,1975.46,650.0,308.67,0.0,2934.13,True,0,Non-Stop,c9026e3d1365
SCR_GF_1789146190_012,2026-09-11 22:33:06,2026-10-11,30,google_flights,BOM,BLR,BOM-BLR,BOM,BLR,IndiGo,IndiGo,6E 607,9:50 AM,11:55 AM,125,2 hr 5 min,Economy,7272.0,4288.53,2018.14,650.0,315.33,0.0,2983.47,True,0,Non-Stop,b0f0267f0fec
SCR_GF_1789146190_013,2026-09-11 22:33:06,2026-10-11,30,google_flights,BOM,BLR,BOM-BLR,BOM,BLR,IndiGo,IndiGo,6E 634,3:35 PM,5:25 PM,110,1 hr 50 min,Economy,7272.0,4288.53,2018.14,650.0,315.33,0.0,2983.47,True,0,Non-Stop,137a69d2c9f1
SCR_GF_1789146190_014,2026-09-11 22:33:06,2026-10-11,30,google_flights,BOM,BLR,BOM-BLR,BOM,BLR,Air India,Air India,AI 661,3:25 PM,5:35 PM,130,2 hr 10 min,Economy,7374.0,4354.59,2049.22,650.0,320.19,0.0,3019.41,True,0,Non-Stop,792e8947c9f2
SCR_GF_1789146190_015,2026-09-11 22:33:06,2026-10-11,30,google_flights,BOM,BLR,BOM-BLR,BOM,BLR,Air India,Air India,AI 688,7:55 AM,10:05 AM,130,2 hr 10 min,Economy,7489.0,4429.07,2084.26,650.0,325.67,0.0,3059.93,True,0,Non-Stop,66f307225873
SCR_GF_1789146190_016,2026-09-11 22:33:06,2026-10-11,30,google_flights,BOM,BLR,BOM-BLR,BOM,BLR,IndiGo,IndiGo,6E 715,11:00 AM,12:55 PM,115,1 hr 55 min,Economy,7587.0,4492.53,2114.14,650.0,330.33,0.0,3094.47,True,0,Non-Stop,138689b6f1dd
SCR_GF_1789146190_017,2026-09-11 22:33:06,2026-10-11,30,google_flights,BOM,BLR,BOM-BLR,BOM,BLR,IndiGo,IndiGo,6E 742,12:30 PM,2:25 PM,115,1 hr 55 min,Economy,7587.0,4492.53,2114.14,650.0,330.33,0.0,3094.47,True,0,Non-Stop,80fb928bb3c1
SCR_GF_1789146190_018,2026-09-11 22:33:06,2026-10-11,30,google_flights,BOM,BLR,BOM-BLR,BOM,BLR,IndiGo,IndiGo,6E 769,2:30 PM,4:25 PM,115,1 hr 55 min,Economy,7587.0,4492.53,2114.14,650.0,330.33,0.0,3094.47,True,0,Non-Stop,51c5df8e0d73
SCR_GF_1789146190_019,2026-09-11 22:33:06,2026-10-11,30,google_flights,BOM,BLR,BOM-BLR,BOM,BLR,IndiGo,IndiGo,6E 796,5:00 PM,6:55 PM,115,1 hr 55 min,Economy,7587.0,4492.53,2114.14,650.0,330.33,0.0,3094.47,True,0,Non-Stop,5b7272d19499
SCR_GF_1789146190_020,2026-09-11 22:33:06,2026-10-11,30,google_flights,BOM,BLR,BOM-BLR,BOM,BLR,IndiGo,IndiGo,6E 823,6:30 PM,8:15 PM,105,1 hr 45 min,Economy,7587.0,4492.53,2114.14,650.0,330.33,0.0,3094.47,True,0,Non-Stop,785177c03553
SCR_GF_1789146190_021,2026-09-11 22:33:06,2026-10-11,30,google_flights,BOM,BLR,BOM-BLR,BOM,BLR,IndiGo,IndiGo,6E 850,7:50 PM,9:45 PM,115,1 hr 55 min,Economy,7587.0,4492.53,2114.14,650.0,330.33,0.0,3094.47,True,0,Non-Stop,c889cfc9b209
SCR_GF_1789146190_022,2026-09-11 22:33:06,2026-10-11,30,google_flights,BOM,BLR,BOM-BLR,BOM,BLR,IndiGo,IndiGo,6E 877,9:30 PM,11:25 PM,115,1 hr 55 min,Economy,7587.0,4492.53,2114.14,650.0,330.33,0.0,3094.47,True,0,Non-Stop,8aeac97f5793
SCR_GF_1789146190_023,2026-09-11 22:33:06,2026-10-11,30,google_flights,BOM,BLR,BOM-BLR,BOM,BLR,Air India,Air India,AI 904,10:00 AM,12:05 PM,125,2 hr 5 min,Economy,7773.0,4612.99,2170.82,650.0,339.19,0.0,3160.01,True,0,Non-Stop,fe43ecbf1f0b
SCR_GF_1789146190_024,2026-09-11 22:33:06,2026-10-11,30,google_flights,BOM,BLR,BOM-BLR,BOM,BLR,Air India,Air India,AI 931,7:45 PM,9:50 PM,125,2 hr 5 min,Economy,7946.0,4725.03,2223.54,650.0,347.43,0.0,3220.97,True,0,Non-Stop,633736b438e8
SCR_GF_1789146190_025,2026-09-11 22:33:06,2026-10-11,30,google_flights,BOM,BLR,BOM-BLR,BOM,BLR,Air India,Air India,AI 958,8:45 PM,10:45 PM,120,2 hr,Economy,7946.0,4725.03,2223.54,650.0,347.43,0.0,3220.97,True,0,Non-Stop,b670925f6840
SCR_GF_1789146190_026,2026-09-11 22:33:06,2026-10-11,30,google_flights,BOM,BLR,BOM-BLR,BOM,BLR,Air India,Air India,AI 985,12:00 PM,2:05 PM,125,2 hr 5 min,Economy,8083.0,4813.75,2265.3,650.0,353.95,0.0,3269.25,True,0,Non-Stop,86a6f9e26010
SCR_GF_1789146190_027,2026-09-11 22:33:06,2026-10-11,30,google_flights,BOM,BLR,BOM-BLR,BOM,BLR,Air India,Air India,AI 332,5:30 PM,7:35 PM,125,2 hr 5 min,Economy,8219.0,4901.83,2306.74,650.0,360.43,0.0,3317.17,True,0,Non-Stop,58714e9b19af
SCR_GF_1789146190_028,2026-09-11 22:33:06,2026-10-11,30,google_flights,BOM,BLR,BOM-BLR,BOM,BLR,Air India,Air India,AI 359,6:30 PM,8:35 PM,125,2 hr 5 min,Economy,8219.0,4901.83,2306.74,650.0,360.43,0.0,3317.17,True,0,Non-Stop,aecc42244eb3
SCR_GF_1789146190_029,2026-09-11 22:33:06,2026-10-11,30,google_flights,BOM,BLR,BOM-BLR,BOM,BLR,IndiGo,IndiGo,6E 386,1:10,3:05,115,1 hr 55 min,Economy,4945.0,2781.52,1308.96,650.0,204.52,0.0,2163.48,True,0,Non-Stop,8ff42e3b6a5a
SCR_GF_1789146190_030,2026-09-11 22:33:06,2026-10-11,30,google_flights,BOM,BLR,BOM-BLR,BOM,BLR,IndiGo,IndiGo,6E 413,4:30,6:25,115,1 hr 55 min,Economy,4945.0,2781.52,1308.96,650.0,204.52,0.0,2163.48,True,0,Non-Stop,8597ad48bde8
SCR_GF_1789146190_031,2026-09-11 22:33:06,2026-10-11,30,google_flights,BOM,BLR,BOM-BLR,BOM,BLR,IndiGo,IndiGo,6E 440,2:05,4:10,125,2 hr 5 min,Economy,5101.0,2882.55,1356.5,650.0,211.95,0.0,2218.45,True,0,Non-Stop,fd136425721f
SCR_GF_1789146190_032,2026-09-11 22:33:06,2026-10-11,30,google_flights,BOM,BLR,BOM-BLR,BOM,BLR,IndiGo,IndiGo,6E 467,11:30,1:35,125,2 hr 5 min,Economy,5484.0,3130.59,1473.22,650.0,230.19,0.0,2353.41,True,0,Non-Stop,cdd8ec673a68
SCR_GF_1789146190_033,2026-09-11 22:33:06,2026-10-11,30,google_flights,BOM,BLR,BOM-BLR,BOM,BLR,IndiGo,IndiGo,6E 494,9:45,11:35,110,1 hr 50 min,Economy,5806.0,3339.12,1571.36,650.0,245.52,0.0,2466.88,True,0,Non-Stop,7917d186ae01
SCR_GF_1789146190_034,2026-09-11 22:33:06,2026-10-11,30,google_flights,BOM,BLR,BOM-BLR,BOM,BLR,IndiGo,IndiGo,6E 521,12:40,2:35,115,1 hr 55 min,Economy,5806.0,3339.12,1571.36,650.0,245.52,0.0,2466.88,True,0,Non-Stop,1f83a20f2f07
SCR_GF_1789146190_035,2026-09-11 22:33:06,2026-10-11,30,google_flights,BOM,BLR,BOM-BLR,BOM,BLR,IndiGo,IndiGo,6E 548,6:15,8:00,105,1 hr 45 min,Economy,6957.0,4084.53,1922.14,650.0,300.33,0.0,2872.47,True,0,Non-Stop,0b7e4bc403ac
SCR_GF_1789146190_036,2026-09-11 22:33:06,2026-10-11,30,google_flights,BOM,BLR,BOM-BLR,BOM,BLR,IndiGo,IndiGo,6E 575,7:45,9:45,120,2 hr,Economy,6957.0,4084.53,1922.14,650.0,300.33,0.0,2872.47,True,0,Non-Stop,8e58217f078e
SCR_GF_1789146190_037,2026-09-11 22:33:06,2026-10-11,30,google_flights,BOM,BLR,BOM-BLR,BOM,BLR,IndiGo,IndiGo,6E 602,10:20,12:20,120,2 hr,Economy,6957.0,4084.53,1922.14,650.0,300.33,0.0,2872.47,True,0,Non-Stop,01f2cdac9542
SCR_GF_1789146190_038,2026-09-11 22:33:06,2026-10-11,30,google_flights,BOM,BLR,BOM-BLR,BOM,BLR,IndiGo,IndiGo,6E 629,8:05,9:45,100,1 hr 40 min,Economy,6994.0,4108.5,1933.4,650.0,302.1,0.0,2885.5,True,0,Non-Stop,06ea3bb19900
SCR_GF_1789146190_039,2026-09-11 22:33:06,2026-10-11,30,google_flights,BOM,BLR,BOM-BLR,BOM,BLR,IndiGo,IndiGo,6E 656,6:35,8:35,120,2 hr,Economy,7132.0,4197.87,1975.46,650.0,308.67,0.0,2934.13,True,0,Non-Stop,4b9104ae7374
SCR_GF_1789146190_040,2026-09-11 22:33:06,2026-10-11,30,google_flights,BOM,BLR,BOM-BLR,BOM,BLR,IndiGo,IndiGo,6E 683,9:50,11:55,125,2 hr 5 min,Economy,7272.0,4288.53,2018.14,650.0,315.33,0.0,2983.47,True,0,Non-Stop,9364bda5e90e
SCR_GF_1789146190_041,2026-09-11 22:33:06,2026-10-11,30,google_flights,BOM,BLR,BOM-BLR,BOM,BLR,IndiGo,IndiGo,6E 710,3:35,5:25,110,1 hr 50 min,Economy,7272.0,4288.53,2018.14,650.0,315.33,0.0,2983.47,True,0,Non-Stop,8cdd1998dbb4
SCR_GF_1789146190_042,2026-09-11 22:33:06,2026-10-11,30,google_flights,BOM,BLR,BOM-BLR,BOM,BLR,IndiGo,IndiGo,6E 737,3:25,5:35,130,2 hr 10 min,Economy,7374.0,4354.59,2049.22,650.0,320.19,0.0,3019.41,True,0,Non-Stop,ae1e9c6451ef
SCR_GF_1789146190_043,2026-09-11 22:33:06,2026-10-11,30,google_flights,BOM,BLR,BOM-BLR,BOM,BLR,IndiGo,IndiGo,6E 764,7:55,10:05,130,2 hr 10 min,Economy,7489.0,4429.07,2084.26,650.0,325.67,0.0,3059.93,True,0,Non-Stop,eabc878a5f1e
SCR_GF_1789146190_044,2026-09-11 22:33:06,2026-10-11,30,google_flights,BOM,BLR,BOM-BLR,BOM,BLR,IndiGo,IndiGo,6E 791,11:00,12:55,115,1 hr 55 min,Economy,7587.0,4492.53,2114.14,650.0,330.33,0.0,3094.47,True,0,Non-Stop,d886586cb422
SCR_GF_1789146190_045,2026-09-11 22:33:06,2026-10-11,30,google_flights,BOM,BLR,BOM-BLR,BOM,BLR,IndiGo,IndiGo,6E 818,12:30,2:25,115,1 hr 55 min,Economy,7587.0,4492.53,2114.14,650.0,330.33,0.0,3094.47,True,0,Non-Stop,9c8b5df28566
SCR_GF_1789146191_046,2026-09-11 22:33:06,2026-10-11,30,google_flights,BOM,BLR,BOM-BLR,BOM,BLR,IndiGo,IndiGo,6E 845,2:30,4:25,115,1 hr 55 min,Economy,7587.0,4492.53,2114.14,650.0,330.33,0.0,3094.47,True,0,Non-Stop,3f1ea1df33d9
SCR_GF_1789146191_047,2026-09-11 22:33:06,2026-10-11,30,google_flights,BOM,BLR,BOM-BLR,BOM,BLR,IndiGo,IndiGo,6E 872,5:00,6:55,115,1 hr 55 min,Economy,7587.0,4492.53,2114.14,650.0,330.33,0.0,3094.47,True,0,Non-Stop,72f045adabfb
SCR_GF_1789146191_048,2026-09-11 22:33:06,2026-10-11,30,google_flights,BOM,BLR,BOM-BLR,BOM,BLR,IndiGo,IndiGo,6E 899,6:30,8:15,105,1 hr 45 min,Economy,7587.0,4492.53,2114.14,650.0,330.33,0.0,3094.47,True,0,Non-Stop,096097ef90ed
SCR_GF_1789146191_049,2026-09-11 22:33:06,2026-10-11,30,google_flights,BOM,BLR,BOM-BLR,BOM,BLR,IndiGo,IndiGo,6E 926,7:50,9:45,115,1 hr 55 min,Economy,7587.0,4492.53,2114.14,650.0,330.33,0.0,3094.47,True,0,Non-Stop,0171acfd0fed
SCR_GF_1789146191_050,2026-09-11 22:33:06,2026-10-11,30,google_flights,BOM,BLR,BOM-BLR,BOM,BLR,IndiGo,IndiGo,6E 953,9:30,11:25,115,1 hr 55 min,Economy,7587.0,4492.53,2114.14,650.0,330.33,0.0,3094.47,True,0,Non-Stop,80120a3d88ab
SCR_GF_1789146191_051,2026-09-11 22:33:06,2026-10-11,30,google_flights,BOM,BLR,BOM-BLR,BOM,BLR,IndiGo,IndiGo,6E 980,10:00,12:05,125,2 hr 5 min,Economy,7773.0,4612.99,2170.82,650.0,339.19,0.0,3160.01,True,0,Non-Stop,b9e1c60475da
SCR_GF_1789146191_052,2026-09-11 22:33:06,2026-10-11,30,google_flights,BOM,BLR,BOM-BLR,BOM,BLR,IndiGo,IndiGo,6E 327,7:45,9:50,125,2 hr 5 min,Economy,7946.0,4725.03,2223.54,650.0,347.43,0.0,3220.97,True,0,Non-Stop,1dad4dcb7da2
SCR_GF_1789146191_053,2026-09-11 22:33:06,2026-10-11,30,google_flights,BOM,BLR,BOM-BLR,BOM,BLR,IndiGo,IndiGo,6E 354,8:45,10:45,120,2 hr,Economy,7946.0,4725.03,2223.54,650.0,347.43,0.0,3220.97,True,0,Non-Stop,4cd5b00bbab4
SCR_GF_1789146191_054,2026-09-11 22:33:06,2026-10-11,30,google_flights,BOM,BLR,BOM-BLR,BOM,BLR,IndiGo,IndiGo,6E 381,12:00,2:05,125,2 hr 5 min,Economy,8083.0,4813.75,2265.3,650.0,353.95,0.0,3269.25,True,0,Non-Stop,0a161b1a51ad
SCR_GF_1789146191_055,2026-09-11 22:33:06,2026-10-11,30,google_flights,BOM,BLR,BOM-BLR,BOM,BLR,IndiGo,IndiGo,6E 408,5:30,7:35,125,2 hr 5 min,Economy,8219.0,4901.83,2306.74,650.0,360.43,0.0,3317.17,True,0,Non-Stop,8a83b075c926
SCR_GF_1789146191_056,2026-09-11 22:33:06,2026-10-11,30,google_flights,BOM,BLR,BOM-BLR,BOM,BLR,IndiGo,IndiGo,6E 435,6:30,8:35,125,2 hr 5 min,Economy,8219.0,4901.83,2306.74,650.0,360.43,0.0,3317.17,True,0,Non-Stop,2872bb7727ac
SCR_GF_1789146195_001,2026-09-11 22:33:11,2026-09-12,1,google_flights,DEL,CCU,DEL-CCU,DEL,CCU,Air India,Air India,AI 310,2:30 AM,4:50 AM,140,2 hr 20 min,Economy,8724.0,5190.02,2442.36,710.0,381.62,0.0,3533.98,True,0,Non-Stop,e8e929948c38
SCR_GF_1789146195_002,2026-09-11 22:33:11,2026-09-12,1,google_flights,DEL,CCU,DEL-CCU,DEL,CCU,IndiGo,IndiGo,6E 337,5:00 AM,7:15 AM,135,2 hr 15 min,Economy,8817.0,5250.25,2470.7,710.0,386.05,0.0,3566.75,True,0,Non-Stop,32d64d87b3f7
SCR_GF_1789146195_003,2026-09-11 22:33:11,2026-09-12,1,google_flights,DEL,CCU,DEL-CCU,DEL,CCU,Akasa Air,Akasa Air,QP 364,5:55 AM,8:15 AM,140,2 hr 20 min,Economy,9191.0,5492.46,2584.68,710.0,403.86,0.0,3698.54,True,0,Non-Stop,cff7a493f51e
SCR_GF_1789146195_004,2026-09-11 22:33:11,2026-09-12,1,google_flights,DEL,CCU,DEL-CCU,DEL,CCU,IndiGo,IndiGo,6E 391,1:35 PM,9:05 PM,450,7 hr 30 min,Economy,7271.0,4249.03,1999.54,710.0,312.43,0.0,3021.97,False,1,1 Stop (PAT),7378861db8c3
SCR_GF_1789146195_005,2026-09-11 22:33:11,2026-09-12,1,google_flights,DEL,CCU,DEL-CCU,DEL,CCU,IndiGo,IndiGo,6E 418,4:40 PM,10:05 PM,325,5 hr 25 min,Economy,7271.0,4249.03,1999.54,710.0,312.43,0.0,3021.97,False,1,1 Stop (LKO),d3d441b9fa9b
SCR_GF_1789146195_006,2026-09-11 22:33:11,2026-09-12,1,google_flights,DEL,CCU,DEL-CCU,DEL,CCU,IndiGo,IndiGo,6E 445,7:20 AM,9:40 AM,140,2 hr 20 min,Economy,8817.0,5250.25,2470.7,710.0,386.05,0.0,3566.75,True,0,Non-Stop,dba7fa6f2b3c
SCR_GF_1789146195_007,2026-09-11 22:33:11,2026-09-12,1,google_flights,DEL,CCU,DEL-CCU,DEL,CCU,IndiGo,IndiGo,6E 472,12:45 PM,3:05 PM,140,2 hr 20 min,Economy,8817.0,5250.25,2470.7,710.0,386.05,0.0,3566.75,True,0,Non-Stop,d93daf588246
SCR_GF_1789146195_008,2026-09-11 22:33:11,2026-09-12,1,google_flights,DEL,CCU,DEL-CCU,DEL,CCU,IndiGo,IndiGo,6E 499,5:55 PM,8:15 PM,140,2 hr 20 min,Economy,8817.0,5250.25,2470.7,710.0,386.05,0.0,3566.75,True,0,Non-Stop,1e370373d45a
SCR_GF_1789146195_009,2026-09-11 22:33:11,2026-09-12,1,google_flights,DEL,CCU,DEL-CCU,DEL,CCU,Air India,Air India,AI 526,4:15 PM,6:35 PM,140,2 hr 20 min,Economy,8819.0,5251.54,2471.32,710.0,386.14,0.0,3567.46,True,0,Non-Stop,3641968e8317
SCR_GF_1789146195_010,2026-09-11 22:33:11,2026-09-12,1,google_flights,DEL,CCU,DEL-CCU,DEL,CCU,Air India,Air India,AI 553,6:00 PM,8:20 PM,140,2 hr 20 min,Economy,8819.0,5251.54,2471.32,710.0,386.14,0.0,3567.46,True,0,Non-Stop,92c278b64a94
SCR_GF_1789146195_011,2026-09-11 22:33:11,2026-09-12,1,google_flights,DEL,CCU,DEL-CCU,DEL,CCU,Air India,Air India,AI 580,9:00 PM,11:20 PM,140,2 hr 20 min,Economy,8819.0,5251.54,2471.32,710.0,386.14,0.0,3567.46,True,0,Non-Stop,60832e40e462
SCR_GF_1789146195_012,2026-09-11 22:33:11,2026-09-12,1,google_flights,DEL,CCU,DEL-CCU,DEL,CCU,Air India,Air India,AI 607,7:30 AM,9:50 AM,140,2 hr 20 min,Economy,8971.0,5349.98,2517.64,710.0,393.38,0.0,3621.02,True,0,Non-Stop,b00d1b85e3a4
SCR_GF_1789146195_013,2026-09-11 22:33:11,2026-09-12,1,google_flights,DEL,CCU,DEL-CCU,DEL,CCU,Air India,Air India,AI 634,7:40 PM,9:50 PM,130,2 hr 10 min,Economy,8971.0,5349.98,2517.64,710.0,393.38,0.0,3621.02,True,0,Non-Stop,1a9ccb5fcfa0
SCR_GF_1789146195_014,2026-09-11 22:33:11,2026-09-12,1,google_flights,DEL,CCU,DEL-CCU,DEL,CCU,IndiGo,IndiGo,6E 661,8:30 AM,10:45 AM,135,2 hr 15 min,Economy,9080.0,5420.57,2550.86,710.0,398.57,0.0,3659.43,True,0,Non-Stop,9b27699a93e5
SCR_GF_1789146195_015,2026-09-11 22:33:11,2026-09-12,1,google_flights,DEL,CCU,DEL-CCU,DEL,CCU,IndiGo,IndiGo,6E 688,11:50 AM,2:00 PM,130,2 hr 10 min,Economy,9080.0,5420.57,2550.86,710.0,398.57,0.0,3659.43,True,0,Non-Stop,040c45a9232a
SCR_GF_1789146195_016,2026-09-11 22:33:11,2026-09-12,1,google_flights,DEL,CCU,DEL-CCU,DEL,CCU,IndiGo,IndiGo,6E 715,2:25 PM,4:45 PM,140,2 hr 20 min,Economy,9080.0,5420.57,2550.86,710.0,398.57,0.0,3659.43,True,0,Non-Stop,6f0f67d3acfb
SCR_GF_1789146195_017,2026-09-11 22:33:11,2026-09-12,1,google_flights,DEL,CCU,DEL-CCU,DEL,CCU,IndiGo,IndiGo,6E 742,4:00 PM,6:15 PM,135,2 hr 15 min,Economy,9080.0,5420.57,2550.86,710.0,398.57,0.0,3659.43,True,0,Non-Stop,8a565a26e78d
SCR_GF_1789146195_018,2026-09-11 22:33:11,2026-09-12,1,google_flights,DEL,CCU,DEL-CCU,DEL,CCU,IndiGo,IndiGo,6E 769,11:30 PM,1:45 AM,135,2 hr 15 min,Economy,9080.0,5420.57,2550.86,710.0,398.57,0.0,3659.43,True,0,Non-Stop,d98b5dea5bff
SCR_GF_1789146195_019,2026-09-11 22:33:11,2026-09-12,1,google_flights,DEL,CCU,DEL-CCU,DEL,CCU,Akasa Air,Akasa Air,QP 796,5:10 PM,7:25 PM,135,2 hr 15 min,Economy,9191.0,5492.46,2584.68,710.0,403.86,0.0,3698.54,True,0,Non-Stop,f75e22eb690a
SCR_GF_1789146195_020,2026-09-11 22:33:11,2026-09-12,1,google_flights,DEL,CCU,DEL-CCU,DEL,CCU,Air India,Air India,AI 823,1:00 PM,3:20 PM,140,2 hr 20 min,Economy,9239.0,5523.54,2599.32,710.0,406.14,0.0,3715.46,True,0,Non-Stop,da7e2f5caba1
SCR_GF_1789146195_021,2026-09-11 22:33:11,2026-09-12,1,google_flights,DEL,CCU,DEL-CCU,DEL,CCU,SpiceJet,SpiceJet,SG 850,8:10 PM,10:30 PM,140,2 hr 20 min,Economy,9331.0,5583.12,2627.36,710.0,410.52,0.0,3747.88,True,0,Non-Stop,8ac0dfca3b80
SCR_GF_1789146195_022,2026-09-11 22:33:11,2026-09-12,1,google_flights,DEL,CCU,DEL-CCU,DEL,CCU,IndiGo,IndiGo,6E 877,10:15 AM,12:30 PM,135,2 hr 15 min,Economy,9395.0,5624.57,2646.86,710.0,413.57,0.0,3770.43,True,0,Non-Stop,a697a2371cd5
SCR_GF_1789146195_023,2026-09-11 22:33:11,2026-09-12,1,google_flights,DEL,CCU,DEL-CCU,DEL,CCU,IndiGo,IndiGo,6E 904,7:30 PM,9:45 PM,135,2 hr 15 min,Economy,9395.0,5624.57,2646.86,710.0,413.57,0.0,3770.43,True,0,Non-Stop,582e54b42f9d
SCR_GF_1789146195_024,2026-09-11 22:33:11,2026-09-12,1,google_flights,DEL,CCU,DEL-CCU,DEL,CCU,Air India,Air India,AI 931,9:55 AM,12:15 PM,140,2 hr 20 min,Economy,21996.0,13785.22,6487.16,710.0,1013.62,0.0,8210.78,True,0,Non-Stop,8f64993d2c20
SCR_GF_1789146195_025,2026-09-11 22:33:11,2026-09-12,1,google_flights,DEL,CCU,DEL-CCU,DEL,CCU,IndiGo,IndiGo,6E 958,2:30,4:50,140,2 hr 20 min,Economy,8724.0,5190.02,2442.36,710.0,381.62,0.0,3533.98,True,0,Non-Stop,1e9d7875f7dd
SCR_GF_1789146195_026,2026-09-11 22:33:11,2026-09-12,1,google_flights,DEL,CCU,DEL-CCU,DEL,CCU,IndiGo,IndiGo,6E 985,5:00,7:15,135,2 hr 15 min,Economy,8817.0,5250.25,2470.7,710.0,386.05,0.0,3566.75,True,0,Non-Stop,869ff169b944
SCR_GF_1789146195_027,2026-09-11 22:33:11,2026-09-12,1,google_flights,DEL,CCU,DEL-CCU,DEL,CCU,IndiGo,IndiGo,6E 332,5:55,8:15,140,2 hr 20 min,Economy,9191.0,5492.46,2584.68,710.0,403.86,0.0,3698.54,True,0,Non-Stop,9c263552c810
SCR_GF_1789146195_028,2026-09-11 22:33:11,2026-09-12,1,google_flights,DEL,CCU,DEL-CCU,DEL,CCU,IndiGo,IndiGo,6E 359,1:35,9:05,450,7 hr 30 min,Economy,7271.0,4249.03,1999.54,710.0,312.43,0.0,3021.97,False,1,1 Stop,a9d354cb2d54
SCR_GF_1789146195_029,2026-09-11 22:33:11,2026-09-12,1,google_flights,DEL,CCU,DEL-CCU,DEL,CCU,IndiGo,IndiGo,6E 386,4:40,10:05,325,5 hr 25 min,Economy,7271.0,4249.03,1999.54,710.0,312.43,0.0,3021.97,False,1,1 Stop,6f657e4e95e0
SCR_GF_1789146195_030,2026-09-11 22:33:11,2026-09-12,1,google_flights,DEL,CCU,DEL-CCU,DEL,CCU,IndiGo,IndiGo,6E 413,7:20,9:40,140,2 hr 20 min,Economy,8817.0,5250.25,2470.7,710.0,386.05,0.0,3566.75,True,0,Non-Stop,1d54e121efd1
SCR_GF_1789146195_031,2026-09-11 22:33:11,2026-09-12,1,google_flights,DEL,CCU,DEL-CCU,DEL,CCU,IndiGo,IndiGo,6E 440,12:45,3:05,140,2 hr 20 min,Economy,8817.0,5250.25,2470.7,710.0,386.05,0.0,3566.75,True,0,Non-Stop,898523929fb3
SCR_GF_1789146195_032,2026-09-11 22:33:11,2026-09-12,1,google_flights,DEL,CCU,DEL-CCU,DEL,CCU,IndiGo,IndiGo,6E 467,5:55,8:15,140,2 hr 20 min,Economy,8817.0,5250.25,2470.7,710.0,386.05,0.0,3566.75,True,0,Non-Stop,4769a79b0a9a
SCR_GF_1789146195_033,2026-09-11 22:33:11,2026-09-12,1,google_flights,DEL,CCU,DEL-CCU,DEL,CCU,IndiGo,IndiGo,6E 494,4:15,6:35,140,2 hr 20 min,Economy,8819.0,5251.54,2471.32,710.0,386.14,0.0,3567.46,True,0,Non-Stop,122e2e24a254
SCR_GF_1789146195_034,2026-09-11 22:33:11,2026-09-12,1,google_flights,DEL,CCU,DEL-CCU,DEL,CCU,IndiGo,IndiGo,6E 521,6:00,8:20,140,2 hr 20 min,Economy,8819.0,5251.54,2471.32,710.0,386.14,0.0,3567.46,True,0,Non-Stop,d7ef2586bc94
SCR_GF_1789146195_035,2026-09-11 22:33:11,2026-09-12,1,google_flights,DEL,CCU,DEL-CCU,DEL,CCU,IndiGo,IndiGo,6E 548,9:00,11:20,140,2 hr 20 min,Economy,8819.0,5251.54,2471.32,710.0,386.14,0.0,3567.46,True,0,Non-Stop,c866610cd7a3
SCR_GF_1789146195_036,2026-09-11 22:33:11,2026-09-12,1,google_flights,DEL,CCU,DEL-CCU,DEL,CCU,IndiGo,IndiGo,6E 575,7:30,9:50,140,2 hr 20 min,Economy,8971.0,5349.98,2517.64,710.0,393.38,0.0,3621.02,True,0,Non-Stop,a1fe4b56e9d3
SCR_GF_1789146195_037,2026-09-11 22:33:11,2026-09-12,1,google_flights,DEL,CCU,DEL-CCU,DEL,CCU,IndiGo,IndiGo,6E 602,7:40,9:50,130,2 hr 10 min,Economy,8971.0,5349.98,2517.64,710.0,393.38,0.0,3621.02,True,0,Non-Stop,ca8b4fe08baa
SCR_GF_1789146195_038,2026-09-11 22:33:11,2026-09-12,1,google_flights,DEL,CCU,DEL-CCU,DEL,CCU,IndiGo,IndiGo,6E 629,8:30,10:45,135,2 hr 15 min,Economy,9080.0,5420.57,2550.86,710.0,398.57,0.0,3659.43,True,0,Non-Stop,47f43edacc60
SCR_GF_1789146195_039,2026-09-11 22:33:11,2026-09-12,1,google_flights,DEL,CCU,DEL-CCU,DEL,CCU,IndiGo,IndiGo,6E 656,11:50,2:00,130,2 hr 10 min,Economy,9080.0,5420.57,2550.86,710.0,398.57,0.0,3659.43,True,0,Non-Stop,44901abb1441
SCR_GF_1789146195_040,2026-09-11 22:33:11,2026-09-12,1,google_flights,DEL,CCU,DEL-CCU,DEL,CCU,IndiGo,IndiGo,6E 683,2:25,4:45,140,2 hr 20 min,Economy,9080.0,5420.57,2550.86,710.0,398.57,0.0,3659.43,True,0,Non-Stop,47ef2f1710cb
SCR_GF_1789146195_041,2026-09-11 22:33:11,2026-09-12,1,google_flights,DEL,CCU,DEL-CCU,DEL,CCU,IndiGo,IndiGo,6E 710,4:00,6:15,135,2 hr 15 min,Economy,9080.0,5420.57,2550.86,710.0,398.57,0.0,3659.43,True,0,Non-Stop,9a0814a4c676
SCR_GF_1789146195_042,2026-09-11 22:33:11,2026-09-12,1,google_flights,DEL,CCU,DEL-CCU,DEL,CCU,IndiGo,IndiGo,6E 737,11:30,1:45,135,2 hr 15 min,Economy,9080.0,5420.57,2550.86,710.0,398.57,0.0,3659.43,True,0,Non-Stop,c4106b9bd4ae
SCR_GF_1789146195_043,2026-09-11 22:33:11,2026-09-12,1,google_flights,DEL,CCU,DEL-CCU,DEL,CCU,IndiGo,IndiGo,6E 764,5:10,7:25,135,2 hr 15 min,Economy,9191.0,5492.46,2584.68,710.0,403.86,0.0,3698.54,True,0,Non-Stop,1e5ee188ed1c
SCR_GF_1789146195_044,2026-09-11 22:33:11,2026-09-12,1,google_flights,DEL,CCU,DEL-CCU,DEL,CCU,IndiGo,IndiGo,6E 791,1:00,3:20,140,2 hr 20 min,Economy,9239.0,5523.54,2599.32,710.0,406.14,0.0,3715.46,True,0,Non-Stop,eed6716865d3
SCR_GF_1789146195_045,2026-09-11 22:33:11,2026-09-12,1,google_flights,DEL,CCU,DEL-CCU,DEL,CCU,IndiGo,IndiGo,6E 818,8:10,10:30,140,2 hr 20 min,Economy,9331.0,5583.12,2627.36,710.0,410.52,0.0,3747.88,True,0,Non-Stop,4780f04f9e59
SCR_GF_1789146195_046,2026-09-11 22:33:11,2026-09-12,1,google_flights,DEL,CCU,DEL-CCU,DEL,CCU,IndiGo,IndiGo,6E 845,10:15,12:30,135,2 hr 15 min,Economy,9395.0,5624.57,2646.86,710.0,413.57,0.0,3770.43,True,0,Non-Stop,0b0b63928900
SCR_GF_1789146195_047,2026-09-11 22:33:11,2026-09-12,1,google_flights,DEL,CCU,DEL-CCU,DEL,CCU,IndiGo,IndiGo,6E 872,7:30,9:45,135,2 hr 15 min,Economy,9395.0,5624.57,2646.86,710.0,413.57,0.0,3770.43,True,0,Non-Stop,531a6f5ad765
SCR_GF_1789146195_048,2026-09-11 22:33:11,2026-09-12,1,google_flights,DEL,CCU,DEL-CCU,DEL,CCU,IndiGo,IndiGo,6E 899,9:55,12:15,140,2 hr 20 min,Economy,21996.0,13785.22,6487.16,710.0,1013.62,0.0,8210.78,True,0,Non-Stop,864d36e308b4
SCR_GF_1789146200_001,2026-09-11 22:33:16,2026-09-18,7,google_flights,DEL,CCU,DEL-CCU,DEL,CCU,IndiGo,IndiGo,6E 310,8:00 AM,12:25 PM,265,4 hr 25 min,Economy,7402.0,4333.87,2039.46,710.0,318.67,0.0,3068.13,False,1,1 Stop,6678c764f0f3
SCR_GF_1789146200_002,2026-09-11 22:33:16,2026-09-18,7,google_flights,DEL,CCU,DEL-CCU,DEL,CCU,Akasa Air,Akasa Air,QP 337,5:55 AM,8:15 AM,140,2 hr 20 min,Economy,8259.0,4888.88,2300.64,710.0,359.48,0.0,3370.12,True,0,Non-Stop,80aece4f79c4
SCR_GF_1789146200_003,2026-09-11 22:33:16,2026-09-18,7,google_flights,DEL,CCU,DEL-CCU,DEL,CCU,IndiGo,IndiGo,6E 364,10:15 AM,12:30 PM,135,2 hr 15 min,Economy,8817.0,5250.25,2470.7,710.0,386.05,0.0,3566.75,True,0,Non-Stop,de654c605081
SCR_GF_1789146200_004,2026-09-11 22:33:16,2026-09-18,7,google_flights,DEL,CCU,DEL-CCU,DEL,CCU,Air India,Air India,AI 391,6:40 AM,8:50 AM,130,2 hr 10 min,Economy,8819.0,5251.54,2471.32,710.0,386.14,0.0,3567.46,True,0,Non-Stop,1a33ecfe8ef0
SCR_GF_1789146200_005,2026-09-11 22:33:16,2026-09-18,7,google_flights,DEL,CCU,DEL-CCU,DEL,CCU,IndiGo,IndiGo,6E 418,4:20 PM,9:05 PM,285,4 hr 45 min,Economy,7271.0,4249.03,1999.54,710.0,312.43,0.0,3021.97,False,1,1 Stop (PAT),848a183c6bd4
SCR_GF_1789146200_006,2026-09-11 22:33:16,2026-09-18,7,google_flights,DEL,CCU,DEL-CCU,DEL,CCU,IndiGo,IndiGo,6E 445,7:40 AM,12:05 PM,265,4 hr 25 min,Economy,7481.0,4385.03,2063.54,710.0,322.43,0.0,3095.97,False,1,1 Stop (JAI),7a06c28d0b95
SCR_GF_1789146200_007,2026-09-11 22:33:16,2026-09-18,7,google_flights,DEL,CCU,DEL-CCU,DEL,CCU,Air India,Air India,AI 472,2:30 AM,4:50 AM,140,2 hr 20 min,Economy,8724.0,5190.02,2442.36,710.0,381.62,0.0,3533.98,True,0,Non-Stop,33b1a0bfa179
SCR_GF_1789146200_008,2026-09-11 22:33:16,2026-09-18,7,google_flights,DEL,CCU,DEL-CCU,DEL,CCU,IndiGo,IndiGo,6E 499,5:00 AM,7:15 AM,135,2 hr 15 min,Economy,8817.0,5250.25,2470.7,710.0,386.05,0.0,3566.75,True,0,Non-Stop,35121dc16412
SCR_GF_1789146200_009,2026-09-11 22:33:16,2026-09-18,7,google_flights,DEL,CCU,DEL-CCU,DEL,CCU,IndiGo,IndiGo,6E 526,7:20 AM,9:40 AM,140,2 hr 20 min,Economy,8817.0,5250.25,2470.7,710.0,386.05,0.0,3566.75,True,0,Non-Stop,b02d73e1657a
SCR_GF_1789146200_010,2026-09-11 22:33:16,2026-09-18,7,google_flights,DEL,CCU,DEL-CCU,DEL,CCU,IndiGo,IndiGo,6E 553,8:30 AM,10:45 AM,135,2 hr 15 min,Economy,8817.0,5250.25,2470.7,710.0,386.05,0.0,3566.75,True,0,Non-Stop,7728fb71c66c
SCR_GF_1789146200_011,2026-09-11 22:33:16,2026-09-18,7,google_flights,DEL,CCU,DEL-CCU,DEL,CCU,IndiGo,IndiGo,6E 580,12:45 PM,3:05 PM,140,2 hr 20 min,Economy,8817.0,5250.25,2470.7,710.0,386.05,0.0,3566.75,True,0,Non-Stop,a50b74f029b4
SCR_GF_1789146200_012,2026-09-11 22:33:16,2026-09-18,7,google_flights,DEL,CCU,DEL-CCU,DEL,CCU,IndiGo,IndiGo,6E 607,2:25 PM,4:45 PM,140,2 hr 20 min,Economy,8817.0,5250.25,2470.7,710.0,386.05,0.0,3566.75,True,0,Non-Stop,2607fde8c5c1
SCR_GF_1789146200_013,2026-09-11 22:33:16,2026-09-18,7,google_flights,DEL,CCU,DEL-CCU,DEL,CCU,IndiGo,IndiGo,6E 634,4:00 PM,6:15 PM,135,2 hr 15 min,Economy,8817.0,5250.25,2470.7,710.0,386.05,0.0,3566.75,True,0,Non-Stop,187672a75d4c
SCR_GF_1789146200_014,2026-09-11 22:33:16,2026-09-18,7,google_flights,DEL,CCU,DEL-CCU,DEL,CCU,IndiGo,IndiGo,6E 661,5:55 PM,8:15 PM,140,2 hr 20 min,Economy,8817.0,5250.25,2470.7,710.0,386.05,0.0,3566.75,True,0,Non-Stop,0886629a144a
SCR_GF_1789146200_015,2026-09-11 22:33:16,2026-09-18,7,google_flights,DEL,CCU,DEL-CCU,DEL,CCU,IndiGo,IndiGo,6E 688,7:30 PM,9:45 PM,135,2 hr 15 min,Economy,8817.0,5250.25,2470.7,710.0,386.05,0.0,3566.75,True,0,Non-Stop,e2560636f4cd
SCR_GF_1789146200_016,2026-09-11 22:33:16,2026-09-18,7,google_flights,DEL,CCU,DEL-CCU,DEL,CCU,IndiGo,IndiGo,6E 715,9:50 PM,12:05 AM,135,2 hr 15 min,Economy,8817.0,5250.25,2470.7,710.0,386.05,0.0,3566.75,True,0,Non-Stop,8f87ed311847
SCR_GF_1789146200_017,2026-09-11 22:33:16,2026-09-18,7,google_flights,DEL,CCU,DEL-CCU,DEL,CCU,IndiGo,IndiGo,6E 742,11:30 PM,1:45 AM,135,2 hr 15 min,Economy,8817.0,5250.25,2470.7,710.0,386.05,0.0,3566.75,True,0,Non-Stop,0d0d76a9898f
SCR_GF_1789146201_018,2026-09-11 22:33:16,2026-09-18,7,google_flights,DEL,CCU,DEL-CCU,DEL,CCU,Air India,Air India,AI 769,4:15 PM,6:35 PM,140,2 hr 20 min,Economy,8819.0,5251.54,2471.32,710.0,386.14,0.0,3567.46,True,0,Non-Stop,de1386bd74c7
SCR_GF_1789146201_019,2026-09-11 22:33:16,2026-09-18,7,google_flights,DEL,CCU,DEL-CCU,DEL,CCU,Air India,Air India,AI 796,6:00 PM,8:20 PM,140,2 hr 20 min,Economy,8819.0,5251.54,2471.32,710.0,386.14,0.0,3567.46,True,0,Non-Stop,4eed7573140e
SCR_GF_1789146201_020,2026-09-11 22:33:16,2026-09-18,7,google_flights,DEL,CCU,DEL-CCU,DEL,CCU,Air India,Air India,AI 823,9:00 PM,11:20 PM,140,2 hr 20 min,Economy,8819.0,5251.54,2471.32,710.0,386.14,0.0,3567.46,True,0,Non-Stop,329b1f5fc9da
SCR_GF_1789146201_021,2026-09-11 22:33:16,2026-09-18,7,google_flights,DEL,CCU,DEL-CCU,DEL,CCU,Akasa Air,Akasa Air,QP 850,5:05 PM,7:25 PM,140,2 hr 20 min,Economy,8867.0,5282.63,2485.94,710.0,388.43,0.0,3584.37,True,0,Non-Stop,4c1463db9b01
SCR_GF_1789146201_022,2026-09-11 22:33:16,2026-09-18,7,google_flights,DEL,CCU,DEL-CCU,DEL,CCU,Air India,Air India,AI 877,7:30 AM,9:50 AM,140,2 hr 20 min,Economy,8971.0,5349.98,2517.64,710.0,393.38,0.0,3621.02,True,0,Non-Stop,7a190792a423
SCR_GF_1789146201_023,2026-09-11 22:33:16,2026-09-18,7,google_flights,DEL,CCU,DEL-CCU,DEL,CCU,Air India,Air India,AI 904,9:55 AM,12:15 PM,140,2 hr 20 min,Economy,8971.0,5349.98,2517.64,710.0,393.38,0.0,3621.02,True,0,Non-Stop,2feba39010a6
SCR_GF_1789146201_024,2026-09-11 22:33:16,2026-09-18,7,google_flights,DEL,CCU,DEL-CCU,DEL,CCU,Air India,Air India,AI 931,1:00 PM,3:20 PM,140,2 hr 20 min,Economy,8971.0,5349.98,2517.64,710.0,393.38,0.0,3621.02,True,0,Non-Stop,a95ceaebfa6d
SCR_GF_1789146201_025,2026-09-11 22:33:16,2026-09-18,7,google_flights,DEL,CCU,DEL-CCU,DEL,CCU,Air India,Air India,AI 958,7:40 PM,9:50 PM,130,2 hr 10 min,Economy,8971.0,5349.98,2517.64,710.0,393.38,0.0,3621.02,True,0,Non-Stop,cb6fd9772fe2
SCR_GF_1789146201_026,2026-09-11 22:33:16,2026-09-18,7,google_flights,DEL,CCU,DEL-CCU,DEL,CCU,IndiGo,IndiGo,6E 985,8:00,12:25,265,4 hr 25 min,Economy,7402.0,4333.87,2039.46,710.0,318.67,0.0,3068.13,False,1,1 Stop,99a8d4b46d28
SCR_GF_1789146201_027,2026-09-11 22:33:16,2026-09-18,7,google_flights,DEL,CCU,DEL-CCU,DEL,CCU,IndiGo,IndiGo,6E 332,5:55,8:15,140,2 hr 20 min,Economy,8259.0,4888.88,2300.64,710.0,359.48,0.0,3370.12,True,0,Non-Stop,c4860e09c4b5
SCR_GF_1789146201_028,2026-09-11 22:33:16,2026-09-18,7,google_flights,DEL,CCU,DEL-CCU,DEL,CCU,IndiGo,IndiGo,6E 359,10:15,12:30,135,2 hr 15 min,Economy,8817.0,5250.25,2470.7,710.0,386.05,0.0,3566.75,True,0,Non-Stop,a8954166f278
SCR_GF_1789146201_029,2026-09-11 22:33:16,2026-09-18,7,google_flights,DEL,CCU,DEL-CCU,DEL,CCU,IndiGo,IndiGo,6E 386,6:40,8:50,130,2 hr 10 min,Economy,8819.0,5251.54,2471.32,710.0,386.14,0.0,3567.46,True,0,Non-Stop,25fbe3ceb910
SCR_GF_1789146201_030,2026-09-11 22:33:16,2026-09-18,7,google_flights,DEL,CCU,DEL-CCU,DEL,CCU,IndiGo,IndiGo,6E 413,4:20,9:05,285,4 hr 45 min,Economy,7271.0,4249.03,1999.54,710.0,312.43,0.0,3021.97,False,1,1 Stop,f15e4f2b7c9d
SCR_GF_1789146201_031,2026-09-11 22:33:16,2026-09-18,7,google_flights,DEL,CCU,DEL-CCU,DEL,CCU,IndiGo,IndiGo,6E 440,7:40,12:05,265,4 hr 25 min,Economy,7481.0,4385.03,2063.54,710.0,322.43,0.0,3095.97,False,1,1 Stop,2bf634144b9a
SCR_GF_1789146201_032,2026-09-11 22:33:16,2026-09-18,7,google_flights,DEL,CCU,DEL-CCU,DEL,CCU,IndiGo,IndiGo,6E 467,2:30,4:50,140,2 hr 20 min,Economy,8724.0,5190.02,2442.36,710.0,381.62,0.0,3533.98,True,0,Non-Stop,f04c6fb90055
SCR_GF_1789146201_033,2026-09-11 22:33:16,2026-09-18,7,google_flights,DEL,CCU,DEL-CCU,DEL,CCU,IndiGo,IndiGo,6E 494,5:00,7:15,135,2 hr 15 min,Economy,8817.0,5250.25,2470.7,710.0,386.05,0.0,3566.75,True,0,Non-Stop,66cbb06f0157
SCR_GF_1789146201_034,2026-09-11 22:33:16,2026-09-18,7,google_flights,DEL,CCU,DEL-CCU,DEL,CCU,IndiGo,IndiGo,6E 521,7:20,9:40,140,2 hr 20 min,Economy,8817.0,5250.25,2470.7,710.0,386.05,0.0,3566.75,True,0,Non-Stop,384ed7177b8b
SCR_GF_1789146201_035,2026-09-11 22:33:16,2026-09-18,7,google_flights,DEL,CCU,DEL-CCU,DEL,CCU,IndiGo,IndiGo,6E 548,8:30,10:45,135,2 hr 15 min,Economy,8817.0,5250.25,2470.7,710.0,386.05,0.0,3566.75,True,0,Non-Stop,25a46895de37
SCR_GF_1789146201_036,2026-09-11 22:33:16,2026-09-18,7,google_flights,DEL,CCU,DEL-CCU,DEL,CCU,IndiGo,IndiGo,6E 575,12:45,3:05,140,2 hr 20 min,Economy,8817.0,5250.25,2470.7,710.0,386.05,0.0,3566.75,True,0,Non-Stop,ab129af00548
SCR_GF_1789146201_037,2026-09-11 22:33:16,2026-09-18,7,google_flights,DEL,CCU,DEL-CCU,DEL,CCU,IndiGo,IndiGo,6E 602,2:25,4:45,140,2 hr 20 min,Economy,8817.0,5250.25,2470.7,710.0,386.05,0.0,3566.75,True,0,Non-Stop,4d21a108d28c
SCR_GF_1789146201_038,2026-09-11 22:33:16,2026-09-18,7,google_flights,DEL,CCU,DEL-CCU,DEL,CCU,IndiGo,IndiGo,6E 629,4:00,6:15,135,2 hr 15 min,Economy,8817.0,5250.25,2470.7,710.0,386.05,0.0,3566.75,True,0,Non-Stop,f02340cd8b4e
SCR_GF_1789146201_039,2026-09-11 22:33:16,2026-09-18,7,google_flights,DEL,CCU,DEL-CCU,DEL,CCU,IndiGo,IndiGo,6E 656,5:55,8:15,140,2 hr 20 min,Economy,8817.0,5250.25,2470.7,710.0,386.05,0.0,3566.75,True,0,Non-Stop,398d0be7bc23
SCR_GF_1789146201_040,2026-09-11 22:33:16,2026-09-18,7,google_flights,DEL,CCU,DEL-CCU,DEL,CCU,IndiGo,IndiGo,6E 683,7:30,9:45,135,2 hr 15 min,Economy,8817.0,5250.25,2470.7,710.0,386.05,0.0,3566.75,True,0,Non-Stop,742c383bec34
SCR_GF_1789146201_041,2026-09-11 22:33:16,2026-09-18,7,google_flights,DEL,CCU,DEL-CCU,DEL,CCU,IndiGo,IndiGo,6E 710,9:50,12:05,135,2 hr 15 min,Economy,8817.0,5250.25,2470.7,710.0,386.05,0.0,3566.75,True,0,Non-Stop,0ac28135f608
SCR_GF_1789146201_042,2026-09-11 22:33:16,2026-09-18,7,google_flights,DEL,CCU,DEL-CCU,DEL,CCU,IndiGo,IndiGo,6E 737,11:30,1:45,135,2 hr 15 min,Economy,8817.0,5250.25,2470.7,710.0,386.05,0.0,3566.75,True,0,Non-Stop,a6236ffe1847
SCR_GF_1789146201_043,2026-09-11 22:33:16,2026-09-18,7,google_flights,DEL,CCU,DEL-CCU,DEL,CCU,IndiGo,IndiGo,6E 764,4:15,6:35,140,2 hr 20 min,Economy,8819.0,5251.54,2471.32,710.0,386.14,0.0,3567.46,True,0,Non-Stop,4a146f1167af
SCR_GF_1789146201_044,2026-09-11 22:33:16,2026-09-18,7,google_flights,DEL,CCU,DEL-CCU,DEL,CCU,IndiGo,IndiGo,6E 791,6:00,8:20,140,2 hr 20 min,Economy,8819.0,5251.54,2471.32,710.0,386.14,0.0,3567.46,True,0,Non-Stop,0a25ee8076ed
SCR_GF_1789146201_045,2026-09-11 22:33:16,2026-09-18,7,google_flights,DEL,CCU,DEL-CCU,DEL,CCU,IndiGo,IndiGo,6E 818,9:00,11:20,140,2 hr 20 min,Economy,8819.0,5251.54,2471.32,710.0,386.14,0.0,3567.46,True,0,Non-Stop,125a8690dbbf
SCR_GF_1789146201_046,2026-09-11 22:33:16,2026-09-18,7,google_flights,DEL,CCU,DEL-CCU,DEL,CCU,IndiGo,IndiGo,6E 845,5:05,7:25,140,2 hr 20 min,Economy,8867.0,5282.63,2485.94,710.0,388.43,0.0,3584.37,True,0,Non-Stop,ef36df8a7a49
SCR_GF_1789146201_047,2026-09-11 22:33:16,2026-09-18,7,google_flights,DEL,CCU,DEL-CCU,DEL,CCU,IndiGo,IndiGo,6E 872,7:30,9:50,140,2 hr 20 min,Economy,8971.0,5349.98,2517.64,710.0,393.38,0.0,3621.02,True,0,Non-Stop,0f96fcc55f14
SCR_GF_1789146201_048,2026-09-11 22:33:16,2026-09-18,7,google_flights,DEL,CCU,DEL-CCU,DEL,CCU,IndiGo,IndiGo,6E 899,9:55,12:15,140,2 hr 20 min,Economy,8971.0,5349.98,2517.64,710.0,393.38,0.0,3621.02,True,0,Non-Stop,8d3a9899a30a
SCR_GF_1789146201_049,2026-09-11 22:33:16,2026-09-18,7,google_flights,DEL,CCU,DEL-CCU,DEL,CCU,IndiGo,IndiGo,6E 926,1:00,3:20,140,2 hr 20 min,Economy,8971.0,5349.98,2517.64,710.0,393.38,0.0,3621.02,True,0,Non-Stop,449dce3125b3
SCR_GF_1789146201_050,2026-09-11 22:33:16,2026-09-18,7,google_flights,DEL,CCU,DEL-CCU,DEL,CCU,IndiGo,IndiGo,6E 953,7:40,9:50,130,2 hr 10 min,Economy,8971.0,5349.98,2517.64,710.0,393.38,0.0,3621.02,True,0,Non-Stop,111a3c3c1d3a
SCR_GF_1789146205_001,2026-09-11 22:33:21,2026-10-11,30,google_flights,DEL,CCU,DEL-CCU,DEL,CCU,IndiGo,IndiGo,6E 310,3:50 PM,8:30 PM,280,4 hr 40 min,Economy,8757.0,5211.39,2452.42,710.0,383.19,0.0,3545.61,False,1,1 Stop (JAI),3aa0037ad598
SCR_GF_1789146205_002,2026-09-11 22:33:21,2026-10-11,30,google_flights,DEL,CCU,DEL-CCU,DEL,CCU,Air India,Air India,AI 337,6:40 AM,8:50 AM,130,2 hr 10 min,Economy,9081.0,5421.22,2551.16,710.0,398.62,0.0,3659.78,True,0,Non-Stop,fa0ee084e97a
SCR_GF_1789146205_003,2026-09-11 22:33:21,2026-10-11,30,google_flights,DEL,CCU,DEL-CCU,DEL,CCU,IndiGo,IndiGo,6E 364,11:30 PM,1:45 AM,135,2 hr 15 min,Economy,9395.0,5624.57,2646.86,710.0,413.57,0.0,3770.43,True,0,Non-Stop,98e32f3faffd
SCR_GF_1789146205_004,2026-09-11 22:33:21,2026-10-11,30,google_flights,DEL,CCU,DEL-CCU,DEL,CCU,Akasa Air,Akasa Air,QP 391,5:00 PM,7:15 PM,135,2 hr 15 min,Economy,10620.0,6417.9,3020.2,710.0,471.9,0.0,4202.1,True,0,Non-Stop,e1c800c99e78
SCR_GF_1789146206_005,2026-09-11 22:33:21,2026-10-11,30,google_flights,DEL,CCU,DEL-CCU,DEL,CCU,Air India Express,Air India Express,IX 418,4:35 PM,7:10 PM,155,2 hr 35 min,Economy,6817.2,3955.14,1861.24,710.0,290.82,0.0,2862.06,True,0,Non-Stop,35b3c885e9a9
SCR_GF_1789146206_006,2026-09-11 22:33:21,2026-10-11,30,google_flights,DEL,CCU,DEL-CCU,DEL,CCU,IndiGo,IndiGo,6E 445,8:10 AM,1:45 PM,335,5 hr 35 min,Economy,8547.0,5075.39,2388.42,710.0,373.19,0.0,3471.61,False,1,1 Stop (PAT),41b1bb23993d
SCR_GF_1789146206_007,2026-09-11 22:33:21,2026-10-11,30,google_flights,DEL,CCU,DEL-CCU,DEL,CCU,IndiGo,IndiGo,6E 472,11:10 AM,5:40 PM,390,6 hr 30 min,Economy,8547.0,5075.39,2388.42,710.0,373.19,0.0,3471.61,False,1,1 Stop (PAT),1c359eea04fb
SCR_GF_1789146206_008,2026-09-11 22:33:21,2026-10-11,30,google_flights,DEL,CCU,DEL-CCU,DEL,CCU,IndiGo,IndiGo,6E 499,8:00 AM,12:25 PM,265,4 hr 25 min,Economy,8678.0,5160.23,2428.34,710.0,379.43,0.0,3517.77,False,1,1 Stop,055a22f0b69c
SCR_GF_1789146206_009,2026-09-11 22:33:21,2026-10-11,30,google_flights,DEL,CCU,DEL-CCU,DEL,CCU,IndiGo,IndiGo,6E 526,2:25 PM,8:25 PM,360,6 hr,Economy,8678.0,5160.23,2428.34,710.0,379.43,0.0,3517.77,False,1,1 Stop,f2ccd6a43dc5
SCR_GF_1789146206_010,2026-09-11 22:33:21,2026-10-11,30,google_flights,DEL,CCU,DEL-CCU,DEL,CCU,IndiGo,IndiGo,6E 553,7:40 AM,12:05 PM,265,4 hr 25 min,Economy,8757.0,5211.39,2452.42,710.0,383.19,0.0,3545.61,False,1,1 Stop (JAI),bca9a50daa1c
SCR_GF_1789146206_011,2026-09-11 22:33:21,2026-10-11,30,google_flights,DEL,CCU,DEL-CCU,DEL,CCU,IndiGo,IndiGo,6E 580,9:00 AM,3:15 PM,375,6 hr 15 min,Economy,8757.0,5211.39,2452.42,710.0,383.19,0.0,3545.61,False,1,1 Stop,b99c18d152ab
SCR_GF_1789146206_012,2026-09-11 22:33:21,2026-10-11,30,google_flights,DEL,CCU,DEL-CCU,DEL,CCU,IndiGo,IndiGo,6E 607,2:40 PM,7:20 PM,280,4 hr 40 min,Economy,8862.0,5279.39,2484.42,710.0,388.19,0.0,3582.61,False,1,1 Stop (IXB),444802593723
SCR_GF_1789146206_013,2026-09-11 22:33:21,2026-10-11,30,google_flights,DEL,CCU,DEL-CCU,DEL,CCU,IndiGo,IndiGo,6E 634,5:30 PM,10:25 PM,295,4 hr 55 min,Economy,8862.0,5279.39,2484.42,710.0,388.19,0.0,3582.61,False,1,1 Stop (GAU),7ea4dcb90a0e
SCR_GF_1789146206_014,2026-09-11 22:33:21,2026-10-11,30,google_flights,DEL,CCU,DEL-CCU,DEL,CCU,Air India,Air India,AI 661,7:30 AM,9:50 AM,140,2 hr 20 min,Economy,9081.0,5421.22,2551.16,710.0,398.62,0.0,3659.78,True,0,Non-Stop,dc90ee52a809
SCR_GF_1789146206_015,2026-09-11 22:33:21,2026-10-11,30,google_flights,DEL,CCU,DEL-CCU,DEL,CCU,IndiGo,IndiGo,6E 688,12:00 PM,6:00 PM,360,6 hr,Economy,9203.0,5500.23,2588.34,710.0,404.43,0.0,3702.77,False,1,1 Stop,81ac0a43949b
SCR_GF_1789146206_016,2026-09-11 22:33:21,2026-10-11,30,google_flights,DEL,CCU,DEL-CCU,DEL,CCU,IndiGo,IndiGo,6E 715,1:35 PM,5:40 PM,245,4 hr 5 min,Economy,9282.0,5551.39,2612.42,710.0,408.19,0.0,3730.61,False,1,1 Stop (PAT),220aaaa66147
SCR_GF_1789146206_017,2026-09-11 22:33:21,2026-10-11,30,google_flights,DEL,CCU,DEL-CCU,DEL,CCU,IndiGo,IndiGo,6E 742,7:20 AM,9:40 AM,140,2 hr 20 min,Economy,9395.0,5624.57,2646.86,710.0,413.57,0.0,3770.43,True,0,Non-Stop,64dad8d20a61
SCR_GF_1789146206_018,2026-09-11 22:33:21,2026-10-11,30,google_flights,DEL,CCU,DEL-CCU,DEL,CCU,IndiGo,IndiGo,6E 769,2:45 AM,5:00 AM,135,2 hr 15 min,Economy,9867.0,5930.25,2790.7,710.0,436.05,0.0,3936.75,True,0,Non-Stop,db9ff1ddaa9a
SCR_GF_1789146206_019,2026-09-11 22:33:21,2026-10-11,30,google_flights,DEL,CCU,DEL-CCU,DEL,CCU,IndiGo,IndiGo,6E 796,5:00 AM,7:15 AM,135,2 hr 15 min,Economy,9867.0,5930.25,2790.7,710.0,436.05,0.0,3936.75,True,0,Non-Stop,b923192da3aa
SCR_GF_1789146206_020,2026-09-11 22:33:21,2026-10-11,30,google_flights,DEL,CCU,DEL-CCU,DEL,CCU,Air India,Air India,AI 823,2:30 AM,4:50 AM,140,2 hr 20 min,Economy,9921.0,5965.22,2807.16,710.0,438.62,0.0,3955.78,True,0,Non-Stop,142ca9da30aa
SCR_GF_1789146206_021,2026-09-11 22:33:21,2026-10-11,30,google_flights,DEL,CCU,DEL-CCU,DEL,CCU,Akasa Air,Akasa Air,QP 850,5:55 AM,8:15 AM,140,2 hr 20 min,Economy,10620.0,6417.9,3020.2,710.0,471.9,0.0,4202.1,True,0,Non-Stop,fadea5fdc505
SCR_GF_1789146206_022,2026-09-11 22:33:21,2026-10-11,30,google_flights,DEL,CCU,DEL-CCU,DEL,CCU,IndiGo,IndiGo,6E 877,5:55 PM,8:15 PM,140,2 hr 20 min,Economy,11757.0,7154.25,3366.7,710.0,526.05,0.0,4602.75,True,0,Non-Stop,f03c4d96c5f2
SCR_GF_1789146206_023,2026-09-11 22:33:21,2026-10-11,30,google_flights,DEL,CCU,DEL-CCU,DEL,CCU,IndiGo,IndiGo,6E 904,7:30 PM,9:45 PM,135,2 hr 15 min,Economy,11757.0,7154.25,3366.7,710.0,526.05,0.0,4602.75,True,0,Non-Stop,ebde4f619eb3
SCR_GF_1789146206_024,2026-09-11 22:33:21,2026-10-11,30,google_flights,DEL,CCU,DEL-CCU,DEL,CCU,IndiGo,IndiGo,6E 931,9:50 PM,12:05 AM,135,2 hr 15 min,Economy,11757.0,7154.25,3366.7,710.0,526.05,0.0,4602.75,True,0,Non-Stop,ca1882a181eb
SCR_GF_1789146206_025,2026-09-11 22:33:21,2026-10-11,30,google_flights,DEL,CCU,DEL-CCU,DEL,CCU,Air India,Air India,AI 958,6:00 PM,8:20 PM,140,2 hr 20 min,Economy,12053.0,7345.94,3456.92,710.0,540.14,0.0,4707.06,True,0,Non-Stop,d3c149da70d5
SCR_GF_1789146206_026,2026-09-11 22:33:21,2026-10-11,30,google_flights,DEL,CCU,DEL-CCU,DEL,CCU,SpiceJet,SpiceJet,SG 985,8:10 PM,10:30 PM,140,2 hr 20 min,Economy,12309.0,7511.73,3534.94,710.0,552.33,0.0,4797.27,True,0,Non-Stop,1e468d7ba205
SCR_GF_1789146206_027,2026-09-11 22:33:21,2026-10-11,30,google_flights,DEL,CCU,DEL-CCU,DEL,CCU,Air India,Air India,AI 332,7:40 PM,9:50 PM,130,2 hr 10 min,Economy,12378.0,7556.42,3555.96,710.0,555.62,0.0,4821.58,True,0,Non-Stop,7f76ff0c0314
SCR_GF_1789146206_028,2026-09-11 22:33:21,2026-10-11,30,google_flights,DEL,CCU,DEL-CCU,DEL,CCU,Air India,Air India,AI 359,9:00 PM,11:20 PM,140,2 hr 20 min,Economy,12378.0,7556.42,3555.96,710.0,555.62,0.0,4821.58,True,0,Non-Stop,207c6920ee52
SCR_GF_1789146206_029,2026-09-11 22:33:21,2026-10-11,30,google_flights,DEL,CCU,DEL-CCU,DEL,CCU,IndiGo,IndiGo,6E 386,8:30 AM,10:45 AM,135,2 hr 15 min,Economy,12545.0,7664.57,3606.86,710.0,563.57,0.0,4880.43,True,0,Non-Stop,09fce2c0855e
SCR_GF_1789146206_030,2026-09-11 22:33:21,2026-10-11,30,google_flights,DEL,CCU,DEL-CCU,DEL,CCU,IndiGo,IndiGo,6E 413,10:15 AM,12:30 PM,135,2 hr 15 min,Economy,12545.0,7664.57,3606.86,710.0,563.57,0.0,4880.43,True,0,Non-Stop,ad2e1c8420f6
SCR_GF_1789146206_031,2026-09-11 22:33:21,2026-10-11,30,google_flights,DEL,CCU,DEL-CCU,DEL,CCU,IndiGo,IndiGo,6E 440,12:45 PM,3:05 PM,140,2 hr 20 min,Economy,12545.0,7664.57,3606.86,710.0,563.57,0.0,4880.43,True,0,Non-Stop,c86f5d0c29dd
SCR_GF_1789146206_032,2026-09-11 22:33:21,2026-10-11,30,google_flights,DEL,CCU,DEL-CCU,DEL,CCU,IndiGo,IndiGo,6E 467,2:25 PM,4:45 PM,140,2 hr 20 min,Economy,13332.0,8174.25,3846.7,710.0,601.05,0.0,5157.75,True,0,Non-Stop,34ddf3b34d59
SCR_GF_1789146206_033,2026-09-11 22:33:21,2026-10-11,30,google_flights,DEL,CCU,DEL-CCU,DEL,CCU,Air India,Air India,AI 494,9:55 AM,12:15 PM,140,2 hr 20 min,Economy,13518.0,8294.7,3903.4,710.0,609.9,0.0,5223.3,True,0,Non-Stop,e4ef7e287adb
SCR_GF_1789146206_034,2026-09-11 22:33:21,2026-10-11,30,google_flights,DEL,CCU,DEL-CCU,DEL,CCU,SpiceJet,SpiceJet,SG 521,5:20 AM,7:45 AM,145,2 hr 25 min,Economy,14164.0,8713.07,4100.26,710.0,640.67,0.0,5450.93,True,0,Non-Stop,04c4e424e8a6
SCR_GF_1789146206_035,2026-09-11 22:33:21,2026-10-11,30,google_flights,DEL,CCU,DEL-CCU,DEL,CCU,IndiGo,IndiGo,6E 548,4:00 PM,6:15 PM,135,2 hr 15 min,Economy,14172.0,8718.25,4102.7,710.0,641.05,0.0,5453.75,True,0,Non-Stop,557f0165a4ef
SCR_GF_1789146206_036,2026-09-11 22:33:21,2026-10-11,30,google_flights,DEL,CCU,DEL-CCU,DEL,CCU,Air India,Air India,AI 575,1:00 PM,3:20 PM,140,2 hr 20 min,Economy,14358.0,8838.7,4159.4,710.0,649.9,0.0,5519.3,True,0,Non-Stop,1e94b8770656
SCR_GF_1789146206_037,2026-09-11 22:33:21,2026-10-11,30,google_flights,DEL,CCU,DEL-CCU,DEL,CCU,Air India,Air India,AI 602,4:15 PM,6:35 PM,140,2 hr 20 min,Economy,15077.0,9304.34,4378.52,710.0,684.14,0.0,5772.66,True,0,Non-Stop,2ad03b11adf9
SCR_GF_1789146206_038,2026-09-11 22:33:21,2026-10-11,30,google_flights,DEL,CCU,DEL-CCU,DEL,CCU,SpiceJet,SpiceJet,SG 629,6:45 AM,9:05 AM,140,2 hr 20 min,Economy,16378.0,10146.9,4775.0,710.0,746.1,0.0,6231.1,True,0,Non-Stop,d115047b572c
SCR_GF_1789146206_039,2026-09-11 22:33:21,2026-10-11,30,google_flights,DEL,CCU,DEL-CCU,DEL,CCU,IndiGo,IndiGo,6E 656,3:50,8:30,280,4 hr 40 min,Economy,8757.0,5211.39,2452.42,710.0,383.19,0.0,3545.61,False,1,1 Stop,ecfd32b953de
SCR_GF_1789146206_040,2026-09-11 22:33:21,2026-10-11,30,google_flights,DEL,CCU,DEL-CCU,DEL,CCU,IndiGo,IndiGo,6E 683,6:40,8:50,130,2 hr 10 min,Economy,9081.0,5421.22,2551.16,710.0,398.62,0.0,3659.78,True,0,Non-Stop,af80668902a3
SCR_GF_1789146206_041,2026-09-11 22:33:21,2026-10-11,30,google_flights,DEL,CCU,DEL-CCU,DEL,CCU,IndiGo,IndiGo,6E 710,11:30,1:45,135,2 hr 15 min,Economy,9395.0,5624.57,2646.86,710.0,413.57,0.0,3770.43,True,0,Non-Stop,afbd95805e52
SCR_GF_1789146206_042,2026-09-11 22:33:21,2026-10-11,30,google_flights,DEL,CCU,DEL-CCU,DEL,CCU,IndiGo,IndiGo,6E 737,5:00,7:15,135,2 hr 15 min,Economy,10620.0,6417.9,3020.2,710.0,471.9,0.0,4202.1,True,0,Non-Stop,02121e579545
SCR_GF_1789146207_043,2026-09-11 22:33:21,2026-10-11,30,google_flights,DEL,CCU,DEL-CCU,DEL,CCU,IndiGo,IndiGo,6E 764,4:35,7:10,155,2 hr 35 min,Economy,6398.6,3684.05,1733.66,710.0,270.89,0.0,2714.55,True,0,Non-Stop,6cb0ae7b7307
SCR_GF_1789146207_044,2026-09-11 22:33:21,2026-10-11,30,google_flights,DEL,CCU,DEL-CCU,DEL,CCU,IndiGo,IndiGo,6E 791,8:10,1:45,335,5 hr 35 min,Economy,8547.0,5075.39,2388.42,710.0,373.19,0.0,3471.61,False,1,1 Stop,0df3512167d3
SCR_GF_1789146207_045,2026-09-11 22:33:21,2026-10-11,30,google_flights,DEL,CCU,DEL-CCU,DEL,CCU,IndiGo,IndiGo,6E 818,11:10,5:40,390,6 hr 30 min,Economy,8547.0,5075.39,2388.42,710.0,373.19,0.0,3471.61,False,1,1 Stop,3835a64c0c6c
SCR_GF_1789146207_046,2026-09-11 22:33:21,2026-10-11,30,google_flights,DEL,CCU,DEL-CCU,DEL,CCU,IndiGo,IndiGo,6E 845,8:00,12:25,265,4 hr 25 min,Economy,8678.0,5160.23,2428.34,710.0,379.43,0.0,3517.77,False,1,1 Stop,bd7042b93013
SCR_GF_1789146207_047,2026-09-11 22:33:21,2026-10-11,30,google_flights,DEL,CCU,DEL-CCU,DEL,CCU,IndiGo,IndiGo,6E 872,2:25,8:25,360,6 hr,Economy,8678.0,5160.23,2428.34,710.0,379.43,0.0,3517.77,False,1,1 Stop,e29f6a59fb3e
SCR_GF_1789146207_048,2026-09-11 22:33:21,2026-10-11,30,google_flights,DEL,CCU,DEL-CCU,DEL,CCU,IndiGo,IndiGo,6E 899,7:40,12:05,265,4 hr 25 min,Economy,8757.0,5211.39,2452.42,710.0,383.19,0.0,3545.61,False,1,1 Stop,b362c22b901e
SCR_GF_1789146207_049,2026-09-11 22:33:21,2026-10-11,30,google_flights,DEL,CCU,DEL-CCU,DEL,CCU,IndiGo,IndiGo,6E 926,9:00,3:15,375,6 hr 15 min,Economy,8757.0,5211.39,2452.42,710.0,383.19,0.0,3545.61,False,1,1 Stop,1aebcad4bbf9
SCR_GF_1789146207_050,2026-09-11 22:33:21,2026-10-11,30,google_flights,DEL,CCU,DEL-CCU,DEL,CCU,IndiGo,IndiGo,6E 953,2:40,7:20,280,4 hr 40 min,Economy,8862.0,5279.39,2484.42,710.0,388.19,0.0,3582.61,False,1,1 Stop,40919e8ce454
SCR_GF_1789146207_051,2026-09-11 22:33:21,2026-10-11,30,google_flights,DEL,CCU,DEL-CCU,DEL,CCU,IndiGo,IndiGo,6E 980,5:30,10:25,295,4 hr 55 min,Economy,8862.0,5279.39,2484.42,710.0,388.19,0.0,3582.61,False,1,1 Stop,329da348acdd
SCR_GF_1789146207_052,2026-09-11 22:33:21,2026-10-11,30,google_flights,DEL,CCU,DEL-CCU,DEL,CCU,IndiGo,IndiGo,6E 327,7:30,9:50,140,2 hr 20 min,Economy,9081.0,5421.22,2551.16,710.0,398.62,0.0,3659.78,True,0,Non-Stop,1326ebb54395
SCR_GF_1789146207_053,2026-09-11 22:33:21,2026-10-11,30,google_flights,DEL,CCU,DEL-CCU,DEL,CCU,IndiGo,IndiGo,6E 354,12:00,6:00,360,6 hr,Economy,9203.0,5500.23,2588.34,710.0,404.43,0.0,3702.77,False,1,1 Stop,6ac932298aca
SCR_GF_1789146207_054,2026-09-11 22:33:21,2026-10-11,30,google_flights,DEL,CCU,DEL-CCU,DEL,CCU,IndiGo,IndiGo,6E 381,1:35,5:40,245,4 hr 5 min,Economy,9282.0,5551.39,2612.42,710.0,408.19,0.0,3730.61,False,1,1 Stop,9d0853489108
SCR_GF_1789146207_055,2026-09-11 22:33:21,2026-10-11,30,google_flights,DEL,CCU,DEL-CCU,DEL,CCU,IndiGo,IndiGo,6E 408,7:20,9:40,140,2 hr 20 min,Economy,9395.0,5624.57,2646.86,710.0,413.57,0.0,3770.43,True,0,Non-Stop,2ce85f54484c
SCR_GF_1789146207_056,2026-09-11 22:33:21,2026-10-11,30,google_flights,DEL,CCU,DEL-CCU,DEL,CCU,IndiGo,IndiGo,6E 435,2:45,5:00,135,2 hr 15 min,Economy,9867.0,5930.25,2790.7,710.0,436.05,0.0,3936.75,True,0,Non-Stop,3eb5870b3ff9
SCR_GF_1789146207_057,2026-09-11 22:33:21,2026-10-11,30,google_flights,DEL,CCU,DEL-CCU,DEL,CCU,IndiGo,IndiGo,6E 462,5:00,7:15,135,2 hr 15 min,Economy,9867.0,5930.25,2790.7,710.0,436.05,0.0,3936.75,True,0,Non-Stop,3dff211f6d19
SCR_GF_1789146207_058,2026-09-11 22:33:21,2026-10-11,30,google_flights,DEL,CCU,DEL-CCU,DEL,CCU,IndiGo,IndiGo,6E 489,2:30,4:50,140,2 hr 20 min,Economy,9921.0,5965.22,2807.16,710.0,438.62,0.0,3955.78,True,0,Non-Stop,8da4a26972c4
SCR_GF_1789146207_059,2026-09-11 22:33:21,2026-10-11,30,google_flights,DEL,CCU,DEL-CCU,DEL,CCU,IndiGo,IndiGo,6E 516,5:55,8:15,140,2 hr 20 min,Economy,10620.0,6417.9,3020.2,710.0,471.9,0.0,4202.1,True,0,Non-Stop,30591be7db75
SCR_GF_1789146207_060,2026-09-11 22:33:21,2026-10-11,30,google_flights,DEL,CCU,DEL-CCU,DEL,CCU,IndiGo,IndiGo,6E 543,5:55,8:15,140,2 hr 20 min,Economy,11757.0,7154.25,3366.7,710.0,526.05,0.0,4602.75,True,0,Non-Stop,bd9eae5f7cc5
SCR_GF_1789146207_061,2026-09-11 22:33:21,2026-10-11,30,google_flights,DEL,CCU,DEL-CCU,DEL,CCU,IndiGo,IndiGo,6E 570,7:30,9:45,135,2 hr 15 min,Economy,11757.0,7154.25,3366.7,710.0,526.05,0.0,4602.75,True,0,Non-Stop,187ece7aa02c
SCR_GF_1789146207_062,2026-09-11 22:33:21,2026-10-11,30,google_flights,DEL,CCU,DEL-CCU,DEL,CCU,IndiGo,IndiGo,6E 597,9:50,12:05,135,2 hr 15 min,Economy,11757.0,7154.25,3366.7,710.0,526.05,0.0,4602.75,True,0,Non-Stop,baa8059cdc49
SCR_GF_1789146207_063,2026-09-11 22:33:21,2026-10-11,30,google_flights,DEL,CCU,DEL-CCU,DEL,CCU,IndiGo,IndiGo,6E 624,6:00,8:20,140,2 hr 20 min,Economy,12053.0,7345.94,3456.92,710.0,540.14,0.0,4707.06,True,0,Non-Stop,3d520c01ff8e
SCR_GF_1789146207_064,2026-09-11 22:33:21,2026-10-11,30,google_flights,DEL,CCU,DEL-CCU,DEL,CCU,IndiGo,IndiGo,6E 651,8:10,10:30,140,2 hr 20 min,Economy,12309.0,7511.73,3534.94,710.0,552.33,0.0,4797.27,True,0,Non-Stop,185cd74e2cfc
SCR_GF_1789146207_065,2026-09-11 22:33:21,2026-10-11,30,google_flights,DEL,CCU,DEL-CCU,DEL,CCU,IndiGo,IndiGo,6E 678,7:40,9:50,130,2 hr 10 min,Economy,12378.0,7556.42,3555.96,710.0,555.62,0.0,4821.58,True,0,Non-Stop,1e695f5f2f98
SCR_GF_1789146207_066,2026-09-11 22:33:21,2026-10-11,30,google_flights,DEL,CCU,DEL-CCU,DEL,CCU,IndiGo,IndiGo,6E 705,9:00,11:20,140,2 hr 20 min,Economy,12378.0,7556.42,3555.96,710.0,555.62,0.0,4821.58,True,0,Non-Stop,d6364c88ba6c
SCR_GF_1789146207_067,2026-09-11 22:33:21,2026-10-11,30,google_flights,DEL,CCU,DEL-CCU,DEL,CCU,IndiGo,IndiGo,6E 732,8:30,10:45,135,2 hr 15 min,Economy,12545.0,7664.57,3606.86,710.0,563.57,0.0,4880.43,True,0,Non-Stop,d6e8e4f36fd7
SCR_GF_1789146207_068,2026-09-11 22:33:21,2026-10-11,30,google_flights,DEL,CCU,DEL-CCU,DEL,CCU,IndiGo,IndiGo,6E 759,10:15,12:30,135,2 hr 15 min,Economy,12545.0,7664.57,3606.86,710.0,563.57,0.0,4880.43,True,0,Non-Stop,59aa70b0286e
SCR_GF_1789146207_069,2026-09-11 22:33:21,2026-10-11,30,google_flights,DEL,CCU,DEL-CCU,DEL,CCU,IndiGo,IndiGo,6E 786,12:45,3:05,140,2 hr 20 min,Economy,12545.0,7664.57,3606.86,710.0,563.57,0.0,4880.43,True,0,Non-Stop,28f8355fab08
SCR_GF_1789146207_070,2026-09-11 22:33:21,2026-10-11,30,google_flights,DEL,CCU,DEL-CCU,DEL,CCU,IndiGo,IndiGo,6E 813,2:25,4:45,140,2 hr 20 min,Economy,13332.0,8174.25,3846.7,710.0,601.05,0.0,5157.75,True,0,Non-Stop,c18dd16c176d
SCR_GF_1789146207_071,2026-09-11 22:33:21,2026-10-11,30,google_flights,DEL,CCU,DEL-CCU,DEL,CCU,IndiGo,IndiGo,6E 840,9:55,12:15,140,2 hr 20 min,Economy,13518.0,8294.7,3903.4,710.0,609.9,0.0,5223.3,True,0,Non-Stop,1fb96fb7f5c4
SCR_GF_1789146207_072,2026-09-11 22:33:21,2026-10-11,30,google_flights,DEL,CCU,DEL-CCU,DEL,CCU,IndiGo,IndiGo,6E 867,5:20,7:45,145,2 hr 25 min,Economy,14164.0,8713.07,4100.26,710.0,640.67,0.0,5450.93,True,0,Non-Stop,e779d54436e5
SCR_GF_1789146207_073,2026-09-11 22:33:21,2026-10-11,30,google_flights,DEL,CCU,DEL-CCU,DEL,CCU,IndiGo,IndiGo,6E 894,4:00,6:15,135,2 hr 15 min,Economy,14172.0,8718.25,4102.7,710.0,641.05,0.0,5453.75,True,0,Non-Stop,bf92d4e2a7c8
SCR_GF_1789146207_074,2026-09-11 22:33:21,2026-10-11,30,google_flights,DEL,CCU,DEL-CCU,DEL,CCU,IndiGo,IndiGo,6E 921,1:00,3:20,140,2 hr 20 min,Economy,14358.0,8838.7,4159.4,710.0,649.9,0.0,5519.3,True,0,Non-Stop,ebc083908a53
SCR_GF_1789146207_075,2026-09-11 22:33:21,2026-10-11,30,google_flights,DEL,CCU,DEL-CCU,DEL,CCU,IndiGo,IndiGo,6E 948,4:15,6:35,140,2 hr 20 min,Economy,15077.0,9304.34,4378.52,710.0,684.14,0.0,5772.66,True,0,Non-Stop,6a27b22b2376
SCR_GF_1789146207_076,2026-09-11 22:33:21,2026-10-11,30,google_flights,DEL,CCU,DEL-CCU,DEL,CCU,IndiGo,IndiGo,6E 975,6:45,9:05,140,2 hr 20 min,Economy,16378.0,10146.9,4775.0,710.0,746.1,0.0,6231.1,True,0,Non-Stop,2fcf288f2134
SCR_GF_1789146211_001,2026-09-11 22:33:27,2026-09-12,1,google_flights,BLR,HYD,BLR-HYD,BLR,HYD,IndiGo,IndiGo,6E 310,1:10 PM,5:30 PM,260,4 hr 20 min,Economy,7327.0,4453.68,2095.84,450.0,327.48,0.0,2873.32,False,1,1 Stop (CJB),ba89c8736aa0
SCR_GF_1789146211_002,2026-09-11 22:33:27,2026-09-12,1,google_flights,BLR,HYD,BLR-HYD,BLR,HYD,Air India Express,Air India Express,IX 337,10:40 PM,11:50 PM,70,1 hr 10 min,Economy,8311.0,5090.93,2395.74,450.0,374.33,0.0,3220.07,True,0,Non-Stop,cfa4dd3f1381
SCR_GF_1789146211_003,2026-09-11 22:33:27,2026-09-12,1,google_flights,BLR,HYD,BLR-HYD,BLR,HYD,IndiGo,IndiGo,6E 364,4:30 PM,5:45 PM,75,1 hr 15 min,Economy,10443.0,6471.66,3045.48,450.0,475.86,0.0,3971.34,True,0,Non-Stop,a01423662b47
SCR_GF_1789146211_004,2026-09-11 22:33:27,2026-09-12,1,google_flights,BLR,HYD,BLR-HYD,BLR,HYD,IndiGo,IndiGo,6E 391,5:15 PM,9:25 PM,250,4 hr 10 min,Economy,7327.0,4453.68,2095.84,450.0,327.48,0.0,2873.32,False,1,1 Stop (MAA),0835f012ddff
SCR_GF_1789146211_005,2026-09-11 22:33:27,2026-09-12,1,google_flights,BLR,HYD,BLR-HYD,BLR,HYD,IndiGo,IndiGo,6E 418,6:15 PM,10:40 PM,265,4 hr 25 min,Economy,7327.0,4453.68,2095.84,450.0,327.48,0.0,2873.32,False,1,1 Stop (MAA),529117a5abf0
SCR_GF_1789146211_006,2026-09-11 22:33:27,2026-09-12,1,google_flights,BLR,HYD,BLR-HYD,BLR,HYD,IndiGo,IndiGo,6E 445,10:25 AM,3:25 PM,300,5 hr,Economy,7830.0,4779.43,2249.14,450.0,351.43,0.0,3050.57,False,1,1 Stop (COK),b027433f93e6
SCR_GF_1789146211_007,2026-09-11 22:33:27,2026-09-12,1,google_flights,BLR,HYD,BLR-HYD,BLR,HYD,IndiGo,IndiGo,6E 472,5:40 PM,9:15 PM,215,3 hr 35 min,Economy,7830.0,4779.43,2249.14,450.0,351.43,0.0,3050.57,False,1,1 Stop (GOI),a6bba62256e5
SCR_GF_1789146211_008,2026-09-11 22:33:27,2026-09-12,1,google_flights,BLR,HYD,BLR-HYD,BLR,HYD,Air India Express,Air India Express,IX 499,5:15 PM,6:40 PM,85,1 hr 25 min,Economy,9029.0,5555.92,2614.56,450.0,408.52,0.0,3473.08,True,0,Non-Stop,d1e9c28314ac
SCR_GF_1789146211_009,2026-09-11 22:33:27,2026-09-12,1,google_flights,BLR,HYD,BLR-HYD,BLR,HYD,IndiGo,IndiGo,6E 526,10:55 AM,3:00 PM,245,4 hr 5 min,Economy,9625.0,5941.9,2796.2,450.0,436.9,0.0,3683.1,False,1,1 Stop,15d58fcfd8e4
SCR_GF_1789146211_010,2026-09-11 22:33:27,2026-09-12,1,google_flights,BLR,HYD,BLR-HYD,BLR,HYD,IndiGo,IndiGo,6E 553,7:45 PM,9:00 PM,75,1 hr 15 min,Economy,10443.0,6471.66,3045.48,450.0,475.86,0.0,3971.34,True,0,Non-Stop,08d5a81e4e80
SCR_GF_1789146211_011,2026-09-11 22:33:27,2026-09-12,1,google_flights,BLR,HYD,BLR-HYD,BLR,HYD,IndiGo,IndiGo,6E 580,9:30 PM,10:45 PM,75,1 hr 15 min,Economy,10443.0,6471.66,3045.48,450.0,475.86,0.0,3971.34,True,0,Non-Stop,7863fcdd7805
SCR_GF_1789146211_012,2026-09-11 22:33:27,2026-09-12,1,google_flights,BLR,HYD,BLR-HYD,BLR,HYD,IndiGo,IndiGo,6E 607,6:35 PM,7:45 PM,70,1 hr 10 min,Economy,11406.0,7095.31,3338.98,450.0,521.71,0.0,4310.69,True,0,Non-Stop,e779d67aac9f
SCR_GF_1789146211_013,2026-09-11 22:33:27,2026-09-12,1,google_flights,BLR,HYD,BLR-HYD,BLR,HYD,IndiGo,IndiGo,6E 634,9:15 AM,10:30 AM,75,1 hr 15 min,Economy,12468.0,7783.09,3662.62,450.0,572.29,0.0,4684.91,True,0,Non-Stop,1007f8b5959a
SCR_GF_1789146211_014,2026-09-11 22:33:27,2026-09-12,1,google_flights,BLR,HYD,BLR-HYD,BLR,HYD,IndiGo,IndiGo,6E 661,11:35 AM,12:50 PM,75,1 hr 15 min,Economy,12468.0,7783.09,3662.62,450.0,572.29,0.0,4684.91,True,0,Non-Stop,fdccabaf9d82
SCR_GF_1789146211_015,2026-09-11 22:33:27,2026-09-12,1,google_flights,BLR,HYD,BLR-HYD,BLR,HYD,IndiGo,IndiGo,6E 688,2:50 PM,4:05 PM,75,1 hr 15 min,Economy,12468.0,7783.09,3662.62,450.0,572.29,0.0,4684.91,True,0,Non-Stop,75f4987825a0
SCR_GF_1789146211_016,2026-09-11 22:33:27,2026-09-12,1,google_flights,BLR,HYD,BLR-HYD,BLR,HYD,IndiGo,IndiGo,6E 715,10:15 AM,11:30 AM,75,1 hr 15 min,Economy,13641.0,8542.74,4020.12,450.0,628.14,0.0,5098.26,True,0,Non-Stop,53b7ac01960e
SCR_GF_1789146211_017,2026-09-11 22:33:27,2026-09-12,1,google_flights,BLR,HYD,BLR-HYD,BLR,HYD,IndiGo,IndiGo,6E 742,8:15 AM,9:30 AM,75,1 hr 15 min,Economy,14935.0,9380.76,4414.48,450.0,689.76,0.0,5554.24,True,0,Non-Stop,fd905a44ec61
SCR_GF_1789146211_018,2026-09-11 22:33:27,2026-09-12,1,google_flights,BLR,HYD,BLR-HYD,BLR,HYD,Air India Express,Air India Express,IX 769,12:30 PM,1:50 PM,80,1 hr 20 min,Economy,16611.0,10466.17,4925.26,450.0,769.57,0.0,6144.83,True,0,Non-Stop,f2a4a70617ec
SCR_GF_1789146211_019,2026-09-11 22:33:27,2026-09-12,1,google_flights,BLR,HYD,BLR-HYD,BLR,HYD,Air India Express,Air India Express,IX 796,6:05 AM,7:25 AM,80,1 hr 20 min,Economy,19576.0,12386.36,5828.88,450.0,910.76,0.0,7189.64,True,0,Non-Stop,456b0584d1e7
SCR_GF_1789146211_020,2026-09-11 22:33:27,2026-09-12,1,google_flights,BLR,HYD,BLR-HYD,BLR,HYD,IndiGo,IndiGo,6E 823,4:35 AM,2:45 AM,1330,22 hr 10 min,Economy,49968.0,32068.8,15091.2,450.0,2358.0,0.0,17899.2,False,1,1 Stop,50898b3a00f0
SCR_GF_1789146211_021,2026-09-11 22:33:27,2026-09-12,1,google_flights,BLR,HYD,BLR-HYD,BLR,HYD,Air India,Air India,AI 850,6:05 PM,11:05 PM,300,5 hr,Economy,3850.0,2201.9,1036.2,450.0,161.9,0.0,1648.1,False,1,1 Stop (BOM),640d52a6194d
SCR_GF_1789146211_022,2026-09-11 22:33:27,2026-09-12,1,google_flights,BLR,HYD,BLR-HYD,BLR,HYD,IndiGo,IndiGo,6E 877,1:10,5:30,260,4 hr 20 min,Economy,7327.0,4453.68,2095.84,450.0,327.48,0.0,2873.32,False,1,1 Stop,e9007b0b46fd
SCR_GF_1789146211_023,2026-09-11 22:33:27,2026-09-12,1,google_flights,BLR,HYD,BLR-HYD,BLR,HYD,IndiGo,IndiGo,6E 904,10:40,11:50,70,1 hr 10 min,Economy,8311.0,5090.93,2395.74,450.0,374.33,0.0,3220.07,True,0,Non-Stop,5607247ee06b
SCR_GF_1789146211_024,2026-09-11 22:33:27,2026-09-12,1,google_flights,BLR,HYD,BLR-HYD,BLR,HYD,IndiGo,IndiGo,6E 931,4:30,5:45,75,1 hr 15 min,Economy,10443.0,6471.66,3045.48,450.0,475.86,0.0,3971.34,True,0,Non-Stop,6e43ffa7e8cb
SCR_GF_1789146211_025,2026-09-11 22:33:27,2026-09-12,1,google_flights,BLR,HYD,BLR-HYD,BLR,HYD,IndiGo,IndiGo,6E 958,5:15,9:25,250,4 hr 10 min,Economy,7327.0,4453.68,2095.84,450.0,327.48,0.0,2873.32,False,1,1 Stop,01e7f252cc0e
SCR_GF_1789146211_026,2026-09-11 22:33:27,2026-09-12,1,google_flights,BLR,HYD,BLR-HYD,BLR,HYD,IndiGo,IndiGo,6E 985,6:15,10:40,265,4 hr 25 min,Economy,7327.0,4453.68,2095.84,450.0,327.48,0.0,2873.32,False,1,1 Stop,f9d2fcdd3aa6
SCR_GF_1789146212_027,2026-09-11 22:33:27,2026-09-12,1,google_flights,BLR,HYD,BLR-HYD,BLR,HYD,IndiGo,IndiGo,6E 332,10:25,3:25,300,5 hr,Economy,7830.0,4779.43,2249.14,450.0,351.43,0.0,3050.57,False,1,1 Stop,03725811718b
SCR_GF_1789146212_028,2026-09-11 22:33:27,2026-09-12,1,google_flights,BLR,HYD,BLR-HYD,BLR,HYD,IndiGo,IndiGo,6E 359,5:40,9:15,215,3 hr 35 min,Economy,7830.0,4779.43,2249.14,450.0,351.43,0.0,3050.57,False,1,1 Stop,de0c9cbc153f
SCR_GF_1789146212_029,2026-09-11 22:33:27,2026-09-12,1,google_flights,BLR,HYD,BLR-HYD,BLR,HYD,IndiGo,IndiGo,6E 386,5:15,6:40,85,1 hr 25 min,Economy,9029.0,5555.92,2614.56,450.0,408.52,0.0,3473.08,True,0,Non-Stop,71f7067b44a3
SCR_GF_1789146212_030,2026-09-11 22:33:27,2026-09-12,1,google_flights,BLR,HYD,BLR-HYD,BLR,HYD,IndiGo,IndiGo,6E 413,10:55,3:00,245,4 hr 5 min,Economy,9625.0,5941.9,2796.2,450.0,436.9,0.0,3683.1,False,1,1 Stop,79539cd4e9c8
SCR_GF_1789146212_031,2026-09-11 22:33:27,2026-09-12,1,google_flights,BLR,HYD,BLR-HYD,BLR,HYD,IndiGo,IndiGo,6E 440,7:45,9:00,75,1 hr 15 min,Economy,10443.0,6471.66,3045.48,450.0,475.86,0.0,3971.34,True,0,Non-Stop,7cfc091d921a
SCR_GF_1789146212_032,2026-09-11 22:33:27,2026-09-12,1,google_flights,BLR,HYD,BLR-HYD,BLR,HYD,IndiGo,IndiGo,6E 467,9:30,10:45,75,1 hr 15 min,Economy,10443.0,6471.66,3045.48,450.0,475.86,0.0,3971.34,True,0,Non-Stop,f863ef16ac40
SCR_GF_1789146212_033,2026-09-11 22:33:27,2026-09-12,1,google_flights,BLR,HYD,BLR-HYD,BLR,HYD,IndiGo,IndiGo,6E 494,6:35,7:45,70,1 hr 10 min,Economy,11406.0,7095.31,3338.98,450.0,521.71,0.0,4310.69,True,0,Non-Stop,c75aee4d6114
SCR_GF_1789146212_034,2026-09-11 22:33:27,2026-09-12,1,google_flights,BLR,HYD,BLR-HYD,BLR,HYD,IndiGo,IndiGo,6E 521,9:15,10:30,75,1 hr 15 min,Economy,12468.0,7783.09,3662.62,450.0,572.29,0.0,4684.91,True,0,Non-Stop,b0f2b9396d10
SCR_GF_1789146212_035,2026-09-11 22:33:27,2026-09-12,1,google_flights,BLR,HYD,BLR-HYD,BLR,HYD,IndiGo,IndiGo,6E 548,11:35,12:50,75,1 hr 15 min,Economy,12468.0,7783.09,3662.62,450.0,572.29,0.0,4684.91,True,0,Non-Stop,07304c8f9c23
SCR_GF_1789146212_036,2026-09-11 22:33:27,2026-09-12,1,google_flights,BLR,HYD,BLR-HYD,BLR,HYD,IndiGo,IndiGo,6E 575,2:50,4:05,75,1 hr 15 min,Economy,12468.0,7783.09,3662.62,450.0,572.29,0.0,4684.91,True,0,Non-Stop,a075c1657227
SCR_GF_1789146212_037,2026-09-11 22:33:27,2026-09-12,1,google_flights,BLR,HYD,BLR-HYD,BLR,HYD,IndiGo,IndiGo,6E 602,10:15,11:30,75,1 hr 15 min,Economy,13641.0,8542.74,4020.12,450.0,628.14,0.0,5098.26,True,0,Non-Stop,81c07294c513
SCR_GF_1789146212_038,2026-09-11 22:33:27,2026-09-12,1,google_flights,BLR,HYD,BLR-HYD,BLR,HYD,IndiGo,IndiGo,6E 629,8:15,9:30,75,1 hr 15 min,Economy,14935.0,9380.76,4414.48,450.0,689.76,0.0,5554.24,True,0,Non-Stop,28ec8bd1ca73
SCR_GF_1789146212_039,2026-09-11 22:33:27,2026-09-12,1,google_flights,BLR,HYD,BLR-HYD,BLR,HYD,IndiGo,IndiGo,6E 656,12:30,1:50,80,1 hr 20 min,Economy,16611.0,10466.17,4925.26,450.0,769.57,0.0,6144.83,True,0,Non-Stop,e8f45b8b6ca4
SCR_GF_1789146212_040,2026-09-11 22:33:27,2026-09-12,1,google_flights,BLR,HYD,BLR-HYD,BLR,HYD,IndiGo,IndiGo,6E 683,6:05,7:25,80,1 hr 20 min,Economy,19576.0,12386.36,5828.88,450.0,910.76,0.0,7189.64,True,0,Non-Stop,7b5c06d60302
SCR_GF_1789146212_041,2026-09-11 22:33:27,2026-09-12,1,google_flights,BLR,HYD,BLR-HYD,BLR,HYD,IndiGo,IndiGo,6E 710,4:35,2:45,1330,22 hr 10 min,Economy,49968.0,32068.8,15091.2,450.0,2358.0,0.0,17899.2,False,1,1 Stop,9f72e24e3b26
SCR_GF_1789146212_042,2026-09-11 22:33:27,2026-09-12,1,google_flights,BLR,HYD,BLR-HYD,BLR,HYD,IndiGo,IndiGo,6E 737,6:05,11:05,300,5 hr,Economy,3984.75,2289.17,1077.26,450.0,168.32,0.0,1695.58,False,1,1 Stop,98ffc355ee14
SCR_GF_1789146216_001,2026-09-11 22:33:32,2026-09-18,7,google_flights,BLR,HYD,BLR-HYD,BLR,HYD,IndiGo,IndiGo,6E 310,11:35 AM,12:50 PM,75,1 hr 15 min,Economy,6825.0,4128.57,1942.86,450.0,303.57,0.0,2696.43,True,0,Non-Stop,367ce834c7e2
SCR_GF_1789146216_002,2026-09-11 22:33:32,2026-09-18,7,google_flights,BLR,HYD,BLR-HYD,BLR,HYD,Air India Express,Air India Express,IX 337,12:30 PM,1:50 PM,80,1 hr 20 min,Economy,7073.0,4289.18,2018.44,450.0,315.38,0.0,2783.82,True,0,Non-Stop,fe1625e58a81
SCR_GF_1789146216_003,2026-09-11 22:33:32,2026-09-18,7,google_flights,BLR,HYD,BLR-HYD,BLR,HYD,IndiGo,IndiGo,6E 364,7:50 PM,9:05 PM,75,1 hr 15 min,Economy,7886.0,4815.7,2266.2,450.0,354.1,0.0,3070.3,True,0,Non-Stop,2a1eb82ef1f8
SCR_GF_1789146216_004,2026-09-11 22:33:32,2026-09-18,7,google_flights,BLR,HYD,BLR-HYD,BLR,HYD,IndiGo,IndiGo,6E 391,2:40 AM,7:50 AM,310,5 hr 10 min,Economy,6438.0,3877.94,1824.92,450.0,285.14,0.0,2560.06,False,1,1 Stop (PNQ),a846d18e132c
SCR_GF_1789146216_005,2026-09-11 22:33:32,2026-09-18,7,google_flights,BLR,HYD,BLR-HYD,BLR,HYD,IndiGo,IndiGo,6E 418,7:05 AM,10:45 AM,220,3 hr 40 min,Economy,6438.0,3877.94,1824.92,450.0,285.14,0.0,2560.06,False,1,1 Stop (CJB),4647443c6d17
SCR_GF_1789146216_006,2026-09-11 22:33:32,2026-09-18,7,google_flights,BLR,HYD,BLR-HYD,BLR,HYD,IndiGo,IndiGo,6E 445,7:15 AM,11:10 AM,235,3 hr 55 min,Economy,6438.0,3877.94,1824.92,450.0,285.14,0.0,2560.06,False,1,1 Stop (MAA),5eb0c6f0d9be
SCR_GF_1789146216_007,2026-09-11 22:33:32,2026-09-18,7,google_flights,BLR,HYD,BLR-HYD,BLR,HYD,IndiGo,IndiGo,6E 472,11:40 AM,4:05 PM,265,4 hr 25 min,Economy,6438.0,3877.94,1824.92,450.0,285.14,0.0,2560.06,False,1,1 Stop (PNQ),e9ba72123596
SCR_GF_1789146217_008,2026-09-11 22:33:32,2026-09-18,7,google_flights,BLR,HYD,BLR-HYD,BLR,HYD,IndiGo,IndiGo,6E 499,12:45 PM,5:25 PM,280,4 hr 40 min,Economy,6438.0,3877.94,1824.92,450.0,285.14,0.0,2560.06,False,1,1 Stop (MAA),2581543854cc
SCR_GF_1789146217_009,2026-09-11 22:33:32,2026-09-18,7,google_flights,BLR,HYD,BLR-HYD,BLR,HYD,IndiGo,IndiGo,6E 526,1:10 PM,5:30 PM,260,4 hr 20 min,Economy,6438.0,3877.94,1824.92,450.0,285.14,0.0,2560.06,False,1,1 Stop (CJB),963a43453225
SCR_GF_1789146217_010,2026-09-11 22:33:32,2026-09-18,7,google_flights,BLR,HYD,BLR-HYD,BLR,HYD,IndiGo,IndiGo,6E 553,3:30 PM,7:50 PM,260,4 hr 20 min,Economy,6438.0,3877.94,1824.92,450.0,285.14,0.0,2560.06,False,1,1 Stop (PNQ),409d7c94a694
SCR_GF_1789146217_011,2026-09-11 22:33:32,2026-09-18,7,google_flights,BLR,HYD,BLR-HYD,BLR,HYD,IndiGo,IndiGo,6E 580,5:40 PM,9:15 PM,215,3 hr 35 min,Economy,6438.0,3877.94,1824.92,450.0,285.14,0.0,2560.06,False,1,1 Stop (GOI),3acacfa8da17
SCR_GF_1789146217_012,2026-09-11 22:33:32,2026-09-18,7,google_flights,BLR,HYD,BLR-HYD,BLR,HYD,IndiGo,IndiGo,6E 607,7:15 PM,10:50 PM,215,3 hr 35 min,Economy,6438.0,3877.94,1824.92,450.0,285.14,0.0,2560.06,False,1,1 Stop (GOI),5cf9beecbf33
SCR_GF_1789146217_013,2026-09-11 22:33:32,2026-09-18,7,google_flights,BLR,HYD,BLR-HYD,BLR,HYD,IndiGo,IndiGo,6E 634,10:40 AM,3:05 PM,265,4 hr 25 min,Economy,6569.0,3962.78,1864.84,450.0,291.38,0.0,2606.22,False,1,1 Stop (GOX),cf3ffa663257
SCR_GF_1789146217_014,2026-09-11 22:33:32,2026-09-18,7,google_flights,BLR,HYD,BLR-HYD,BLR,HYD,IndiGo,IndiGo,6E 661,6:25 AM,7:35 AM,70,1 hr 10 min,Economy,6825.0,4128.57,1942.86,450.0,303.57,0.0,2696.43,True,0,Non-Stop,547dd553de2b
SCR_GF_1789146217_015,2026-09-11 22:33:32,2026-09-18,7,google_flights,BLR,HYD,BLR-HYD,BLR,HYD,IndiGo,IndiGo,6E 688,10:15 AM,11:30 AM,75,1 hr 15 min,Economy,6825.0,4128.57,1942.86,450.0,303.57,0.0,2696.43,True,0,Non-Stop,bf6dafadd910
SCR_GF_1789146217_016,2026-09-11 22:33:32,2026-09-18,7,google_flights,BLR,HYD,BLR-HYD,BLR,HYD,Air India Express,Air India Express,IX 715,6:05 AM,7:25 AM,80,1 hr 20 min,Economy,7073.0,4289.18,2018.44,450.0,315.38,0.0,2783.82,True,0,Non-Stop,999a70d4d05b
SCR_GF_1789146217_017,2026-09-11 22:33:32,2026-09-18,7,google_flights,BLR,HYD,BLR-HYD,BLR,HYD,IndiGo,IndiGo,6E 742,9:15 AM,10:30 AM,75,1 hr 15 min,Economy,7414.0,4510.02,2122.36,450.0,331.62,0.0,2903.98,True,0,Non-Stop,0196ecf383b8
SCR_GF_1789146217_018,2026-09-11 22:33:32,2026-09-18,7,google_flights,BLR,HYD,BLR-HYD,BLR,HYD,IndiGo,IndiGo,6E 769,8:15 AM,9:30 AM,75,1 hr 15 min,Economy,8780.0,5394.67,2538.66,450.0,396.67,0.0,3385.33,True,0,Non-Stop,581866949aaf
SCR_GF_1789146217_019,2026-09-11 22:33:32,2026-09-18,7,google_flights,BLR,HYD,BLR-HYD,BLR,HYD,IndiGo,IndiGo,6E 796,4:30 PM,5:45 PM,75,1 hr 15 min,Economy,10443.0,6471.66,3045.48,450.0,475.86,0.0,3971.34,True,0,Non-Stop,6d76ed649103
SCR_GF_1789146217_020,2026-09-11 22:33:32,2026-09-18,7,google_flights,BLR,HYD,BLR-HYD,BLR,HYD,IndiGo,IndiGo,6E 823,9:30 PM,10:45 PM,75,1 hr 15 min,Economy,12468.0,7783.09,3662.62,450.0,572.29,0.0,4684.91,True,0,Non-Stop,38b5200fceeb
SCR_GF_1789146217_021,2026-09-11 22:33:32,2026-09-18,7,google_flights,BLR,HYD,BLR-HYD,BLR,HYD,Air India Express,Air India Express,IX 850,5:15 PM,6:40 PM,85,1 hr 25 min,Economy,12496.0,7801.22,3671.16,450.0,573.62,0.0,4694.78,True,0,Non-Stop,1f127acc3f82
SCR_GF_1789146217_022,2026-09-11 22:33:32,2026-09-18,7,google_flights,BLR,HYD,BLR-HYD,BLR,HYD,IndiGo,IndiGo,6E 877,6:35 PM,7:45 PM,70,1 hr 10 min,Economy,13641.0,8542.74,4020.12,450.0,628.14,0.0,5098.26,True,0,Non-Stop,e32e0d1e5875
SCR_GF_1789146217_023,2026-09-11 22:33:32,2026-09-18,7,google_flights,BLR,HYD,BLR-HYD,BLR,HYD,IndiGo,IndiGo,6E 904,7:45 PM,9:00 PM,75,1 hr 15 min,Economy,13641.0,8542.74,4020.12,450.0,628.14,0.0,5098.26,True,0,Non-Stop,a395412e035f
SCR_GF_1789146217_024,2026-09-11 22:33:32,2026-09-18,7,google_flights,BLR,HYD,BLR-HYD,BLR,HYD,Air India Express,Air India Express,IX 931,7:15 PM,8:25 PM,70,1 hr 10 min,Economy,14351.0,9002.55,4236.5,450.0,661.95,0.0,5348.45,True,0,Non-Stop,507a7341cdd2
SCR_GF_1789146217_025,2026-09-11 22:33:32,2026-09-18,7,google_flights,BLR,HYD,BLR-HYD,BLR,HYD,IndiGo,IndiGo,6E 958,11:35,12:50,75,1 hr 15 min,Economy,6825.0,4128.57,1942.86,450.0,303.57,0.0,2696.43,True,0,Non-Stop,b7c78c26e361
SCR_GF_1789146217_026,2026-09-11 22:33:32,2026-09-18,7,google_flights,BLR,HYD,BLR-HYD,BLR,HYD,IndiGo,IndiGo,6E 985,12:30,1:50,80,1 hr 20 min,Economy,7073.0,4289.18,2018.44,450.0,315.38,0.0,2783.82,True,0,Non-Stop,7abd0e919edc
SCR_GF_1789146217_027,2026-09-11 22:33:32,2026-09-18,7,google_flights,BLR,HYD,BLR-HYD,BLR,HYD,IndiGo,IndiGo,6E 332,7:50,9:05,75,1 hr 15 min,Economy,7886.0,4815.7,2266.2,450.0,354.1,0.0,3070.3,True,0,Non-Stop,d8a1fb97d0c9
SCR_GF_1789146217_028,2026-09-11 22:33:32,2026-09-18,7,google_flights,BLR,HYD,BLR-HYD,BLR,HYD,IndiGo,IndiGo,6E 359,2:40,7:50,310,5 hr 10 min,Economy,6438.0,3877.94,1824.92,450.0,285.14,0.0,2560.06,False,1,1 Stop,00c297985058
SCR_GF_1789146217_029,2026-09-11 22:33:32,2026-09-18,7,google_flights,BLR,HYD,BLR-HYD,BLR,HYD,IndiGo,IndiGo,6E 386,7:05,10:45,220,3 hr 40 min,Economy,6438.0,3877.94,1824.92,450.0,285.14,0.0,2560.06,False,1,1 Stop,1896b6407b1b
SCR_GF_1789146217_030,2026-09-11 22:33:32,2026-09-18,7,google_flights,BLR,HYD,BLR-HYD,BLR,HYD,IndiGo,IndiGo,6E 413,7:15,11:10,235,3 hr 55 min,Economy,6438.0,3877.94,1824.92,450.0,285.14,0.0,2560.06,False,1,1 Stop,67807b2fe9ec
SCR_GF_1789146217_031,2026-09-11 22:33:32,2026-09-18,7,google_flights,BLR,HYD,BLR-HYD,BLR,HYD,IndiGo,IndiGo,6E 440,11:40,4:05,265,4 hr 25 min,Economy,6438.0,3877.94,1824.92,450.0,285.14,0.0,2560.06,False,1,1 Stop,9d36478f8896
SCR_GF_1789146217_032,2026-09-11 22:33:32,2026-09-18,7,google_flights,BLR,HYD,BLR-HYD,BLR,HYD,IndiGo,IndiGo,6E 467,12:45,5:25,280,4 hr 40 min,Economy,6438.0,3877.94,1824.92,450.0,285.14,0.0,2560.06,False,1,1 Stop,ee9aa7ac6d9a
SCR_GF_1789146217_033,2026-09-11 22:33:32,2026-09-18,7,google_flights,BLR,HYD,BLR-HYD,BLR,HYD,IndiGo,IndiGo,6E 494,1:10,5:30,260,4 hr 20 min,Economy,6438.0,3877.94,1824.92,450.0,285.14,0.0,2560.06,False,1,1 Stop,184f13253fd8
SCR_GF_1789146217_034,2026-09-11 22:33:32,2026-09-18,7,google_flights,BLR,HYD,BLR-HYD,BLR,HYD,IndiGo,IndiGo,6E 521,3:30,7:50,260,4 hr 20 min,Economy,6438.0,3877.94,1824.92,450.0,285.14,0.0,2560.06,False,1,1 Stop,a13979c12421
SCR_GF_1789146217_035,2026-09-11 22:33:32,2026-09-18,7,google_flights,BLR,HYD,BLR-HYD,BLR,HYD,IndiGo,IndiGo,6E 548,5:40,9:15,215,3 hr 35 min,Economy,6438.0,3877.94,1824.92,450.0,285.14,0.0,2560.06,False,1,1 Stop,67853fe06647
SCR_GF_1789146217_036,2026-09-11 22:33:32,2026-09-18,7,google_flights,BLR,HYD,BLR-HYD,BLR,HYD,IndiGo,IndiGo,6E 575,7:15,10:50,215,3 hr 35 min,Economy,6438.0,3877.94,1824.92,450.0,285.14,0.0,2560.06,False,1,1 Stop,67807b2fe9ec
SCR_GF_1789146217_037,2026-09-11 22:33:32,2026-09-18,7,google_flights,BLR,HYD,BLR-HYD,BLR,HYD,IndiGo,IndiGo,6E 602,10:40,3:05,265,4 hr 25 min,Economy,6569.0,3962.78,1864.84,450.0,291.38,0.0,2606.22,False,1,1 Stop (GOX),1130e57fc207
SCR_GF_1789146217_038,2026-09-11 22:33:32,2026-09-18,7,google_flights,BLR,HYD,BLR-HYD,BLR,HYD,IndiGo,IndiGo,6E 629,6:25,7:35,70,1 hr 10 min,Economy,6825.0,4128.57,1942.86,450.0,303.57,0.0,2696.43,True,0,Non-Stop,602e1b495a34
SCR_GF_1789146217_039,2026-09-11 22:33:32,2026-09-18,7,google_flights,BLR,HYD,BLR-HYD,BLR,HYD,IndiGo,IndiGo,6E 656,10:15,11:30,75,1 hr 15 min,Economy,6825.0,4128.57,1942.86,450.0,303.57,0.0,2696.43,True,0,Non-Stop,8e980dfe0826
SCR_GF_1789146217_040,2026-09-11 22:33:32,2026-09-18,7,google_flights,BLR,HYD,BLR-HYD,BLR,HYD,IndiGo,IndiGo,6E 683,6:05,7:25,80,1 hr 20 min,Economy,7073.0,4289.18,2018.44,450.0,315.38,0.0,2783.82,True,0,Non-Stop,15f30d7fcba5
SCR_GF_1789146217_041,2026-09-11 22:33:32,2026-09-18,7,google_flights,BLR,HYD,BLR-HYD,BLR,HYD,IndiGo,IndiGo,6E 710,9:15,10:30,75,1 hr 15 min,Economy,7414.0,4510.02,2122.36,450.0,331.62,0.0,2903.98,True,0,Non-Stop,529496666594
SCR_GF_1789146217_042,2026-09-11 22:33:32,2026-09-18,7,google_flights,BLR,HYD,BLR-HYD,BLR,HYD,IndiGo,IndiGo,6E 737,8:15,9:30,75,1 hr 15 min,Economy,8780.0,5394.67,2538.66,450.0,396.67,0.0,3385.33,True,0,Non-Stop,11e693ce8a51
SCR_GF_1789146217_043,2026-09-11 22:33:32,2026-09-18,7,google_flights,BLR,HYD,BLR-HYD,BLR,HYD,IndiGo,IndiGo,6E 764,4:30,5:45,75,1 hr 15 min,Economy,10443.0,6471.66,3045.48,450.0,475.86,0.0,3971.34,True,0,Non-Stop,c3cbc2d1013f
SCR_GF_1789146217_044,2026-09-11 22:33:32,2026-09-18,7,google_flights,BLR,HYD,BLR-HYD,BLR,HYD,IndiGo,IndiGo,6E 791,9:30,10:45,75,1 hr 15 min,Economy,12468.0,7783.09,3662.62,450.0,572.29,0.0,4684.91,True,0,Non-Stop,05ecfd8fa498
SCR_GF_1789146217_045,2026-09-11 22:33:32,2026-09-18,7,google_flights,BLR,HYD,BLR-HYD,BLR,HYD,IndiGo,IndiGo,6E 818,5:15,6:40,85,1 hr 25 min,Economy,12496.0,7801.22,3671.16,450.0,573.62,0.0,4694.78,True,0,Non-Stop,d0a90e862004
SCR_GF_1789146217_046,2026-09-11 22:33:32,2026-09-18,7,google_flights,BLR,HYD,BLR-HYD,BLR,HYD,IndiGo,IndiGo,6E 845,6:35,7:45,70,1 hr 10 min,Economy,13641.0,8542.74,4020.12,450.0,628.14,0.0,5098.26,True,0,Non-Stop,0c160aa3a619
SCR_GF_1789146217_047,2026-09-11 22:33:32,2026-09-18,7,google_flights,BLR,HYD,BLR-HYD,BLR,HYD,IndiGo,IndiGo,6E 872,7:45,9:00,75,1 hr 15 min,Economy,13641.0,8542.74,4020.12,450.0,628.14,0.0,5098.26,True,0,Non-Stop,870e7e5a1d5e
SCR_GF_1789146217_048,2026-09-11 22:33:32,2026-09-18,7,google_flights,BLR,HYD,BLR-HYD,BLR,HYD,IndiGo,IndiGo,6E 899,7:15,8:25,70,1 hr 10 min,Economy,14351.0,9002.55,4236.5,450.0,661.95,0.0,5348.45,True,0,Non-Stop,509ce60b02b0
SCR_GF_1789146221_001,2026-09-11 22:33:37,2026-10-11,30,google_flights,BLR,HYD,BLR-HYD,BLR,HYD,IndiGo,IndiGo,6E 310,7:45 PM,9:00 PM,75,1 hr 15 min,Economy,4613.0,2696.04,1268.72,450.0,198.24,0.0,1916.96,True,0,Non-Stop,4476c36c2c5a
SCR_GF_1789146221_002,2026-09-11 22:33:37,2026-10-11,30,google_flights,BLR,HYD,BLR-HYD,BLR,HYD,IndiGo,IndiGo,6E 337,9:25 PM,10:40 PM,75,1 hr 15 min,Economy,4613.0,2696.04,1268.72,450.0,198.24,0.0,1916.96,True,0,Non-Stop,a303cf39ed15
SCR_GF_1789146221_003,2026-09-11 22:33:37,2026-10-11,30,google_flights,BLR,HYD,BLR-HYD,BLR,HYD,IndiGo,IndiGo,6E 364,6:35 PM,7:45 PM,70,1 hr 10 min,Economy,5370.0,3186.29,1499.42,450.0,234.29,0.0,2183.71,True,0,Non-Stop,239731608afd
SCR_GF_1789146221_004,2026-09-11 22:33:37,2026-10-11,30,google_flights,BLR,HYD,BLR-HYD,BLR,HYD,Air India Express,Air India Express,IX 391,2:55 PM,4:05 PM,70,1 hr 10 min,Economy,7073.0,4289.18,2018.44,450.0,315.38,0.0,2783.82,True,0,Non-Stop,410fd322fc65
SCR_GF_1789146221_005,2026-09-11 22:33:37,2026-10-11,30,google_flights,BLR,HYD,BLR-HYD,BLR,HYD,IndiGo,IndiGo,6E 418,6:10 AM,7:20 AM,70,1 hr 10 min,Economy,4613.0,2696.04,1268.72,450.0,198.24,0.0,1916.96,True,0,Non-Stop,0ab80cc16184
SCR_GF_1789146221_006,2026-09-11 22:33:37,2026-10-11,30,google_flights,BLR,HYD,BLR-HYD,BLR,HYD,IndiGo,IndiGo,6E 445,8:15 AM,9:30 AM,75,1 hr 15 min,Economy,5370.0,3186.29,1499.42,450.0,234.29,0.0,2183.71,True,0,Non-Stop,f8f3373514c4
SCR_GF_1789146221_007,2026-09-11 22:33:37,2026-10-11,30,google_flights,BLR,HYD,BLR-HYD,BLR,HYD,IndiGo,IndiGo,6E 472,9:15 AM,10:30 AM,75,1 hr 15 min,Economy,5370.0,3186.29,1499.42,450.0,234.29,0.0,2183.71,True,0,Non-Stop,51586e5c2f4c
SCR_GF_1789146221_008,2026-09-11 22:33:37,2026-10-11,30,google_flights,BLR,HYD,BLR-HYD,BLR,HYD,IndiGo,IndiGo,6E 499,10:15 AM,11:30 AM,75,1 hr 15 min,Economy,5370.0,3186.29,1499.42,450.0,234.29,0.0,2183.71,True,0,Non-Stop,08e722dd7e34
SCR_GF_1789146221_009,2026-09-11 22:33:37,2026-10-11,30,google_flights,BLR,HYD,BLR-HYD,BLR,HYD,IndiGo,IndiGo,6E 526,4:30 PM,5:45 PM,75,1 hr 15 min,Economy,6291.0,3782.74,1780.12,450.0,278.14,0.0,2508.26,True,0,Non-Stop,31fb57b55105
SCR_GF_1789146221_010,2026-09-11 22:33:37,2026-10-11,30,google_flights,BLR,HYD,BLR-HYD,BLR,HYD,Air India Express,Air India Express,IX 553,6:10 AM,9:30 AM,200,3 hr 20 min,Economy,6294.0,3784.69,1781.02,450.0,278.29,0.0,2509.31,False,1,1 Stop,d5caba5fd4ae
SCR_GF_1789146221_011,2026-09-11 22:33:37,2026-10-11,30,google_flights,BLR,HYD,BLR-HYD,BLR,HYD,Air India Express,Air India Express,IX 580,6:05 AM,7:25 AM,80,1 hr 20 min,Economy,7073.0,4289.18,2018.44,450.0,315.38,0.0,2783.82,True,0,Non-Stop,21a120e47a03
SCR_GF_1789146221_012,2026-09-11 22:33:37,2026-10-11,30,google_flights,BLR,HYD,BLR-HYD,BLR,HYD,Air India Express,Air India Express,IX 607,12:30 PM,1:45 PM,75,1 hr 15 min,Economy,7073.0,4289.18,2018.44,450.0,315.38,0.0,2783.82,True,0,Non-Stop,5da317b0e860
SCR_GF_1789146221_013,2026-09-11 22:33:37,2026-10-11,30,google_flights,BLR,HYD,BLR-HYD,BLR,HYD,Air India Express,Air India Express,IX 634,5:15 PM,6:40 PM,85,1 hr 25 min,Economy,7073.0,4289.18,2018.44,450.0,315.38,0.0,2783.82,True,0,Non-Stop,37c857547cf1
SCR_GF_1789146221_014,2026-09-11 22:33:37,2026-10-11,30,google_flights,BLR,HYD,BLR-HYD,BLR,HYD,Air India Express,Air India Express,IX 661,7:10 PM,8:20 PM,70,1 hr 10 min,Economy,7073.0,4289.18,2018.44,450.0,315.38,0.0,2783.82,True,0,Non-Stop,4780c6679e18
SCR_GF_1789146221_015,2026-09-11 22:33:37,2026-10-11,30,google_flights,BLR,HYD,BLR-HYD,BLR,HYD,IndiGo,IndiGo,6E 688,11:35 AM,12:50 PM,75,1 hr 15 min,Economy,9570.0,5906.29,2779.42,450.0,434.29,0.0,3663.71,True,0,Non-Stop,455a6ad95186
SCR_GF_1789146222_016,2026-09-11 22:33:37,2026-10-11,30,google_flights,BLR,HYD,BLR-HYD,BLR,HYD,IndiGo,IndiGo,6E 715,9:20 PM,7:50 PM,1350,22 hr 30 min,Economy,23724.0,15072.69,7093.02,450.0,1108.29,0.0,8651.31,False,1,1 Stop,4a9c378f5172
SCR_GF_1789146222_017,2026-09-11 22:33:37,2026-10-11,30,google_flights,BLR,HYD,BLR-HYD,BLR,HYD,Air India,Air India,AI 742,12:05 PM,4:35 PM,270,4 hr 30 min,Economy,3984.75,2289.17,1077.26,450.0,168.32,0.0,1695.58,False,1,1 Stop (BOM),a44d4a38d2d5
SCR_GF_1789146222_018,2026-09-11 22:33:37,2026-10-11,30,google_flights,BLR,HYD,BLR-HYD,BLR,HYD,IndiGo,IndiGo,6E 769,7:45,9:00,75,1 hr 15 min,Economy,4613.0,2696.04,1268.72,450.0,198.24,0.0,1916.96,True,0,Non-Stop,e2c2fc482798
SCR_GF_1789146222_019,2026-09-11 22:33:37,2026-10-11,30,google_flights,BLR,HYD,BLR-HYD,BLR,HYD,IndiGo,IndiGo,6E 796,9:25,10:40,75,1 hr 15 min,Economy,4613.0,2696.04,1268.72,450.0,198.24,0.0,1916.96,True,0,Non-Stop,b9ccbe051b38
SCR_GF_1789146222_020,2026-09-11 22:33:37,2026-10-11,30,google_flights,BLR,HYD,BLR-HYD,BLR,HYD,IndiGo,IndiGo,6E 823,6:35,7:45,70,1 hr 10 min,Economy,5370.0,3186.29,1499.42,450.0,234.29,0.0,2183.71,True,0,Non-Stop,60caff1bab18
SCR_GF_1789146222_021,2026-09-11 22:33:37,2026-10-11,30,google_flights,BLR,HYD,BLR-HYD,BLR,HYD,IndiGo,IndiGo,6E 850,2:55,4:05,70,1 hr 10 min,Economy,7073.0,4289.18,2018.44,450.0,315.38,0.0,2783.82,True,0,Non-Stop,1e97061335ec
SCR_GF_1789146222_022,2026-09-11 22:33:37,2026-10-11,30,google_flights,BLR,HYD,BLR-HYD,BLR,HYD,IndiGo,IndiGo,6E 877,6:10,7:20,70,1 hr 10 min,Economy,4613.0,2696.04,1268.72,450.0,198.24,0.0,1916.96,True,0,Non-Stop,eabaa7ef165c
SCR_GF_1789146222_023,2026-09-11 22:33:37,2026-10-11,30,google_flights,BLR,HYD,BLR-HYD,BLR,HYD,IndiGo,IndiGo,6E 904,8:15,9:30,75,1 hr 15 min,Economy,5370.0,3186.29,1499.42,450.0,234.29,0.0,2183.71,True,0,Non-Stop,eb42d90591b4
SCR_GF_1789146222_024,2026-09-11 22:33:37,2026-10-11,30,google_flights,BLR,HYD,BLR-HYD,BLR,HYD,IndiGo,IndiGo,6E 931,9:15,10:30,75,1 hr 15 min,Economy,5370.0,3186.29,1499.42,450.0,234.29,0.0,2183.71,True,0,Non-Stop,87a39b0557d6
SCR_GF_1789146222_025,2026-09-11 22:33:37,2026-10-11,30,google_flights,BLR,HYD,BLR-HYD,BLR,HYD,IndiGo,IndiGo,6E 958,10:15,11:30,75,1 hr 15 min,Economy,5370.0,3186.29,1499.42,450.0,234.29,0.0,2183.71,True,0,Non-Stop,16dcd6e2fdf9
SCR_GF_1789146222_026,2026-09-11 22:33:37,2026-10-11,30,google_flights,BLR,HYD,BLR-HYD,BLR,HYD,IndiGo,IndiGo,6E 985,4:30,5:45,75,1 hr 15 min,Economy,6291.0,3782.74,1780.12,450.0,278.14,0.0,2508.26,True,0,Non-Stop,6c408cebc884
SCR_GF_1789146222_027,2026-09-11 22:33:37,2026-10-11,30,google_flights,BLR,HYD,BLR-HYD,BLR,HYD,IndiGo,IndiGo,6E 332,6:10,9:30,200,3 hr 20 min,Economy,6294.0,3784.69,1781.02,450.0,278.29,0.0,2509.31,False,1,1 Stop,eaed421d9a13
SCR_GF_1789146222_028,2026-09-11 22:33:37,2026-10-11,30,google_flights,BLR,HYD,BLR-HYD,BLR,HYD,IndiGo,IndiGo,6E 359,6:05,7:25,80,1 hr 20 min,Economy,7073.0,4289.18,2018.44,450.0,315.38,0.0,2783.82,True,0,Non-Stop,1d237e1d600d
SCR_GF_1789146222_029,2026-09-11 22:33:37,2026-10-11,30,google_flights,BLR,HYD,BLR-HYD,BLR,HYD,IndiGo,IndiGo,6E 386,12:30,1:45,75,1 hr 15 min,Economy,7073.0,4289.18,2018.44,450.0,315.38,0.0,2783.82,True,0,Non-Stop,34805d9feef0
SCR_GF_1789146222_030,2026-09-11 22:33:37,2026-10-11,30,google_flights,BLR,HYD,BLR-HYD,BLR,HYD,IndiGo,IndiGo,6E 413,5:15,6:40,85,1 hr 25 min,Economy,7073.0,4289.18,2018.44,450.0,315.38,0.0,2783.82,True,0,Non-Stop,b1a07cde4dc2
SCR_GF_1789146222_031,2026-09-11 22:33:37,2026-10-11,30,google_flights,BLR,HYD,BLR-HYD,BLR,HYD,IndiGo,IndiGo,6E 440,7:10,8:20,70,1 hr 10 min,Economy,7073.0,4289.18,2018.44,450.0,315.38,0.0,2783.82,True,0,Non-Stop,5d02477a70f5
SCR_GF_1789146222_032,2026-09-11 22:33:37,2026-10-11,30,google_flights,BLR,HYD,BLR-HYD,BLR,HYD,IndiGo,IndiGo,6E 467,11:35,12:50,75,1 hr 15 min,Economy,9570.0,5906.29,2779.42,450.0,434.29,0.0,3663.71,True,0,Non-Stop,1b9b7eb9c4b2
SCR_GF_1789146222_033,2026-09-11 22:33:37,2026-10-11,30,google_flights,BLR,HYD,BLR-HYD,BLR,HYD,IndiGo,IndiGo,6E 494,9:20,7:50,1350,22 hr 30 min,Economy,23724.0,15072.69,7093.02,450.0,1108.29,0.0,8651.31,False,1,1 Stop,68498b115fb9
SCR_GF_1789146222_034,2026-09-11 22:33:37,2026-10-11,30,google_flights,BLR,HYD,BLR-HYD,BLR,HYD,IndiGo,IndiGo,6E 521,12:05,4:35,270,4 hr 30 min,Economy,4254.25,2463.7,1159.4,450.0,181.15,0.0,1790.55,False,1,1 Stop,e23c75522a8f
SCR_GF_1789146226_001,2026-09-11 22:33:42,2026-09-12,1,google_flights,MAA,DEL,MAA-DEL,MAA,DEL,IndiGo,IndiGo,6E 310,2:30 PM,5:30 PM,180,3 hr,Economy,10510.0,6579.81,3096.38,350.0,483.81,0.0,3930.19,True,0,Non-Stop,325d6c506004
SCR_GF_1789146226_002,2026-09-11 22:33:42,2026-09-12,1,google_flights,MAA,DEL,MAA-DEL,MAA,DEL,IndiGo,IndiGo,6E 337,1:00 PM,3:55 PM,175,2 hr 55 min,Economy,11000.0,6897.14,3245.72,350.0,507.14,0.0,4102.86,True,0,Non-Stop,a92bfe1c5278
SCR_GF_1789146226_003,2026-09-11 22:33:42,2026-09-12,1,google_flights,MAA,DEL,MAA-DEL,MAA,DEL,Air India,Air India,AI 364,4:20 PM,7:20 PM,180,3 hr,Economy,11411.0,7163.31,3370.98,350.0,526.71,0.0,4247.69,True,0,Non-Stop,49636afa6a14
SCR_GF_1789146226_004,2026-09-11 22:33:42,2026-09-12,1,google_flights,MAA,DEL,MAA-DEL,MAA,DEL,IndiGo,IndiGo,6E 391,9:15 AM,12:10 PM,175,2 hr 55 min,Economy,12065.0,7586.86,3570.28,350.0,557.86,0.0,4478.14,True,0,Non-Stop,3c9b8ecf6fb1
SCR_GF_1789146226_005,2026-09-11 22:33:42,2026-09-12,1,google_flights,MAA,DEL,MAA-DEL,MAA,DEL,IndiGo,IndiGo,6E 418,11:10 AM,1:55 PM,165,2 hr 45 min,Economy,12065.0,7586.86,3570.28,350.0,557.86,0.0,4478.14,True,0,Non-Stop,03f03d4aeeb6
SCR_GF_1789146226_006,2026-09-11 22:33:42,2026-09-12,1,google_flights,MAA,DEL,MAA-DEL,MAA,DEL,IndiGo,IndiGo,6E 445,4:45 PM,7:40 PM,175,2 hr 55 min,Economy,12065.0,7586.86,3570.28,350.0,557.86,0.0,4478.14,True,0,Non-Stop,b79bca9fcd62
SCR_GF_1789146226_007,2026-09-11 22:33:42,2026-09-12,1,google_flights,MAA,DEL,MAA-DEL,MAA,DEL,IndiGo,IndiGo,6E 472,6:30 AM,9:25 AM,175,2 hr 55 min,Economy,12642.0,7960.53,3746.14,350.0,585.33,0.0,4681.47,True,0,Non-Stop,d931ce3accd7
SCR_GF_1789146226_008,2026-09-11 22:33:42,2026-09-12,1,google_flights,MAA,DEL,MAA-DEL,MAA,DEL,IndiGo,IndiGo,6E 499,11:45 PM,2:40 AM,175,2 hr 55 min,Economy,12642.0,7960.53,3746.14,350.0,585.33,0.0,4681.47,True,0,Non-Stop,e7d3761a1283
SCR_GF_1789146226_009,2026-09-11 22:33:42,2026-09-12,1,google_flights,MAA,DEL,MAA-DEL,MAA,DEL,Air India,Air India,AI 526,2:00 PM,4:55 PM,175,2 hr 55 min,Economy,13391.0,8445.6,3974.4,350.0,621.0,0.0,4945.4,True,0,Non-Stop,fae68942b1c0
SCR_GF_1789146226_010,2026-09-11 22:33:42,2026-09-12,1,google_flights,MAA,DEL,MAA-DEL,MAA,DEL,Air India,Air India,AI 553,6:55 AM,9:50 AM,175,2 hr 55 min,Economy,14567.0,9207.2,4332.8,350.0,677.0,0.0,5359.8,True,0,Non-Stop,6de905cd1146
SCR_GF_1789146226_011,2026-09-11 22:33:42,2026-09-12,1,google_flights,MAA,DEL,MAA-DEL,MAA,DEL,Air India,Air India,AI 580,11:00 AM,2:00 PM,180,3 hr,Economy,14567.0,9207.2,4332.8,350.0,677.0,0.0,5359.8,True,0,Non-Stop,6ca0853b2182
SCR_GF_1789146226_012,2026-09-11 22:33:42,2026-09-12,1,google_flights,MAA,DEL,MAA-DEL,MAA,DEL,IndiGo,IndiGo,6E 607,7:00 PM,9:55 PM,175,2 hr 55 min,Economy,14569.0,9208.5,4333.4,350.0,677.1,0.0,5360.5,True,0,Non-Stop,60db23c60c13
SCR_GF_1789146226_013,2026-09-11 22:33:42,2026-09-12,1,google_flights,MAA,DEL,MAA-DEL,MAA,DEL,Air India,Air India,AI 634,8:10 PM,11:00 PM,170,2 hr 50 min,Economy,16640.0,10549.71,4964.58,350.0,775.71,0.0,6090.29,True,0,Non-Stop,f6ab8bdfbbf0
SCR_GF_1789146226_014,2026-09-11 22:33:42,2026-09-12,1,google_flights,MAA,DEL,MAA-DEL,MAA,DEL,Air India,Air India,AI 661,9:40 PM,12:40 AM,180,3 hr,Economy,16640.0,10549.71,4964.58,350.0,775.71,0.0,6090.29,True,0,Non-Stop,87c70a00a24d
SCR_GF_1789146226_015,2026-09-11 22:33:42,2026-09-12,1,google_flights,MAA,DEL,MAA-DEL,MAA,DEL,IndiGo,IndiGo,6E 688,1:10 AM,10:35 AM,565,9 hr 25 min,Economy,31973.0,20479.66,9637.48,350.0,1505.86,0.0,11493.34,False,1,1 Stop,e0a66313be43
SCR_GF_1789146226_016,2026-09-11 22:33:42,2026-09-12,1,google_flights,MAA,DEL,MAA-DEL,MAA,DEL,IndiGo,IndiGo,6E 715,9:15 PM,4:15 AM,420,7 hr,Economy,50983.0,32790.9,15431.0,350.0,2411.1,0.0,18192.1,False,1,1 Stop,132c5bb08da9
SCR_GF_1789146226_017,2026-09-11 22:33:42,2026-09-12,1,google_flights,MAA,DEL,MAA-DEL,MAA,DEL,IndiGo,IndiGo,6E 742,2:30,5:30,180,3 hr,Economy,10510.0,6579.81,3096.38,350.0,483.81,0.0,3930.19,True,0,Non-Stop,a57d1c44c640
SCR_GF_1789146226_018,2026-09-11 22:33:42,2026-09-12,1,google_flights,MAA,DEL,MAA-DEL,MAA,DEL,IndiGo,IndiGo,6E 769,1:00,3:55,175,2 hr 55 min,Economy,11000.0,6897.14,3245.72,350.0,507.14,0.0,4102.86,True,0,Non-Stop,9ed4b55f23dd
SCR_GF_1789146226_019,2026-09-11 22:33:42,2026-09-12,1,google_flights,MAA,DEL,MAA-DEL,MAA,DEL,IndiGo,IndiGo,6E 796,4:20,7:20,180,3 hr,Economy,11411.0,7163.31,3370.98,350.0,526.71,0.0,4247.69,True,0,Non-Stop,3be892dbf072
SCR_GF_1789146226_020,2026-09-11 22:33:42,2026-09-12,1,google_flights,MAA,DEL,MAA-DEL,MAA,DEL,IndiGo,IndiGo,6E 823,9:15,12:10,175,2 hr 55 min,Economy,12065.0,7586.86,3570.28,350.0,557.86,0.0,4478.14,True,0,Non-Stop,a1daf639f741
SCR_GF_1789146226_021,2026-09-11 22:33:42,2026-09-12,1,google_flights,MAA,DEL,MAA-DEL,MAA,DEL,IndiGo,IndiGo,6E 850,11:10,1:55,165,2 hr 45 min,Economy,12065.0,7586.86,3570.28,350.0,557.86,0.0,4478.14,True,0,Non-Stop,c4e6e11d5e92
SCR_GF_1789146226_022,2026-09-11 22:33:42,2026-09-12,1,google_flights,MAA,DEL,MAA-DEL,MAA,DEL,IndiGo,IndiGo,6E 877,4:45,7:40,175,2 hr 55 min,Economy,12065.0,7586.86,3570.28,350.0,557.86,0.0,4478.14,True,0,Non-Stop,c44214fca292
SCR_GF_1789146226_023,2026-09-11 22:33:42,2026-09-12,1,google_flights,MAA,DEL,MAA-DEL,MAA,DEL,IndiGo,IndiGo,6E 904,6:30,9:25,175,2 hr 55 min,Economy,12642.0,7960.53,3746.14,350.0,585.33,0.0,4681.47,True,0,Non-Stop,dba7a4fa980b
SCR_GF_1789146226_024,2026-09-11 22:33:42,2026-09-12,1,google_flights,MAA,DEL,MAA-DEL,MAA,DEL,IndiGo,IndiGo,6E 931,11:45,2:40,175,2 hr 55 min,Economy,12642.0,7960.53,3746.14,350.0,585.33,0.0,4681.47,True,0,Non-Stop,6a1b25978d83
SCR_GF_1789146226_025,2026-09-11 22:33:42,2026-09-12,1,google_flights,MAA,DEL,MAA-DEL,MAA,DEL,IndiGo,IndiGo,6E 958,2:00,4:55,175,2 hr 55 min,Economy,13391.0,8445.6,3974.4,350.0,621.0,0.0,4945.4,True,0,Non-Stop,57776152240e
SCR_GF_1789146226_026,2026-09-11 22:33:42,2026-09-12,1,google_flights,MAA,DEL,MAA-DEL,MAA,DEL,IndiGo,IndiGo,6E 985,6:55,9:50,175,2 hr 55 min,Economy,14567.0,9207.2,4332.8,350.0,677.0,0.0,5359.8,True,0,Non-Stop,e47343a8077d
SCR_GF_1789146226_027,2026-09-11 22:33:42,2026-09-12,1,google_flights,MAA,DEL,MAA-DEL,MAA,DEL,IndiGo,IndiGo,6E 332,11:00,2:00,180,3 hr,Economy,14567.0,9207.2,4332.8,350.0,677.0,0.0,5359.8,True,0,Non-Stop,970c5b5524f0
SCR_GF_1789146226_028,2026-09-11 22:33:42,2026-09-12,1,google_flights,MAA,DEL,MAA-DEL,MAA,DEL,IndiGo,IndiGo,6E 359,7:00,9:55,175,2 hr 55 min,Economy,14569.0,9208.5,4333.4,350.0,677.1,0.0,5360.5,True,0,Non-Stop,aee095baf018
SCR_GF_1789146226_029,2026-09-11 22:33:42,2026-09-12,1,google_flights,MAA,DEL,MAA-DEL,MAA,DEL,IndiGo,IndiGo,6E 386,8:10,11:00,170,2 hr 50 min,Economy,16640.0,10549.71,4964.58,350.0,775.71,0.0,6090.29,True,0,Non-Stop,6980a834103d
SCR_GF_1789146226_030,2026-09-11 22:33:42,2026-09-12,1,google_flights,MAA,DEL,MAA-DEL,MAA,DEL,IndiGo,IndiGo,6E 413,9:40,12:40,180,3 hr,Economy,16640.0,10549.71,4964.58,350.0,775.71,0.0,6090.29,True,0,Non-Stop,8de7fab85683
SCR_GF_1789146226_031,2026-09-11 22:33:42,2026-09-12,1,google_flights,MAA,DEL,MAA-DEL,MAA,DEL,IndiGo,IndiGo,6E 440,1:10,10:35,565,9 hr 25 min,Economy,31973.0,20479.66,9637.48,350.0,1505.86,0.0,11493.34,False,1,1 Stop,f75b4cbed214
SCR_GF_1789146226_032,2026-09-11 22:33:42,2026-09-12,1,google_flights,MAA,DEL,MAA-DEL,MAA,DEL,IndiGo,IndiGo,6E 467,9:15,4:15,420,7 hr,Economy,50983.0,32790.9,15431.0,350.0,2411.1,0.0,18192.1,False,1,1 Stop,4225cd0fb9a9
SCR_GF_1789146230_001,2026-09-11 22:33:46,2026-09-18,7,google_flights,MAA,DEL,MAA-DEL,MAA,DEL,IndiGo,IndiGo,6E 310,2:30 AM,8:10 AM,340,5 hr 40 min,Economy,9883.0,6173.75,2905.3,350.0,453.95,0.0,3709.25,False,1,1 Stop (BOM),ea879cec607a
SCR_GF_1789146230_002,2026-09-11 22:33:46,2026-09-18,7,google_flights,MAA,DEL,MAA-DEL,MAA,DEL,IndiGo,IndiGo,6E 337,11:45 PM,2:40 AM,175,2 hr 55 min,Economy,10510.0,6579.81,3096.38,350.0,483.81,0.0,3930.19,True,0,Non-Stop,91069f3f55ad
SCR_GF_1789146231_003,2026-09-11 22:33:46,2026-09-18,7,google_flights,MAA,DEL,MAA-DEL,MAA,DEL,Air India,Air India,AI 364,9:20 AM,12:15 PM,175,2 hr 55 min,Economy,10892.0,6827.2,3212.8,350.0,502.0,0.0,4064.8,True,0,Non-Stop,1f84bee5d2e6
SCR_GF_1789146231_004,2026-09-11 22:33:46,2026-09-18,7,google_flights,MAA,DEL,MAA-DEL,MAA,DEL,IndiGo,IndiGo,6E 391,8:00 PM,2:00 AM,360,6 hr,Economy,9752.0,6088.91,2865.38,350.0,447.71,0.0,3663.09,False,1,1 Stop (CJB),cfb200f4a04a
SCR_GF_1789146231_005,2026-09-11 22:33:46,2026-09-18,7,google_flights,MAA,DEL,MAA-DEL,MAA,DEL,IndiGo,IndiGo,6E 418,8:20 AM,2:25 PM,365,6 hr 5 min,Economy,9883.0,6173.75,2905.3,350.0,453.95,0.0,3709.25,False,1,1 Stop (CCU),98b0f31a2207
SCR_GF_1789146231_006,2026-09-11 22:33:46,2026-09-18,7,google_flights,MAA,DEL,MAA-DEL,MAA,DEL,IndiGo,IndiGo,6E 445,3:55 AM,9:15 AM,320,5 hr 20 min,Economy,10430.0,6528.0,3072.0,350.0,480.0,0.0,3902.0,False,1,1 Stop (AMD),391640d04065
SCR_GF_1789146231_007,2026-09-11 22:33:46,2026-09-18,7,google_flights,MAA,DEL,MAA-DEL,MAA,DEL,IndiGo,IndiGo,6E 472,7:10 AM,12:30 PM,320,5 hr 20 min,Economy,10430.0,6528.0,3072.0,350.0,480.0,0.0,3902.0,False,1,1 Stop (HYD),eda72488f542
SCR_GF_1789146231_008,2026-09-11 22:33:46,2026-09-18,7,google_flights,MAA,DEL,MAA-DEL,MAA,DEL,IndiGo,IndiGo,6E 499,9:55 AM,3:25 PM,330,5 hr 30 min,Economy,10430.0,6528.0,3072.0,350.0,480.0,0.0,3902.0,False,1,1 Stop (HYD),c532f5a64ec7
SCR_GF_1789146231_009,2026-09-11 22:33:46,2026-09-18,7,google_flights,MAA,DEL,MAA-DEL,MAA,DEL,IndiGo,IndiGo,6E 526,12:00 PM,4:55 PM,295,4 hr 55 min,Economy,10430.0,6528.0,3072.0,350.0,480.0,0.0,3902.0,False,1,1 Stop (HYD),5097c42b4c99
SCR_GF_1789146231_010,2026-09-11 22:33:46,2026-09-18,7,google_flights,MAA,DEL,MAA-DEL,MAA,DEL,IndiGo,IndiGo,6E 553,9:25 PM,2:05 AM,280,4 hr 40 min,Economy,10430.0,6528.0,3072.0,350.0,480.0,0.0,3902.0,False,1,1 Stop (HYD),63fbf69d6138
SCR_GF_1789146231_011,2026-09-11 22:33:46,2026-09-18,7,google_flights,MAA,DEL,MAA-DEL,MAA,DEL,IndiGo,IndiGo,6E 580,11:10 AM,1:55 PM,165,2 hr 45 min,Economy,10510.0,6579.81,3096.38,350.0,483.81,0.0,3930.19,True,0,Non-Stop,be0434c1a8f3
SCR_GF_1789146231_012,2026-09-11 22:33:46,2026-09-18,7,google_flights,MAA,DEL,MAA-DEL,MAA,DEL,IndiGo,IndiGo,6E 607,1:00 PM,3:55 PM,175,2 hr 55 min,Economy,10510.0,6579.81,3096.38,350.0,483.81,0.0,3930.19,True,0,Non-Stop,69a994a6a52a
SCR_GF_1789146231_013,2026-09-11 22:33:46,2026-09-18,7,google_flights,MAA,DEL,MAA-DEL,MAA,DEL,IndiGo,IndiGo,6E 634,2:30 PM,5:30 PM,180,3 hr,Economy,10510.0,6579.81,3096.38,350.0,483.81,0.0,3930.19,True,0,Non-Stop,db0eb7e8330b
SCR_GF_1789146231_014,2026-09-11 22:33:46,2026-09-18,7,google_flights,MAA,DEL,MAA-DEL,MAA,DEL,Air India,Air India,AI 661,11:00 AM,2:00 PM,180,3 hr,Economy,10892.0,6827.2,3212.8,350.0,502.0,0.0,4064.8,True,0,Non-Stop,21594e986125
SCR_GF_1789146231_015,2026-09-11 22:33:46,2026-09-18,7,google_flights,MAA,DEL,MAA-DEL,MAA,DEL,Air India,Air India,AI 688,2:00 PM,4:55 PM,175,2 hr 55 min,Economy,10892.0,6827.2,3212.8,350.0,502.0,0.0,4064.8,True,0,Non-Stop,1f073447aec2
SCR_GF_1789146231_016,2026-09-11 22:33:46,2026-09-18,7,google_flights,MAA,DEL,MAA-DEL,MAA,DEL,IndiGo,IndiGo,6E 715,9:15 AM,12:10 PM,175,2 hr 55 min,Economy,11000.0,6897.14,3245.72,350.0,507.14,0.0,4102.86,True,0,Non-Stop,7c2969f7f1f2
SCR_GF_1789146231_017,2026-09-11 22:33:46,2026-09-18,7,google_flights,MAA,DEL,MAA-DEL,MAA,DEL,IndiGo,IndiGo,6E 742,9:50 PM,12:35 AM,165,2 hr 45 min,Economy,11518.0,7232.61,3403.58,350.0,531.81,0.0,4285.39,True,0,Non-Stop,1e8f469edc33
SCR_GF_1789146231_018,2026-09-11 22:33:46,2026-09-18,7,google_flights,MAA,DEL,MAA-DEL,MAA,DEL,Air India,Air India,AI 769,9:40 PM,12:40 AM,180,3 hr,Economy,12272.0,7720.91,3633.38,350.0,567.71,0.0,4551.09,True,0,Non-Stop,5e0acae9f92f
SCR_GF_1789146231_019,2026-09-11 22:33:46,2026-09-18,7,google_flights,MAA,DEL,MAA-DEL,MAA,DEL,Air India,Air India,AI 796,8:10 PM,11:00 PM,170,2 hr 50 min,Economy,12477.0,7853.68,3695.84,350.0,577.48,0.0,4623.32,True,0,Non-Stop,b04c44c47368
SCR_GF_1789146231_020,2026-09-11 22:33:46,2026-09-18,7,google_flights,MAA,DEL,MAA-DEL,MAA,DEL,IndiGo,IndiGo,6E 823,6:30 AM,9:25 AM,175,2 hr 55 min,Economy,13892.0,8770.06,4127.08,350.0,644.86,0.0,5121.94,True,0,Non-Stop,7668228bd4ff
SCR_GF_1789146231_021,2026-09-11 22:33:46,2026-09-18,7,google_flights,MAA,DEL,MAA-DEL,MAA,DEL,Air India,Air India,AI 850,6:55 AM,9:50 AM,175,2 hr 55 min,Economy,14567.0,9207.2,4332.8,350.0,677.0,0.0,5359.8,True,0,Non-Stop,1640aa870b6d
SCR_GF_1789146231_022,2026-09-11 22:33:46,2026-09-18,7,google_flights,MAA,DEL,MAA-DEL,MAA,DEL,Air India,Air India,AI 877,4:20 PM,7:20 PM,180,3 hr,Economy,15207.0,9621.68,4527.84,350.0,707.48,0.0,5585.32,True,0,Non-Stop,0ddc3e6ccab2
SCR_GF_1789146231_023,2026-09-11 22:33:46,2026-09-18,7,google_flights,MAA,DEL,MAA-DEL,MAA,DEL,IndiGo,IndiGo,6E 904,4:45 PM,7:40 PM,175,2 hr 55 min,Economy,15284.0,9671.54,4551.32,350.0,711.14,0.0,5612.46,True,0,Non-Stop,e15756543a8f
SCR_GF_1789146231_024,2026-09-11 22:33:46,2026-09-18,7,google_flights,MAA,DEL,MAA-DEL,MAA,DEL,IndiGo,IndiGo,6E 931,7:00 PM,9:55 PM,175,2 hr 55 min,Economy,19498.0,12400.61,5835.58,350.0,911.81,0.0,7097.39,True,0,Non-Stop,dbcef8ddcf5e
SCR_GF_1789146231_025,2026-09-11 22:33:46,2026-09-18,7,google_flights,MAA,DEL,MAA-DEL,MAA,DEL,IndiGo,IndiGo,6E 958,3:55 PM,4:15 AM,740,12 hr 20 min,Economy,32612.0,20893.49,9832.22,350.0,1536.29,0.0,11718.51,False,1,1 Stop,71866b66c8d2
SCR_GF_1789146231_026,2026-09-11 22:33:46,2026-09-18,7,google_flights,MAA,DEL,MAA-DEL,MAA,DEL,IndiGo,IndiGo,6E 985,9:15 PM,4:15 AM,420,7 hr,Economy,37270.0,23910.1,11251.8,350.0,1758.1,0.0,13359.9,False,1,1 Stop,e2f0c38d0aab
SCR_GF_1789146231_027,2026-09-11 22:33:46,2026-09-18,7,google_flights,MAA,DEL,MAA-DEL,MAA,DEL,IndiGo,IndiGo,6E 332,2:30,8:10,340,5 hr 40 min,Economy,9883.0,6173.75,2905.3,350.0,453.95,0.0,3709.25,False,1,1 Stop,020d214f2ee9
SCR_GF_1789146231_028,2026-09-11 22:33:46,2026-09-18,7,google_flights,MAA,DEL,MAA-DEL,MAA,DEL,IndiGo,IndiGo,6E 359,11:45,2:40,175,2 hr 55 min,Economy,10510.0,6579.81,3096.38,350.0,483.81,0.0,3930.19,True,0,Non-Stop,8febfe44e26a
SCR_GF_1789146231_029,2026-09-11 22:33:46,2026-09-18,7,google_flights,MAA,DEL,MAA-DEL,MAA,DEL,IndiGo,IndiGo,6E 386,9:20,12:15,175,2 hr 55 min,Economy,10892.0,6827.2,3212.8,350.0,502.0,0.0,4064.8,True,0,Non-Stop,74a321a07df9
SCR_GF_1789146231_030,2026-09-11 22:33:46,2026-09-18,7,google_flights,MAA,DEL,MAA-DEL,MAA,DEL,IndiGo,IndiGo,6E 413,8:00,2:00,360,6 hr,Economy,9752.0,6088.91,2865.38,350.0,447.71,0.0,3663.09,False,1,1 Stop,13e947c79812
SCR_GF_1789146231_031,2026-09-11 22:33:46,2026-09-18,7,google_flights,MAA,DEL,MAA-DEL,MAA,DEL,IndiGo,IndiGo,6E 440,8:20,2:25,365,6 hr 5 min,Economy,9883.0,6173.75,2905.3,350.0,453.95,0.0,3709.25,False,1,1 Stop,319e03b1aae5
SCR_GF_1789146231_032,2026-09-11 22:33:46,2026-09-18,7,google_flights,MAA,DEL,MAA-DEL,MAA,DEL,IndiGo,IndiGo,6E 467,3:55,9:15,320,5 hr 20 min,Economy,10430.0,6528.0,3072.0,350.0,480.0,0.0,3902.0,False,1,1 Stop,994d7c5a4efe
SCR_GF_1789146231_033,2026-09-11 22:33:46,2026-09-18,7,google_flights,MAA,DEL,MAA-DEL,MAA,DEL,IndiGo,IndiGo,6E 494,7:10,12:30,320,5 hr 20 min,Economy,10430.0,6528.0,3072.0,350.0,480.0,0.0,3902.0,False,1,1 Stop,30c52b43b180
SCR_GF_1789146231_034,2026-09-11 22:33:46,2026-09-18,7,google_flights,MAA,DEL,MAA-DEL,MAA,DEL,IndiGo,IndiGo,6E 521,9:55,3:25,330,5 hr 30 min,Economy,10430.0,6528.0,3072.0,350.0,480.0,0.0,3902.0,False,1,1 Stop,0f4f2cfc9356
SCR_GF_1789146231_035,2026-09-11 22:33:46,2026-09-18,7,google_flights,MAA,DEL,MAA-DEL,MAA,DEL,IndiGo,IndiGo,6E 548,12:00,4:55,295,4 hr 55 min,Economy,10430.0,6528.0,3072.0,350.0,480.0,0.0,3902.0,False,1,1 Stop,7d341ccd2511
SCR_GF_1789146231_036,2026-09-11 22:33:46,2026-09-18,7,google_flights,MAA,DEL,MAA-DEL,MAA,DEL,IndiGo,IndiGo,6E 575,9:25,2:05,280,4 hr 40 min,Economy,10430.0,6528.0,3072.0,350.0,480.0,0.0,3902.0,False,1,1 Stop,112c55774072
SCR_GF_1789146231_037,2026-09-11 22:33:46,2026-09-18,7,google_flights,MAA,DEL,MAA-DEL,MAA,DEL,IndiGo,IndiGo,6E 602,11:10,1:55,165,2 hr 45 min,Economy,10510.0,6579.81,3096.38,350.0,483.81,0.0,3930.19,True,0,Non-Stop,b9ed47080533
SCR_GF_1789146231_038,2026-09-11 22:33:46,2026-09-18,7,google_flights,MAA,DEL,MAA-DEL,MAA,DEL,IndiGo,IndiGo,6E 629,1:00,3:55,175,2 hr 55 min,Economy,10510.0,6579.81,3096.38,350.0,483.81,0.0,3930.19,True,0,Non-Stop,2143693dfd21
SCR_GF_1789146231_039,2026-09-11 22:33:46,2026-09-18,7,google_flights,MAA,DEL,MAA-DEL,MAA,DEL,IndiGo,IndiGo,6E 656,2:30,5:30,180,3 hr,Economy,10510.0,6579.81,3096.38,350.0,483.81,0.0,3930.19,True,0,Non-Stop,163128706933
SCR_GF_1789146231_040,2026-09-11 22:33:46,2026-09-18,7,google_flights,MAA,DEL,MAA-DEL,MAA,DEL,IndiGo,IndiGo,6E 683,11:00,2:00,180,3 hr,Economy,10892.0,6827.2,3212.8,350.0,502.0,0.0,4064.8,True,0,Non-Stop,3e936abe4433
SCR_GF_1789146231_041,2026-09-11 22:33:46,2026-09-18,7,google_flights,MAA,DEL,MAA-DEL,MAA,DEL,IndiGo,IndiGo,6E 710,2:00,4:55,175,2 hr 55 min,Economy,10892.0,6827.2,3212.8,350.0,502.0,0.0,4064.8,True,0,Non-Stop,2f020d21e388
SCR_GF_1789146231_042,2026-09-11 22:33:46,2026-09-18,7,google_flights,MAA,DEL,MAA-DEL,MAA,DEL,IndiGo,IndiGo,6E 737,9:15,12:10,175,2 hr 55 min,Economy,11000.0,6897.14,3245.72,350.0,507.14,0.0,4102.86,True,0,Non-Stop,a6ca4d01115e
SCR_GF_1789146231_043,2026-09-11 22:33:46,2026-09-18,7,google_flights,MAA,DEL,MAA-DEL,MAA,DEL,IndiGo,IndiGo,6E 764,9:50,12:35,165,2 hr 45 min,Economy,11518.0,7232.61,3403.58,350.0,531.81,0.0,4285.39,True,0,Non-Stop,74fd812a5d02
SCR_GF_1789146231_044,2026-09-11 22:33:46,2026-09-18,7,google_flights,MAA,DEL,MAA-DEL,MAA,DEL,IndiGo,IndiGo,6E 791,9:40,12:40,180,3 hr,Economy,12272.0,7720.91,3633.38,350.0,567.71,0.0,4551.09,True,0,Non-Stop,fb0f7e690f4a
SCR_GF_1789146231_045,2026-09-11 22:33:46,2026-09-18,7,google_flights,MAA,DEL,MAA-DEL,MAA,DEL,IndiGo,IndiGo,6E 818,8:10,11:00,170,2 hr 50 min,Economy,12477.0,7853.68,3695.84,350.0,577.48,0.0,4623.32,True,0,Non-Stop,7c5dc2bd553c
SCR_GF_1789146231_046,2026-09-11 22:33:46,2026-09-18,7,google_flights,MAA,DEL,MAA-DEL,MAA,DEL,IndiGo,IndiGo,6E 845,6:30,9:25,175,2 hr 55 min,Economy,13892.0,8770.06,4127.08,350.0,644.86,0.0,5121.94,True,0,Non-Stop,183f093689f6
SCR_GF_1789146231_047,2026-09-11 22:33:46,2026-09-18,7,google_flights,MAA,DEL,MAA-DEL,MAA,DEL,IndiGo,IndiGo,6E 872,6:55,9:50,175,2 hr 55 min,Economy,14567.0,9207.2,4332.8,350.0,677.0,0.0,5359.8,True,0,Non-Stop,b8175c27e2bc
SCR_GF_1789146231_048,2026-09-11 22:33:46,2026-09-18,7,google_flights,MAA,DEL,MAA-DEL,MAA,DEL,IndiGo,IndiGo,6E 899,4:20,7:20,180,3 hr,Economy,15207.0,9621.68,4527.84,350.0,707.48,0.0,5585.32,True,0,Non-Stop,1e54b62229ec
SCR_GF_1789146231_049,2026-09-11 22:33:46,2026-09-18,7,google_flights,MAA,DEL,MAA-DEL,MAA,DEL,IndiGo,IndiGo,6E 926,4:45,7:40,175,2 hr 55 min,Economy,15284.0,9671.54,4551.32,350.0,711.14,0.0,5612.46,True,0,Non-Stop,2c9924ba5be0
SCR_GF_1789146231_050,2026-09-11 22:33:46,2026-09-18,7,google_flights,MAA,DEL,MAA-DEL,MAA,DEL,IndiGo,IndiGo,6E 953,7:00,9:55,175,2 hr 55 min,Economy,19498.0,12400.61,5835.58,350.0,911.81,0.0,7097.39,True,0,Non-Stop,aafd0eb61ad7
SCR_GF_1789146231_051,2026-09-11 22:33:46,2026-09-18,7,google_flights,MAA,DEL,MAA-DEL,MAA,DEL,IndiGo,IndiGo,6E 980,3:55,4:15,740,12 hr 20 min,Economy,32612.0,20893.49,9832.22,350.0,1536.29,0.0,11718.51,False,1,1 Stop,e6191bc3b7b0
SCR_GF_1789146231_052,2026-09-11 22:33:46,2026-09-18,7,google_flights,MAA,DEL,MAA-DEL,MAA,DEL,IndiGo,IndiGo,6E 327,9:15,4:15,420,7 hr,Economy,37270.0,23910.1,11251.8,350.0,1758.1,0.0,13359.9,False,1,1 Stop,983ce346a789
SCR_GF_1789146236_001,2026-09-11 22:33:52,2026-10-11,30,google_flights,MAA,DEL,MAA-DEL,MAA,DEL,IndiGo,IndiGo,6E 310,1:00 PM,3:55 PM,175,2 hr 55 min,Economy,10045.0,6278.67,2954.66,350.0,461.67,0.0,3766.33,True,0,Non-Stop,75f9ab08b956
SCR_GF_1789146236_002,2026-09-11 22:33:52,2026-10-11,30,google_flights,MAA,DEL,MAA-DEL,MAA,DEL,IndiGo,IndiGo,6E 337,2:30 PM,5:30 PM,180,3 hr,Economy,10045.0,6278.67,2954.66,350.0,461.67,0.0,3766.33,True,0,Non-Stop,031df3f58728
SCR_GF_1789146236_003,2026-09-11 22:33:52,2026-10-11,30,google_flights,MAA,DEL,MAA-DEL,MAA,DEL,IndiGo,IndiGo,6E 364,4:45 PM,7:40 PM,175,2 hr 55 min,Economy,10045.0,6278.67,2954.66,350.0,461.67,0.0,3766.33,True,0,Non-Stop,a3cdde24615f
SCR_GF_1789146236_004,2026-09-11 22:33:52,2026-10-11,30,google_flights,MAA,DEL,MAA-DEL,MAA,DEL,IndiGo,IndiGo,6E 391,7:00 PM,9:55 PM,175,2 hr 55 min,Economy,10045.0,6278.67,2954.66,350.0,461.67,0.0,3766.33,True,0,Non-Stop,6aeb802f7400
SCR_GF_1789146236_005,2026-09-11 22:33:52,2026-10-11,30,google_flights,MAA,DEL,MAA-DEL,MAA,DEL,Air India,Air India,AI 418,2:00 PM,4:55 PM,175,2 hr 55 min,Economy,10435.0,6531.24,3073.52,350.0,480.24,0.0,3903.76,True,0,Non-Stop,d2d341aa0a4f
SCR_GF_1789146236_006,2026-09-11 22:33:52,2026-10-11,30,google_flights,MAA,DEL,MAA-DEL,MAA,DEL,IndiGo,IndiGo,6E 445,8:00 PM,2:00 AM,360,6 hr,Economy,9752.0,6088.91,2865.38,350.0,447.71,0.0,3663.09,False,1,1 Stop (CJB),897b3abd50fa
SCR_GF_1789146236_007,2026-09-11 22:33:52,2026-10-11,30,google_flights,MAA,DEL,MAA-DEL,MAA,DEL,IndiGo,IndiGo,6E 472,5:00 PM,10:35 PM,335,5 hr 35 min,Economy,9883.0,6173.75,2905.3,350.0,453.95,0.0,3709.25,False,1,1 Stop,34893c3eb87e
SCR_GF_1789146236_008,2026-09-11 22:33:52,2026-10-11,30,google_flights,MAA,DEL,MAA-DEL,MAA,DEL,IndiGo,IndiGo,6E 499,6:30 AM,9:25 AM,175,2 hr 55 min,Economy,10045.0,6278.67,2954.66,350.0,461.67,0.0,3766.33,True,0,Non-Stop,b5add125b4cf
SCR_GF_1789146236_009,2026-09-11 22:33:52,2026-10-11,30,google_flights,MAA,DEL,MAA-DEL,MAA,DEL,IndiGo,IndiGo,6E 526,9:15 AM,12:10 PM,175,2 hr 55 min,Economy,10045.0,6278.67,2954.66,350.0,461.67,0.0,3766.33,True,0,Non-Stop,bb81b8e06860
SCR_GF_1789146236_010,2026-09-11 22:33:52,2026-10-11,30,google_flights,MAA,DEL,MAA-DEL,MAA,DEL,IndiGo,IndiGo,6E 553,9:50 PM,12:35 AM,165,2 hr 45 min,Economy,10045.0,6278.67,2954.66,350.0,461.67,0.0,3766.33,True,0,Non-Stop,643ac3a963ac
SCR_GF_1789146236_011,2026-09-11 22:33:52,2026-10-11,30,google_flights,MAA,DEL,MAA-DEL,MAA,DEL,IndiGo,IndiGo,6E 580,11:45 PM,2:40 AM,175,2 hr 55 min,Economy,10045.0,6278.67,2954.66,350.0,461.67,0.0,3766.33,True,0,Non-Stop,839464b2189c
SCR_GF_1789146236_012,2026-09-11 22:33:52,2026-10-11,30,google_flights,MAA,DEL,MAA-DEL,MAA,DEL,Air India,Air India,AI 607,6:55 AM,9:45 AM,170,2 hr 50 min,Economy,10183.0,6368.04,2996.72,350.0,468.24,0.0,3814.96,True,0,Non-Stop,9ec9570153aa
SCR_GF_1789146236_013,2026-09-11 22:33:52,2026-10-11,30,google_flights,MAA,DEL,MAA-DEL,MAA,DEL,Air India,Air India,AI 634,8:05 AM,11:05 AM,180,3 hr,Economy,10183.0,6368.04,2996.72,350.0,468.24,0.0,3814.96,True,0,Non-Stop,f439760b7497
SCR_GF_1789146236_014,2026-09-11 22:33:52,2026-10-11,30,google_flights,MAA,DEL,MAA-DEL,MAA,DEL,Air India,Air India,AI 661,11:00 AM,2:00 PM,180,3 hr,Economy,10435.0,6531.24,3073.52,350.0,480.24,0.0,3903.76,True,0,Non-Stop,7c470ce38658
SCR_GF_1789146236_015,2026-09-11 22:33:52,2026-10-11,30,google_flights,MAA,DEL,MAA-DEL,MAA,DEL,Air India,Air India,AI 688,9:40 PM,12:40 AM,180,3 hr,Economy,10435.0,6531.24,3073.52,350.0,480.24,0.0,3903.76,True,0,Non-Stop,f4153000e63d
SCR_GF_1789146236_016,2026-09-11 22:33:52,2026-10-11,30,google_flights,MAA,DEL,MAA-DEL,MAA,DEL,IndiGo,IndiGo,6E 715,11:10 AM,1:55 PM,165,2 hr 45 min,Economy,10510.0,6579.81,3096.38,350.0,483.81,0.0,3930.19,True,0,Non-Stop,f303537aeecc
SCR_GF_1789146236_017,2026-09-11 22:33:52,2026-10-11,30,google_flights,MAA,DEL,MAA-DEL,MAA,DEL,Air India,Air India,AI 742,4:20 PM,7:20 PM,180,3 hr,Economy,10603.0,6640.04,3124.72,350.0,488.24,0.0,3962.96,True,0,Non-Stop,6a7e75e360f7
SCR_GF_1789146236_018,2026-09-11 22:33:52,2026-10-11,30,google_flights,MAA,DEL,MAA-DEL,MAA,DEL,Air India,Air India,AI 769,8:10 PM,10:55 PM,165,2 hr 45 min,Economy,10603.0,6640.04,3124.72,350.0,488.24,0.0,3962.96,True,0,Non-Stop,e309350c0f4d
SCR_GF_1789146236_019,2026-09-11 22:33:52,2026-10-11,30,google_flights,MAA,DEL,MAA-DEL,MAA,DEL,IndiGo,IndiGo,6E 796,2:45 AM,5:40 AM,175,2 hr 55 min,Economy,12642.0,7960.53,3746.14,350.0,585.33,0.0,4681.47,True,0,Non-Stop,c5826d979da8
SCR_GF_1789146236_020,2026-09-11 22:33:52,2026-10-11,30,google_flights,MAA,DEL,MAA-DEL,MAA,DEL,IndiGo,IndiGo,6E 823,9:15 PM,4:15 AM,420,7 hr,Economy,25583.0,16341.37,7690.06,350.0,1201.57,0.0,9241.63,False,1,1 Stop,9a027ff1d241
SCR_GF_1789146236_021,2026-09-11 22:33:52,2026-10-11,30,google_flights,MAA,DEL,MAA-DEL,MAA,DEL,IndiGo,IndiGo,6E 850,1:00,3:55,175,2 hr 55 min,Economy,10045.0,6278.67,2954.66,350.0,461.67,0.0,3766.33,True,0,Non-Stop,e3f3395cede2
SCR_GF_1789146236_022,2026-09-11 22:33:52,2026-10-11,30,google_flights,MAA,DEL,MAA-DEL,MAA,DEL,IndiGo,IndiGo,6E 877,2:30,5:30,180,3 hr,Economy,10045.0,6278.67,2954.66,350.0,461.67,0.0,3766.33,True,0,Non-Stop,cc7cba97e212
SCR_GF_1789146236_023,2026-09-11 22:33:52,2026-10-11,30,google_flights,MAA,DEL,MAA-DEL,MAA,DEL,IndiGo,IndiGo,6E 904,4:45,7:40,175,2 hr 55 min,Economy,10045.0,6278.67,2954.66,350.0,461.67,0.0,3766.33,True,0,Non-Stop,e34dabceff0e
SCR_GF_1789146236_024,2026-09-11 22:33:52,2026-10-11,30,google_flights,MAA,DEL,MAA-DEL,MAA,DEL,IndiGo,IndiGo,6E 931,7:00,9:55,175,2 hr 55 min,Economy,10045.0,6278.67,2954.66,350.0,461.67,0.0,3766.33,True,0,Non-Stop,27600d8798bd
SCR_GF_1789146237_025,2026-09-11 22:33:52,2026-10-11,30,google_flights,MAA,DEL,MAA-DEL,MAA,DEL,IndiGo,IndiGo,6E 958,2:00,4:55,175,2 hr 55 min,Economy,10435.0,6531.24,3073.52,350.0,480.24,0.0,3903.76,True,0,Non-Stop,f2e601cb9fe1
SCR_GF_1789146237_026,2026-09-11 22:33:52,2026-10-11,30,google_flights,MAA,DEL,MAA-DEL,MAA,DEL,IndiGo,IndiGo,6E 985,8:00,2:00,360,6 hr,Economy,9752.0,6088.91,2865.38,350.0,447.71,0.0,3663.09,False,1,1 Stop,7dabff298d10
SCR_GF_1789146237_027,2026-09-11 22:33:52,2026-10-11,30,google_flights,MAA,DEL,MAA-DEL,MAA,DEL,IndiGo,IndiGo,6E 332,5:00,10:35,335,5 hr 35 min,Economy,9883.0,6173.75,2905.3,350.0,453.95,0.0,3709.25,False,1,1 Stop,2eb03924a162
SCR_GF_1789146237_028,2026-09-11 22:33:52,2026-10-11,30,google_flights,MAA,DEL,MAA-DEL,MAA,DEL,IndiGo,IndiGo,6E 359,6:30,9:25,175,2 hr 55 min,Economy,10045.0,6278.67,2954.66,350.0,461.67,0.0,3766.33,True,0,Non-Stop,c4c0416d0194
SCR_GF_1789146237_029,2026-09-11 22:33:52,2026-10-11,30,google_flights,MAA,DEL,MAA-DEL,MAA,DEL,IndiGo,IndiGo,6E 386,9:15,12:10,175,2 hr 55 min,Economy,10045.0,6278.67,2954.66,350.0,461.67,0.0,3766.33,True,0,Non-Stop,a5a070d541a1
SCR_GF_1789146237_030,2026-09-11 22:33:52,2026-10-11,30,google_flights,MAA,DEL,MAA-DEL,MAA,DEL,IndiGo,IndiGo,6E 413,9:50,12:35,165,2 hr 45 min,Economy,10045.0,6278.67,2954.66,350.0,461.67,0.0,3766.33,True,0,Non-Stop,596918c30cf5
SCR_GF_1789146237_031,2026-09-11 22:33:52,2026-10-11,30,google_flights,MAA,DEL,MAA-DEL,MAA,DEL,IndiGo,IndiGo,6E 440,11:45,2:40,175,2 hr 55 min,Economy,10045.0,6278.67,2954.66,350.0,461.67,0.0,3766.33,True,0,Non-Stop,00f60f518e2d
SCR_GF_1789146237_032,2026-09-11 22:33:52,2026-10-11,30,google_flights,MAA,DEL,MAA-DEL,MAA,DEL,IndiGo,IndiGo,6E 467,6:55,9:45,170,2 hr 50 min,Economy,10183.0,6368.04,2996.72,350.0,468.24,0.0,3814.96,True,0,Non-Stop,a9d5092677f9
SCR_GF_1789146237_033,2026-09-11 22:33:52,2026-10-11,30,google_flights,MAA,DEL,MAA-DEL,MAA,DEL,IndiGo,IndiGo,6E 494,8:05,11:05,180,3 hr,Economy,10183.0,6368.04,2996.72,350.0,468.24,0.0,3814.96,True,0,Non-Stop,c5f179d903e6
SCR_GF_1789146237_034,2026-09-11 22:33:52,2026-10-11,30,google_flights,MAA,DEL,MAA-DEL,MAA,DEL,IndiGo,IndiGo,6E 521,11:00,2:00,180,3 hr,Economy,10435.0,6531.24,3073.52,350.0,480.24,0.0,3903.76,True,0,Non-Stop,57153de97233
SCR_GF_1789146237_035,2026-09-11 22:33:52,2026-10-11,30,google_flights,MAA,DEL,MAA-DEL,MAA,DEL,IndiGo,IndiGo,6E 548,9:40,12:40,180,3 hr,Economy,10435.0,6531.24,3073.52,350.0,480.24,0.0,3903.76,True,0,Non-Stop,35e02bcd87bd
SCR_GF_1789146237_036,2026-09-11 22:33:52,2026-10-11,30,google_flights,MAA,DEL,MAA-DEL,MAA,DEL,IndiGo,IndiGo,6E 575,11:10,1:55,165,2 hr 45 min,Economy,10510.0,6579.81,3096.38,350.0,483.81,0.0,3930.19,True,0,Non-Stop,474f7e20d55c
SCR_GF_1789146237_037,2026-09-11 22:33:52,2026-10-11,30,google_flights,MAA,DEL,MAA-DEL,MAA,DEL,IndiGo,IndiGo,6E 602,4:20,7:20,180,3 hr,Economy,10603.0,6640.04,3124.72,350.0,488.24,0.0,3962.96,True,0,Non-Stop,922fbe03acdd
SCR_GF_1789146237_038,2026-09-11 22:33:52,2026-10-11,30,google_flights,MAA,DEL,MAA-DEL,MAA,DEL,IndiGo,IndiGo,6E 629,8:10,10:55,165,2 hr 45 min,Economy,10603.0,6640.04,3124.72,350.0,488.24,0.0,3962.96,True,0,Non-Stop,18066ec2caf9
SCR_GF_1789146237_039,2026-09-11 22:33:52,2026-10-11,30,google_flights,MAA,DEL,MAA-DEL,MAA,DEL,IndiGo,IndiGo,6E 656,2:45,5:40,175,2 hr 55 min,Economy,12642.0,7960.53,3746.14,350.0,585.33,0.0,4681.47,True,0,Non-Stop,b398660b41f9
SCR_GF_1789146237_040,2026-09-11 22:33:52,2026-10-11,30,google_flights,MAA,DEL,MAA-DEL,MAA,DEL,IndiGo,IndiGo,6E 683,9:15,4:15,420,7 hr,Economy,25583.0,16341.37,7690.06,350.0,1201.57,0.0,9241.63,False,1,1 Stop,0646dc032a55
